job,vc,class,marker,key
lit/VSI-Benchmarks/b4.dfy:refresh,Map.RemoveNonFirst (correctness),content,True,correctness:MapRemoveNonFirst:0
lit/VSI-Benchmarks/b4.dfy:refresh,Map.Add (correctness),unchanged,False,correctness:MapAdd:0
lit/VSI-Benchmarks/b4.dfy:refresh,Map.RemoveFirst (correctness),content,True,correctness:MapRemoveFirst:0
lit/VSI-Benchmarks/b4.dfy:refresh,Map.Valid (well-formedness),unchanged,False,well-formedness:MapValid:0
lit/VSI-Benchmarks/b4.dfy:refresh,Map.Remove (correctness) (assertion batch 17),content,True,correctness:MapRemove:16
lit/VSI-Benchmarks/b4.dfy:refresh,Map.Remove (correctness) (assertion batch 13),content,True,correctness:MapRemove:12
lit/VSI-Benchmarks/b4.dfy:refresh,Map.SpineValid (well-formedness),unchanged,False,well-formedness:MapSpineValid:0
lit/VSI-Benchmarks/b4.dfy:refresh,Map.Remove (correctness) (assertion batch 16),content,True,correctness:MapRemove:15
lit/VSI-Benchmarks/b4.dfy:refresh,Map.Remove (correctness) (assertion batch 12),content,True,correctness:MapRemove:11
lit/VSI-Benchmarks/b4.dfy:refresh,Map.Remove (correctness) (assertion batch 11),content,True,correctness:MapRemove:10
lit/VSI-Benchmarks/b4.dfy:refresh,Map.Remove (correctness) (assertion batch 14),content,True,correctness:MapRemove:13
lit/VSI-Benchmarks/b4.dfy:refresh,Map.Remove (correctness) (assertion batch 9),content,True,correctness:MapRemove:8
lit/VSI-Benchmarks/b4.dfy:refresh,Map.FindIndex (correctness),unchanged,False,correctness:MapFindIndex:0
lit/VSI-Benchmarks/b4.dfy:refresh,Map.Remove (correctness) (assertion batch 18),content,True,correctness:MapRemove:17
lit/VSI-Benchmarks/b4.dfy:refresh,Map.Remove (correctness) (assertion batch 10),content,True,correctness:MapRemove:9
lit/VSI-Benchmarks/b4.dfy:refresh,Map.Remove (correctness) (assertion batch 15),content,True,correctness:MapRemove:14
lit/VSI-Benchmarks/b4.dfy:refresh,Map.Init (correctness),unchanged,False,correctness:MapInit:0
lit/VSI-Benchmarks/b4.dfy:refresh,Map.Find (correctness),unchanged,False,correctness:MapFind:0
lit/VSI-Benchmarks/b4.dfy:refresh,Map.Remove (correctness) (assertion batch 27),unchanged,False,correctness:MapRemove:26
lit/VSI-Benchmarks/b4.dfy:refresh,Map.Remove (correctness) (assertion batch 29),unchanged,False,correctness:MapRemove:28
lit/VSI-Benchmarks/b4.dfy:refresh,Map.Remove (correctness) (assertion batch 28),unchanged,False,correctness:MapRemove:27
lit/VSI-Benchmarks/b4.dfy:refresh,Map.Remove (correctness) (assertion batch 26),unchanged,False,correctness:MapRemove:25
lit/VSI-Benchmarks/b4.dfy:refresh,Map.Remove (correctness) (assertion batch 43),unchanged,False,correctness:MapRemove:42
lit/VSI-Benchmarks/b4.dfy:refresh,Map.Remove (correctness) (assertion batch 45),unchanged,False,correctness:MapRemove:44
lit/VSI-Benchmarks/b4.dfy:refresh,Map.Remove (well-formedness) (assertion batch 2),unchanged,False,well-formedness:MapRemove:1
lit/VSI-Benchmarks/b4.dfy:refresh,Map.Remove (correctness) (assertion batch 7),unchanged,False,correctness:MapRemove:6
lit/VSI-Benchmarks/b4.dfy:refresh,Map.Find (well-formedness),unchanged,False,well-formedness:MapFind:0
lit/VSI-Benchmarks/b4.dfy:refresh,Map.Remove (correctness) (assertion batch 42),unchanged,False,correctness:MapRemove:41
lit/VSI-Benchmarks/b4.dfy:refresh,Map.Remove (well-formedness) (assertion batch 1),unchanged,False,well-formedness:MapRemove:0
lit/VSI-Benchmarks/b4.dfy:refresh,Map.Remove (correctness) (assertion batch 5),unchanged,False,correctness:MapRemove:4
lit/VSI-Benchmarks/b4.dfy:refresh,Map.Remove (correctness) (assertion batch 44),unchanged,False,correctness:MapRemove:43
lit/VSI-Benchmarks/b4.dfy:refresh,Map.Remove (well-formedness) (assertion batch 3),unchanged,False,well-formedness:MapRemove:2
lit/VSI-Benchmarks/b4.dfy:refresh,Map.Remove (correctness) (assertion batch 31),unchanged,False,correctness:MapRemove:30
lit/VSI-Benchmarks/b4.dfy:refresh,Map.Remove (correctness) (assertion batch 32),unchanged,False,correctness:MapRemove:31
lit/VSI-Benchmarks/b4.dfy:refresh,Map.Remove (correctness) (assertion batch 8),unchanged,False,correctness:MapRemove:7
lit/VSI-Benchmarks/b4.dfy:refresh,Map.Remove (well-formedness) (assertion batch 4),unchanged,False,well-formedness:MapRemove:3
lit/VSI-Benchmarks/b4.dfy:refresh,Map.Remove (correctness) (assertion batch 25),unchanged,False,correctness:MapRemove:24
lit/VSI-Benchmarks/b4.dfy:refresh,Map.Remove (correctness) (assertion batch 30),unchanged,False,correctness:MapRemove:29
lit/VSI-Benchmarks/b4.dfy:refresh,Map.Remove (correctness) (assertion batch 6),unchanged,False,correctness:MapRemove:5
lit/VSI-Benchmarks/b4.dfy:refresh,Map.Remove (correctness) (assertion batch 3),unchanged,False,correctness:MapRemove:2
lit/VSI-Benchmarks/b4.dfy:refresh,Map.Remove (correctness) (assertion batch 47),unchanged,False,correctness:MapRemove:46
lit/VSI-Benchmarks/b4.dfy:refresh,Map.Remove (correctness) (assertion batch 33),unchanged,False,correctness:MapRemove:32
lit/VSI-Benchmarks/b4.dfy:refresh,Map.Remove (correctness) (assertion batch 24),unchanged,False,correctness:MapRemove:23
lit/VSI-Benchmarks/b4.dfy:refresh,Map.Remove (correctness) (assertion batch 2),unchanged,False,correctness:MapRemove:1
lit/VSI-Benchmarks/b4.dfy:refresh,Map.Remove (correctness) (assertion batch 4),unchanged,False,correctness:MapRemove:3
lit/VSI-Benchmarks/b4.dfy:refresh,Map.Remove (correctness) (assertion batch 35),unchanged,False,correctness:MapRemove:34
lit/VSI-Benchmarks/b4.dfy:refresh,Map.FindIndex (well-formedness),unchanged,False,well-formedness:MapFindIndex:0
lit/VSI-Benchmarks/b4.dfy:refresh,Map.Remove (correctness) (assertion batch 38),unchanged,False,correctness:MapRemove:37
lit/VSI-Benchmarks/b4.dfy:refresh,Map.Remove (correctness) (assertion batch 1),unchanged,False,correctness:MapRemove:0
lit/VSI-Benchmarks/b4.dfy:refresh,Map.Remove (correctness) (assertion batch 37),unchanged,False,correctness:MapRemove:36
lit/VSI-Benchmarks/b4.dfy:refresh,Map.Remove (correctness) (assertion batch 48),unchanged,False,correctness:MapRemove:47
lit/VSI-Benchmarks/b4.dfy:refresh,Map.Remove (correctness) (assertion batch 46),unchanged,False,correctness:MapRemove:45
lit/VSI-Benchmarks/b4.dfy:refresh,Map.Remove (correctness) (assertion batch 23),unchanged,False,correctness:MapRemove:22
lit/VSI-Benchmarks/b4.dfy:refresh,Map.Remove (correctness) (assertion batch 49),unchanged,False,correctness:MapRemove:48
lit/VSI-Benchmarks/b4.dfy:refresh,Map.Remove (correctness) (assertion batch 21),unchanged,False,correctness:MapRemove:20
lit/VSI-Benchmarks/b4.dfy:refresh,Map.Remove (correctness) (assertion batch 19),unchanged,False,correctness:MapRemove:18
lit/VSI-Benchmarks/b4.dfy:refresh,Map.SpineValidSplit (well-formedness),unchanged,False,well-formedness:MapSpineValidSplit:0
lit/VSI-Benchmarks/b4.dfy:refresh,Map.Add (well-formedness),unchanged,False,well-formedness:MapAdd:0
lit/VSI-Benchmarks/b4.dfy:refresh,Map.Remove (correctness) (assertion batch 40),unchanged,False,correctness:MapRemove:39
lit/VSI-Benchmarks/b4.dfy:refresh,Map.RemoveFirst (well-formedness),content,True,well-formedness:MapRemoveFirst:0
lit/VSI-Benchmarks/b4.dfy:refresh,Map.Remove (correctness) (assertion batch 34),unchanged,False,correctness:MapRemove:33
lit/VSI-Benchmarks/b4.dfy:refresh,Map.Remove (correctness) (assertion batch 41),unchanged,False,correctness:MapRemove:40
lit/VSI-Benchmarks/b4.dfy:refresh,Map.Remove (correctness) (assertion batch 22),unchanged,False,correctness:MapRemove:21
lit/VSI-Benchmarks/b4.dfy:refresh,Map.Remove (correctness) (assertion batch 20),unchanged,False,correctness:MapRemove:19
lit/VSI-Benchmarks/b4.dfy:refresh,Map.Remove (correctness) (assertion batch 39),unchanged,False,correctness:MapRemove:38
lit/VSI-Benchmarks/b4.dfy:refresh,Map.Remove (correctness) (assertion batch 36),unchanged,False,correctness:MapRemove:35
lit/VSI-Benchmarks/b4.dfy:refresh,Map.SpineValidSplit (correctness),unchanged,False,correctness:MapSpineValidSplit:0
lit/VSI-Benchmarks/b4.dfy:refresh,Map.RemoveNonFirst (well-formedness),content,True,well-formedness:MapRemoveNonFirst:0
lit/VSI-Benchmarks/b4.dfy:refresh,Map.SpineValidCombine (correctness),unchanged,False,correctness:MapSpineValidCombine:0
lit/VSI-Benchmarks/b4.dfy:refresh,Map.SpineValidCombine (well-formedness),unchanged,False,well-formedness:MapSpineValidCombine:0
lit/VSI-Benchmarks/b4.dfy:refresh,Map.SpineValid_One (well-formedness),unchanged,False,well-formedness:MapSpineValidOne:0
lit/VSI-Benchmarks/b4.dfy:refresh,Node._ctor (correctness),unchanged,False,correctness:Nodector:0
lit/c++/bit-vectors.dfy:refresh,bit (well-formedness),unchanged,False,well-formedness:bit:0
lit/c++/bit-vectors.dfy:refresh,uint64 (well-formedness),unchanged,False,well-formedness:uint64:0
lit/c++/bit-vectors.dfy:refresh,Casts (correctness),reordered,False,correctness:Casts:0
lit/c++/bit-vectors.dfy:refresh,Main (correctness),unchanged,False,correctness:Main:0
lit/c++/bit-vectors.dfy:refresh,BasicOps (correctness),unchanged,False,correctness:BasicOps:0
lit/c++/bit-vectors.dfy:refresh,as_int_as_bv64 (well-formedness),reordered,False,well-formedness:asintasbv64:0
lit/c++/maps.dfy:refresh,TestNullsAmongValues (correctness),reordered,False,correctness:TestNullsAmongValues:0
lit/c++/maps.dfy:refresh,Basic (correctness),reordered,False,correctness:Basic:0
lit/c++/maps.dfy:refresh,TestNullsAmongKeys (correctness),reordered,False,correctness:TestNullsAmongKeys:0
lit/c++/maps.dfy:refresh,uint32 (well-formedness),unchanged,False,well-formedness:uint32:0
lit/c++/maps.dfy:refresh,TestMapMerge (correctness),reordered,False,correctness:TestMapMerge:0
lit/c++/maps.dfy:refresh,TestMapSubtraction (correctness),reordered,False,correctness:TestMapSubtraction:0
lit/c++/maps.dfy:refresh,GenericMap (correctness),unchanged,False,correctness:GenericMap:0
lit/c++/maps.dfy:refresh,Main (correctness),unchanged,False,correctness:Main:0
lit/c++/maps.dfy:refresh,TestMapMergeSubtraction (correctness),unchanged,False,correctness:TestMapMergeSubtraction:0
lit/c++/seqs.dfy:refresh,uint32 (well-formedness),unchanged,False,well-formedness:uint32:0
lit/c++/seqs.dfy:refresh,uint8 (well-formedness),unchanged,False,well-formedness:uint8:0
lit/c++/seqs.dfy:refresh,Basic (correctness),content,False,correctness:Basic:0
lit/c++/seqs.dfy:refresh,BufferTest (correctness),content,False,correctness:BufferTest:0
lit/c++/seqs.dfy:refresh,BoundedLength (correctness),unchanged,False,correctness:BoundedLength:0
lit/c++/seqs.dfy:refresh,Contains (correctness),content,False,correctness:Contains:0
lit/c++/seqs.dfy:refresh,PrintTest (correctness),unchanged,False,correctness:PrintTest:0
lit/c++/seqs.dfy:refresh,TestSeqOfClass (correctness),unchanged,False,correctness:TestSeqOfClass:0
lit/c++/seqs.dfy:refresh,Main (correctness),unchanged,False,correctness:Main:0
lit/c++/seqs.dfy:refresh,ValueEquality (correctness),reordered,False,correctness:ValueEquality:0
lit/c++/seqs.dfy:refresh,fixed (well-formedness),reordered,False,well-formedness:fixed:0
lit/c++/seqs.dfy:refresh,buffer (well-formedness),unchanged,False,well-formedness:buffer:0
lit/c++/sets.dfy:refresh,Basic (correctness),reordered,False,correctness:Basic:0
lit/c++/sets.dfy:refresh,uint32 (well-formedness),unchanged,False,well-formedness:uint32:0
lit/c++/sets.dfy:refresh,SetSeq (correctness),reordered,False,correctness:SetSeq:0
lit/c++/sets.dfy:refresh,SetComprehension (correctness),reordered,False,correctness:SetComprehension:0
lit/c++/sets.dfy:refresh,Main (correctness),reordered,False,correctness:Main:0
lit/c++/sets.dfy:refresh,LetSuchThat (correctness),reordered,False,correctness:LetSuchThat:0
lit/c++/sets.dfy:refresh,Contains (correctness),reordered,False,correctness:Contains:0
lit/c++/sets.dfy:refresh,SetComprehension (well-formedness),reordered,False,well-formedness:SetComprehension:0
lit/cli/defaultTimeLimit.dfy:refresh,Foo (correctness),unchanged,False,correctness:Foo:0
lit/cli/defaultTimeLimit.dfy:refresh,Ack (well-formedness),unchanged,False,well-formedness:Ack:0
lit/cloudmake/CloudMake-ParallelBuilds.dfy:refresh,M2.ExecOneProperty (correctness),content,True,correctness:M2ExecOneProperty:0
lit/cloudmake/CloudMake-ParallelBuilds.dfy:refresh,M0.EvalLemma (correctness),unchanged,False,correctness:M0EvalLemma:0
lit/cloudmake/CloudMake-ParallelBuilds.dfy:refresh,M2.CollectRestrict_Lemma (correctness),content,True,correctness:M2CollectRestrictLemma:0
lit/cloudmake/CloudMake-ParallelBuilds.dfy:refresh,M2.CollectProperty (correctness),content,True,correctness:M2CollectProperty:0
lit/cloudmake/CloudMake-ParallelBuilds.dfy:refresh,M2.Collect_CertificateInsensitivity (correctness),group,True,correctness:M2CollectCertificateInsensitivity*
lit/cloudmake/CloudMake-ParallelBuilds.dfy:refresh,M0.ParallelBuildsTheorem (correctness),unchanged,False,correctness:M0ParallelBuildsTheorem:0
lit/cloudmake/CloudMake-ParallelBuilds.dfy:refresh,M1.Main (correctness),unchanged,False,correctness:M1Main:0
lit/cloudmake/CloudMake-ParallelBuilds.dfy:refresh,M0.eval (well-formedness),unchanged,False,well-formedness:M0eval:0
lit/cloudmake/CloudMake-ParallelBuilds.dfy:refresh,M0.Compatible (well-formedness),unchanged,False,well-formedness:M0Compatible:0
lit/cloudmake/CloudMake-ParallelBuilds.dfy:refresh,M0.Union (well-formedness),unchanged,False,well-formedness:M0Union:0
lit/cloudmake/CloudMake-ParallelBuilds.dfy:refresh,M0.BuildLemma (well-formedness),unchanged,False,well-formedness:M0BuildLemma:0
lit/cloudmake/CloudMake-ParallelBuilds.dfy:refresh,M0.build (well-formedness),unchanged,False,well-formedness:M0build:0
lit/cloudmake/CloudMake-ParallelBuilds.dfy:refresh,M0.BuildLemma (correctness),unchanged,False,correctness:M0BuildLemma:0
lit/cloudmake/CloudMake-ParallelBuilds.dfy:refresh,M0.DoLemma (correctness),unchanged,False,correctness:M0DoLemma:0
lit/cloudmake/CloudMake-ParallelBuilds.dfy:refresh,M0.DoLemma (well-formedness),unchanged,False,well-formedness:M0DoLemma:0
lit/cloudmake/CloudMake-ParallelBuilds.dfy:refresh,M0.EvalArgsLemma (well-formedness),unchanged,False,well-formedness:M0EvalArgsLemma:0
lit/cloudmake/CloudMake-ParallelBuilds.dfy:refresh,M0.ParallelBuildsTheorem (well-formedness),group,False,well-formedness:M0ParallelBuildsTheorem*
lit/cloudmake/CloudMake-ParallelBuilds.dfy:refresh,M0.evalArgs (well-formedness),unchanged,False,well-formedness:M0evalArgs:0
lit/cloudmake/CloudMake-ParallelBuilds.dfy:refresh,M0.do (well-formedness),unchanged,False,well-formedness:M0do:0
lit/cloudmake/CloudMake-ParallelBuilds.dfy:refresh,M0.EvalArgsLemma (correctness),unchanged,False,correctness:M0EvalArgsLemma:0
lit/cloudmake/CloudMake-ParallelBuilds.dfy:refresh,M0.EvalLemma (well-formedness),unchanged,False,well-formedness:M0EvalLemma:0
lit/cloudmake/CloudMake-ParallelBuilds.dfy:refresh,M2.ExecProperty (correctness),content,True,correctness:M2ExecProperty:0
lit/cloudmake/CloudMake-ParallelBuilds.dfy:refresh,M2.RestrictMonotonicity (correctness),content,True,correctness:M2RestrictMonotonicity:0
lit/cloudmake/CloudMake-ParallelBuilds.dfy:refresh,M0.Lemma_Combine (correctness),unchanged,False,correctness:M0LemmaCombine:0
lit/cloudmake/CloudMake-ParallelBuilds.dfy:refresh,M2.CollectDependencies (well-formedness),unmapped,,
lit/cloudmake/CloudMake-ParallelBuilds.dfy:refresh,M0.ValidArgs (well-formedness),unchanged,False,well-formedness:M0ValidArgs:0
lit/cloudmake/CloudMake-ParallelBuilds.dfy:refresh,M3.Union (well-formedness),content,True,well-formedness:M3Union:0
lit/cloudmake/CloudMake-ParallelBuilds.dfy:refresh,M2.OracleWF_Property (correctness),content,True,correctness:M2OracleWFProperty:0
lit/cloudmake/CloudMake-ParallelBuilds.dfy:refresh,M2.OracleWF_CertificateInsensitivity (correctness),group,True,correctness:M2OracleWFCertificateInsensitivit*
lit/cloudmake/CloudMake-ParallelBuilds.dfy:refresh,M2.OracleProperty (correctness),content,True,correctness:M2OracleProperty:0
lit/cloudmake/CloudMake-ParallelBuilds.dfy:refresh,M2.execOne (well-formedness),unchanged,False,well-formedness:M2execOne:0
lit/cloudmake/CloudMake-ParallelBuilds.dfy:refresh,M2.CollectProperty (well-formedness),unmapped,,
lit/cloudmake/CloudMake-ParallelBuilds.dfy:refresh,M2.OracleWF_Property (well-formedness),unmapped,,
lit/cloudmake/CloudMake-ParallelBuilds.dfy:refresh,M3.GetEnv (well-formedness),unchanged,False,well-formedness:M3GetEnv:0
lit/cloudmake/CloudMake-ParallelBuilds.dfy:refresh,M3.RunTool (well-formedness),unchanged,False,well-formedness:M3RunTool:0
lit/cloudmake/CloudMake-ParallelBuilds.dfy:refresh,M2.CollectRestrict_Lemma (well-formedness),group,True,well-formedness:M2CollectRestrictLemma*
lit/cloudmake/CloudMake-ParallelBuilds.dfy:refresh,M3.EmptyEnv (well-formedness),unchanged,False,well-formedness:M3EmptyEnv:0
lit/cloudmake/CloudMake-ParallelBuilds.dfy:refresh,M2.Restrict (well-formedness),content,True,well-formedness:M2Restrict:0
lit/cloudmake/CloudMake-ParallelBuilds.dfy:refresh,M2.Oracle (well-formedness),content,True,well-formedness:M2Oracle:0
lit/cloudmake/CloudMake-ParallelBuilds.dfy:refresh,M2.OracleWF (well-formedness),content,True,well-formedness:M2OracleWF:0
lit/cloudmake/CloudMake-ParallelBuilds.dfy:refresh,M0.SetEnv (well-formedness),unchanged,False,well-formedness:M0SetEnv:0
lit/cloudmake/CloudMake-ParallelBuilds.dfy:refresh,M3.SetEnv (well-formedness),unchanged,False,well-formedness:M3SetEnv:0
lit/cloudmake/CloudMake-ParallelBuilds.dfy:refresh,M2.Collect_CertificateInsensitivity (well-formedness),group,True,well-formedness:M2CollectCertificateInsens*
lit/cloudmake/CloudMake-ParallelBuilds.dfy:refresh,M2.OracleWF_CertificateInsensitivity (well-formedness),group,True,well-formedness:M2OracleWFCertificateInsen*
lit/cloudmake/CloudMake-ParallelBuilds.dfy:refresh,M3.ValidEnv (well-formedness),unchanged,False,well-formedness:M3ValidEnv:0
lit/cloudmake/CloudMake-ParallelBuilds.dfy:refresh,M0.GetEnv (well-formedness),unchanged,False,well-formedness:M0GetEnv:0
lit/cloudmake/CloudMake-ParallelBuilds.dfy:refresh,M0.Pre (well-formedness),unchanged,False,well-formedness:M0Pre:0
lit/cloudmake/CloudMake-ParallelBuilds.dfy:refresh,M0.Post (well-formedness),unchanged,False,well-formedness:M0Post:0
lit/cloudmake/CloudMake-ParallelBuilds.dfy:refresh,M2.ExecOne_Lemma0 (correctness),unchanged,False,correctness:M2ExecOneLemma0:0
lit/cloudmake/CloudMake-ParallelBuilds.dfy:refresh,M3.LocInjectivity (correctness),unchanged,False,correctness:M3LocInjectivity:0
lit/cloudmake/CloudMake-ParallelBuilds.dfy:refresh,M1.DomSt (well-formedness),unchanged,False,well-formedness:M1DomSt:0
lit/cloudmake/CloudMake-ParallelBuilds.dfy:refresh,M1.GetSt (well-formedness),unchanged,False,well-formedness:M1GetSt:0
lit/cloudmake/CloudMake-ParallelBuilds.dfy:refresh,M0.Lemma_ExtendsTransitive (correctness),unchanged,False,correctness:M0LemmaExtendsTransitive:0
lit/cloudmake/CloudMake-ParallelBuilds.dfy:refresh,M0.Lemma_Combine (well-formedness),unchanged,False,well-formedness:M0LemmaCombine:0
lit/cloudmake/CloudMake-ParallelBuilds.dfy:refresh,M0.Combine (well-formedness),unchanged,False,well-formedness:M0Combine:0
lit/cloudmake/CloudMake-ParallelBuilds.dfy:refresh,M3.LocInv_Deps (well-formedness),unchanged,False,well-formedness:M3LocInvDeps:0
lit/cloudmake/CloudMake-ParallelBuilds.dfy:refresh,M3.LocInv_Cmd (well-formedness),unchanged,False,well-formedness:M3LocInvCmd:0
lit/cloudmake/CloudMake-ParallelBuilds.dfy:refresh,M2.GetCert (well-formedness),unchanged,False,well-formedness:M2GetCert:0
lit/cloudmake/CloudMake-ParallelBuilds.dfy:refresh,M3.LocInv_Exp (well-formedness),unchanged,False,well-formedness:M3LocInvExp:0
lit/cloudmake/CloudMake-ParallelBuilds.dfy:refresh,M2.FindCert (well-formedness),unchanged,False,well-formedness:M2FindCert:0
lit/cloudmake/CloudMake-ParallelBuilds.dfy:refresh,M2.CheckWellFounded (well-formedness),unmapped,,
lit/cloudmake/CloudMake-ParallelBuilds.dfy:refresh,M0.Extends (well-formedness),unchanged,False,well-formedness:M0Extends:0
lit/cloudmake/CloudMake-ParallelBuilds.dfy:refresh,M0.EmptyEnv (well-formedness),unchanged,False,well-formedness:M0EmptyEnv:0
lit/cloudmake/CloudMake-ParallelBuilds.dfy:refresh,M0.Arity (well-formedness),unchanged,False,well-formedness:M0Arity:0
lit/cloudmake/CloudMake-ParallelBuilds.dfy:refresh,M2.PickOne (well-formedness),unchanged,False,well-formedness:M2PickOne:0
lit/cloudmake/CloudMake-ParallelBuilds.dfy:refresh,M2.OracleArbitrary (well-formedness),unmapped,,
lit/comp/Arrays.dfy:refresh,Coercions (correctness),unchanged,False,correctness:Coercions:0
lit/comp/Arrays.dfy:refresh,LinearSearch (well-formedness),unchanged,False,well-formedness:LinearSearch:0
lit/comp/Arrays.dfy:refresh,LinearSearch (correctness),unchanged,False,correctness:LinearSearch:0
lit/comp/Arrays.dfy:refresh,ArrayAllocationInitialization.TestMatrixTypeParameter (correctness),unmapped,,
lit/comp/Arrays.dfy:refresh,NativeArrays.Test (correctness),unchanged,False,correctness:NativeArraysTest:0
lit/comp/Arrays.dfy:refresh,Index (correctness),unchanged,False,correctness:Index:0
lit/comp/Arrays.dfy:refresh,ArrayToSeq.Test (correctness),unchanged,False,correctness:ArrayToSeqTest:0
lit/comp/Arrays.dfy:refresh,More (correctness),content,False,correctness:More:0
lit/comp/Arrays.dfy:refresh,ArrayAllocationInitialization.TestMatrixAutoInit (correctness),unchanged,False,correctness:ArrayAllocationInitializationTestMatrixAutoInit:0
lit/comp/Arrays.dfy:refresh,MultipleDimensions (correctness),unchanged,False,correctness:MultipleDimensions:0
lit/comp/Arrays.dfy:refresh,MoreArrays.TestEqualityOfSomeNonArraysToo (correctness),unchanged,False,correctness:MoreArraysTestEqualityOfSomeNonArraysToo:0
lit/comp/Arrays.dfy:refresh,ArrayAllocationInitialization.TestByte (correctness),unchanged,False,correctness:ArrayAllocationInitializationTestByte:0
lit/comp/Arrays.dfy:refresh,ArrayAllocationInitialization.TestAutoInit (correctness),unchanged,False,correctness:ArrayAllocationInitializationTestAutoInit:0
lit/comp/Arrays.dfy:refresh,Cell._ctor (correctness),unchanged,False,correctness:Cellctor:0
lit/comp/Arrays.dfy:refresh,MoreArrays.StringToByteArray (correctness),unchanged,False,correctness:MoreArraysStringToByteArray:0
lit/comp/Arrays.dfy:refresh,ArrayAllocationInitialization.TestChar (correctness),unchanged,False,correctness:ArrayAllocationInitializationTestChar:0
lit/comp/Arrays.dfy:refresh,CharValues (correctness),unchanged,False,correctness:CharValues:0
lit/comp/Arrays.dfy:refresh,ArrayAllocationInitialization.TestTypeParameter (correctness),unchanged,False,correctness:ArrayAllocationInitializationTestTypeParameter:0
lit/comp/Arrays.dfy:refresh,MoreWithDefaults (correctness),content,False,correctness:MoreWithDefaults:0
lit/comp/Arrays.dfy:refresh,NativeArrays.TestVariousFlavorsOfIndices (correctness),unchanged,False,correctness:NativeArraysTestVariousFlavorsOfIndices:0
lit/comp/Arrays.dfy:refresh,NativeArrays.PrintArray (correctness),unchanged,False,correctness:NativeArraysPrintArray:0
lit/comp/Arrays.dfy:refresh,DiagMatrix (correctness),unchanged,False,correctness:DiagMatrix:0
lit/comp/Arrays.dfy:refresh,ArrayAllocationInitialization.TestNonAutoInit (correctness),unchanged,False,correctness:ArrayAllocationInitializationTestNonAutoInit:0
lit/comp/Arrays.dfy:refresh,VariationsOnIndexAndDimensionTypes.TestMatrix (correctness),unchanged,False,correctness:VariationsOnIndexAndDimensionTypesTestMatrix:0
lit/comp/Arrays.dfy:refresh,TypeSynonym.BufferTest (correctness),content,False,correctness:TypeSynonymBufferTest:0
lit/comp/Arrays.dfy:refresh,InitTests (correctness),unchanged,False,correctness:InitTests:0
lit/comp/Arrays.dfy:refresh,ArrayAllocationInitialization.byte (well-formedness),unchanged,False,well-formedness:ArrayAllocationInitializationbyte:0
lit/comp/Arrays.dfy:refresh,Main (correctness),unchanged,False,correctness:Main:0
lit/comp/Arrays.dfy:refresh,SimultaneousAssignment.Test (correctness),unchanged,False,correctness:SimultaneousAssignmentTest:0
lit/comp/Arrays.dfy:refresh,VariationsOnIndexAndDimensionTypes.TestArray (correctness),unchanged,False,correctness:VariationsOnIndexAndDimensionTypesTestArray:0
lit/comp/Arrays.dfy:refresh,ArrayAllocationInitialization.M2S (well-formedness),unchanged,False,well-formedness:ArrayAllocationInitializationM2S:0
lit/comp/Arrays.dfy:refresh,TypeSpecialization.byte (well-formedness),unchanged,False,well-formedness:TypeSpecializationbyte:0
lit/comp/Arrays.dfy:refresh,nByte (well-formedness),unchanged,False,well-formedness:nByte:0
lit/comp/Arrays.dfy:refresh,Cell._ctor (well-formedness),unchanged,False,well-formedness:Cellctor:0
lit/comp/Arrays.dfy:refresh,TypeSpecialization.Test (correctness),unchanged,False,correctness:TypeSpecializationTest:0
lit/comp/Arrays.dfy:refresh,ArrayAllocationInitialization.MatrixToSequence (well-formedness),unmapped,,
lit/comp/Arrays.dfy:refresh,VariationsOnIndexAndDimensionTypes.Long (well-formedness),unchanged,False,well-formedness:VariationsOnIndexAndDimensionTypesLong:0
lit/comp/Arrays.dfy:refresh,TypeSynonym.Test (correctness),content,False,correctness:TypeSynonymTest:0
lit/comp/Arrays.dfy:refresh,Cell.UArray (correctness),unchanged,False,correctness:CellUArray:0
lit/comp/Arrays.dfy:refresh,nShort (well-formedness),unchanged,False,well-formedness:nShort:0
lit/comp/Arrays.dfy:refresh,Cell.MArray (correctness),unchanged,False,correctness:CellMArray:0
lit/comp/Arrays.dfy:refresh,TypeSpecialization.Byte (correctness),unchanged,False,correctness:TypeSpecializationByte:0
lit/comp/Arrays.dfy:refresh,MoreArrays.WriteLine (correctness),unchanged,False,correctness:MoreArraysWriteLine:0
lit/comp/Arrays.dfy:refresh,TypeSpecialization.Char (correctness),unchanged,False,correctness:TypeSpecializationChar:0
lit/comp/Arrays.dfy:refresh,TypeSpecialization.Int (correctness),unchanged,False,correctness:TypeSpecializationInt:0
lit/comp/Arrays.dfy:refresh,Cell.FArray (well-formedness),unchanged,False,well-formedness:CellFArray:0
lit/comp/Arrays.dfy:refresh,lowercase (well-formedness),unchanged,False,well-formedness:lowercase:0
lit/comp/Arrays.dfy:refresh,PrintMatrix (correctness),unchanged,False,correctness:PrintMatrix:0
lit/comp/Arrays.dfy:refresh,PrintArray (correctness),unchanged,False,correctness:PrintArray:0
lit/comp/Arrays.dfy:refresh,GenericArrayEquality.Test (correctness),unchanged,False,correctness:GenericArrayEqualityTest:0
lit/comp/Arrays.dfy:refresh,PrintArrayArray (correctness),unchanged,False,correctness:PrintArrayArray:0
lit/comp/Arrays.dfy:refresh,TypeSpecialization.Char (well-formedness),unchanged,False,well-formedness:TypeSpecializationChar:0
lit/comp/Arrays.dfy:refresh,MoreArrays.Test (correctness),unchanged,False,correctness:MoreArraysTest:0
lit/comp/Arrays.dfy:refresh,xnShort (well-formedness),unchanged,False,well-formedness:xnShort:0
lit/comp/Arrays.dfy:refresh,TypeSpecialization.Byte (well-formedness),unchanged,False,well-formedness:TypeSpecializationByte:0
lit/comp/Arrays.dfy:refresh,Cell.MArray2 (correctness),unchanged,False,correctness:CellMArray2:0
lit/comp/Arrays.dfy:refresh,xnByte (well-formedness),unchanged,False,well-formedness:xnByte:0
lit/comp/Arrays.dfy:refresh,TypeSpecialization.Int (well-formedness),unchanged,False,well-formedness:TypeSpecializationInt:0
lit/comp/Arrays.dfy:refresh,TypeSynonym.buffer (well-formedness),unchanged,False,well-formedness:TypeSynonymbuffer:0
lit/comp/Arrays.dfy:refresh,ArrayAllocationInitialization.CharF (well-formedness),unchanged,False,well-formedness:ArrayAllocationInitializationCharF:0
lit/comp/Arrays.dfy:refresh,ArrayAllocationInitialization.AutoInitF (well-formedness),unchanged,False,well-formedness:ArrayAllocationInitializationAutoInitF:0
lit/comp/Arrays.dfy:refresh,ArrayAllocationInitialization.ByteF (well-formedness),unchanged,False,well-formedness:ArrayAllocationInitializationByteF:0
lit/comp/Arrays.dfy:refresh,ArrayAllocationInitialization.AutoInitF2 (well-formedness),unchanged,False,well-formedness:ArrayAllocationInitializationAutoInitF2:0
lit/comp/Arrays.dfy:refresh,VariationsOnIndexAndDimensionTypes.F (well-formedness),unchanged,False,well-formedness:VariationsOnIndexAndDimensionTypesF:0
lit/comp/Arrays.dfy:refresh,ArrayAllocationInitialization.ByteF2 (well-formedness),unchanged,False,well-formedness:ArrayAllocationInitializationByteF2:0
lit/comp/Arrays.dfy:refresh,ArrayAllocationInitialization.NonAutoInitF (well-formedness),unmapped,,
lit/comp/Arrays.dfy:refresh,TypeSynonym.uint8 (well-formedness),unchanged,False,well-formedness:TypeSynonymuint8:0
lit/comp/Arrays.dfy:refresh,ychar (well-formedness),unchanged,False,well-formedness:ychar:0
lit/comp/Arrays.dfy:refresh,zchar (well-formedness),unchanged,False,well-formedness:zchar:0
lit/comp/Arrays.dfy:refresh,xchar (well-formedness),unchanged,False,well-formedness:xchar:0
lit/comp/Arrays.dfy:refresh,short (well-formedness),unchanged,False,well-formedness:short:0
lit/comp/Arrays.dfy:refresh,ArrayAllocationInitialization.AutoInit (well-formedness),unchanged,False,well-formedness:ArrayAllocationInitializationAutoInit:0
lit/comp/Arrays.dfy:refresh,xnLong (well-formedness),unchanged,False,well-formedness:xnLong:0
lit/comp/Arrays.dfy:refresh,VariationsOnIndexAndDimensionTypes.byte (well-formedness),unchanged,False,well-formedness:VariationsOnIndexAndDimensionTypesbyte:0
lit/comp/Arrays.dfy:refresh,xnInt (well-formedness),unchanged,False,well-formedness:xnInt:0
lit/comp/Arrays.dfy:refresh,ArrayToSeq.byte (well-formedness),unchanged,False,well-formedness:ArrayToSeqbyte:0
lit/comp/Arrays.dfy:refresh,NativeArrays.byte (well-formedness),unchanged,False,well-formedness:NativeArraysbyte:0
lit/comp/Arrays.dfy:refresh,nLong (well-formedness),unchanged,False,well-formedness:nLong:0
lit/comp/Arrays.dfy:refresh,nInt (well-formedness),unchanged,False,well-formedness:nInt:0
lit/comp/Arrays.dfy:refresh,MoreArrays.byte (well-formedness),unchanged,False,well-formedness:MoreArraysbyte:0
lit/comp/Arrays.dfy:refresh,VariationsOnIndexAndDimensionTypes.onebyte (well-formedness),unchanged,False,well-formedness:VariationsOnIndexAndDimensionTypesonebyte:0
lit/comp/Arrays.dfy:refresh,ubyte (well-formedness),unchanged,False,well-formedness:ubyte:0
lit/comp/Arrays.dfy:refresh,NativeArrays.onebyte (well-formedness),unchanged,False,well-formedness:NativeArraysonebyte:0
lit/comp/Arrays.dfy:refresh,BV10 (well-formedness),unchanged,False,well-formedness:BV10:0
lit/comp/Arrays.dfy:refresh,xYes (well-formedness),unchanged,False,well-formedness:xYes:0
lit/comp/Arrays.dfy:refresh,Yes (well-formedness),unchanged,False,well-formedness:Yes:0
lit/comp/Arrays.dfy:refresh,VariationsOnIndexAndDimensionTypes.Test (correctness),unchanged,False,correctness:VariationsOnIndexAndDimensionTypesTest:0
lit/comp/Arrays.dfy:refresh,ArrayAllocationInitialization.Test (correctness),unchanged,False,correctness:ArrayAllocationInitializationTest:0
lit/comp/Arrays.dfy:refresh,xBV10 (well-formedness),unchanged,False,well-formedness:xBV10:0
lit/comp/Calls.dfy:refresh,Main (correctness),unchanged,False,correctness:Main:0
lit/comp/Calls.dfy:refresh,VariableCapture.Test (correctness),content,False,correctness:VariableCaptureTest:0
lit/comp/Calls.dfy:refresh,FunctionValues.Test (correctness),unchanged,False,correctness:FunctionValuesTest:0
lit/comp/Calls.dfy:refresh,VariableCapture.MapToSeq (correctness),content,True,correctness:VariableCaptureMapToSeq:0
lit/comp/Calls.dfy:refresh,VariableCapture.SetToSeq (correctness),content,False,correctness:VariableCaptureSetToSeq:0
lit/comp/Calls.dfy:refresh,FunctionValues.NT (well-formedness),unchanged,False,well-formedness:FunctionValuesNT:0
lit/comp/Comprehensions.dfy:refresh,Even (well-formedness),unchanged,False,well-formedness:Even:0
lit/comp/Comprehensions.dfy:refresh,Main (correctness),unchanged,False,correctness:Main:0
lit/comp/Comprehensions.dfy:refresh,LetSuchThat (correctness),unchanged,False,correctness:LetSuchThat:0
lit/comp/Comprehensions.dfy:refresh,Enumerations (correctness),content,True,correctness:Enumerations:0
lit/comp/Comprehensions.dfy:refresh,AltControlFlow (correctness),unchanged,False,correctness:AltControlFlow:0
lit/comp/Comprehensions.dfy:refresh,EnumerationRegression.Test (correctness),content,False,correctness:EnumerationRegressionTest:0
lit/comp/Comprehensions.dfy:refresh,EnumerationsMaybeNull (correctness),content,True,correctness:EnumerationsMaybeNull:0
lit/comp/Comprehensions.dfy:refresh,TestImplicitTypeTests.Test (correctness),unchanged,False,correctness:TestImplicitTypeTestsTest:0
lit/comp/Comprehensions.dfy:refresh,Sequences (correctness),unchanged,False,correctness:Sequences:0
lit/comp/Comprehensions.dfy:refresh,FindRangeBindingGuardAlt (correctness),unchanged,False,correctness:FindRangeBindingGuardAlt:0
lit/comp/Comprehensions.dfy:refresh,AssignSuchThat (correctness),unchanged,False,correctness:AssignSuchThat:0
lit/comp/Comprehensions.dfy:refresh,EnumerationRegression.ToSeq (correctness),unchanged,False,correctness:EnumerationRegressionToSeq:0
lit/comp/Comprehensions.dfy:refresh,SetComprehension2 (correctness),unchanged,False,correctness:SetComprehension2:0
lit/comp/Comprehensions.dfy:refresh,FindRange (well-formedness),unchanged,False,well-formedness:FindRange:0
lit/comp/Comprehensions.dfy:refresh,SetComprehension0 (correctness),unchanged,False,correctness:SetComprehension0:0
lit/comp/Comprehensions.dfy:refresh,FindRange (correctness),unchanged,False,correctness:FindRange:0
lit/comp/Comprehensions.dfy:refresh,FindRangeIf (correctness),unchanged,False,correctness:FindRangeIf:0
lit/comp/Comprehensions.dfy:refresh,EnumerationRegression.AlsoLong (well-formedness),unchanged,False,well-formedness:EnumerationRegressionAlsoLong:0
lit/comp/Comprehensions.dfy:refresh,FindRangeBindingGuard (correctness),unchanged,False,correctness:FindRangeBindingGuard:0
lit/comp/Comprehensions.dfy:refresh,TestCollectionEmptiness (correctness),unchanged,False,correctness:TestCollectionEmptiness:0
lit/comp/Comprehensions.dfy:refresh,MapComprehension (correctness),content,True,correctness:MapComprehension:0
lit/comp/Comprehensions.dfy:refresh,SetComprehension1 (correctness),unchanged,False,correctness:SetComprehension1:0
lit/comp/Comprehensions.dfy:refresh,GoNil (correctness),unchanged,False,correctness:GoNil:0
lit/comp/Comprehensions.dfy:refresh,FindRangeBindingGuard (well-formedness),unchanged,False,well-formedness:FindRangeBindingGuard:0
lit/comp/Comprehensions.dfy:refresh,FindRangeBindingGuardAlt (well-formedness),unchanged,False,well-formedness:FindRangeBindingGuardAlt:0
lit/comp/Comprehensions.dfy:refresh,FindRangeIf (well-formedness),unchanged,False,well-formedness:FindRangeIf:0
lit/comp/Comprehensions.dfy:refresh,ObjectTests.Test (correctness),unchanged,False,correctness:ObjectTestsTest:0
lit/comp/Comprehensions.dfy:refresh,EnumerationRegression.Digit (well-formedness),content,False,well-formedness:EnumerationRegressionDigit:0
lit/comp/Comprehensions.dfy:refresh,NewtypeRangeRegression.Test (correctness),unchanged,False,correctness:NewtypeRangeRegressionTest:0
lit/comp/Comprehensions.dfy:refresh,EnumerationRegression.Long (well-formedness),unchanged,False,well-formedness:EnumerationRegressionLong:0
lit/comp/Comprehensions.dfy:refresh,SetComprehension (correctness),unchanged,False,correctness:SetComprehension:0
lit/comp/Comprehensions.dfy:refresh,OutParamsUnderLambdas (correctness),unchanged,False,correctness:OutParamsUnderLambdas:0
lit/comp/ComprehensionsNewSyntax.dfy:refresh,EnumerationsMaybeNull (correctness),content,True,correctness:EnumerationsMaybeNull:0
lit/comp/ComprehensionsNewSyntax.dfy:refresh,Enumerations (correctness),content,True,correctness:Enumerations:0
lit/comp/ComprehensionsNewSyntax.dfy:refresh,MapComprehension (correctness),content,True,correctness:MapComprehension:0
lit/comp/ComprehensionsNewSyntax.dfy:refresh,Main (correctness),unchanged,False,correctness:Main:0
lit/comp/ComprehensionsNewSyntax.dfy:refresh,TestImplicitTypeTests.Test (correctness),unchanged,False,correctness:TestImplicitTypeTestsTest:0
lit/comp/ComprehensionsNewSyntax.dfy:refresh,SetComprehension0 (correctness),unchanged,False,correctness:SetComprehension0:0
lit/comp/ComprehensionsNewSyntax.dfy:refresh,SetComprehension1 (correctness),unchanged,False,correctness:SetComprehension1:0
lit/comp/ComprehensionsNewSyntax.dfy:refresh,SetComprehension2 (correctness),unchanged,False,correctness:SetComprehension2:0
lit/comp/ComprehensionsNewSyntax.dfy:refresh,OutParamsUnderLambdas (correctness),unchanged,False,correctness:OutParamsUnderLambdas:0
lit/comp/ComprehensionsNewSyntax.dfy:refresh,SetComprehension (correctness),unchanged,False,correctness:SetComprehension:0
lit/comp/CovariantCollections.dfy:pinned,Downcasts (correctness),unchanged,False,correctness:Downcasts:0
lit/comp/CovariantCollections.dfy:pinned,Sequences (correctness),unchanged,False,correctness:Sequences:0
lit/comp/CovariantCollections.dfy:pinned,Main (correctness),unchanged,False,correctness:Main:0
lit/comp/CovariantCollections.dfy:pinned,Integer.Print (override check),unmapped,,
lit/comp/CovariantCollections.dfy:pinned,ThereIsASmallestInMultiset (correctness),unchanged,False,correctness:ThereIsASmallestInMultiset:0
lit/comp/CovariantCollections.dfy:pinned,PrintSet (correctness),unchanged,False,correctness:PrintSet:0
lit/comp/CovariantCollections.dfy:pinned,HeapAssignmentDowncasts (correctness),unchanged,False,correctness:HeapAssignmentDowncasts:0
lit/comp/CovariantCollections.dfy:pinned,PrintMap (correctness),unchanged,False,correctness:PrintMap:0
lit/comp/CovariantCollections.dfy:pinned,PrintMultiset (correctness),unchanged,False,correctness:PrintMultiset:0
lit/comp/CovariantCollections.dfy:pinned,Maps (correctness),content,True,correctness:Maps:0
lit/comp/CovariantCollections.dfy:pinned,DeepDowncast (correctness),unchanged,False,correctness:DeepDowncast:0
lit/comp/CovariantCollections.dfy:pinned,Sets (correctness),unchanged,False,correctness:Sets:0
lit/comp/CovariantCollections.dfy:pinned,Multisets (correctness),unchanged,False,correctness:Multisets:0
lit/comp/CovariantCollections.dfy:pinned,Create (correctness),unchanged,False,correctness:Create:0
lit/comp/CovariantCollections.dfy:pinned,DowncastFunction (well-formedness),unchanged,False,well-formedness:DowncastFunction:0
lit/comp/CovariantCollections.dfy:pinned,CovarianceRegressions.Test (correctness),unchanged,False,correctness:CovarianceRegressionsTest:0
lit/comp/CovariantCollections.dfy:pinned,ThereIsASmallest (correctness),unchanged,False,correctness:ThereIsASmallest:0
lit/comp/CovariantCollections.dfy:pinned,TailRecursiveFunction (well-formedness),unmapped,,
lit/comp/CovariantCollections.dfy:pinned,PrintSeq (correctness),unchanged,False,correctness:PrintSeq:0
lit/comp/CovariantCollections.dfy:pinned,TailRecursiveMethod (correctness),unchanged,False,correctness:TailRecursiveMethod:0
lit/comp/CovariantCollections.dfy:pinned,DowncastM2 (correctness),unchanged,False,correctness:DowncastM2:0
lit/comp/CovariantCollections.dfy:pinned,ThereIsASmallestInMultiset (well-formedness),group,False,well-formedness:ThereIsASmallestInMultiset*
lit/comp/CovariantCollections.dfy:pinned,DowncastM (correctness),unchanged,False,correctness:DowncastM:0
lit/comp/CovariantCollections.dfy:pinned,ThereIsASmallest (well-formedness),unchanged,False,well-formedness:ThereIsASmallest:0
lit/comp/CovariantCollections.dfy:pinned,MId2 (correctness),unchanged,False,correctness:MId2:0
lit/comp/CovariantCollections.dfy:pinned,MId (correctness),unchanged,False,correctness:MId:0
lit/comp/EuclideanDivision.dfy:refresh,M4 (correctness),unchanged,False,correctness:M4:0
lit/comp/EuclideanDivision.dfy:refresh,I2 (well-formedness),unchanged,False,well-formedness:I2:0
lit/comp/EuclideanDivision.dfy:refresh,I3 (well-formedness),reordered,False,well-formedness:I3:0
lit/comp/EuclideanDivision.dfy:refresh,M2 (correctness),unchanged,False,correctness:M2:0
lit/comp/EuclideanDivision.dfy:refresh,M5 (correctness),reordered,False,correctness:M5:0
lit/comp/EuclideanDivision.dfy:refresh,M3 (correctness),reordered,False,correctness:M3:0
lit/comp/EuclideanDivision.dfy:refresh,M1 (correctness),unchanged,False,correctness:M1:0
lit/comp/EuclideanDivision.dfy:refresh,M0 (correctness),unchanged,False,correctness:M0:0
lit/comp/EuclideanDivision.dfy:refresh,I4 (well-formedness),unchanged,False,well-formedness:I4:0
lit/comp/EuclideanDivision.dfy:refresh,I5 (well-formedness),reordered,False,well-formedness:I5:0
lit/comp/EuclideanDivision.dfy:refresh,Main (correctness),unchanged,False,correctness:Main:0
lit/comp/Extern.dfy:refresh,Main (correctness),content,False,correctness:Main:0
lit/comp/Extern.dfy:refresh,Library.MyInt (well-formedness),unchanged,False,well-formedness:LibraryMyInt:0
lit/comp/Extern.dfy:refresh,Library.SingletonOptimization.SingletonTuple (well-formedness),content,False,well-formedness:LibrarySingletonOptimizationSingletonTuple:0
lit/comp/Extern.dfy:refresh,Library.SingletonOptimization.NoWrapper (well-formedness),content,False,well-formedness:LibrarySingletonOptimizationNoWrapper:0
lit/comp/Extern.dfy:refresh,Library.SingletonOptimization.GhostWrapper (well-formedness),content,False,well-formedness:LibrarySingletonOptimizationGhostWrapper:0
lit/comp/Extern.dfy:refresh,Library.Mixed.M (correctness),unchanged,False,correctness:LibraryMixedM:0
lit/comp/Extern.dfy:refresh,Library.Mixed.IM (correctness),unchanged,False,correctness:LibraryMixedIM:0
lit/comp/GeneralNewtypes.dfy:pinned,Bitvectors.Operations (correctness),unchanged,False,correctness:BitvectorsOperations:0
lit/comp/GeneralNewtypes.dfy:pinned,Main (correctness),unchanged,False,correctness:Main:0
lit/comp/GeneralNewtypes.dfy:pinned,Bitvectors.Test (correctness),unchanged,False,correctness:BitvectorsTest:0
lit/comp/GeneralNewtypes.dfy:pinned,Bitvectors.TestsAndConversions (correctness),unchanged,False,correctness:BitvectorsTestsAndConversions:0
lit/comp/GeneralNewtypes.dfy:pinned,Numerics.j32 (well-formedness),unchanged,False,well-formedness:Numericsj32:0
lit/comp/GeneralNewtypes.dfy:pinned,BaseTypesThatAreSubsetTypes.M (well-formedness),unchanged,False,well-formedness:BaseTypesThatAreSubsetTypesM:0
lit/comp/GeneralNewtypes.dfy:pinned,NewtypeIsTests.Test (correctness),unchanged,False,correctness:NewtypeIsTestsTest:0
lit/comp/GeneralNewtypes.dfy:pinned,SubsetTypeIsTests.Test (correctness),unchanged,False,correctness:SubsetTypeIsTestsTest:0
lit/comp/GeneralNewtypes.dfy:pinned,Bitvectors.Rotate (correctness),unchanged,False,correctness:BitvectorsRotate:0
lit/comp/GeneralNewtypes.dfy:pinned,TypeDescriptors.Test (correctness),reordered,False,correctness:TypeDescriptorsTest:0
lit/comp/GeneralNewtypes.dfy:pinned,TypeDescriptors.Word (well-formedness),unchanged,False,well-formedness:TypeDescriptorsWord:0
lit/comp/GeneralNewtypes.dfy:pinned,Bitvectors.Comprehensions (correctness),unchanged,False,correctness:BitvectorsComprehensions:0
lit/comp/GeneralNewtypes.dfy:pinned,Bitvectors.Shift (correctness),unchanged,False,correctness:BitvectorsShift:0
lit/comp/GeneralNewtypes.dfy:pinned,SubsetTypeIsTests.int32 (well-formedness),unchanged,False,well-formedness:SubsetTypeIsTestsint32:0
lit/comp/GeneralNewtypes.dfy:pinned,Char.MyString (correctness),unchanged,False,correctness:CharMyString:0
lit/comp/GeneralNewtypes.dfy:pinned,TrivialConstraint.Test (correctness),unchanged,False,correctness:TrivialConstraintTest:0
lit/comp/GeneralNewtypes.dfy:pinned,BaseTypesThatAreSubsetTypes.Test (correctness),unchanged,False,correctness:BaseTypesThatAreSubsetTypesTest:0
lit/comp/GeneralNewtypes.dfy:pinned,Char.Test (correctness),unchanged,False,correctness:CharTest:0
lit/comp/GeneralNewtypes.dfy:pinned,TrivialConstraint.Operators (correctness),unchanged,False,correctness:TrivialConstraintOperators:0
lit/comp/GeneralNewtypes.dfy:pinned,TypeParameters.Test (correctness),reordered,False,correctness:TypeParametersTest:0
lit/comp/GeneralNewtypes.dfy:pinned,SimpleBoolAndint.Test (correctness),unchanged,False,correctness:SimpleBoolAndintTest:0
lit/comp/GeneralNewtypes.dfy:pinned,Numerics.k32 (well-formedness),unchanged,False,well-formedness:Numericsk32:0
lit/comp/GeneralNewtypes.dfy:pinned,TrivialConstraint.M (correctness),unchanged,False,correctness:TrivialConstraintM:0
lit/comp/GeneralNewtypes.dfy:pinned,BaseTypesThatAreSubsetTypes.X (well-formedness),unchanged,False,well-formedness:BaseTypesThatAreSubsetTypesX:0
lit/comp/GeneralNewtypes.dfy:pinned,SimpleBoolAndint.M (correctness),unchanged,False,correctness:SimpleBoolAndintM:0
lit/comp/GeneralNewtypes.dfy:pinned,Numerics.i32 (well-formedness),unchanged,False,well-formedness:Numericsi32:0
lit/comp/GeneralNewtypes.dfy:pinned,Bitvectors.IntermediateExpressions (correctness),unchanged,False,correctness:BitvectorsIntermediateExpressions:0
lit/comp/GeneralNewtypes.dfy:pinned,SubsetTypeIsTests.Subset (well-formedness),unchanged,False,well-formedness:SubsetTypeIsTestsSubset:0
lit/comp/GeneralNewtypes.dfy:pinned,Bitvectors.BvZero (correctness),unchanged,False,correctness:BitvectorsBvZero:0
lit/comp/GeneralNewtypes.dfy:pinned,Numerics.byte (well-formedness),unchanged,False,well-formedness:Numericsbyte:0
lit/comp/GeneralNewtypes.dfy:pinned,Numerics.nn (well-formedness),unchanged,False,well-formedness:Numericsnn:0
lit/comp/GeneralNewtypes.dfy:pinned,BaseTypesThatAreSubsetTypes.Y (well-formedness),unchanged,False,well-formedness:BaseTypesThatAreSubsetTypesY:0
lit/comp/GeneralNewtypes.dfy:pinned,Char.Comparisons (correctness),unchanged,False,correctness:CharComparisons:0
lit/comp/GeneralNewtypes.dfy:pinned,Bitvectors.Bits (well-formedness),unchanged,False,well-formedness:BitvectorsBits:0
lit/comp/GeneralNewtypes.dfy:pinned,PrintChars.Test (correctness),unchanged,False,correctness:PrintCharsTest:0
lit/comp/GeneralNewtypes.dfy:pinned,NewtypeIsTests.int32 (well-formedness),unchanged,False,well-formedness:NewtypeIsTestsint32:0
lit/comp/GeneralNewtypes.dfy:pinned,Bitvectors.Big (well-formedness),unchanged,False,well-formedness:BitvectorsBig:0
lit/comp/GeneralNewtypes.dfy:pinned,Bitvectors.Overflows (correctness),unchanged,False,correctness:BitvectorsOverflows:0
lit/comp/GeneralNewtypes.dfy:pinned,Bitvectors.Rotate (well-formedness),unchanged,False,well-formedness:BitvectorsRotate:0
lit/comp/GeneralNewtypes.dfy:pinned,Char.Mix (correctness),unchanged,False,correctness:CharMix:0
lit/comp/GeneralNewtypes.dfy:pinned,NewBehaviors.TestIs (correctness),unchanged,False,correctness:NewBehaviorsTestIs:0
lit/comp/GeneralNewtypes.dfy:pinned,Numerics.Test (correctness),unchanged,False,correctness:NumericsTest:0
lit/comp/GeneralNewtypes.dfy:pinned,TypeParameters.Wrap3 (well-formedness),content,False,well-formedness:TypeParametersWrap3:0
lit/comp/GeneralNewtypes.dfy:pinned,Char.GoodOl'Char (correctness),unchanged,False,correctness:CharGoodOlkChar:0
lit/comp/GeneralNewtypes.dfy:pinned,TypeParameters.Unwrap3 (well-formedness),content,False,well-formedness:TypeParametersUnwrap3:0
lit/comp/GeneralNewtypes.dfy:pinned,Bitvectors.BV (well-formedness),unchanged,False,well-formedness:BitvectorsBV:0
lit/comp/GeneralNewtypes.dfy:pinned,AutoInit.Test (correctness),unchanged,False,correctness:AutoInitTest:0
lit/comp/GeneralNewtypes.dfy:pinned,Char.UpperCase (well-formedness),unchanged,False,well-formedness:CharUpperCase:0
lit/comp/GeneralNewtypes.dfy:pinned,TypeDescriptors.UpperCase (well-formedness),unchanged,False,well-formedness:TypeDescriptorsUpperCase:0
lit/comp/GeneralNewtypes.dfy:pinned,TypeDescriptors.SubChar (well-formedness),unchanged,False,well-formedness:TypeDescriptorsSubChar:0
lit/comp/GeneralNewtypes.dfy:pinned,NewBehaviors.Test (correctness),unchanged,False,correctness:NewBehaviorsTest:0
lit/comp/GeneralNewtypes.dfy:pinned,CharToInt.char16 (well-formedness),unchanged,False,well-formedness:CharToIntchar16:0
lit/comp/GeneralNewtypes.dfy:pinned,CharToInt.Test (correctness),unchanged,False,correctness:CharToIntTest:0
lit/comp/GeneralNewtypes.dfy:pinned,SimpleNewtypeWitness.B (well-formedness),unchanged,False,well-formedness:SimpleNewtypeWitnessB:0
lit/comp/GeneralNewtypes.dfy:pinned,TypeParameters.int32 (well-formedness),unchanged,False,well-formedness:TypeParametersint32:0
lit/comp/GeneralNewtypes.dfy:pinned,Bitvectors.int32 (well-formedness),unchanged,False,well-formedness:Bitvectorsint32:0
lit/comp/GeneralNewtypes.dfy:pinned,AutoInit.Int32 (well-formedness),unchanged,False,well-formedness:AutoInitInt32:0
lit/comp/GeneralNewtypes.dfy:pinned,NewtypeIsTests.Subset (well-formedness),unchanged,False,well-formedness:NewtypeIsTestsSubset:0
lit/comp/GeneralNewtypes.dfy:pinned,SimpleNewtypeWitness.C (well-formedness),unchanged,False,well-formedness:SimpleNewtypeWitnessC:0
lit/comp/GeneralNewtypes.dfy:pinned,NewtypeIsTests.BV (well-formedness),unchanged,False,well-formedness:NewtypeIsTestsBV:0
lit/comp/GeneralNewtypes.dfy:pinned,SubsetTypeIsTests.BV (well-formedness),unchanged,False,well-formedness:SubsetTypeIsTestsBV:0
lit/comp/GeneralNewtypes.dfy:pinned,BaseTypesThatAreSubsetTypes.N (well-formedness),unchanged,False,well-formedness:BaseTypesThatAreSubsetTypesN:0
lit/comp/GeneralNewtypes.dfy:pinned,Bitvectors.Subset (well-formedness),unchanged,False,well-formedness:BitvectorsSubset:0
lit/comp/GeneralNewtypes.dfy:pinned,AutoInit.pos (well-formedness),unchanged,False,well-formedness:AutoInitpos:0
lit/comp/GeneralNewtypes.dfy:pinned,NewtypeIsTests.Big (well-formedness),unchanged,False,well-formedness:NewtypeIsTestsBig:0
lit/comp/GeneralNewtypes.dfy:pinned,AutoInit.B (well-formedness),unchanged,False,well-formedness:AutoInitB:0
lit/comp/GeneralNewtypes.dfy:pinned,SimpleNewtypeWitness.A (well-formedness),unchanged,False,well-formedness:SimpleNewtypeWitnessA:0
lit/comp/GeneralNewtypes.dfy:pinned,TrivialConstraint.TestMore (correctness),unchanged,False,correctness:TrivialConstraintTestMore:0
lit/comp/GeneralNewtypes.dfy:pinned,SubsetTypeIsTests.Big (well-formedness),unchanged,False,well-formedness:SubsetTypeIsTestsBig:0
lit/comp/GeneralNewtypes.dfy:pinned,BaseTypesThatAreSubsetTypes.B (well-formedness),unchanged,False,well-formedness:BaseTypesThatAreSubsetTypesB:0
lit/comp/GeneralNewtypes.dfy:pinned,Bitvectors.MyReal (well-formedness),unchanged,False,well-formedness:BitvectorsMyReal:0
lit/comp/GeneralNewtypes.dfy:pinned,TrivialConstraint.MyBool (well-formedness),unchanged,False,well-formedness:TrivialConstraintMyBool:0
lit/comp/GeneralNewtypes.dfy:pinned,AutoInit.A (well-formedness),unchanged,False,well-formedness:AutoInitA:0
lit/comp/GeneralNewtypes.dfy:pinned,TypeDescriptors.MyInt (well-formedness),unchanged,False,well-formedness:TypeDescriptorsMyInt:0
lit/comp/GeneralNewtypes.dfy:pinned,BaseTypesThatAreSubsetTypes.A (well-formedness),unchanged,False,well-formedness:BaseTypesThatAreSubsetTypesA:0
lit/comp/TypeParams.dfy:refresh,Standard (correctness),unchanged,False,correctness:Standard:0
lit/comp/TypeParams.dfy:refresh,Six (well-formedness),unchanged,False,well-formedness:Six:0
lit/comp/TypeParams.dfy:refresh,Even (well-formedness),unchanged,False,well-formedness:Even:0
lit/comp/TypeParams.dfy:refresh,Direct (correctness),unchanged,False,correctness:Direct:0
lit/comp/TypeParams.dfy:refresh,Cl._ctor (correctness),unchanged,False,correctness:Clctor:0
lit/comp/TypeParams.dfy:refresh,TraitClass (correctness),unchanged,False,correctness:TraitClass:0
lit/comp/TypeParams.dfy:refresh,Tp (correctness),unchanged,False,correctness:Tp:0
lit/comp/TypeParams.dfy:refresh,AlwaysNothing (well-formedness),unchanged,False,well-formedness:AlwaysNothing:0
lit/comp/TypeParams.dfy:refresh,WClass.Make (correctness),unchanged,False,correctness:WClassMake:0
lit/comp/TypeParams.dfy:refresh,PinkColor (well-formedness),unchanged,False,well-formedness:PinkColor:0
lit/comp/TypeParams.dfy:refresh,ReallyJustANullableMyClass (well-formedness),unchanged,False,well-formedness:ReallyJustANullableMyClass:0
lit/comp/TypeParams.dfy:refresh,Odd (well-formedness),unchanged,False,well-formedness:Odd:0
lit/comp/TypeParams.dfy:refresh,Eight (well-formedness),unchanged,False,well-formedness:Eight:0
lit/comp/TypeParams.dfy:refresh,Regressions (correctness),unchanged,False,correctness:Regressions:0
lit/comp/TypeParams.dfy:refresh,HTrait.Cadr (correctness),unchanged,False,correctness:HTraitCadr:0
lit/comp/TypeParams.dfy:refresh,EmptyList (well-formedness),unchanged,False,well-formedness:EmptyList:0
lit/comp/TypeParams.dfy:refresh,Main (correctness),unchanged,False,correctness:Main:0
lit/comp/UnicodeStrings.dfy:pinned,uint8 (well-formedness),unchanged,False,well-formedness:uint8:0
lit/comp/UnicodeStrings.dfy:pinned,uint16 (well-formedness),unchanged,False,well-formedness:uint16:0
lit/comp/UnicodeStrings.dfy:pinned,AllCharCasesTest (correctness),unchanged,False,correctness:AllCharCasesTest:0
lit/comp/UnicodeStrings.dfy:pinned,AllCases (well-formedness),unchanged,False,well-formedness:AllCases:0
lit/comp/UnicodeStrings.dfy:pinned,StringPrinting (correctness),reordered,False,correctness:StringPrinting:0
lit/comp/UnicodeStrings.dfy:pinned,CastChar (correctness),unchanged,False,correctness:CastChar:0
lit/comp/UnicodeStrings.dfy:pinned,CharQuantification (correctness),unchanged,False,correctness:CharQuantification:0
lit/comp/UnicodeStrings.dfy:pinned,CharsAndArrows (correctness),unchanged,False,correctness:CharsAndArrows:0
lit/comp/UnicodeStrings.dfy:pinned,MapToLower (well-formedness),unchanged,False,well-formedness:MapToLower:0
lit/comp/UnicodeStrings.dfy:pinned,MapToInt32 (well-formedness),reordered,False,well-formedness:MapToInt32:0
lit/comp/UnicodeStrings.dfy:pinned,CharPrinting (correctness),unchanged,False,correctness:CharPrinting:0
lit/comp/UnicodeStrings.dfy:pinned,uint32 (well-formedness),unchanged,False,well-formedness:uint32:0
lit/comp/UnicodeStrings.dfy:pinned,uint64 (well-formedness),unchanged,False,well-formedness:uint64:0
lit/comp/UnicodeStrings.dfy:pinned,ToLower (well-formedness),unchanged,False,well-formedness:ToLower:0
lit/comp/UnicodeStrings.dfy:pinned,Main (correctness),unchanged,False,correctness:Main:0
lit/comp/UnicodeStrings.dfy:pinned,IncrementChar (well-formedness),unchanged,False,well-formedness:IncrementChar:0
lit/comp/UnicodeStrings.dfy:pinned,int8 (well-formedness),unchanged,False,well-formedness:int8:0
lit/comp/UnicodeStrings.dfy:pinned,int32 (well-formedness),unchanged,False,well-formedness:int32:0
lit/comp/UnicodeStrings.dfy:pinned,int64 (well-formedness),unchanged,False,well-formedness:int64:0
lit/comp/UnicodeStrings.dfy:pinned,int16 (well-formedness),unchanged,False,well-formedness:int16:0
lit/comp/UnicodeStrings.dfy:pinned,Print (correctness),unchanged,False,correctness:Print:0
lit/comp/firstSteps/6_Calls-VariableCapture.dfy:refresh,Main (correctness),unchanged,False,correctness:Main:0
lit/comp/firstSteps/6_Calls-VariableCapture.dfy:refresh,VariableCapture.Test (correctness),unchanged,False,correctness:VariableCaptureTest:0
lit/comp/firstSteps/6_Calls-VariableCapture.dfy:refresh,VariableCapture.MapToSeq (correctness),unmapped,,
lit/comp/firstSteps/6_Calls-VariableCapture.dfy:refresh,VariableCapture.SetToSeq (correctness),unmapped,,
lit/comp/rust/loops.dfy:refresh,Main (correctness) (assertion batch 2),content,True,correctness:Main:1
lit/comp/rust/loops.dfy:refresh,Main (correctness) (assertion batch 3),content,True,correctness:Main:2
lit/comp/rust/loops.dfy:refresh,Main (correctness) (assertion batch 1),content,True,correctness:Main:0
lit/comp/rust/loops.dfy:refresh,u8 (well-formedness),unchanged,False,well-formedness:u8:0
lit/comp/rust/loops.dfy:refresh,ToSet (correctness),unchanged,False,correctness:ToSet:0
lit/comp/rust/loops.dfy:refresh,Remap (correctness),content,True,correctness:Remap:0
lit/comp/rust/loops.dfy:refresh,ZeroContainer._ctor (correctness),unchanged,False,correctness:ZeroContainerctor:0
lit/comp/rust/loops.dfy:refresh,U8 (well-formedness),unchanged,False,well-formedness:U8:0
lit/comp/rust/newtypes.dfy:refresh,Main (correctness),content,False,correctness:Main:0
lit/comp/rust/newtypes.dfy:refresh,int2 (well-formedness),unchanged,False,well-formedness:int2:0
lit/comp/rust/newtypes.dfy:refresh,int16 (well-formedness),unchanged,False,well-formedness:int16:0
lit/comp/rust/newtypes.dfy:refresh,uint32WithMethods.div_overflow (well-formedness),reordered,False,well-formedness:uint32WithMethodsdivoverflow:0
lit/comp/rust/newtypes.dfy:refresh,uint32WithMethods.times_overflow (well-formedness),reordered,False,well-formedness:uint32WithMethodstimesoverflow:0
lit/comp/rust/newtypes.dfy:refresh,zero (well-formedness),unchanged,False,well-formedness:zero:0
lit/comp/rust/newtypes.dfy:refresh,IntWrapper.firstTwoBits (correctness),unchanged,False,correctness:IntWrapperfirstTwoBits:0
lit/comp/rust/newtypes.dfy:refresh,uint32WithMethods.minus_overflow (well-formedness),reordered,False,well-formedness:uint32WithMethodsminusoverflow:0
lit/comp/rust/newtypes.dfy:refresh,uint32WithMethods.plus_overflow (well-formedness),reordered,False,well-formedness:uint32WithMethodsplusoverflow:0
lit/comp/rust/newtypes.dfy:refresh,Zero (well-formedness),unchanged,False,well-formedness:Zero:0
lit/comp/rust/newtypes.dfy:refresh,INT2_MAX (well-formedness),unchanged,False,well-formedness:INT2MAX:0
lit/comp/rust/newtypes.dfy:refresh,NewNat (well-formedness),reordered,False,well-formedness:NewNat:0
lit/comp/rust/newtypes.dfy:refresh,IntWrapper.len (well-formedness),unchanged,False,well-formedness:IntWrapperlen:0
lit/comp/rust/newtypes.dfy:refresh,IntWrapper.firstTwoBitsAreThree (correctness),unchanged,False,correctness:IntWrapperfirstTwoBitsAreThree:0
lit/comp/rust/newtypes.dfy:refresh,uint32WithMethods.ctor (well-formedness),reordered,False,well-formedness:uint32WithMethodsctor:0
lit/comp/rust/newtypes.dfy:refresh,uint32WithMethods.plus (well-formedness),unchanged,False,well-formedness:uint32WithMethodsplus:0
lit/comp/rust/newtypes.dfy:refresh,uint32WithMethods.one (well-formedness),reordered,False,well-formedness:uint32WithMethodsone:0
lit/comp/rust/newtypes.dfy:refresh,uint32 (well-formedness),unchanged,False,well-formedness:uint32:0
lit/comp/rust/newtypes.dfy:refresh,DChar (well-formedness),unchanged,False,well-formedness:DChar:0
lit/comp/rust/newtypes.dfy:refresh,uint32WithMethods.zero (well-formedness),unchanged,False,well-formedness:uint32WithMethodszero:0
lit/comp/rust/newtypes.dfy:refresh,uint32_noterased (well-formedness),unchanged,False,well-formedness:uint32noterased:0
lit/comp/rust/newtypes.dfy:refresh,uint8 (well-formedness),unchanged,False,well-formedness:uint8:0
lit/comp/rust/newtypes.dfy:refresh,another_int (well-formedness),unchanged,False,well-formedness:anotherint:0
lit/comp/rust/newtypes.dfy:refresh,uint32WithMethods (well-formedness),unchanged,False,well-formedness:uint32WithMethods:0
lit/comp/rust/newtypes.dfy:refresh,IntWrapper.even (well-formedness),unchanged,False,well-formedness:IntWrappereven:0
lit/comp/rust/operators.dfy:refresh,Main (correctness),content,True,correctness:Main:0
lit/comp/rust/operators.dfy:refresh,TestU128 (correctness),reordered,False,correctness:TestU128:0
lit/comp/rust/operators.dfy:refresh,uint8 (well-formedness),unchanged,False,well-formedness:uint8:0
lit/comp/rust/operators.dfy:refresh,uint16 (well-formedness),unchanged,False,well-formedness:uint16:0
lit/comp/rust/operators.dfy:refresh,TestU64 (correctness),reordered,False,correctness:TestU64:0
lit/comp/rust/operators.dfy:refresh,TestU32 (correctness),reordered,False,correctness:TestU32:0
lit/comp/rust/operators.dfy:refresh,TestU16 (correctness),unchanged,False,correctness:TestU16:0
lit/comp/rust/operators.dfy:refresh,TestU8 (correctness),unchanged,False,correctness:TestU8:0
lit/comp/rust/operators.dfy:refresh,uint64 (well-formedness),reordered,False,well-formedness:uint64:0
lit/comp/rust/operators.dfy:refresh,TestI128 (correctness),unchanged,False,correctness:TestI128:0
lit/comp/rust/operators.dfy:refresh,TestI64 (correctness),unchanged,False,correctness:TestI64:0
lit/comp/rust/operators.dfy:refresh,TestI32 (correctness),unchanged,False,correctness:TestI32:0
lit/comp/rust/operators.dfy:refresh,TestI8 (correctness),unchanged,False,correctness:TestI8:0
lit/comp/rust/operators.dfy:refresh,TestI16 (correctness),unchanged,False,correctness:TestI16:0
lit/comp/rust/operators.dfy:refresh,uint32 (well-formedness),reordered,False,well-formedness:uint32:0
lit/comp/rust/operators.dfy:refresh,TestLessEq (correctness),reordered,False,correctness:TestLessEq:0
lit/comp/rust/operators.dfy:refresh,int16 (well-formedness),unchanged,False,well-formedness:int16:0
lit/comp/rust/operators.dfy:refresh,int8 (well-formedness),unchanged,False,well-formedness:int8:0
lit/comp/rust/operators.dfy:refresh,uint128 (well-formedness),reordered,False,well-formedness:uint128:0
lit/comp/rust/operators.dfy:refresh,int64 (well-formedness),unchanged,False,well-formedness:int64:0
lit/comp/rust/operators.dfy:refresh,int32 (well-formedness),unchanged,False,well-formedness:int32:0
lit/comp/rust/operators.dfy:refresh,int128 (well-formedness),unchanged,False,well-formedness:int128:0
lit/dafny0/CanCall.dfy:refresh,ModifiesCallee.DoWrapped (correctness),unchanged,False,correctness:ModifiesCalleeDoWrapped:0
lit/dafny0/CanCall.dfy:refresh,ArraySeqInit.TestSeqLambda (correctness),unchanged,False,correctness:ArraySeqInitTestSeqLambda:0
lit/dafny0/CanCall.dfy:refresh,ArraySeqInit.TestSeqF (correctness),unchanged,False,correctness:ArraySeqInitTestSeqF:0
lit/dafny0/CanCall.dfy:refresh,StaticConstFields.Test (correctness),unchanged,False,correctness:StaticConstFieldsTest:0
lit/dafny0/CanCall.dfy:refresh,ThemesOnStandardLibraryJSON.View_.InstanceDoubleQuote (well-formedness),group,False,well-formedness:ThemesOnStandardLibraryJSONViewInstanceDoubleQuote*
lit/dafny0/CanCall.dfy:refresh,ThemesOnStandardLibraryJSON.View_.Char? (well-formedness),reordered,False,well-formedness:ThemesOnStandardLibraryJSONViewCharq:0
lit/dafny0/CanCall.dfy:refresh,InstanceConstFields.MyClass.Test (correctness),unchanged,False,correctness:InstanceConstFieldsMyClassTest:0
lit/dafny0/CanCall.dfy:refresh,ThemesOnStandardLibraryJSON.jquoteFunction (well-formedness),reordered,False,well-formedness:ThemesOnStandardLibraryJSONjquoteFunction:0
lit/dafny0/CanCall.dfy:refresh,#ThemesOnStandardLibraryJSON.jstringDefaultValue.JStringDefaultValue (well-formedness),unmapped,,
lit/dafny0/CanCall.dfy:refresh,ArraySeqInit.TestArrayLambda (correctness),unchanged,False,correctness:ArraySeqInitTestArrayLambda:0
lit/dafny0/CanCall.dfy:refresh,ThemesOnStandardLibraryJSON.View (well-formedness),reordered,False,well-formedness:ThemesOnStandardLibraryJSONView:0
lit/dafny0/CanCall.dfy:refresh,ThemesOnStandardLibraryJSON.TestInstance (correctness),reordered,False,correctness:ThemesOnStandardLibraryJSONTestInstance:0
lit/dafny0/CanCall.dfy:refresh,ThemesOnStandardLibraryJSON.TestStatic (correctness),reordered,False,correctness:ThemesOnStandardLibraryJSONTestStatic:0
lit/dafny0/CanCall.dfy:refresh,ThemesOnStandardLibraryJSON.TestFunction (correctness),reordered,False,correctness:ThemesOnStandardLibraryJSONTestFunction:0
lit/dafny0/CanCall.dfy:refresh,ThemesOnStandardLibraryJSON.jquoteStatic (well-formedness),reordered,False,well-formedness:ThemesOnStandardLibraryJSONjquoteStatic:0
lit/dafny0/CanCall.dfy:refresh,ThemesOnStandardLibraryJSON.jquoteInstance (well-formedness),reordered,False,well-formedness:ThemesOnStandardLibraryJSONjquoteInstance:0
lit/dafny0/CanCall.dfy:refresh,ArraySeqInit.TestArrayF (correctness),unchanged,False,correctness:ArraySeqInitTestArrayF:0
lit/dafny0/CanCall.dfy:refresh,ThemesOnStandardLibraryJSON.View_.OfBytes (well-formedness),reordered,False,well-formedness:ThemesOnStandardLibraryJSONViewOfBytes:0
lit/dafny0/CanCall.dfy:refresh,InstanceConstFields.MyClass.X (well-formedness),unchanged,False,well-formedness:InstanceConstFieldsMyClassX:0
lit/dafny0/CanCall.dfy:refresh,QuantifierBeforeOtherConjunct.CallPartition (correctness),unchanged,False,correctness:QuantifierBeforeOtherConjunctCallPartition:0
lit/dafny0/CanCall.dfy:refresh,ThemesOnStandardLibraryJSON.View_.FunctionDoubleQuote (well-formedness),group,False,well-formedness:ThemesOnStandardLibraryJSONViewFunctionDoubleQuote*
lit/dafny0/CanCall.dfy:refresh,ThemesOnStandardLibraryJSON.View_.StaticDoubleQuote (well-formedness),unmapped,,
lit/dafny0/CanCall.dfy:refresh,StaticConstFields.X (well-formedness),unchanged,False,well-formedness:StaticConstFieldsX:0
lit/dafny0/CanCall.dfy:refresh,ThemesOnStandardLibraryJSON.View_.Byte? (well-formedness),reordered,False,well-formedness:ThemesOnStandardLibraryJSONViewByteq:0
lit/dafny0/CanCall.dfy:refresh,ThemesOnStandardLibraryJSON.View_.Bytes (well-formedness),reordered,False,well-formedness:ThemesOnStandardLibraryJSONViewBytes:0
lit/dafny0/CanCall.dfy:refresh,QuantifierBeforeOtherConjunct.Length (well-formedness),unchanged,False,well-formedness:QuantifierBeforeOtherConjunctLength:0
lit/dafny0/CanCall.dfy:refresh,QuantifierBeforeOtherConjunct.Partition (well-formedness),unmapped,,
lit/dafny0/CanCall.dfy:refresh,QuantifierBeforeOtherConjunct.Occurrences (well-formedness),unmapped,,
lit/dafny0/CanCall.dfy:refresh,InstanceConstFields.MyClass._ctor (correctness),unchanged,False,correctness:InstanceConstFieldsMyClassctor:0
lit/dafny0/CanCall.dfy:refresh,ModifiesCaller.DoOne (correctness),unchanged,False,correctness:ModifiesCallerDoOne:0
lit/dafny0/CanCall.dfy:refresh,QuantifierBeforeOtherConjunct.CallPartition (well-formedness),unmapped,,
lit/dafny0/CanCall.dfy:refresh,InstanceConstFields.MyClass.UseX (correctness),unchanged,False,correctness:InstanceConstFieldsMyClassUseX:0
lit/dafny0/CanCall.dfy:refresh,InstanceConstFields.MyClass.DoNotCall (well-formedness),unchanged,False,well-formedness:InstanceConstFieldsMyClassDoNotCall:0
lit/dafny0/CanCall.dfy:refresh,StaticConstFields.UseX (correctness),unchanged,False,correctness:StaticConstFieldsUseX:0
lit/dafny0/CanCall.dfy:refresh,StaticConstFields.DoNotCall (well-formedness),unchanged,False,well-formedness:StaticConstFieldsDoNotCall:0
lit/dafny0/CanCall.dfy:refresh,ThemesOnStandardLibraryJSON.uint32 (well-formedness),unchanged,False,well-formedness:ThemesOnStandardLibraryJSONuint32:0
lit/dafny0/CanCall.dfy:refresh,ThemesOnStandardLibraryJSON.uint8 (well-formedness),unchanged,False,well-formedness:ThemesOnStandardLibraryJSONuint8:0
lit/dafny0/Compilation.dfy:refresh,Caller (correctness),unchanged,False,correctness:Caller:0
lit/dafny0/Compilation.dfy:refresh,NotMain (correctness),unchanged,False,correctness:NotMain:0
lit/dafny0/Compilation.dfy:refresh,DigitUnderscore_Names_Functions_and_Methods.567 (correctness),unmapped,,
lit/dafny0/Compilation.dfy:refresh,GeneralMaps.PrintPairs (correctness),unchanged,False,correctness:GeneralMapsPrintPairs:0
lit/dafny0/Compilation.dfy:refresh,CoRecursion.TestMain (correctness),unchanged,False,correctness:CoRecursionTestMain:0
lit/dafny0/Compilation.dfy:refresh,GeneralMaps.Test (correctness),content,True,correctness:GeneralMapsTest:0
lit/dafny0/Compilation.dfy:refresh,GeneralMaps.PrintMap (correctness),content,False,correctness:GeneralMapsPrintMap:0
lit/dafny0/Compilation.dfy:refresh,DigitUnderscore_Names.M (correctness),unchanged,False,correctness:DigitUnderscoreNamesM:0
lit/dafny0/Compilation.dfy:refresh,CoRecursion.Prefix (well-formedness),unchanged,False,well-formedness:CoRecursionPrefix:0
lit/dafny0/Compilation.dfy:refresh,DigitUnderscore_Names_Functions_and_Methods.5_0_0# (correctness),group,False,correctness:DigitUnderscoreNamesFunctionsandMethods500*
lit/dafny0/Compilation.dfy:refresh,DigitUnderscore_Names_Functions_and_Methods.Another (correctness),group,False,correctness:DigitUnderscoreNamesFunctionsandMethodsAnothe*
lit/dafny0/Compilation.dfy:refresh,EqualityTests.TestMain (correctness),unchanged,False,correctness:EqualityTestsTestMain:0
lit/dafny0/Compilation.dfy:refresh,DigitsClass.M (correctness),unchanged,False,correctness:DigitsClassM:0
lit/dafny0/Compilation.dfy:refresh,TypeInstantiations.TestMain (correctness),unchanged,False,correctness:TypeInstantiationsTestMain:0
lit/dafny0/Compilation.dfy:refresh,EqualityTests.ArrayTests (correctness),unchanged,False,correctness:EqualityTestsArrayTests:0
lit/dafny0/Compilation.dfy:refresh,A.run (correctness),unchanged,False,correctness:Arun:0
lit/dafny0/Compilation.dfy:refresh,hidden_test (correctness),unchanged,False,correctness:hiddentest:0
lit/dafny0/Compilation.dfy:refresh,TailRecursionWhereTypeParametersChange.Compute (correctness),unmapped,,
lit/dafny0/Compilation.dfy:refresh,AltLoop.Test (correctness),unchanged,False,correctness:AltLoopTest:0
lit/dafny0/Compilation.dfy:refresh,N (correctness),unchanged,False,correctness:N:0
lit/dafny0/Compilation.dfy:refresh,CoRecursion.OneLess' (correctness),unchanged,False,correctness:CoRecursionOneLessk:0
lit/dafny0/Compilation.dfy:refresh,A1.run (correctness),unchanged,False,correctness:A1run:0
lit/dafny0/Compilation.dfy:refresh,TypeInstantiations.GenCl.Mi (correctness),unchanged,False,correctness:TypeInstantiationsGenClMi:0
lit/dafny0/Compilation.dfy:refresh,DigitUnderscore_Names_Functions_and_Methods.Regression (correctness),group,False,correctness:DigitUnderscoreNamesFunctionsandMethodsRegression*
lit/dafny0/Compilation.dfy:refresh,DigitUnderscore_Names_Functions_and_Methods.498 (correctness),unmapped,,
lit/dafny0/Compilation.dfy:refresh,DigitUnderscore_Names_Functions_and_Methods.20_0 (correctness),group,False,correctness:DigitUnderscoreNamesFunctionsandMethods200*
lit/dafny0/Compilation.dfy:refresh,TailRecursionWhereTypeParametersChange.TestMain (correctness),unmapped,,
lit/dafny0/Compilation.dfy:refresh,GhostLetExpr.M (correctness),unchanged,False,correctness:GhostLetExprM:0
lit/dafny0/Compilation.dfy:refresh,DigitUnderscore_Names_Functions_and_Methods.120 (correctness),unmapped,,
lit/dafny0/Compilation.dfy:refresh,CoRecursion.OneLess (correctness),unchanged,False,correctness:CoRecursionOneLess:0
lit/dafny0/Compilation.dfy:refresh,f_nobody (well-formedness),unchanged,False,well-formedness:fnobody:0
lit/dafny0/Compilation.dfy:refresh,TypeInstantiations.M (correctness),unchanged,False,correctness:TypeInstantiationsM:0
lit/dafny0/Compilation.dfy:refresh,TypeInstantiations.N (correctness),unchanged,False,correctness:TypeInstantiationsN:0
lit/dafny0/Compilation.dfy:refresh,TypeInstantiations.GenCl.Ms (correctness),unchanged,False,correctness:TypeInstantiationsGenClMs:0
lit/dafny0/Compilation.dfy:refresh,Main (correctness),unchanged,False,correctness:Main:0
lit/dafny0/Compilation.dfy:refresh,GhostLetExpr.G (well-formedness),unchanged,False,well-formedness:GhostLetExprG:0
lit/dafny0/Compilation.legacy.dfy:pinned,Caller (correctness),unchanged,False,correctness:Caller:0
lit/dafny0/Compilation.legacy.dfy:pinned,NotMain (correctness),unchanged,False,correctness:NotMain:0
lit/dafny0/Compilation.legacy.dfy:pinned,GhostLetExpr.M (correctness),unchanged,False,correctness:GhostLetExprM:0
lit/dafny0/Compilation.legacy.dfy:pinned,TypeInstantiations.GenCl.Mi (correctness),unchanged,False,correctness:TypeInstantiationsGenClMi:0
lit/dafny0/Compilation.legacy.dfy:pinned,DigitUnderscore_Names_Functions_and_Methods.Another (correctness),group,False,correctness:DigitUnderscoreNamesFunctionsandMethodsAnot*
lit/dafny0/Compilation.legacy.dfy:pinned,CoRecursion.Prefix (well-formedness),unchanged,False,well-formedness:CoRecursionPrefix:0
lit/dafny0/Compilation.legacy.dfy:pinned,CoRecursion.TestMain (correctness),unchanged,False,correctness:CoRecursionTestMain:0
lit/dafny0/Compilation.legacy.dfy:pinned,GeneralMaps.Test (correctness),content,True,correctness:GeneralMapsTest:0
lit/dafny0/Compilation.legacy.dfy:pinned,TailRecursionWhereTypeParametersChange.TestMain (correctness),group,False,correctness:TailRecursionWhereTypeParametersChangeTestMai*
lit/dafny0/Compilation.legacy.dfy:pinned,DigitUnderscore_Names_Functions_and_Methods.567 (correctness),group,False,correctness:DigitUnderscoreNamesFunctionsandMethods567*
lit/dafny0/Compilation.legacy.dfy:pinned,TypeInstantiations.TestMain (correctness),unchanged,False,correctness:TypeInstantiationsTestMain:0
lit/dafny0/Compilation.legacy.dfy:pinned,DigitUnderscore_Names.M (correctness),unchanged,False,correctness:DigitUnderscoreNamesM:0
lit/dafny0/Compilation.legacy.dfy:pinned,DigitUnderscore_Names_Functions_and_Methods.5_0_0# (correctness),group,False,correctness:DigitUnderscoreNamesFunctionsandMethods50*
lit/dafny0/Compilation.legacy.dfy:pinned,TailRecursionWhereTypeParametersChange.Compute (correctness),group,False,correctness:TailRecursionWhereTypeParametersChangeCompute*
lit/dafny0/Compilation.legacy.dfy:pinned,EqualityTests.TestMain (correctness),unchanged,False,correctness:EqualityTestsTestMain:0
lit/dafny0/Compilation.legacy.dfy:pinned,A.run (correctness),unchanged,False,correctness:Arun:0
lit/dafny0/Compilation.legacy.dfy:pinned,EqualityTests.ArrayTests (correctness),unchanged,False,correctness:EqualityTestsArrayTests:0
lit/dafny0/Compilation.legacy.dfy:pinned,DigitsClass.M (correctness),unchanged,False,correctness:DigitsClassM:0
lit/dafny0/Compilation.legacy.dfy:pinned,hidden_test (correctness),unchanged,False,correctness:hiddentest:0
lit/dafny0/Compilation.legacy.dfy:pinned,AltLoop.Test (correctness),unchanged,False,correctness:AltLoopTest:0
lit/dafny0/Compilation.legacy.dfy:pinned,A1.run (correctness),unchanged,False,correctness:A1run:0
lit/dafny0/Compilation.legacy.dfy:pinned,DigitUnderscore_Names_Functions_and_Methods.Regression (correctness),group,False,correctness:DigitUnderscoreNamesFunctionsandMethodsRegr*
lit/dafny0/Compilation.legacy.dfy:pinned,DigitUnderscore_Names_Functions_and_Methods.498 (correctness),group,False,correctness:DigitUnderscoreNamesFunctionsandMethods498*
lit/dafny0/Compilation.legacy.dfy:pinned,CoRecursion.OneLess' (correctness),unchanged,False,correctness:CoRecursionOneLessk:0
lit/dafny0/Compilation.legacy.dfy:pinned,DigitUnderscore_Names_Functions_and_Methods.120 (correctness),group,False,correctness:DigitUnderscoreNamesFunctionsandMethods120*
lit/dafny0/Compilation.legacy.dfy:pinned,DigitUnderscore_Names_Functions_and_Methods.20_0 (correctness),group,False,correctness:DigitUnderscoreNamesFunctionsandMethods20*
lit/dafny0/Compilation.legacy.dfy:pinned,CoRecursion.OneLess (correctness),unchanged,False,correctness:CoRecursionOneLess:0
lit/dafny0/Compilation.legacy.dfy:pinned,N (correctness),unchanged,False,correctness:N:0
lit/dafny0/Compilation.legacy.dfy:pinned,TypeInstantiations.N (correctness),unchanged,False,correctness:TypeInstantiationsN:0
lit/dafny0/Compilation.legacy.dfy:pinned,f_nobody (well-formedness),unchanged,False,well-formedness:fnobody:0
lit/dafny0/Compilation.legacy.dfy:pinned,TypeInstantiations.M (correctness),unchanged,False,correctness:TypeInstantiationsM:0
lit/dafny0/Compilation.legacy.dfy:pinned,TypeInstantiations.GenCl.Ms (correctness),unchanged,False,correctness:TypeInstantiationsGenClMs:0
lit/dafny0/Compilation.legacy.dfy:pinned,GhostLetExpr.G (well-formedness),unchanged,False,well-formedness:GhostLetExprG:0
lit/dafny0/Compilation.legacy.dfy:pinned,Main (correctness),unchanged,False,correctness:Main:0
lit/dafny0/DiscoverBounds.dfy:refresh,NT (well-formedness),unchanged,False,well-formedness:NT:0
lit/dafny0/DiscoverBounds.dfy:refresh,UT (well-formedness),unchanged,False,well-formedness:UT:0
lit/dafny0/DiscoverBounds.dfy:refresh,OtherEq (correctness),unchanged,False,correctness:OtherEq:0
lit/dafny0/DiscoverBounds.dfy:refresh,Main (correctness),unchanged,False,correctness:Main:0
lit/dafny0/DiscoverBounds.dfy:refresh,EnumerateOverInfiniteCollections (correctness),content,True,correctness:EnumerateOverInfiniteCollections:0
lit/dafny0/DiscoverBounds.dfy:refresh,NR (well-formedness),unchanged,False,well-formedness:NR:0
lit/dafny0/DiscoverBounds.dfy:refresh,Lower (well-formedness),unchanged,False,well-formedness:Lower:0
lit/dafny0/DiscoverBounds.dfy:refresh,Casts (correctness),unchanged,False,correctness:Casts:0
lit/dafny0/DiscoverBounds.dfy:refresh,Upper (well-formedness),unchanged,False,well-formedness:Upper:0
lit/dafny0/DiscoverBounds.dfy:refresh,Q (well-formedness),unchanged,False,well-formedness:Q:0
lit/dafny0/GeneralNewtypeCollections.dfy:pinned,Imap.Test (correctness),unchanged,False,correctness:ImapTest:0
lit/dafny0/GeneralNewtypeCollections.dfy:pinned,Main (correctness),unchanged,False,correctness:Main:0
lit/dafny0/GeneralNewtypeCollections.dfy:pinned,Imap.TestComprehensions (correctness),content,True,correctness:ImapTestComprehensions:0
lit/dafny0/GeneralNewtypeCollections.dfy:pinned,SeqToMultisetConversion.TestFromSeq (correctness),unmapped,,
lit/dafny0/GeneralNewtypeCollections.dfy:pinned,Seq.Test (correctness),unchanged,False,correctness:SeqTest:0
lit/dafny0/GeneralNewtypeCollections.dfy:pinned,Seq.SubSequences (correctness),unchanged,False,correctness:SeqSubSequences:0
lit/dafny0/GeneralNewtypeCollections.dfy:pinned,Frames.M (correctness),unchanged,False,correctness:FramesM:0
lit/dafny0/GeneralNewtypeCollections.dfy:pinned,Map.IntMap (well-formedness),unchanged,False,well-formedness:MapIntMap:0
lit/dafny0/GeneralNewtypeCollections.dfy:pinned,Frames.CallEm (correctness),unchanged,False,correctness:FramesCallEm:0
lit/dafny0/GeneralNewtypeCollections.dfy:pinned,Decreases.A (correctness),unchanged,False,correctness:DecreasesA:0
lit/dafny0/GeneralNewtypeCollections.dfy:pinned,Map.TestComprehensions (correctness),content,True,correctness:MapTestComprehensions:0
lit/dafny0/GeneralNewtypeCollections.dfy:pinned,Map.Test (correctness),unchanged,False,correctness:MapTest:0
lit/dafny0/GeneralNewtypeCollections.dfy:pinned,Frames.P2 (well-formedness),unchanged,False,well-formedness:FramesP2:0
lit/dafny0/GeneralNewtypeCollections.dfy:pinned,Frames.F (well-formedness),unchanged,False,well-formedness:FramesF:0
lit/dafny0/GeneralNewtypeCollections.dfy:pinned,Set.TestSpecialCase (correctness),unchanged,False,correctness:SetTestSpecialCase:0
lit/dafny0/GeneralNewtypeCollections.dfy:pinned,Set.Test (correctness),unchanged,False,correctness:SetTest:0
lit/dafny0/GeneralNewtypeCollections.dfy:pinned,Multiset.Test (correctness),unchanged,False,correctness:MultisetTest:0
lit/dafny0/GeneralNewtypeCollections.dfy:pinned,Iset.Test (correctness),unchanged,False,correctness:IsetTest:0
lit/dafny0/GeneralNewtypeCollections.dfy:pinned,SeqToMultisetConversion.TestFromSet (correctness),unmapped,,
lit/dafny0/GeneralNewtypeCollections.dfy:pinned,Set.IntSet (well-formedness),unchanged,False,well-formedness:SetIntSet:0
lit/dafny0/GeneralNewtypeCollections.dfy:pinned,Set.Trait.FFF (well-formedness),unchanged,False,well-formedness:SetTraitFFF:0
lit/dafny0/GeneralNewtypeCollections.dfy:pinned,Multiset.IntMultiset (well-formedness),unchanged,False,well-formedness:MultisetIntMultiset:0
lit/dafny0/GeneralNewtypeCollections.dfy:pinned,Imap.IntImap (well-formedness),unchanged,False,well-formedness:ImapIntImap:0
lit/dafny0/GeneralNewtypeCollections.dfy:pinned,Iset.IntIset (well-formedness),unchanged,False,well-formedness:IsetIntIset:0
lit/dafny0/GeneralNewtypeCollections.dfy:pinned,Frames.ObjectISet (well-formedness),unchanged,False,well-formedness:FramesObjectISet:0
lit/dafny0/GeneralNewtypeCollections.dfy:pinned,Frames.R (well-formedness),unchanged,False,well-formedness:FramesR:0
lit/dafny0/GeneralNewtypeCollections.dfy:pinned,Frames.ObjectSet (well-formedness),unchanged,False,well-formedness:FramesObjectSet:0
lit/dafny0/GeneralNewtypeCollections.dfy:pinned,Frames.ObjectMultiset (well-formedness),unchanged,False,well-formedness:FramesObjectMultiset:0
lit/dafny0/GeneralNewtypeCollections.dfy:pinned,Decreases.L (correctness),unchanged,False,correctness:DecreasesL:0
lit/dafny0/GeneralNewtypeCollections.dfy:pinned,SeqToMultisetConversion.Test (correctness),unchanged,False,correctness:SeqToMultisetConversionTest:0
lit/dafny0/GeneralNewtypeCollections.dfy:pinned,Decreases.L (well-formedness),unchanged,False,well-formedness:DecreasesL:0
lit/dafny0/GeneralNewtypeCollections.dfy:pinned,Decreases.K (correctness),unchanged,False,correctness:DecreasesK:0
lit/dafny0/GeneralNewtypeCollections.dfy:pinned,SeqToMultisetConversion.XMultiset (well-formedness),unmapped,,
lit/dafny0/GeneralNewtypeCollections.dfy:pinned,Seq.IntSeq (well-formedness),unchanged,False,well-formedness:SeqIntSeq:0
lit/dafny0/GeneralNewtypeCollections.dfy:pinned,Frames.ObjectSeq (well-formedness),unchanged,False,well-formedness:FramesObjectSeq:0
lit/dafny0/GeneralNewtypeCollections.dfy:pinned,SeqToMultisetConversion.XSeq (well-formedness),unchanged,False,well-formedness:SeqToMultisetConversionXSeq:0
lit/dafny0/GeneralNewtypeCollections.dfy:pinned,Decreases.Test (correctness),unchanged,False,correctness:DecreasesTest:0
lit/dafny0/GeneralNewtypeCollections.dfy:pinned,Decreases.BoolSet (well-formedness),unchanged,False,well-formedness:DecreasesBoolSet:0
lit/dafny0/GeneralNewtypeCollections.dfy:pinned,Decreases.C (correctness),unchanged,False,correctness:DecreasesC:0
lit/dafny0/GeneralNewtypeCollections.dfy:pinned,Decreases.B (correctness),unchanged,False,correctness:DecreasesB:0
lit/dafny0/GeneralNewtypeCollections.dfy:pinned,SeqToMultisetConversion.XSet (well-formedness),unchanged,False,well-formedness:SeqToMultisetConversionXSet:0
lit/dafny0/GeneralNewtypeCollections.dfy:pinned,Map.IntSet (well-formedness),unchanged,False,well-formedness:MapIntSet:0
lit/dafny0/GeneralNewtypeCollections.dfy:pinned,Imap.IntSet (well-formedness),unchanged,False,well-formedness:ImapIntSet:0
lit/dafny0/GeneralNewtypeCollections.dfy:pinned,Decreases.BoundedInt (well-formedness),unchanged,False,well-formedness:DecreasesBoundedInt:0
lit/dafny0/GeneralNewtypeCollectionsGeneric.dfy:pinned,Main (correctness),unchanged,False,correctness:Main:0
lit/dafny0/GeneralNewtypeCollectionsGeneric.dfy:pinned,SeqToMultisetConversion.TestFromSeq (correctness),group,False,correctness:SeqToMultisetConversionTestFromSeq*
lit/dafny0/GeneralNewtypeCollectionsGeneric.dfy:pinned,Frames.CallEm (correctness),unchanged,False,correctness:FramesCallEm:0
lit/dafny0/GeneralNewtypeCollectionsGeneric.dfy:pinned,Imap.Test (correctness),unchanged,False,correctness:ImapTest:0
lit/dafny0/GeneralNewtypeCollectionsGeneric.dfy:pinned,Frames.M (correctness),unchanged,False,correctness:FramesM:0
lit/dafny0/GeneralNewtypeCollectionsGeneric.dfy:pinned,Frames.ObjectSeq (well-formedness),unchanged,False,well-formedness:FramesObjectSeq:0
lit/dafny0/GeneralNewtypeCollectionsGeneric.dfy:pinned,Imap.IntImap (well-formedness),unchanged,False,well-formedness:ImapIntImap:0
lit/dafny0/GeneralNewtypeCollectionsGeneric.dfy:pinned,Frames.P2 (well-formedness),unchanged,False,well-formedness:FramesP2:0
lit/dafny0/GeneralNewtypeCollectionsGeneric.dfy:pinned,Seq.Test (correctness),unchanged,False,correctness:SeqTest:0
lit/dafny0/GeneralNewtypeCollectionsGeneric.dfy:pinned,Map.Test (correctness),unchanged,False,correctness:MapTest:0
lit/dafny0/GeneralNewtypeCollectionsGeneric.dfy:pinned,Imap.TestComprehensions (correctness),content,True,correctness:ImapTestComprehensions:0
lit/dafny0/GeneralNewtypeCollectionsGeneric.dfy:pinned,Map.TestComprehensions (correctness),content,True,correctness:MapTestComprehensions:0
lit/dafny0/GeneralNewtypeCollectionsGeneric.dfy:pinned,SeqToMultisetConversion.TestFromSet (correctness),group,False,correctness:SeqToMultisetConversionTestFromSet*
lit/dafny0/GeneralNewtypeCollectionsGeneric.dfy:pinned,Seq.SubSequences (correctness),unchanged,False,correctness:SeqSubSequences:0
lit/dafny0/GeneralNewtypeCollectionsGeneric.dfy:pinned,Frames.F (well-formedness),unchanged,False,well-formedness:FramesF:0
lit/dafny0/GeneralNewtypeCollectionsGeneric.dfy:pinned,Seq.IntSeq (well-formedness),unchanged,False,well-formedness:SeqIntSeq:0
lit/dafny0/GeneralNewtypeCollectionsGeneric.dfy:pinned,Set.Test (correctness),unchanged,False,correctness:SetTest:0
lit/dafny0/GeneralNewtypeCollectionsGeneric.dfy:pinned,Iset.Test (correctness),unchanged,False,correctness:IsetTest:0
lit/dafny0/GeneralNewtypeCollectionsGeneric.dfy:pinned,Frames.R (well-formedness),unchanged,False,well-formedness:FramesR:0
lit/dafny0/GeneralNewtypeCollectionsGeneric.dfy:pinned,Set.Trait.FFF (well-formedness),unchanged,False,well-formedness:SetTraitFFF:0
lit/dafny0/GeneralNewtypeCollectionsGeneric.dfy:pinned,Multiset.Test (correctness),unchanged,False,correctness:MultisetTest:0
lit/dafny0/GeneralNewtypeCollectionsGeneric.dfy:pinned,Set.IntSet (well-formedness),unchanged,False,well-formedness:SetIntSet:0
lit/dafny0/GeneralNewtypeCollectionsGeneric.dfy:pinned,Decreases.K (correctness),unchanged,False,correctness:DecreasesK:0
lit/dafny0/GeneralNewtypeCollectionsGeneric.dfy:pinned,Decreases.L (correctness),unchanged,False,correctness:DecreasesL:0
lit/dafny0/GeneralNewtypeCollectionsGeneric.dfy:pinned,Map.IntMap (well-formedness),unchanged,False,well-formedness:MapIntMap:0
lit/dafny0/GeneralNewtypeCollectionsGeneric.dfy:pinned,Decreases.L (well-formedness),unchanged,False,well-formedness:DecreasesL:0
lit/dafny0/GeneralNewtypeCollectionsGeneric.dfy:pinned,Set.TestSpecialCase (correctness),unchanged,False,correctness:SetTestSpecialCase:0
lit/dafny0/GeneralNewtypeCollectionsGeneric.dfy:pinned,Frames.ObjectMultiset (well-formedness),unchanged,False,well-formedness:FramesObjectMultiset:0
lit/dafny0/GeneralNewtypeCollectionsGeneric.dfy:pinned,Imap.IntSet (well-formedness),unchanged,False,well-formedness:ImapIntSet:0
lit/dafny0/GeneralNewtypeCollectionsGeneric.dfy:pinned,Frames.ObjectISet (well-formedness),unchanged,False,well-formedness:FramesObjectISet:0
lit/dafny0/GeneralNewtypeCollectionsGeneric.dfy:pinned,Decreases.C (correctness),unchanged,False,correctness:DecreasesC:0
lit/dafny0/GeneralNewtypeCollectionsGeneric.dfy:pinned,SeqToMultisetConversion.XMultiset (well-formedness),group,False,well-formedness:SeqToMultisetConversionXMultis*
lit/dafny0/GeneralNewtypeCollectionsGeneric.dfy:pinned,Decreases.B (correctness),unchanged,False,correctness:DecreasesB:0
lit/dafny0/GeneralNewtypeCollectionsGeneric.dfy:pinned,SeqToMultisetConversion.XSeq (well-formedness),unmapped,,
lit/dafny0/GeneralNewtypeCollectionsGeneric.dfy:pinned,Frames.ObjectSet (well-formedness),unchanged,False,well-formedness:FramesObjectSet:0
lit/dafny0/GeneralNewtypeCollectionsGeneric.dfy:pinned,Multiset.IntMultiset (well-formedness),unchanged,False,well-formedness:MultisetIntMultiset:0
lit/dafny0/GeneralNewtypeCollectionsGeneric.dfy:pinned,Map.IntSet (well-formedness),unchanged,False,well-formedness:MapIntSet:0
lit/dafny0/GeneralNewtypeCollectionsGeneric.dfy:pinned,Decreases.A (correctness),unchanged,False,correctness:DecreasesA:0
lit/dafny0/GeneralNewtypeCollectionsGeneric.dfy:pinned,SeqToMultisetConversion.XSet (well-formedness),unmapped,,
lit/dafny0/GeneralNewtypeCollectionsGeneric.dfy:pinned,Decreases.BoolSet (well-formedness),unchanged,False,well-formedness:DecreasesBoolSet:0
lit/dafny0/GeneralNewtypeCollectionsGeneric.dfy:pinned,Iset.IntIset (well-formedness),unchanged,False,well-formedness:IsetIntIset:0
lit/dafny0/GeneralNewtypeCollectionsGeneric.dfy:pinned,Decreases.BoundedInt (well-formedness),unchanged,False,well-formedness:DecreasesBoundedInt:0
lit/dafny0/GeneralNewtypeCollectionsGeneric.dfy:pinned,Decreases.Test (correctness),unchanged,False,correctness:DecreasesTest:0
lit/dafny0/GeneralNewtypeCollectionsGeneric.dfy:pinned,SeqToMultisetConversion.Test (correctness),unmapped,,
lit/dafny0/GeneralNewtypeMemberCompile.dfy:pinned,Main (correctness),unchanged,False,correctness:Main:0
lit/dafny0/GeneralNewtypeMemberCompile.dfy:pinned,Members.TestFunction (correctness),unchanged,False,correctness:MembersTestFunction:0
lit/dafny0/GeneralNewtypeMemberCompile.dfy:pinned,Members.Test (correctness),unchanged,False,correctness:MembersTest:0
lit/dafny0/GeneralNewtypeMemberCompile.dfy:pinned,Members.Map.Test (correctness),content,True,correctness:MembersMapTest:0
lit/dafny0/GeneralNewtypeMemberCompile.dfy:pinned,Members.BoolBool (well-formedness),unchanged,False,well-formedness:MembersBoolBool:0
lit/dafny0/GeneralNewtypeMemberCompile.dfy:pinned,Members.TestConst (correctness),unchanged,False,correctness:MembersTestConst:0
lit/dafny0/GeneralNewtypeMemberCompile.dfy:pinned,Members.Map.M (correctness),unchanged,False,correctness:MembersMapM:0
lit/dafny0/GeneralNewtypeMemberCompile.dfy:pinned,Members.Bv.M (correctness),unchanged,False,correctness:MembersBvM:0
lit/dafny0/GeneralNewtypeMemberCompile.dfy:pinned,Members.Bv.M (well-formedness),unchanged,False,well-formedness:MembersBvM:0
lit/dafny0/GeneralNewtypeMemberCompile.dfy:pinned,Members.BoolBool.G (well-formedness),unchanged,False,well-formedness:MembersBoolBoolG:0
lit/dafny0/GeneralNewtypeMemberCompile.dfy:pinned,Members.TestBoolBool (correctness),unchanged,False,correctness:MembersTestBoolBool:0
lit/dafny0/GeneralNewtypeMemberCompile.dfy:pinned,Members.Real.M (correctness),unchanged,False,correctness:MembersRealM:0
lit/dafny0/GeneralNewtypeMemberCompile.dfy:pinned,Members.TooReal (well-formedness),unchanged,False,well-formedness:MembersTooReal:0
lit/dafny0/GeneralNewtypeMemberCompile.dfy:pinned,Members.TooReal.M (correctness),unchanged,False,correctness:MembersTooRealM:0
lit/dafny0/GeneralNewtypeMemberCompile.dfy:pinned,Members.Bv (well-formedness),unchanged,False,well-formedness:MembersBv:0
lit/dafny0/GeneralNewtypeVerify.dfy:pinned,Bitvectors.Operations (correctness),unchanged,False,correctness:BitvectorsOperations:0
lit/dafny0/GeneralNewtypeVerify.dfy:pinned,EmptyBool.M0 (correctness),unchanged,False,correctness:EmptyBoolM0:0
lit/dafny0/GeneralNewtypeVerify.dfy:pinned,StringLiterals.BadCharacters (correctness),unchanged,False,correctness:StringLiteralsBadCharacters:0
lit/dafny0/GeneralNewtypeVerify.dfy:pinned,EmptyBool.AnyBool (well-formedness),unchanged,False,well-formedness:EmptyBoolAnyBool:0
lit/dafny0/GeneralNewtypeVerify.dfy:pinned,StringLiterals.BadStringLength (correctness),unchanged,False,correctness:StringLiteralsBadStringLength:0
lit/dafny0/GeneralNewtypeVerify.dfy:pinned,Bitvectors.TestsAndConversions (correctness),unchanged,False,correctness:BitvectorsTestsAndConversions:0
lit/dafny0/GeneralNewtypeVerify.dfy:pinned,Bitvectors.Shift (correctness),unchanged,False,correctness:BitvectorsShift:0
lit/dafny0/GeneralNewtypeVerify.dfy:pinned,Bitvectors.Rotate (correctness),reordered,False,correctness:BitvectorsRotate:0
lit/dafny0/GeneralNewtypeVerify.dfy:pinned,TrueBoolModule.IntermediateExpressions4 (correctness),unmapped,,
lit/dafny0/GeneralNewtypeVerify.dfy:pinned,TrueBoolModule.IntermediateExpressions3 (correctness),unmapped,,
lit/dafny0/GeneralNewtypeVerify.dfy:pinned,Bitvectors.BvZero (correctness),unchanged,False,correctness:BitvectorsBvZero:0
lit/dafny0/GeneralNewtypeVerify.dfy:pinned,Chars.TestCharSubset (correctness),unchanged,False,correctness:CharsTestCharSubset:0
lit/dafny0/GeneralNewtypeVerify.dfy:pinned,Chars.TestCharNewtype (correctness),unchanged,False,correctness:CharsTestCharNewtype:0
lit/dafny0/GeneralNewtypeVerify.dfy:pinned,TrueBoolModule.IntermediateExpressions1 (correctness),unmapped,,
lit/dafny0/GeneralNewtypeVerify.dfy:pinned,StringLiterals.BadVerbatim (correctness),unchanged,False,correctness:StringLiteralsBadVerbatim:0
lit/dafny0/GeneralNewtypeVerify.dfy:pinned,TrueBoolModule.IntermediateExpressions2 (correctness),unmapped,,
lit/dafny0/GeneralNewtypeVerify.dfy:pinned,StringLiterals.BadChar (correctness),unchanged,False,correctness:StringLiteralsBadChar:0
lit/dafny0/GeneralNewtypeVerify.dfy:pinned,SimpleNewtypeWitness.G (well-formedness),unchanged,False,well-formedness:SimpleNewtypeWitnessG:0
lit/dafny0/GeneralNewtypeVerify.dfy:pinned,Char.MyString (correctness),unchanged,False,correctness:CharMyString:0
lit/dafny0/GeneralNewtypeVerify.dfy:pinned,Chars.Subset (well-formedness),unchanged,False,well-formedness:CharsSubset:0
lit/dafny0/GeneralNewtypeVerify.dfy:pinned,NewtypesAreDistinctFromBaseType.P (correctness),unchanged,False,correctness:NewtypesAreDistinctFromBaseTypeP:0
lit/dafny0/GeneralNewtypeVerify.dfy:pinned,SimpleNewtypeWitness.E (well-formedness),unchanged,False,well-formedness:SimpleNewtypeWitnessE:0
lit/dafny0/GeneralNewtypeVerify.dfy:pinned,Bitvectors.IntermediateExpressions (correctness),unchanged,False,correctness:BitvectorsIntermediateExpressions:0
lit/dafny0/GeneralNewtypeVerify.dfy:pinned,TrueBoolModule.M (correctness),unchanged,False,correctness:TrueBoolModuleM:0
lit/dafny0/GeneralNewtypeVerify.dfy:pinned,Chars.Conversions (correctness),unchanged,False,correctness:CharsConversions:0
lit/dafny0/GeneralNewtypeVerify.dfy:pinned,Bitvectors.Big (well-formedness),unchanged,False,well-formedness:BitvectorsBig:0
lit/dafny0/GeneralNewtypeVerify.dfy:pinned,EmptyBool.Test (correctness),unchanged,False,correctness:EmptyBoolTest:0
lit/dafny0/GeneralNewtypeVerify.dfy:pinned,TrueBoolModule.IntermediateExpressions0 (correctness),unmapped,,
lit/dafny0/GeneralNewtypeVerify.dfy:pinned,NewtypesAreDistinctFromBaseType.M (correctness),unchanged,False,correctness:NewtypesAreDistinctFromBaseTypeM:0
lit/dafny0/GeneralNewtypeVerify.dfy:pinned,TrueBoolModule.Literals (correctness),unchanged,False,correctness:TrueBoolModuleLiterals:0
lit/dafny0/GeneralNewtypeVerify.dfy:pinned,EmptyBool.NonStop (correctness),unchanged,False,correctness:EmptyBoolNonStop:0
lit/dafny0/GeneralNewtypeVerify.dfy:pinned,BaseTypeConstraintHelpsWellformednessNewtype.NotWellformed (well-formedness),group,False,well-formedness:BaseTypeConstraintHelpsWellformednessNewtypeNo*
lit/dafny0/GeneralNewtypeVerify.dfy:pinned,BaseTypeConstraintHelpsWellformednessSubsetType.NotWellformed (well-formedness),group,False,well-formedness:BaseTypeConstraintHelpsWellformednessSubsetType*
lit/dafny0/GeneralNewtypeVerify.dfy:pinned,AutoInitValueSubsetType.Impossible (well-formedness),unchanged,False,well-formedness:AutoInitValueSubsetTypeImpossible:0
lit/dafny0/GeneralNewtypeVerify.dfy:pinned,EmptyBool.Recursive (correctness),unchanged,False,correctness:EmptyBoolRecursive:0
lit/dafny0/GeneralNewtypeVerify.dfy:pinned,EmptyBool.Stops (correctness),unchanged,False,correctness:EmptyBoolStops:0
lit/dafny0/GeneralNewtypeVerify.dfy:pinned,EmptyBool.M1 (correctness),unchanged,False,correctness:EmptyBoolM1:0
lit/dafny0/GeneralNewtypeVerify.dfy:pinned,AutoInitValueNewtype.Impossible (well-formedness),unchanged,False,well-formedness:AutoInitValueNewtypeImpossible:0
lit/dafny0/GeneralNewtypeVerify.dfy:pinned,SimpleNewtypeWitness.H (well-formedness),unchanged,False,well-formedness:SimpleNewtypeWitnessH:0
lit/dafny0/GeneralNewtypeVerify.dfy:pinned,AutoInitValueNewtypeWithoutVar.Impossible (well-formedness),unmapped,,
lit/dafny0/GeneralNewtypeVerify.dfy:pinned,ExpandToTypeParameterWithoutWitness.A (well-formedness),unmapped,,
lit/dafny0/GeneralNewtypeVerify.dfy:pinned,SimpleNewtypeWitness.C (well-formedness),unchanged,False,well-formedness:SimpleNewtypeWitnessC:0
lit/dafny0/GeneralNewtypeVerify.dfy:pinned,Bitvectors.GhostBits (well-formedness),unchanged,False,well-formedness:BitvectorsGhostBits:0
lit/dafny0/GeneralNewtypeVerify.dfy:pinned,ExpandToTypeParameterWithoutWitness.B (well-formedness),unmapped,,
lit/dafny0/GeneralNewtypeVerify.dfy:pinned,TypeParametersForNewtype.Test (correctness),unchanged,False,correctness:TypeParametersForNewtypeTest:0
lit/dafny0/GeneralNewtypeVerify.dfy:pinned,TypeParametersForSubsetType.Test (correctness),unchanged,False,correctness:TypeParametersForSubsetTypeTest:0
lit/dafny0/GeneralNewtypeVerify.dfy:pinned,AutoInitValueSubsetType.Test (correctness),unchanged,False,correctness:AutoInitValueSubsetTypeTest:0
lit/dafny0/GeneralNewtypeVerify.dfy:pinned,Char.Comparisons (correctness),unchanged,False,correctness:CharComparisons:0
lit/dafny0/GeneralNewtypeVerify.dfy:pinned,TypeParametersForTypeSynonym.Test (correctness),unchanged,False,correctness:TypeParametersForTypeSynonymTest:0
lit/dafny0/GeneralNewtypeVerify.dfy:pinned,BaseTypeConstraintHelpsWellformednessSubsetType.Okay (well-formedness),group,False,well-formedness:BaseTypeConstraintHelpsWellformednessSubsetType*
lit/dafny0/GeneralNewtypeVerify.dfy:pinned,StringLiterals.MyString (well-formedness),unchanged,False,well-formedness:StringLiteralsMyString:0
lit/dafny0/GeneralNewtypeVerify.dfy:pinned,TrueBoolModule.Test (correctness),unchanged,False,correctness:TrueBoolModuleTest:0
lit/dafny0/GeneralNewtypeVerify.dfy:pinned,EmptyBool.AllCases (correctness),unchanged,False,correctness:EmptyBoolAllCases:0
lit/dafny0/GeneralNewtypeVerify.dfy:pinned,Bitvectors.BV (well-formedness),unchanged,False,well-formedness:BitvectorsBV:0
lit/dafny0/GeneralNewtypeVerify.dfy:pinned,BaseTypeConstraintHelpsWellformednessNewtype.Okay (well-formedness),group,False,well-formedness:BaseTypeConstraintHelpsWellformednessNewtypeOk*
lit/dafny0/GeneralNewtypeVerify.dfy:pinned,Char.UpperCase (well-formedness),unchanged,False,well-formedness:CharUpperCase:0
lit/dafny0/GeneralNewtypeVerify.dfy:pinned,StringLiterals.MyChar (well-formedness),unchanged,False,well-formedness:StringLiteralsMyChar:0
lit/dafny0/GeneralNewtypeVerify.dfy:pinned,StringLiterals.LowerCase (well-formedness),unchanged,False,well-formedness:StringLiteralsLowerCase:0
lit/dafny0/GeneralNewtypeVerify.dfy:pinned,Bitvectors.int32 (well-formedness),unchanged,False,well-formedness:Bitvectorsint32:0
lit/dafny0/GeneralNewtypeVerify.dfy:pinned,Chars.MyChar (well-formedness),unchanged,False,well-formedness:CharsMyChar:0
lit/dafny0/GeneralNewtypeVerify.dfy:pinned,Chars.NotRNewtype (well-formedness),unchanged,False,well-formedness:CharsNotRNewtype:0
lit/dafny0/GeneralNewtypeVerify.dfy:pinned,Chars.NotRSubset (well-formedness),unchanged,False,well-formedness:CharsNotRSubset:0
lit/dafny0/GeneralNewtypeVerify.dfy:pinned,BaseTypeConstraintHelpsWellformednessNewtype.P (well-formedness),group,False,well-formedness:BaseTypeConstraintHelpsWellformednessNewtype*
lit/dafny0/GeneralNewtypeVerify.dfy:pinned,AutoInitValueNewtype.Test (correctness),unchanged,False,correctness:AutoInitValueNewtypeTest:0
lit/dafny0/GeneralNewtypeVerify.dfy:pinned,SimpleNewtypeWitness.B (well-formedness),unchanged,False,well-formedness:SimpleNewtypeWitnessB:0
lit/dafny0/GeneralNewtypeVerify.dfy:pinned,NewtypesAreDistinctFromBaseType.AnotherBool (well-formedness),group,False,well-formedness:NewtypesAreDistinctFromBaseTypeAnotherBool*
lit/dafny0/GeneralNewtypeVerify.dfy:pinned,SimpleNewtypeWitness.A (well-formedness),unchanged,False,well-formedness:SimpleNewtypeWitnessA:0
lit/dafny0/GeneralNewtypeVerify.dfy:pinned,TrueBoolModule.Recursive (correctness),unchanged,False,correctness:TrueBoolModuleRecursive:0
lit/dafny0/GeneralNewtypeVerify.dfy:pinned,TrueBoolModule.TrueBool (well-formedness),unchanged,False,well-formedness:TrueBoolModuleTrueBool:0
lit/dafny0/GeneralNewtypeVerify.dfy:pinned,AutoInitValueNewtypeWithoutVar.Test (correctness),unchanged,False,correctness:AutoInitValueNewtypeWithoutVarTest:0
lit/dafny0/GeneralNewtypeVerify.dfy:pinned,Bitvectors.Subset (well-formedness),unchanged,False,well-formedness:BitvectorsSubset:0
lit/dafny0/GeneralNewtypeVerify.dfy:pinned,NewtypesAreDistinctFromBaseType.JustASubsetType (well-formedness),group,False,well-formedness:NewtypesAreDistinctFromBaseTypeJustASubsetType*
lit/dafny0/GeneralNewtypeVerify.dfy:pinned,TrueBoolModule.FalseBool (well-formedness),unchanged,False,well-formedness:TrueBoolModuleFalseBool:0
lit/dafny0/GeneralNewtypeVerify.dfy:pinned,SimpleNewtypeWitness.D (well-formedness),unchanged,False,well-formedness:SimpleNewtypeWitnessD:0
lit/dafny0/GeneralNewtypeVerify.dfy:pinned,NewtypesAreDistinctFromBaseType.TrueAsCanBe (well-formedness),group,False,well-formedness:NewtypesAreDistinctFromBaseTypeTrueAsCanBe*
lit/dafny0/IMaps.dfy:refresh,m8 (correctness),content,True,correctness:m8:0
lit/dafny0/IMaps.dfy:refresh,m (correctness),content,True,correctness:m:0
lit/dafny0/IMaps.dfy:refresh,M (correctness),unchanged,False,correctness:M:0
lit/dafny0/IMaps.dfy:refresh,m4 (correctness),content,True,correctness:m4:0
lit/dafny0/IMaps.dfy:refresh,m2 (correctness),unchanged,False,correctness:m2:0
lit/dafny0/IMaps.dfy:refresh,m12 (correctness),content,True,correctness:m12:0
lit/dafny0/IMaps.dfy:refresh,m7 (correctness),unchanged,False,correctness:m7:0
lit/dafny0/IMaps.dfy:refresh,m15 (correctness),content,True,correctness:m15:0
lit/dafny0/IMaps.dfy:refresh,Update (well-formedness),content,True,well-formedness:Update:0
lit/dafny0/IMaps.dfy:refresh,m13 (correctness),content,True,correctness:m13:0
lit/dafny0/IMaps.dfy:refresh,minf (correctness),content,True,correctness:minf:0
lit/dafny0/IMaps.dfy:refresh,m3 (correctness),unchanged,False,correctness:m3:0
lit/dafny0/IMaps.dfy:refresh,m2 (well-formedness),unchanged,False,well-formedness:m2:0
lit/dafny0/IMaps.dfy:refresh,m5 (correctness),unchanged,False,correctness:m5:0
lit/dafny0/IMaps.dfy:refresh,m3 (well-formedness),unchanged,False,well-formedness:m3:0
lit/dafny0/ISets.dfy:refresh,m1 (correctness),content,True,correctness:m1:0
lit/dafny0/ISets.dfy:refresh,M (correctness),unchanged,False,correctness:M:0
lit/dafny0/Maps.dfy:refresh,Main (correctness),unchanged,False,correctness:Main:0
lit/dafny0/Maps.dfy:refresh,m (correctness),unchanged,False,correctness:m:0
lit/dafny0/Maps.dfy:refresh,FailingIMapOperations (correctness),unchanged,False,correctness:FailingIMapOperations:0
lit/dafny0/Maps.dfy:refresh,m4 (correctness),unchanged,False,correctness:m4:0
lit/dafny0/Maps.dfy:refresh,FailingMapOperations (correctness),unchanged,False,correctness:FailingMapOperations:0
lit/dafny0/Maps.dfy:refresh,GeneralMaps2 (correctness),content,True,correctness:GeneralMaps2:0
lit/dafny0/Maps.dfy:refresh,m14 (correctness),content,True,correctness:m14:0
lit/dafny0/Maps.dfy:refresh,IMapCommonUseCase0 (correctness),unchanged,False,correctness:IMapCommonUseCase0:0
lit/dafny0/Maps.dfy:refresh,GeneralMaps3 (correctness),content,True,correctness:GeneralMaps3:0
lit/dafny0/Maps.dfy:refresh,CommonUseCase2 (correctness),unchanged,False,correctness:CommonUseCase2:0
lit/dafny0/Maps.dfy:refresh,IMapCommonUseCase1 (correctness),unchanged,False,correctness:IMapCommonUseCase1:0
lit/dafny0/Maps.dfy:refresh,UpdateValiditySeqNull (correctness),unchanged,False,correctness:UpdateValiditySeqNull:0
lit/dafny0/Maps.dfy:refresh,CommonUseCase1 (correctness),unchanged,False,correctness:CommonUseCase1:0
lit/dafny0/Maps.dfy:refresh,GeneralMaps1 (correctness),content,True,correctness:GeneralMaps1:0
lit/dafny0/Maps.dfy:refresh,GeneralMaps4 (correctness),content,True,correctness:GeneralMaps4:0
lit/dafny0/Maps.dfy:refresh,GeneralMaps5 (correctness),content,True,correctness:GeneralMaps5:0
lit/dafny0/Maps.dfy:refresh,m3 (correctness),unchanged,False,correctness:m3:0
lit/dafny0/Maps.dfy:refresh,UpdateValidityMap (correctness),unchanged,False,correctness:UpdateValidityMap:0
lit/dafny0/Maps.dfy:refresh,GeneralMaps6 (correctness),content,True,correctness:GeneralMaps6:0
lit/dafny0/Maps.dfy:refresh,union (well-formedness),content,True,well-formedness:union:0
lit/dafny0/Maps.dfy:refresh,UpdateValidityMapNull (correctness),unchanged,False,correctness:UpdateValidityMapNull:0
lit/dafny0/Maps.dfy:refresh,TestIMapSubtraction (correctness),unchanged,False,correctness:TestIMapSubtraction:0
lit/dafny0/Maps.dfy:refresh,TestMapPropertyCardinality1 (correctness),unchanged,False,correctness:TestMapPropertyCardinality1:0
lit/dafny0/Maps.dfy:refresh,TestMapPropertyCardinality2 (correctness),unchanged,False,correctness:TestMapPropertyCardinality2:0
lit/dafny0/Maps.dfy:refresh,GeneralMaps0 (correctness),content,True,correctness:GeneralMaps0:0
lit/dafny0/Maps.dfy:refresh,m6 (correctness),unchanged,False,correctness:m6:0
lit/dafny0/Maps.dfy:refresh,m15 (correctness),content,True,correctness:m15:0
lit/dafny0/Maps.dfy:refresh,IMapCommonUseCase2 (correctness),unchanged,False,correctness:IMapCommonUseCase2:0
lit/dafny0/Maps.dfy:refresh,m8 (correctness),unchanged,False,correctness:m8:0
lit/dafny0/Maps.dfy:refresh,GeneralMaps7 (correctness),content,True,correctness:GeneralMaps7:0
lit/dafny0/Maps.dfy:refresh,CommonUseCase0 (correctness),unchanged,False,correctness:CommonUseCase0:0
lit/dafny0/Maps.dfy:refresh,TestMapPropertyNonempty (correctness),unchanged,False,correctness:TestMapPropertyNonempty:0
lit/dafny0/Maps.dfy:refresh,UpdateValiditySeq (correctness),unchanged,False,correctness:UpdateValiditySeq:0
lit/dafny0/Maps.dfy:refresh,m9 (correctness),unchanged,False,correctness:m9:0
lit/dafny0/Maps.dfy:refresh,TestMapPropertyMembership0 (correctness),unchanged,False,correctness:TestMapPropertyMembership0:0
lit/dafny0/Maps.dfy:refresh,TestIMapPropertyMembership2 (correctness),unchanged,False,correctness:TestIMapPropertyMembership2:0
lit/dafny0/Maps.dfy:refresh,UpdateValidityMultisetNull (correctness),unchanged,False,correctness:UpdateValidityMultisetNull:0
lit/dafny0/Maps.dfy:refresh,TestIMapUnion (correctness),unchanged,False,correctness:TestIMapUnion:0
lit/dafny0/Maps.dfy:refresh,m12 (correctness),content,True,correctness:m12:0
lit/dafny0/Maps.dfy:refresh,m13 (correctness),content,True,correctness:m13:0
lit/dafny0/Maps.dfy:refresh,TestMapPropertyCardinality3 (correctness),unchanged,False,correctness:TestMapPropertyCardinality3:0
lit/dafny0/Maps.dfy:refresh,UpdateValidityMultiset (correctness),unchanged,False,correctness:UpdateValidityMultiset:0
lit/dafny0/Maps.dfy:refresh,m7 (correctness),unchanged,False,correctness:m7:0
lit/dafny0/Maps.dfy:refresh,TestMapUnion (correctness),unchanged,False,correctness:TestMapUnion:0
lit/dafny0/Maps.dfy:refresh,TestIMapPropertyNonempty (correctness),unchanged,False,correctness:TestIMapPropertyNonempty:0
lit/dafny0/Maps.dfy:refresh,GeneralMaps8'' (correctness),content,True,correctness:GeneralMaps8kk:0
lit/dafny0/Maps.dfy:refresh,TestIMapPropertyMembership3 (correctness),unchanged,False,correctness:TestIMapPropertyMembership3:0
lit/dafny0/Maps.dfy:refresh,GeneralMaps8' (correctness),content,True,correctness:GeneralMaps8k:0
lit/dafny0/Maps.dfy:refresh,GeneralMaps8 (correctness),content,True,correctness:GeneralMaps8:0
lit/dafny0/Maps.dfy:refresh,TestMapPropertyMembership2 (correctness),unchanged,False,correctness:TestMapPropertyMembership2:0
lit/dafny0/Maps.dfy:refresh,domain (well-formedness),unchanged,False,well-formedness:domain:0
lit/dafny0/Maps.dfy:refresh,TestMapPropertyMembership3 (correctness),unchanged,False,correctness:TestMapPropertyMembership3:0
lit/dafny0/Maps.dfy:refresh,TestIMapPropertyMembership0 (correctness),unchanged,False,correctness:TestIMapPropertyMembership0:0
lit/dafny0/Maps.dfy:refresh,m10 (correctness),unchanged,False,correctness:m10:0
lit/dafny0/Maps.dfy:refresh,TestIMapPropertyMembership1 (correctness),unchanged,False,correctness:TestIMapPropertyMembership1:0
lit/dafny0/Maps.dfy:refresh,TestMapPropertyMembership1 (correctness),unchanged,False,correctness:TestMapPropertyMembership1:0
lit/dafny0/Maps.dfy:refresh,m2 (correctness),unchanged,False,correctness:m2:0
lit/dafny0/Maps.dfy:refresh,m5 (correctness),unchanged,False,correctness:m5:0
lit/dafny0/Maps.dfy:refresh,TestMapPropertyCardinality0 (correctness),unchanged,False,correctness:TestMapPropertyCardinality0:0
lit/dafny0/Maps.dfy:refresh,UpdateValidityMap (well-formedness),unchanged,False,well-formedness:UpdateValidityMap:0
lit/dafny0/Maps.dfy:refresh,UnboxTest (well-formedness),content,True,well-formedness:UnboxTest:0
lit/dafny0/Maps.dfy:refresh,TestMapSubtraction (correctness),unchanged,False,correctness:TestMapSubtraction:0
lit/dafny0/Maps.dfy:refresh,m3 (well-formedness),unchanged,False,well-formedness:m3:0
lit/dafny0/Maps.dfy:refresh,m2 (well-formedness),unchanged,False,well-formedness:m2:0
lit/dafny0/Maps.dfy:refresh,UpdateValidityMapNull (well-formedness),unchanged,False,well-formedness:UpdateValidityMapNull:0
lit/dafny0/Maps.dfy:refresh,m11 (correctness),unchanged,False,correctness:m11:0
lit/dafny0/Maps.dfy:refresh,Odd (well-formedness),unchanged,False,well-formedness:Odd:0
lit/dafny0/TypeAdjustments.dfy:pinned,M0 (correctness),unchanged,False,correctness:M0:0
lit/dafny0/TypeAdjustments.dfy:pinned,BinaryExpressions.BadPlusOther0 (correctness),unchanged,False,correctness:BinaryExpressionsBadPlusOther0:0
lit/dafny0/TypeAdjustments.dfy:pinned,Even (well-formedness),unchanged,False,well-formedness:Even:0
lit/dafny0/TypeAdjustments.dfy:pinned,Comprehensions.Maps1 (correctness),content,True,correctness:ComprehensionsMaps1:0
lit/dafny0/TypeAdjustments.dfy:pinned,BinaryExpressions.BadPlusOther1 (correctness),unchanged,False,correctness:BinaryExpressionsBadPlusOther1:0
lit/dafny0/TypeAdjustments.dfy:pinned,BinaryExpressions.BadMinusOther (correctness),unchanged,False,correctness:BinaryExpressionsBadMinusOther:0
lit/dafny0/TypeAdjustments.dfy:pinned,Arrows.TestGeneralArrow (correctness),unchanged,False,correctness:ArrowsTestGeneralArrow:0
lit/dafny0/TypeAdjustments.dfy:pinned,TypeParameters.M (correctness),unchanged,False,correctness:TypeParametersM:0
lit/dafny0/TypeAdjustments.dfy:pinned,BinaryExpressions.BadPlusSets1 (correctness),unchanged,False,correctness:BinaryExpressionsBadPlusSets1:0
lit/dafny0/TypeAdjustments.dfy:pinned,BinaryExpressions.BadPlusSets0 (correctness),unchanged,False,correctness:BinaryExpressionsBadPlusSets0:0
lit/dafny0/TypeAdjustments.dfy:pinned,Arrows.TestPartialArrow (correctness),unchanged,False,correctness:ArrowsTestPartialArrow:0
lit/dafny0/TypeAdjustments.dfy:pinned,TypeParameters.F (correctness),unchanged,False,correctness:TypeParametersF:0
lit/dafny0/TypeAdjustments.dfy:pinned,BinaryExpressions.Minus (correctness),unchanged,False,correctness:BinaryExpressionsMinus:0
lit/dafny0/TypeAdjustments.dfy:pinned,M8 (correctness),unchanged,False,correctness:M8:0
lit/dafny0/TypeAdjustments.dfy:pinned,BinaryExpressions.Plus (correctness),unchanged,False,correctness:BinaryExpressionsPlus:0
lit/dafny0/TypeAdjustments.dfy:pinned,M7 (correctness),unchanged,False,correctness:M7:0
lit/dafny0/TypeAdjustments.dfy:pinned,BinaryExpressions.BadTimes1 (correctness),unchanged,False,correctness:BinaryExpressionsBadTimes1:0
lit/dafny0/TypeAdjustments.dfy:pinned,Comprehensions.Sets (correctness),unchanged,False,correctness:ComprehensionsSets:0
lit/dafny0/TypeAdjustments.dfy:pinned,BinaryExpressions.BadMinusSets1 (correctness),unchanged,False,correctness:BinaryExpressionsBadMinusSets1:0
lit/dafny0/TypeAdjustments.dfy:pinned,BinaryExpressions.BadTimes0 (correctness),unchanged,False,correctness:BinaryExpressionsBadTimes0:0
lit/dafny0/TypeAdjustments.dfy:pinned,M9 (correctness),unchanged,False,correctness:M9:0
lit/dafny0/TypeAdjustments.dfy:pinned,MoreTrickySubsetType.Nat (well-formedness),unchanged,False,well-formedness:MoreTrickySubsetTypeNat:0
lit/dafny0/TypeAdjustments.dfy:pinned,M2 (correctness),unchanged,False,correctness:M2:0
lit/dafny0/TypeAdjustments.dfy:pinned,M5 (correctness),unchanged,False,correctness:M5:0
lit/dafny0/TypeAdjustments.dfy:pinned,M3 (correctness),unchanged,False,correctness:M3:0
lit/dafny0/TypeAdjustments.dfy:pinned,M6 (correctness),unchanged,False,correctness:M6:0
lit/dafny0/TypeAdjustments.dfy:pinned,BinaryExpressions.Times (correctness),unchanged,False,correctness:BinaryExpressionsTimes:0
lit/dafny0/TypeAdjustments.dfy:pinned,M4 (correctness),unchanged,False,correctness:M4:0
lit/dafny0/TypeAdjustments.dfy:pinned,M1 (correctness),unchanged,False,correctness:M1:0
lit/dafny0/TypeAdjustments.dfy:pinned,Arrows.TestTotalArrow (correctness),unchanged,False,correctness:ArrowsTestTotalArrow:0
lit/dafny0/TypeAdjustments.dfy:pinned,BinaryExpressions.BadMinusSets0 (correctness),unchanged,False,correctness:BinaryExpressionsBadMinusSets0:0
lit/dafny0/TypeAdjustments.dfy:pinned,Comprehensions.Maps0 (correctness),content,True,correctness:ComprehensionsMaps0:0
lit/dafny0/TypeAdjustments.dfy:pinned,CellX.M (correctness),unchanged,False,correctness:CellXM:0
lit/dafny0/TypeAdjustments.dfy:pinned,TypeParameters.Tuples (correctness),unchanged,False,correctness:TypeParametersTuples:0
lit/dafny0/TypeAdjustments.dfy:pinned,M3 (well-formedness),unchanged,False,well-formedness:M3:0
lit/dafny0/TypeAdjustments.dfy:pinned,CellX._ctor (correctness),unchanged,False,correctness:CellXctor:0
lit/dafny0/TypeAdjustments.dfy:pinned,Cell.F (well-formedness),unchanged,False,well-formedness:CellF:0
lit/dafny0/TypeAdjustments.dfy:pinned,TrickyProvides1.BBB.Empty (well-formedness),unchanged,False,well-formedness:TrickyProvides1BBBEmpty:0
lit/dafny0/TypeAdjustments.dfy:pinned,Let.XYZ (correctness),unchanged,False,correctness:LetXYZ:0
lit/dafny0/TypeAdjustments.dfy:pinned,TrickyProvides0.BBB.Empty (well-formedness),unchanged,False,well-formedness:TrickyProvides0BBBEmpty:0
lit/dafny0/TypeAdjustments.dfy:pinned,TypeParameters.MFitToAnything (correctness),unchanged,False,correctness:TypeParametersMFitToAnything:0
lit/dafny0/TypeConversions.dfy:refresh,SmallReal (well-formedness),unchanged,False,well-formedness:SmallReal:0
lit/dafny0/TypeConversions.dfy:refresh,EvenInt (well-formedness),unchanged,False,well-formedness:EvenInt:0
lit/dafny0/TypeConversions.dfy:refresh,M0 (correctness),unchanged,False,correctness:M0:0
lit/dafny0/TypeConversions.dfy:refresh,M4 (correctness),unchanged,False,correctness:M4:0
lit/dafny0/TypeConversions.dfy:refresh,M2 (correctness),unchanged,False,correctness:M2:0
lit/dafny0/TypeConversions.dfy:refresh,M1 (correctness),reordered,False,correctness:M1:0
lit/dafny0/TypeConversions.dfy:refresh,M2' (correctness),unchanged,False,correctness:M2k:0
lit/dafny0/TypeConversions.dfy:refresh,M5 (correctness),unchanged,False,correctness:M5:0
lit/dafny0/TypeConversions.dfy:refresh,M3 (correctness),reordered,False,correctness:M3:0
lit/dafny0/TypeConversions.dfy:refresh,ClassSubset (well-formedness),unchanged,False,well-formedness:ClassSubset:0
lit/dafny0/TypeInferenceRefresh.dfy:pinned,CallF0 (correctness),unchanged,False,correctness:CallF0:0
lit/dafny0/TypeInferenceRefresh.dfy:pinned,CallF1 (correctness),unchanged,False,correctness:CallF1:0
lit/dafny0/TypeInferenceRefresh.dfy:pinned,Frames.F (well-formedness),unchanged,False,well-formedness:FramesF:0
lit/dafny0/TypeInferenceRefresh.dfy:pinned,Frames.M (correctness),unchanged,False,correctness:FramesM:0
lit/dafny0/TypeInferenceRefresh.dfy:pinned,TypeInferenceImprovements.PrincipalsFromContexts (well-formedness),group,False,well-formedness:TypeInferenceImprovementsPrincipalsF*
lit/dafny0/TypeInferenceRefresh.dfy:pinned,TypeInferenceImprovements.PrincipalsFromContexts (correctness),group,False,correctness:TypeInferenceImprovementsPrincipalsFromContexts*
lit/dafny0/TypeInferenceRefresh.dfy:pinned,Qf (well-formedness),unchanged,False,well-formedness:Qf:0
lit/dafny0/TypeInferenceRefresh.dfy:pinned,FunctionApplications.NewArrayInit (correctness),unchanged,False,correctness:FunctionApplicationsNewArrayInit:0
lit/dafny0/TypeInferenceRefresh.dfy:pinned,Variance.ArrowCovariance (correctness),unchanged,False,correctness:VarianceArrowCovariance:0
lit/dafny0/TypeInferenceRefresh.dfy:pinned,ConstWithValueOfSubsetType.ForEach (correctness),unchanged,False,correctness:ConstWithValueOfSubsetTypeForEach:0
lit/dafny0/TypeInferenceRefresh.dfy:pinned,UnaryMinus.Same (well-formedness),unchanged,False,well-formedness:UnaryMinusSame:0
lit/dafny0/TypeInferenceRefresh.dfy:pinned,SUpdate (correctness),unchanged,False,correctness:SUpdate:0
lit/dafny0/TypeInferenceRefresh.dfy:pinned,Variance.CollectionVariance (correctness),unchanged,False,correctness:VarianceCollectionVariance:0
lit/dafny0/TypeInferenceRefresh.dfy:pinned,ForallStmt.AggregateAssignment (correctness),unchanged,False,correctness:ForallStmtAggregateAssignment:0
lit/dafny0/TypeInferenceRefresh.dfy:pinned,TooBigDiv (correctness),unchanged,False,correctness:TooBigDiv:0
lit/dafny0/TypeInferenceRefresh.dfy:pinned,ForallStmt.AggregateAssignment (well-formedness),unmapped,,
lit/dafny0/TypeInferenceRefresh.dfy:pinned,A.M0 (correctness),unchanged,False,correctness:AM0:0
lit/dafny0/TypeInferenceRefresh.dfy:pinned,ForallStmt.AllAssociative (correctness),unchanged,False,correctness:ForallStmtAllAssociative:0
lit/dafny0/TypeInferenceRefresh.dfy:pinned,CreateLambdaAndSequence (correctness),unchanged,False,correctness:CreateLambdaAndSequence:0
lit/dafny0/TypeInferenceRefresh.dfy:pinned,Frames.U (well-formedness),unchanged,False,well-formedness:FramesU:0
lit/dafny0/TypeInferenceRefresh.dfy:pinned,ConstWithValueOfSubsetType.M (correctness),unchanged,False,correctness:ConstWithValueOfSubsetTypeM:0
lit/dafny0/TypeInferenceRefresh.dfy:pinned,ForallStmt.AllAssociative (well-formedness),unchanged,False,well-formedness:ForallStmtAllAssociative:0
lit/dafny0/TypeInferenceRefresh.dfy:pinned,RangeSelectExpr.SimpleTest (correctness),unchanged,False,correctness:RangeSelectExprSimpleTest:0
lit/dafny0/TypeInferenceRefresh.dfy:pinned,ForallStmt.Associative (correctness),unchanged,False,correctness:ForallStmtAssociative:0
lit/dafny0/TypeInferenceRefresh.dfy:pinned,Frames.U (correctness),unchanged,False,correctness:FramesU:0
lit/dafny0/TypeInferenceRefresh.dfy:pinned,A.M1 (correctness),unchanged,False,correctness:AM1:0
lit/dafny0/TypeInferenceRefresh.dfy:pinned,MultiDimArray (well-formedness),unchanged,False,well-formedness:MultiDimArray:0
lit/dafny0/TypeInferenceRefresh.dfy:pinned,CollectionUpdates.Q (correctness),unchanged,False,correctness:CollectionUpdatesQ:0
lit/dafny0/TypeInferenceRefresh.dfy:pinned,CollectionUpdates.P (correctness),unchanged,False,correctness:CollectionUpdatesP:0
lit/dafny0/TypeInferenceRefresh.dfy:pinned,LittleArray (correctness),unchanged,False,correctness:LittleArray:0
lit/dafny0/TypeInferenceRefresh.dfy:pinned,PartiallySolveBeforeFindingNames.GetIt (well-formedness),group,False,well-formedness:PartiallySolveBeforeFindingNamesGetI*
lit/dafny0/TypeInferenceRefresh.dfy:pinned,Good (well-formedness),unchanged,False,well-formedness:Good:0
lit/dafny0/TypeInferenceRefresh.dfy:pinned,PartiallySolveBeforeFindingNames.GetIt (correctness),unmapped,,
lit/dafny0/TypeInferenceRefresh.dfy:pinned,ForallStmt.DistributePlus (correctness),unchanged,False,correctness:ForallStmtDistributePlus:0
lit/dafny0/TypeInferenceRefresh.dfy:pinned,MultiDimArray (correctness),unchanged,False,correctness:MultiDimArray:0
lit/dafny0/TypeInferenceRefresh.dfy:pinned,Inheritance.FInt (correctness),unchanged,False,correctness:InheritanceFInt:0
lit/dafny0/TypeInferenceRefresh.dfy:pinned,ClassForOld.Old (correctness),unchanged,False,correctness:ClassForOldOld:0
lit/dafny0/TypeInferenceRefresh.dfy:pinned,ClassForOld.New (correctness),unchanged,False,correctness:ClassForOldNew:0
lit/dafny0/TypeInferenceRefresh.dfy:pinned,GhostTupleTests.GhostTupleTest0 (correctness),unchanged,False,correctness:GhostTupleTestsGhostTupleTest0:0
lit/dafny0/TypeInferenceRefresh.dfy:pinned,Colors.PrintMe (correctness),unchanged,False,correctness:ColorsPrintMe:0
lit/dafny0/TypeInferenceRefresh.dfy:pinned,ClassForOld.Unchanged (correctness),unchanged,False,correctness:ClassForOldUnchanged:0
lit/dafny0/TypeInferenceRefresh.dfy:pinned,Qfx (well-formedness),unchanged,False,well-formedness:Qfx:0
lit/dafny0/TypeInferenceRefresh.dfy:pinned,Modify (correctness),unchanged,False,correctness:Modify:0
lit/dafny0/TypeInferenceRefresh.dfy:pinned,UnaryMinus.AtMost' (well-formedness),unchanged,False,well-formedness:UnaryMinusAtMostk:0
lit/dafny0/TypeInferenceRefresh.dfy:pinned,GhostTupleTests.GhostTupleTest1 (correctness),unchanged,False,correctness:GhostTupleTestsGhostTupleTest1:0
lit/dafny0/TypeInferenceRefresh.dfy:pinned,UnaryMinus.AtMost (well-formedness),unchanged,False,well-formedness:UnaryMinusAtMost:0
lit/dafny0/TypeInferenceRefresh.dfy:pinned,Patterns.VarPattern (correctness),unchanged,False,correctness:PatternsVarPattern:0
lit/dafny0/TypeInferenceRefresh.dfy:pinned,TypeInferenceViaInAndEquals.Test (correctness),unchanged,False,correctness:TypeInferenceViaInAndEqualsTest:0
lit/dafny0/TypeInferenceRefresh.dfy:pinned,WhileLoops (correctness),unchanged,False,correctness:WhileLoops:0
lit/dafny0/TypeInferenceRefresh.dfy:pinned,Patterns.LetPattern (well-formedness),unchanged,False,well-formedness:PatternsLetPattern:0
lit/dafny0/TypeInferenceRefresh.dfy:pinned,MatchLiteralConsts.r (correctness),unchanged,False,correctness:MatchLiteralConstsr:0
lit/dafny0/TypeInferenceRefresh.dfy:pinned,Inheritance.FIntCell (correctness),unchanged,False,correctness:InheritanceFIntCell:0
lit/dafny0/TypeInferenceRefresh.dfy:pinned,UnaryMinus.IsNat (well-formedness),unchanged,False,well-formedness:UnaryMinusIsNat:0
lit/dafny0/TypeInferenceRefresh.dfy:pinned,ForLoops (correctness),unchanged,False,correctness:ForLoops:0
lit/dafny0/TypeInferenceRefresh.dfy:pinned,TypeInferenceImprovements.SeqSize (well-formedness),group,False,well-formedness:TypeInferenceImprovementsSeqSize*
lit/dafny0/TypeInferenceRefresh.dfy:pinned,As (correctness),unchanged,False,correctness:As:0
lit/dafny0/TypeInferenceRefresh.dfy:pinned,UnaryMinus.Same (correctness),unchanged,False,correctness:UnaryMinusSame:0
lit/dafny0/TypeInferenceRefresh.dfy:pinned,MatchLiteralConsts.q (correctness),unchanged,False,correctness:MatchLiteralConstsq:0
lit/dafny0/TypeInferenceRefresh.dfy:pinned,ForallStmt.DistributePlus (well-formedness),unchanged,False,well-formedness:ForallStmtDistributePlus:0
lit/dafny0/TypeInferenceRefresh.dfy:pinned,Inheritance.FCell (correctness),unchanged,False,correctness:InheritanceFCell:0
lit/dafny0/TypeInferenceRefresh.dfy:pinned,Dtv (correctness),unchanged,False,correctness:Dtv:0
lit/dafny0/TypeInferenceRefresh.dfy:pinned,LittleArray (well-formedness),unchanged,False,well-formedness:LittleArray:0
lit/dafny0/TypeInferenceRefresh.dfy:pinned,As? (correctness),unchanged,False,correctness:Asq:0
lit/dafny0/TypeInferenceRefresh.dfy:pinned,OrderingAmongBaseTypes.Workaround (correctness),reordered,False,correctness:OrderingAmongBaseTypesWorkaround:0
lit/dafny0/TypeInferenceRefresh.dfy:pinned,OrderingAmongBaseTypes.PreviouslyDidNotWork (correctness),group,False,correctness:OrderingAmongBaseTypesPreviouslyDidNotWork*
lit/dafny0/TypeInferenceRefresh.dfy:pinned,LoopAlternatives (correctness),unchanged,False,correctness:LoopAlternatives:0
lit/dafny0/TypeInferenceRefresh.dfy:pinned,ForallStmt.Plus (well-formedness),unchanged,False,well-formedness:ForallStmtPlus:0
lit/dafny0/TypeInferenceRefresh.dfy:pinned,OrderingAmongBaseTypes.nat31 (well-formedness),reordered,False,well-formedness:OrderingAmongBaseTypesnat31:0
lit/dafny0/TypeInferenceRefresh.dfy:pinned,Global.N (correctness),unchanged,False,correctness:GlobalN:0
lit/dafny0/TypeInferenceRefresh.dfy:pinned,TypeParameterResolution.SS (well-formedness),unchanged,False,well-formedness:TypeParameterResolutionSS:0
lit/dafny0/TypeInferenceRefresh.dfy:pinned,OrderingIssues.OrderingIssue_PreviouslyBroken.N (well-formedness),group,False,well-formedness:OrderingIssuesOrderingIssuePreviouslyBroken*
lit/dafny0/TypeInferenceRefresh.dfy:pinned,UnaryMinus.Abs (well-formedness),unchanged,False,well-formedness:UnaryMinusAbs:0
lit/dafny0/TypeInferenceRefresh.dfy:pinned,TypeInferenceImprovements.seq32 (well-formedness),unchanged,False,well-formedness:TypeInferenceImprovementsseq32:0
lit/dafny0/TypeInferenceRefresh.dfy:pinned,OrderingAmongBaseTypes.int32 (well-formedness),reordered,False,well-formedness:OrderingAmongBaseTypesint32:0
lit/dafny0/TypeInferenceRefresh.dfy:pinned,XyzClass.New (correctness),unchanged,False,correctness:XyzClassNew:0
lit/dafny0/TypeInferenceRefresh.dfy:pinned,OrderingAmongBaseTypes.nat31_MIN (well-formedness),group,False,well-formedness:OrderingAmongBaseTypesnat31MIN*
lit/dafny0/TypeInferenceRefresh.dfy:pinned,OrderingAmongBaseTypes.Works (correctness),reordered,False,correctness:OrderingAmongBaseTypesWorks:0
lit/dafny0/TypeInferenceRefresh.dfy:pinned,Good (correctness),unchanged,False,correctness:Good:0
lit/dafny0/TypeInferenceRefresh.dfy:pinned,OrderingIssues.OrderingIssue_Fine.N (well-formedness),unmapped,,
lit/dafny0/TypeInferenceRefresh.dfy:pinned,ConstWithValueOfSubsetType.MT (well-formedness),unchanged,False,well-formedness:ConstWithValueOfSubsetTypeMT:0
lit/dafny0/TypeInferenceRefresh.dfy:pinned,jnt8 (well-formedness),unchanged,False,well-formedness:jnt8:0
lit/dafny0/TypeInferenceRefresh.dfy:pinned,I (well-formedness),unchanged,False,well-formedness:I:0
lit/dafny0/TypeInferenceRefresh.dfy:pinned,OrderingAmongBaseTypes.nat31_MAX (well-formedness),group,False,well-formedness:OrderingAmongBaseTypesnat31MAX*
lit/dafny0/TypeInferenceRefresh.dfy:pinned,OrderingIssues.OrderingIssue_Fine.MM (well-formedness),unmapped,,
lit/dafny0/TypeInferenceRefresh.dfy:pinned,XX (well-formedness),unchanged,False,well-formedness:XX:0
lit/dafny0/TypeInferenceRefresh.dfy:pinned,ZZ (well-formedness),unchanged,False,well-formedness:ZZ:0
lit/dafny0/TypeInferenceRefresh.dfy:pinned,TypeInferenceImprovements.nat32 (well-formedness),unchanged,False,well-formedness:TypeInferenceImprovementsnat32:0
lit/dafny0/TypeInferenceRefresh.dfy:pinned,OrderingIssues.OrderingIssue_PreviouslyBroken.MM (well-formedness),group,False,well-formedness:OrderingIssuesOrderingIssuePreviouslyBroken*
lit/dafny0/TypeInferenceRefresh.dfy:pinned,RangeSelectExpr.pos (well-formedness),unchanged,False,well-formedness:RangeSelectExprpos:0
lit/dafny0/TypeInferenceRefresh.dfy:pinned,int8 (well-formedness),unchanged,False,well-formedness:int8:0
lit/dafny0/TypeInferenceRefresh.dfy:pinned,NeverNever.Test (correctness),unchanged,False,correctness:NeverNeverTest:0
lit/dafny0/TypeInferenceRefresh.dfy:pinned,H (well-formedness),unchanged,False,well-formedness:H:0
lit/dafny0/TypeInferenceRefresh.dfy:pinned,LiteralsNowSupportedInTypeInference.LiteralTest (correctness),group,False,correctness:LiteralsNowSupportedInTypeInferenceLiteralTest*
lit/dafny0/TypeInferenceRefresh.dfy:pinned,Reveal (correctness),unchanged,False,correctness:Reveal:0
lit/dafny0/TypeInferenceRefresh.dfy:pinned,Calc (correctness),unchanged,False,correctness:Calc:0
lit/dafny0/TypeInferenceRefresh.dfy:pinned,YY (well-formedness),unchanged,False,well-formedness:YY:0
lit/dafny0/TypeInferenceRefresh.dfy:pinned,RomanC (well-formedness),unchanged,False,well-formedness:RomanC:0
lit/dafny1/Rippling.legacy.dfy:refresh,P2 (correctness),unchanged,False,correctness:P2:0
lit/dafny1/Rippling.legacy.dfy:refresh,P14 (correctness),unchanged,False,correctness:P14:0
lit/dafny1/Rippling.legacy.dfy:refresh,Lemma_RevConcat (correctness) (assertion batch 1),unchanged,False,correctness:LemmaRevConcat:0
lit/dafny1/Rippling.legacy.dfy:refresh,P65 (correctness),unchanged,False,correctness:P65:0
lit/dafny1/Rippling.legacy.dfy:refresh,P22 (correctness),unchanged,False,correctness:P22:0
lit/dafny1/Rippling.legacy.dfy:refresh,P67 (correctness),unchanged,False,correctness:P67:0
lit/dafny1/Rippling.legacy.dfy:refresh,add (well-formedness),unchanged,False,well-formedness:add:0
lit/dafny1/Rippling.legacy.dfy:refresh,minus (well-formedness),unchanged,False,well-formedness:minus:0
lit/dafny1/Rippling.legacy.dfy:refresh,P54 (correctness),unchanged,False,correctness:P54:0
lit/dafny1/Rippling.legacy.dfy:refresh,P20 (correctness),unchanged,False,correctness:P20:0
lit/dafny1/Rippling.legacy.dfy:refresh,P1 (correctness),unchanged,False,correctness:P1:0
lit/dafny1/Rippling.legacy.dfy:refresh,P43 (correctness),unchanged,False,correctness:P43:0
lit/dafny1/Rippling.legacy.dfy:refresh,P15 (correctness),unchanged,False,correctness:P15:0
lit/dafny1/Rippling.legacy.dfy:refresh,P33 (correctness),unchanged,False,correctness:P33:0
lit/dafny1/Rippling.legacy.dfy:refresh,P27 (correctness),unchanged,False,correctness:P27:0
lit/dafny1/Rippling.legacy.dfy:refresh,P36 (correctness),unchanged,False,correctness:P36:0
lit/dafny1/Rippling.legacy.dfy:refresh,P12 (correctness),unchanged,False,correctness:P12:0
lit/dafny1/Rippling.legacy.dfy:refresh,Lemma_RevConcat (correctness) (assertion batch 2),unchanged,False,correctness:LemmaRevConcat:1
lit/dafny1/Rippling.legacy.dfy:refresh,P41 (correctness),unchanged,False,correctness:P41:0
lit/dafny1/Rippling.legacy.dfy:refresh,P38 (correctness),unchanged,False,correctness:P38:0
lit/dafny1/Rippling.legacy.dfy:refresh,P2_alt (correctness),unchanged,False,correctness:P2alt:0
lit/dafny1/Rippling.legacy.dfy:refresh,P30 (correctness),unchanged,False,correctness:P30:0
lit/dafny1/Rippling.legacy.dfy:refresh,P44 (correctness),unchanged,False,correctness:P44:0
lit/dafny1/Rippling.legacy.dfy:refresh,P47 (correctness),unchanged,False,correctness:P47:0
lit/dafny1/Rippling.legacy.dfy:refresh,delete (well-formedness),unchanged,False,well-formedness:delete:0
lit/dafny1/Rippling.legacy.dfy:refresh,drop (well-formedness),unchanged,False,well-formedness:drop:0
lit/dafny1/Rippling.legacy.dfy:refresh,P3 (correctness),unchanged,False,correctness:P3:0
lit/dafny1/Rippling.legacy.dfy:refresh,height (well-formedness),unchanged,False,well-formedness:height:0
lit/dafny1/Rippling.legacy.dfy:refresh,P29 (correctness),unchanged,False,correctness:P29:0
lit/dafny1/Rippling.legacy.dfy:refresh,P34 (correctness),unchanged,False,correctness:P34:0
lit/dafny1/Rippling.legacy.dfy:refresh,P32 (correctness),unchanged,False,correctness:P32:0
lit/dafny1/Rippling.legacy.dfy:refresh,dropWhileAlways (well-formedness),unchanged,False,well-formedness:dropWhileAlways:0
lit/dafny1/Rippling.legacy.dfy:refresh,P26 (correctness),unchanged,False,correctness:P26:0
lit/dafny1/Rippling.legacy.dfy:refresh,P21 (correctness),unchanged,False,correctness:P21:0
lit/dafny1/Rippling.legacy.dfy:refresh,P39 (correctness),unchanged,False,correctness:P39:0
lit/dafny1/Rippling.legacy.dfy:refresh,P8 (correctness),unchanged,False,correctness:P8:0
lit/dafny1/Rippling.legacy.dfy:refresh,P28 (correctness),unchanged,False,correctness:P28:0
lit/dafny1/Rippling.legacy.dfy:refresh,P19 (correctness),unchanged,False,correctness:P19:0
lit/dafny1/Rippling.legacy.dfy:refresh,P13 (correctness),unchanged,False,correctness:P13:0
lit/dafny1/Rippling.legacy.dfy:refresh,P18 (correctness),unchanged,False,correctness:P18:0
lit/dafny1/Rippling.legacy.dfy:refresh,P24 (correctness),unchanged,False,correctness:P24:0
lit/dafny1/Rippling.legacy.dfy:refresh,P25 (correctness),unchanged,False,correctness:P25:0
lit/dafny1/Rippling.legacy.dfy:refresh,P37 (correctness),unchanged,False,correctness:P37:0
lit/dafny1/Rippling.legacy.dfy:refresh,P35 (correctness),unchanged,False,correctness:P35:0
lit/dafny1/Rippling.legacy.dfy:refresh,P31 (correctness),unchanged,False,correctness:P31:0
lit/dafny1/Rippling.legacy.dfy:refresh,takeWhileAlways (well-formedness),unchanged,False,well-formedness:takeWhileAlways:0
lit/dafny1/Rippling.legacy.dfy:refresh,filter (well-formedness),unchanged,False,well-formedness:filter:0
lit/dafny1/Rippling.legacy.dfy:refresh,AboutAlwaysFalseFunction (correctness),unchanged,False,correctness:AboutAlwaysFalseFunction:0
lit/dafny1/Rippling.legacy.dfy:refresh,P9 (correctness),unchanged,False,correctness:P9:0
lit/dafny1/Rippling.legacy.dfy:refresh,AboutAlwaysTrueFunction (correctness),unchanged,False,correctness:AboutAlwaysTrueFunction:0
lit/dafny1/Rippling.legacy.dfy:refresh,Lemma_RevConcat (correctness) (assertion batch 3),unchanged,False,correctness:LemmaRevConcat:2
lit/dafny1/Rippling.legacy.dfy:refresh,P23 (correctness),unchanged,False,correctness:P23:0
lit/dafny1/Rippling.legacy.dfy:refresh,apply (well-formedness),unchanged,False,well-formedness:apply:0
lit/dafny1/Rippling.legacy.dfy:refresh,P7 (correctness),unchanged,False,correctness:P7:0
lit/dafny1/Rippling.legacy.dfy:refresh,P6 (correctness),unchanged,False,correctness:P6:0
lit/dafny1/Rippling.legacy.dfy:refresh,reverse (well-formedness),unchanged,False,well-formedness:reverse:0
lit/dafny1/Rippling.legacy.dfy:refresh,sort (well-formedness),unchanged,False,well-formedness:sort:0
lit/dafny1/Rippling.legacy.dfy:refresh,P1_alt (correctness),unchanged,False,correctness:P1alt:0
lit/dafny1/Rippling.legacy.dfy:refresh,P10 (correctness),unchanged,False,correctness:P10:0
lit/dafny1/Rippling.legacy.dfy:refresh,P5 (correctness),unchanged,False,correctness:P5:0
lit/dafny1/Rippling.legacy.dfy:refresh,ins (well-formedness),unchanged,False,well-formedness:ins:0
lit/dafny1/Rippling.legacy.dfy:refresh,insort (well-formedness),unchanged,False,well-formedness:insort:0
lit/dafny1/Rippling.legacy.dfy:refresh,Theorem (correctness),unchanged,False,correctness:Theorem:0
lit/dafny1/Rippling.legacy.dfy:refresh,zip (well-formedness),unchanged,False,well-formedness:zip:0
lit/dafny1/Rippling.legacy.dfy:refresh,P16 (correctness),unchanged,False,correctness:P16:0
lit/dafny1/Rippling.legacy.dfy:refresh,P4 (correctness),unchanged,False,correctness:P4:0
lit/dafny1/Rippling.legacy.dfy:refresh,mirror (well-formedness),unchanged,False,well-formedness:mirror:0
lit/dafny1/Rippling.legacy.dfy:refresh,P17 (correctness),unchanged,False,correctness:P17:0
lit/dafny1/Rippling.legacy.dfy:refresh,mem (well-formedness),unchanged,False,well-formedness:mem:0
lit/dafny1/Rippling.legacy.dfy:refresh,count (well-formedness),unchanged,False,well-formedness:count:0
lit/dafny1/Rippling.legacy.dfy:refresh,P45 (correctness),unchanged,False,correctness:P45:0
lit/dafny1/Rippling.legacy.dfy:refresh,P11 (correctness),unchanged,False,correctness:P11:0
lit/dafny1/Rippling.legacy.dfy:refresh,eq (well-formedness),unchanged,False,well-formedness:eq:0
lit/dafny1/Rippling.legacy.dfy:refresh,leq (well-formedness),unchanged,False,well-formedness:leq:0
lit/dafny1/Rippling.legacy.dfy:refresh,ins1 (well-formedness),unchanged,False,well-formedness:ins1:0
lit/dafny1/Rippling.legacy.dfy:refresh,P46 (correctness),unchanged,False,correctness:P46:0
lit/dafny1/Rippling.legacy.dfy:refresh,take (well-formedness),unchanged,False,well-formedness:take:0
lit/dafny1/Rippling.legacy.dfy:refresh,P42 (correctness),unchanged,False,correctness:P42:0
lit/dafny1/Rippling.legacy.dfy:refresh,len (well-formedness),unchanged,False,well-formedness:len:0
lit/dafny1/Rippling.legacy.dfy:refresh,P40 (correctness),unchanged,False,correctness:P40:0
lit/dafny1/Rippling.legacy.dfy:refresh,last (well-formedness),unchanged,False,well-formedness:last:0
lit/dafny1/Rippling.legacy.dfy:refresh,concat (well-formedness),unchanged,False,well-formedness:concat:0
lit/dafny1/Rippling.legacy.dfy:refresh,less (well-formedness),unchanged,False,well-formedness:less:0
lit/dafny1/Rippling.legacy.dfy:refresh,min (well-formedness),unchanged,False,well-formedness:min:0
lit/dafny1/Rippling.legacy.dfy:refresh,max (well-formedness),unchanged,False,well-formedness:max:0
lit/dafny2/SnapshotableTrees.dfy:refresh,SnapTree.Node.FunctionalInsert_Right (correctness),unchanged,False,correctness:SnapTreeNodeFunctionalInsertRight:0
lit/dafny2/SnapshotableTrees.dfy:refresh,SnapTree.Node.MutatingInsert_Right (correctness),unchanged,False,correctness:SnapTreeNodeMutatingInsertRight:0
lit/dafny2/SnapshotableTrees.dfy:refresh,SnapTree.Node.FunctionalInsert_Left (correctness),unchanged,False,correctness:SnapTreeNodeFunctionalInsertLeft:0
lit/dafny2/SnapshotableTrees.dfy:refresh,SnapTree.Node.MutatingInsert_Left (correctness),unchanged,False,correctness:SnapTreeNodeMutatingInsertLeft:0
lit/dafny2/SnapshotableTrees.dfy:refresh,SnapTree.Iterator.Push (correctness) (assertion batch 13),unchanged,False,correctness:SnapTreeIteratorPush:12
lit/dafny2/SnapshotableTrees.dfy:refresh,SnapTree.Tree.Insert (correctness),unchanged,False,correctness:SnapTreeTreeInsert:0
lit/dafny2/SnapshotableTrees.dfy:refresh,SnapTreeTestHarness.Main (correctness),unchanged,False,correctness:SnapTreeTestHarnessMain:0
lit/dafny2/SnapshotableTrees.dfy:refresh,SnapTree.Iterator.Push (correctness) (assertion batch 2),unchanged,False,correctness:SnapTreeIteratorPush:1
lit/dafny2/SnapshotableTrees.dfy:refresh,SnapTree.Iterator.MoveNext (correctness) (assertion batch 4),unchanged,False,correctness:SnapTreeIteratorMoveNext:3
lit/dafny2/SnapshotableTrees.dfy:refresh,SnapTree.Iterator.Init_Aux (correctness),unchanged,False,correctness:SnapTreeIteratorInitAux:0
lit/dafny2/SnapshotableTrees.dfy:refresh,SnapTree.Iterator.MoveNext (correctness) (assertion batch 5),unchanged,False,correctness:SnapTreeIteratorMoveNext:4
lit/dafny2/SnapshotableTrees.dfy:refresh,SnapTree.Tree.CreateSnapshot (correctness),unchanged,False,correctness:SnapTreeTreeCreateSnapshot:0
lit/dafny2/SnapshotableTrees.dfy:refresh,SnapTreeTestHarness.TestContents (correctness),unchanged,False,correctness:SnapTreeTestHarnessTestContents:0
lit/dafny2/SnapshotableTrees.dfy:refresh,SnapTreeTestHarness.TestConcurrentModification (correctness),group,False,correctness:SnapTreeTestHarnessTestConcurrentModification*
lit/dafny2/SnapshotableTrees.dfy:refresh,SnapTree.Node.Build (correctness),unchanged,False,correctness:SnapTreeNodeBuild:0
lit/dafny2/SnapshotableTrees.dfy:refresh,SnapTree.Tree.Valid (well-formedness),unchanged,False,well-formedness:SnapTreeTreeValid:0
lit/dafny2/SnapshotableTrees.dfy:refresh,SnapTree.Tree.Print (correctness),unchanged,False,correctness:SnapTreeTreePrint:0
lit/dafny2/SnapshotableTrees.dfy:refresh,SnapTree.Iterator.MoveNext (correctness) (assertion batch 6),unchanged,False,correctness:SnapTreeIteratorMoveNext:5
lit/dafny2/SnapshotableTrees.dfy:refresh,SnapTree.Iterator.Print (correctness),unchanged,False,correctness:SnapTreeIteratorPrint:0
lit/dafny2/SnapshotableTrees.dfy:refresh,SnapTree.Iterator.MoveNext (correctness) (assertion batch 7),unchanged,False,correctness:SnapTreeIteratorMoveNext:6
lit/dafny2/SnapshotableTrees.dfy:refresh,SnapTree.Iterator.MoveNext (correctness) (assertion batch 8),unchanged,False,correctness:SnapTreeIteratorMoveNext:7
lit/dafny2/SnapshotableTrees.dfy:refresh,SnapTree.Node.NodeValid (well-formedness),unchanged,False,well-formedness:SnapTreeNodeNodeValid:0
lit/dafny2/SnapshotableTrees.dfy:refresh,SnapTree.Tree.Empty (correctness),unchanged,False,correctness:SnapTreeTreeEmpty:0
lit/dafny2/SnapshotableTrees.dfy:refresh,SnapTree.Iterator.MoveNext (correctness) (assertion batch 9),unchanged,False,correctness:SnapTreeIteratorMoveNext:8
lit/dafny2/SnapshotableTrees.dfy:refresh,SnapTree.Tree.CreateIterator (correctness),unchanged,False,correctness:SnapTreeTreeCreateIterator:0
lit/dafny2/SnapshotableTrees.dfy:refresh,SnapTree.Tree.CreateIterator (well-formedness),unchanged,False,well-formedness:SnapTreeTreeCreateIterator:0
lit/dafny2/SnapshotableTrees.dfy:refresh,SnapTree.Iterator.Init (correctness),unchanged,False,correctness:SnapTreeIteratorInit:0
lit/dafny2/SnapshotableTrees.dfy:refresh,SnapTree.Iterator.MoveNext (correctness) (assertion batch 19),unchanged,False,correctness:SnapTreeIteratorMoveNext:18
lit/dafny2/SnapshotableTrees.dfy:refresh,SnapTree.Iterator.MoveNext (correctness) (assertion batch 26),unchanged,False,correctness:SnapTreeIteratorMoveNext:25
lit/dafny2/SnapshotableTrees.dfy:refresh,SnapTree.Iterator.MoveNext (correctness) (assertion batch 14),unchanged,False,correctness:SnapTreeIteratorMoveNext:13
lit/dafny2/SnapshotableTrees.dfy:refresh,SnapTree.Node.FunctionalInsert (correctness),unchanged,False,correctness:SnapTreeNodeFunctionalInsert:0
lit/dafny2/SnapshotableTrees.dfy:refresh,SnapTree.Tree.CreateSnapshot (well-formedness),unchanged,False,well-formedness:SnapTreeTreeCreateSnapshot:0
lit/dafny2/SnapshotableTrees.dfy:refresh,SnapTree.Iterator.Init_Aux (well-formedness),unchanged,False,well-formedness:SnapTreeIteratorInitAux:0
lit/dafny2/SnapshotableTrees.dfy:refresh,SnapTree.Iterator.MoveNext (correctness) (assertion batch 11),unchanged,False,correctness:SnapTreeIteratorMoveNext:10
lit/dafny2/SnapshotableTrees.dfy:refresh,SnapTreeTestHarness.TestConcurrentModification (well-formedness),group,False,well-formedness:SnapTreeTestHarnessTestConcurrentModif*
lit/dafny2/SnapshotableTrees.dfy:refresh,SnapTree.Iterator.MoveNext (correctness) (assertion batch 22),unchanged,False,correctness:SnapTreeIteratorMoveNext:21
lit/dafny2/SnapshotableTrees.dfy:refresh,SnapTree.Iterator.MoveNext (correctness) (assertion batch 15),unchanged,False,correctness:SnapTreeIteratorMoveNext:14
lit/dafny2/SnapshotableTrees.dfy:refresh,SnapTree.Iterator.MoveNext (correctness) (assertion batch 21),unchanged,False,correctness:SnapTreeIteratorMoveNext:20
lit/dafny2/SnapshotableTrees.dfy:refresh,SnapTree.Tree.Insert (well-formedness),unchanged,False,well-formedness:SnapTreeTreeInsert:0
lit/dafny2/SnapshotableTrees.dfy:refresh,SnapTree.Iterator.MoveNext (correctness) (assertion batch 24),unchanged,False,correctness:SnapTreeIteratorMoveNext:23
lit/dafny2/SnapshotableTrees.dfy:refresh,SnapTree.Iterator.MoveNext (correctness) (assertion batch 10),unchanged,False,correctness:SnapTreeIteratorMoveNext:9
lit/dafny2/SnapshotableTrees.dfy:refresh,SnapTree.Iterator.Valid (well-formedness),unchanged,False,well-formedness:SnapTreeIteratorValid:0
lit/dafny2/SnapshotableTrees.dfy:refresh,SnapTree.Tree.Print (well-formedness),unchanged,False,well-formedness:SnapTreeTreePrint:0
lit/dafny2/SnapshotableTrees.dfy:refresh,SnapTree.Node.Init (correctness),unchanged,False,correctness:SnapTreeNodeInit:0
lit/dafny2/SnapshotableTrees.dfy:refresh,SnapTree.Node.MutatingInsert (correctness),unchanged,False,correctness:SnapTreeNodeMutatingInsert:0
lit/dafny2/SnapshotableTrees.dfy:refresh,SnapTree.Iterator.MoveNext (correctness) (assertion batch 23),unchanged,False,correctness:SnapTreeIteratorMoveNext:22
lit/dafny2/SnapshotableTrees.dfy:refresh,SnapTree.Iterator.MoveNext (correctness) (assertion batch 20),unchanged,False,correctness:SnapTreeIteratorMoveNext:19
lit/dafny2/SnapshotableTrees.dfy:refresh,SnapTree.Iterator.MoveNext (correctness) (assertion batch 18),unchanged,False,correctness:SnapTreeIteratorMoveNext:17
lit/dafny2/SnapshotableTrees.dfy:refresh,SnapTree.Iterator.Current (well-formedness),unchanged,False,well-formedness:SnapTreeIteratorCurrent:0
lit/dafny2/SnapshotableTrees.dfy:refresh,SnapTree.Iterator.MoveNext (correctness) (assertion batch 3),unchanged,False,correctness:SnapTreeIteratorMoveNext:2
lit/dafny2/SnapshotableTrees.dfy:refresh,SnapTree.Iterator.MoveNext (well-formedness) (assertion batch 2),unchanged,False,well-formedness:SnapTreeIteratorMoveNext:1
lit/dafny2/SnapshotableTrees.dfy:refresh,SnapTree.Iterator.MoveNext (well-formedness) (assertion batch 6),unchanged,False,well-formedness:SnapTreeIteratorMoveNext:5
lit/dafny2/SnapshotableTrees.dfy:refresh,SnapTree.Iterator.MoveNext (well-formedness) (assertion batch 1),unchanged,False,well-formedness:SnapTreeIteratorMoveNext:0
lit/dafny2/SnapshotableTrees.dfy:refresh,SnapTree.Iterator.MoveNext (correctness) (assertion batch 17),unchanged,False,correctness:SnapTreeIteratorMoveNext:16
lit/dafny2/SnapshotableTrees.dfy:refresh,SnapTree.Iterator.Init (well-formedness),unchanged,False,well-formedness:SnapTreeIteratorInit:0
lit/dafny2/SnapshotableTrees.dfy:refresh,SnapTree.Iterator.MoveNext (correctness) (assertion batch 13),unchanged,False,correctness:SnapTreeIteratorMoveNext:12
lit/dafny2/SnapshotableTrees.dfy:refresh,SnapTree.Iterator.MoveNext (well-formedness) (assertion batch 10),unchanged,False,well-formedness:SnapTreeIteratorMoveNext:9
lit/dafny2/SnapshotableTrees.dfy:refresh,SnapTree.Iterator.MoveNext (well-formedness) (assertion batch 5),unchanged,False,well-formedness:SnapTreeIteratorMoveNext:4
lit/dafny2/SnapshotableTrees.dfy:refresh,SnapTree.Iterator.MoveNext (well-formedness) (assertion batch 9),unchanged,False,well-formedness:SnapTreeIteratorMoveNext:8
lit/dafny2/SnapshotableTrees.dfy:refresh,SnapTree.Node.FunctionalInsert (well-formedness),unchanged,False,well-formedness:SnapTreeNodeFunctionalInsert:0
lit/dafny2/SnapshotableTrees.dfy:refresh,SnapTree.Iterator.MoveNext (correctness) (assertion batch 27),unchanged,False,correctness:SnapTreeIteratorMoveNext:26
lit/dafny2/SnapshotableTrees.dfy:refresh,SnapTree.Node.Build (well-formedness),unchanged,False,well-formedness:SnapTreeNodeBuild:0
lit/dafny2/SnapshotableTrees.dfy:refresh,SnapTree.Node.FunctionalInsert_Left (well-formedness),unchanged,False,well-formedness:SnapTreeNodeFunctionalInsertLeft:0
lit/dafny2/SnapshotableTrees.dfy:refresh,SnapTree.Iterator.MoveNext (well-formedness) (assertion batch 11),unchanged,False,well-formedness:SnapTreeIteratorMoveNext:10
lit/dafny2/SnapshotableTrees.dfy:refresh,SnapTree.Iterator.MoveNext (correctness) (assertion batch 2),unchanged,False,correctness:SnapTreeIteratorMoveNext:1
lit/dafny2/SnapshotableTrees.dfy:refresh,SnapTree.Iterator.MoveNext (correctness) (assertion batch 25),unchanged,False,correctness:SnapTreeIteratorMoveNext:24
lit/dafny2/SnapshotableTrees.dfy:refresh,SnapTree.Iterator.R (well-formedness),unchanged,False,well-formedness:SnapTreeIteratorR:0
lit/dafny2/SnapshotableTrees.dfy:refresh,SnapTree.Node.FunctionalInsert_Right (well-formedness),unchanged,False,well-formedness:SnapTreeNodeFunctionalInsertRight:0
lit/dafny2/SnapshotableTrees.dfy:refresh,SnapTree.Iterator.Current (correctness),unchanged,False,correctness:SnapTreeIteratorCurrent:0
lit/dafny2/SnapshotableTrees.dfy:refresh,SnapTree.Iterator.Push (correctness) (assertion batch 9),unchanged,False,correctness:SnapTreeIteratorPush:8
lit/dafny2/SnapshotableTrees.dfy:refresh,SnapTree.Iterator.MoveNext (well-formedness) (assertion batch 4),unchanged,False,well-formedness:SnapTreeIteratorMoveNext:3
lit/dafny2/SnapshotableTrees.dfy:refresh,SnapTree.Iterator.MoveNext (well-formedness) (assertion batch 8),unchanged,False,well-formedness:SnapTreeIteratorMoveNext:7
lit/dafny2/SnapshotableTrees.dfy:refresh,SnapTree.Iterator.MoveNext (correctness) (assertion batch 16),unchanged,False,correctness:SnapTreeIteratorMoveNext:15
lit/dafny2/SnapshotableTrees.dfy:refresh,SnapTree.Iterator.MoveNext (well-formedness) (assertion batch 7),unchanged,False,well-formedness:SnapTreeIteratorMoveNext:6
lit/dafny2/SnapshotableTrees.dfy:refresh,SnapTree.Iterator.MoveNext (correctness) (assertion batch 12),unchanged,False,correctness:SnapTreeIteratorMoveNext:11
lit/dafny2/SnapshotableTrees.dfy:refresh,SnapTree.Iterator.MoveNext (well-formedness) (assertion batch 3),unchanged,False,well-formedness:SnapTreeIteratorMoveNext:2
lit/dafny2/SnapshotableTrees.dfy:refresh,SnapTree.Node.MutatingInsert_Right (well-formedness),unchanged,False,well-formedness:SnapTreeNodeMutatingInsertRight:0
lit/dafny2/SnapshotableTrees.dfy:refresh,SnapTree.Iterator.MoveNext (correctness) (assertion batch 1),unchanged,False,correctness:SnapTreeIteratorMoveNext:0
lit/dafny2/SnapshotableTrees.dfy:refresh,SnapTree.Iterator.MoveNext (correctness) (assertion batch 28),unchanged,False,correctness:SnapTreeIteratorMoveNext:27
lit/dafny2/SnapshotableTrees.dfy:refresh,SnapTree.Iterator.Push (correctness) (assertion batch 12),unchanged,False,correctness:SnapTreeIteratorPush:11
lit/dafny2/SnapshotableTrees.dfy:refresh,SnapTree.Iterator.Push (correctness) (assertion batch 8),unchanged,False,correctness:SnapTreeIteratorPush:7
lit/dafny2/SnapshotableTrees.dfy:refresh,SnapTree.Tree.AllAbove (well-formedness),unchanged,False,well-formedness:SnapTreeTreeAllAbove:0
lit/dafny2/SnapshotableTrees.dfy:refresh,SnapTree.Iterator.Push (correctness) (assertion batch 1),unchanged,False,correctness:SnapTreeIteratorPush:0
lit/dafny2/SnapshotableTrees.dfy:refresh,SnapTree.Iterator.Push (correctness) (assertion batch 10),unchanged,False,correctness:SnapTreeIteratorPush:9
lit/dafny2/SnapshotableTrees.dfy:refresh,SnapTree.Iterator.Push (correctness) (assertion batch 3),unchanged,False,correctness:SnapTreeIteratorPush:2
lit/dafny2/SnapshotableTrees.dfy:refresh,SnapTree.Iterator.Push (correctness) (assertion batch 6),unchanged,False,correctness:SnapTreeIteratorPush:5
lit/dafny2/SnapshotableTrees.dfy:refresh,SnapTree.Node.CombineSortedSplit (correctness),unchanged,False,correctness:SnapTreeNodeCombineSortedSplit:0
lit/dafny2/SnapshotableTrees.dfy:refresh,SnapTree.Iterator.Push (correctness) (assertion batch 7),unchanged,False,correctness:SnapTreeIteratorPush:6
lit/dafny2/SnapshotableTrees.dfy:refresh,SnapTree.Iterator.Push (well-formedness) (assertion batch 4),unchanged,False,well-formedness:SnapTreeIteratorPush:3
lit/dafny2/SnapshotableTrees.dfy:refresh,SnapTree.Iterator.Push (correctness) (assertion batch 4),unchanged,False,correctness:SnapTreeIteratorPush:3
lit/dafny2/SnapshotableTrees.dfy:refresh,SnapTree.Iterator.Push (correctness) (assertion batch 5),unchanged,False,correctness:SnapTreeIteratorPush:4
lit/dafny2/SnapshotableTrees.dfy:refresh,SnapTree.Node.MutatingInsert_Left (well-formedness),unchanged,False,well-formedness:SnapTreeNodeMutatingInsertLeft:0
lit/dafny2/SnapshotableTrees.dfy:refresh,SnapTree.Node.MutatingInsert (well-formedness),unchanged,False,well-formedness:SnapTreeNodeMutatingInsert:0
lit/dafny2/SnapshotableTrees.dfy:refresh,SnapTree.Iterator.Push (correctness) (assertion batch 11),unchanged,False,correctness:SnapTreeIteratorPush:10
lit/dafny2/SnapshotableTrees.dfy:refresh,SnapTree.Iterator.Push (well-formedness) (assertion batch 6),unchanged,False,well-formedness:SnapTreeIteratorPush:5
lit/dafny2/SnapshotableTrees.dfy:refresh,SnapTree.Iterator.Push (well-formedness) (assertion batch 5),unchanged,False,well-formedness:SnapTreeIteratorPush:4
lit/dafny2/SnapshotableTrees.dfy:refresh,SnapTree.Iterator.Push (well-formedness) (assertion batch 3),unchanged,False,well-formedness:SnapTreeIteratorPush:2
lit/dafny2/SnapshotableTrees.dfy:refresh,SnapTree.Node.SortedSplit (well-formedness),unchanged,False,well-formedness:SnapTreeNodeSortedSplit:0
lit/dafny2/SnapshotableTrees.dfy:refresh,SnapTree.Tree.SortCombineProperty (correctness),unchanged,False,correctness:SnapTreeTreeSortCombineProperty:0
lit/dafny2/SnapshotableTrees.dfy:refresh,SnapTree.Tree.SmallIsSorted (correctness),unchanged,False,correctness:SnapTreeTreeSmallIsSorted:0
lit/dafny2/SnapshotableTrees.dfy:refresh,SnapTree.Node.CombineSplit (well-formedness),unchanged,False,well-formedness:SnapTreeNodeCombineSplit:0
lit/dafny2/SnapshotableTrees.dfy:refresh,SnapTree.Tree.IsSortedProperty (well-formedness),unchanged,False,well-formedness:SnapTreeTreeIsSortedProperty:0
lit/dafny2/SnapshotableTrees.dfy:refresh,SnapTree.Tree.AllBelow (well-formedness),unchanged,False,well-formedness:SnapTreeTreeAllBelow:0
lit/dafny2/SnapshotableTrees.dfy:refresh,SnapTree.Tree.IsSorted (well-formedness),unchanged,False,well-formedness:SnapTreeTreeIsSorted:0
lit/dafny2/SnapshotableTrees.dfy:refresh,SnapTree.Tree.IsSortedProperty (correctness),unchanged,False,correctness:SnapTreeTreeIsSortedProperty:0
lit/dafny2/SnapshotableTrees.dfy:refresh,SnapTree.Iterator.Push (well-formedness) (assertion batch 2),unchanged,False,well-formedness:SnapTreeIteratorPush:1
lit/dafny2/SnapshotableTrees.dfy:refresh,SnapTree.Iterator.Push (well-formedness) (assertion batch 1),unchanged,False,well-formedness:SnapTreeIteratorPush:0
lit/dafny4/Bug108.dfy:refresh,Main (correctness),content,True,correctness:Main:0
lit/dafny4/Bug114.dfy:refresh,M (correctness),content,True,correctness:M:0
lit/dafny4/Bug54.dfy:refresh,H (well-formedness),unchanged,False,well-formedness:H:0
lit/dafny4/Bug54.dfy:refresh,G (well-formedness),unchanged,False,well-formedness:G:0
lit/dafny4/Bug54.dfy:refresh,P2 (well-formedness),content,True,well-formedness:P2:0
lit/dafny4/Bug54.dfy:refresh,P1 (well-formedness),unchanged,False,well-formedness:P1:0
lit/dafny4/Bug58.dfy:refresh,L (well-formedness),content,True,well-formedness:L:0
lit/dafny4/Bug58.dfy:refresh,M2 (well-formedness),content,True,well-formedness:M2:0
lit/dafny4/Bug58.dfy:refresh,L (correctness),content,True,correctness:L:0
lit/dafny4/ExpandedGuardedness.dfy:refresh,Main (correctness),content,True,correctness:Main:0
lit/dafny4/ExpandedGuardedness.dfy:refresh,PrintStream (correctness),unchanged,False,correctness:PrintStream:0
lit/dafny4/ExpandedGuardedness.dfy:refresh,CUps# (correctness),unchanged,False,correctness:CUpsh:0
lit/dafny4/ExpandedGuardedness.dfy:refresh,OnlyDsTotal_Nat# (correctness),unchanged,False,correctness:OnlyDsTotalNath:0
lit/dafny4/ExpandedGuardedness.dfy:refresh,OnlyDsTotal# (correctness),unchanged,False,correctness:OnlyDsTotalh:0
lit/dafny4/ExpandedGuardedness.dfy:refresh,TotalLang (well-formedness),unchanged,False,well-formedness:TotalLang:0
lit/dafny4/ExpandedGuardedness.dfy:refresh,NothingTotal_Nat# (correctness),unchanged,False,correctness:NothingTotalNath:0
lit/dafny4/ExpandedGuardedness.dfy:refresh,GhostMain (correctness),content,True,correctness:GhostMain:0
lit/dafny4/ExpandedGuardedness.dfy:refresh,NothingTotal# (correctness),unchanged,False,correctness:NothingTotalh:0
lit/dafny4/ExpandedGuardedness.dfy:refresh,TotalLang_Nat (well-formedness),unchanged,False,well-formedness:TotalLangNat:0
lit/dafny4/ExpandedGuardedness.dfy:refresh,UpIf' (well-formedness),unchanged,False,well-formedness:UpIfk:0
lit/dafny4/ExpandedGuardedness.dfy:refresh,UpIf (well-formedness),unchanged,False,well-formedness:UpIf:0
lit/dafny4/KozenSilva.dfy:refresh,Theorem1_LexLess_Is_Transitive# (correctness),unchanged,False,correctness:Theorem1LexLessIsTransitiveh:0
lit/dafny4/KozenSilva.dfy:refresh,Theorem1_LexLess_Is_Transitive_Automatic# (correctness),group,False,correctness:Theorem1LexLessIsTransitiveAutomatic*
lit/dafny4/KozenSilva.dfy:refresh,Theorem5_ClosureConversion_Is_Monotone# (correctness),unmapped,,
lit/dafny4/KozenSilva.dfy:refresh,Theorem4b_ValBelow_Is_Transitive# (correctness),unchanged,False,correctness:Theorem4bValBelowIsTransitiveh:0
lit/dafny4/KozenSilva.dfy:refresh,Theorem7_Merge_Is_Left_Inverse_Of_Split_Bisim# (correctness),group,False,correctness:Theorem7MergeIsLeftInverseOfSplitBi*
lit/dafny4/KozenSilva.dfy:refresh,Theorem4a_ClEnvBelow_Is_Transitive# (correctness),unmapped,,
lit/dafny4/KozenSilva.dfy:refresh,ValBelow (well-formedness),unchanged,False,well-formedness:ValBelow:0
lit/dafny4/KozenSilva.dfy:refresh,ClEnvBelow (well-formedness),unchanged,False,well-formedness:ClEnvBelow:0
lit/dafny4/KozenSilva.dfy:refresh,Theorem7_Merge_Is_Left_Inverse_Of_Split_Equal# (correctness),group,False,correctness:Theorem7MergeIsLeftInverseOfSplitEq*
lit/dafny4/KozenSilva.dfy:refresh,ClosureConversion (well-formedness),content,True,well-formedness:ClosureConversion:0
lit/dafny4/KozenSilva.dfy:refresh,Theorem6_Bisim_Is_Symmetric# (correctness),unchanged,False,correctness:Theorem6BisimIsSymmetrich:0
lit/dafny4/KozenSilva.dfy:refresh,Subtype (well-formedness),unchanged,False,well-formedness:Subtype:0
lit/dafny4/KozenSilva.dfy:refresh,ClosureConvertedMap (well-formedness),content,True,well-formedness:ClosureConvertedMap:0
lit/dafny4/KozenSilva.dfy:refresh,Theorem3_Subtype_Is_Transitive# (correctness),unchanged,False,correctness:Theorem3SubtypeIsTransitiveh:0
lit/dafny4/KozenSilva.dfy:refresh,CapsuleEnvironmentBelow (well-formedness),unchanged,False,well-formedness:CapsuleEnvironmentBelow:0
lit/dafny4/KozenSilva.dfy:refresh,EquivalenceTheorem (correctness),unchanged,False,correctness:EquivalenceTheorem:0
lit/dafny4/KozenSilva.dfy:refresh,Theorem2_Pointwise_Addition_Is_Monotone# (correctness),group,False,correctness:Theorem2PointwiseAdditionIsMonotoneh*
lit/dafny4/KozenSilva.dfy:refresh,EquivalenceTheorem1 (correctness),unchanged,False,correctness:EquivalenceTheorem1:0
lit/dafny4/KozenSilva.dfy:refresh,EquivalenceTheorem1_Lemma (correctness),unchanged,False,correctness:EquivalenceTheorem1Lemma:0
lit/dafny4/KozenSilva.dfy:refresh,EquivalenceTheorem0# (correctness),unchanged,False,correctness:EquivalenceTheorem0h:0
lit/dafny4/KozenSilva.dfy:refresh,EquivalenceTheorem0_Lemma (correctness),unchanged,False,correctness:EquivalenceTheorem0Lemma:0
lit/dafny4/KozenSilva.dfy:refresh,NotLexLess' (well-formedness),unchanged,False,well-formedness:NotLexLessk:0
lit/dafny4/KozenSilva.dfy:refresh,Theorem1_Alt (correctness),unchanged,False,correctness:Theorem1Alt:0
lit/dafny4/KozenSilva.dfy:refresh,Theorem1_Alt_Lemma (correctness),unchanged,False,correctness:Theorem1AltLemma:0
lit/dafny4/KozenSilva.dfy:refresh,SplitRight (well-formedness),unchanged,False,well-formedness:SplitRight:0
lit/dafny4/Regression19.dfy:refresh,NonemptyMap (correctness),unchanged,False,correctness:NonemptyMap:0
lit/dafny4/Regression19.dfy:refresh,NonemptySet (correctness),unchanged,False,correctness:NonemptySet:0
lit/dafny4/Regression19.dfy:refresh,M (correctness),content,True,correctness:M:0
lit/dafny4/UnionFind.dfy:refresh,M2.UnionFind.FindAux (correctness),content,True,correctness:M2UnionFindFindAux:0
lit/dafny4/UnionFind.dfy:refresh,M3.UnionFind.Join (correctness) (assertion batch 93),content,True,correctness:M3UnionFindJoin:92
lit/dafny4/UnionFind.dfy:refresh,M1.UnionFind.New (correctness),content,True,correctness:M1UnionFindNew:0
lit/dafny4/UnionFind.dfy:refresh,M3.UnionFind.Join (correctness) (assertion batch 148),content,True,correctness:M3UnionFindJoin:147
lit/dafny4/UnionFind.dfy:refresh,M3.UnionFind.JoinMaintainsReaches1 (correctness),unchanged,False,correctness:M3UnionFindJoinMaintainsReaches1:0
lit/dafny4/UnionFind.dfy:refresh,M1.UnionFind.Union (correctness),content,True,correctness:M1UnionFindUnion:0
lit/dafny4/UnionFind.dfy:refresh,M3.UnionFind.Join (correctness) (assertion batch 40),content,True,correctness:M3UnionFindJoin:39
lit/dafny4/UnionFind.dfy:refresh,M3.UnionFind.Join (correctness) (assertion batch 123),content,True,correctness:M3UnionFindJoin:122
lit/dafny4/UnionFind.dfy:refresh,M3.UnionFind.Join (correctness) (assertion batch 48),content,True,correctness:M3UnionFindJoin:47
lit/dafny4/UnionFind.dfy:refresh,M3.UnionFind.Join (correctness) (assertion batch 128),content,True,correctness:M3UnionFindJoin:127
lit/dafny4/UnionFind.dfy:refresh,M3.UnionFind.Join (correctness) (assertion batch 168),content,True,correctness:M3UnionFindJoin:167
lit/dafny4/UnionFind.dfy:refresh,M3.UnionFind.Join (correctness) (assertion batch 67),content,True,correctness:M3UnionFindJoin:66
lit/dafny4/UnionFind.dfy:refresh,M3.UnionFind.Join (correctness) (assertion batch 112),content,True,correctness:M3UnionFindJoin:111
lit/dafny4/UnionFind.dfy:refresh,M3.UnionFind.Join (correctness) (assertion batch 113),content,True,correctness:M3UnionFindJoin:112
lit/dafny4/UnionFind.dfy:refresh,M3.UnionFind.Join (correctness) (assertion batch 166),content,True,correctness:M3UnionFindJoin:165
lit/dafny4/UnionFind.dfy:refresh,M3.UnionFind.Join (correctness) (assertion batch 35),content,True,correctness:M3UnionFindJoin:34
lit/dafny4/UnionFind.dfy:refresh,M3.UnionFind.Join (correctness) (assertion batch 111),content,True,correctness:M3UnionFindJoin:110
lit/dafny4/UnionFind.dfy:refresh,M3.UnionFind.Join (correctness) (assertion batch 110),content,True,correctness:M3UnionFindJoin:109
lit/dafny4/UnionFind.dfy:refresh,M3.UnionFind.Join (correctness) (assertion batch 122),content,True,correctness:M3UnionFindJoin:121
lit/dafny4/UnionFind.dfy:refresh,M3.UnionFind.Join (correctness) (assertion batch 167),content,True,correctness:M3UnionFindJoin:166
lit/dafny4/UnionFind.dfy:refresh,M3.UnionFind.Join (correctness) (assertion batch 124),content,True,correctness:M3UnionFindJoin:123
lit/dafny4/UnionFind.dfy:refresh,M3.UnionFind.Join (correctness) (assertion batch 27),content,True,correctness:M3UnionFindJoin:26
lit/dafny4/UnionFind.dfy:refresh,M3.UnionFind.Join (correctness) (assertion batch 65),content,True,correctness:M3UnionFindJoin:64
lit/dafny4/UnionFind.dfy:refresh,M3.UnionFind.Join (correctness) (assertion batch 141),content,True,correctness:M3UnionFindJoin:140
lit/dafny4/UnionFind.dfy:refresh,M3.UnionFind.Join (correctness) (assertion batch 86),content,True,correctness:M3UnionFindJoin:85
lit/dafny4/UnionFind.dfy:refresh,M3.UnionFind.Join (correctness) (assertion batch 66),content,True,correctness:M3UnionFindJoin:65
lit/dafny4/UnionFind.dfy:refresh,M3.UnionFind.Join (correctness) (assertion batch 68),content,True,correctness:M3UnionFindJoin:67
lit/dafny4/UnionFind.dfy:refresh,M3.UnionFind.Join (correctness) (assertion batch 165),content,True,correctness:M3UnionFindJoin:164
lit/dafny4/UnionFind.dfy:refresh,M3.UnionFind.Join (correctness) (assertion batch 81),content,True,correctness:M3UnionFindJoin:80
lit/dafny4/UnionFind.dfy:refresh,M3.UnionFind.Join (correctness) (assertion batch 136),content,True,correctness:M3UnionFindJoin:135
lit/dafny4/UnionFind.dfy:refresh,M3.UnionFind.Join (correctness) (assertion batch 118),content,True,correctness:M3UnionFindJoin:117
lit/dafny4/UnionFind.dfy:refresh,Main (correctness) (assertion batch 1),content,True,correctness:Main:0
lit/dafny4/UnionFind.dfy:refresh,M3.UnionFind.Join (correctness) (assertion batch 73),content,True,correctness:M3UnionFindJoin:72
lit/dafny4/UnionFind.dfy:refresh,Main (correctness) (assertion batch 2),content,True,correctness:Main:1
lit/dafny4/UnionFind.dfy:refresh,Main (correctness) (assertion batch 80),content,True,correctness:Main:79
lit/dafny4/UnionFind.dfy:refresh,Main (correctness) (assertion batch 70),content,True,correctness:Main:69
lit/dafny4/UnionFind.dfy:refresh,Main (correctness) (assertion batch 68),content,True,correctness:Main:67
lit/dafny4/UnionFind.dfy:refresh,Main (correctness) (assertion batch 78),content,True,correctness:Main:77
lit/dafny4/UnionFind.dfy:refresh,Main (correctness) (assertion batch 60),content,True,correctness:Main:59
lit/dafny4/UnionFind.dfy:refresh,Main (correctness) (assertion batch 88),content,True,correctness:Main:87
lit/dafny4/UnionFind.dfy:refresh,Main (correctness) (assertion batch 86),content,True,correctness:Main:85
lit/dafny4/UnionFind.dfy:refresh,Main (correctness) (assertion batch 83),content,True,correctness:Main:82
lit/dafny4/UnionFind.dfy:refresh,Main (correctness) (assertion batch 85),content,True,correctness:Main:84
lit/dafny4/UnionFind.dfy:refresh,Main (correctness) (assertion batch 74),content,True,correctness:Main:73
lit/dafny4/UnionFind.dfy:refresh,Main (correctness) (assertion batch 87),content,True,correctness:Main:86
lit/dafny4/UnionFind.dfy:refresh,Main (correctness) (assertion batch 82),content,True,correctness:Main:81
lit/dafny4/UnionFind.dfy:refresh,Main (correctness) (assertion batch 56),content,True,correctness:Main:55
lit/dafny4/UnionFind.dfy:refresh,Main (correctness) (assertion batch 84),content,True,correctness:Main:83
lit/dafny4/UnionFind.dfy:refresh,Main (correctness) (assertion batch 72),content,True,correctness:Main:71
lit/dafny4/UnionFind.dfy:refresh,Main (correctness) (assertion batch 65),content,True,correctness:Main:64
lit/dafny4/UnionFind.dfy:refresh,Main (correctness) (assertion batch 81),content,True,correctness:Main:80
lit/dafny4/UnionFind.dfy:refresh,Main (correctness) (assertion batch 66),content,True,correctness:Main:65
lit/dafny4/UnionFind.dfy:refresh,Main (correctness) (assertion batch 49),content,True,correctness:Main:48
lit/dafny4/UnionFind.dfy:refresh,Main (correctness) (assertion batch 59),content,True,correctness:Main:58
lit/dafny4/UnionFind.dfy:refresh,Main (correctness) (assertion batch 76),content,True,correctness:Main:75
lit/dafny4/UnionFind.dfy:refresh,M3.UnionFind.Join (correctness) (assertion batch 121),content,True,correctness:M3UnionFindJoin:120
lit/dafny4/UnionFind.dfy:refresh,Main (correctness) (assertion batch 47),content,True,correctness:Main:46
lit/dafny4/UnionFind.dfy:refresh,Main (correctness) (assertion batch 53),content,True,correctness:Main:52
lit/dafny4/UnionFind.dfy:refresh,Main (correctness) (assertion batch 79),content,True,correctness:Main:78
lit/dafny4/UnionFind.dfy:refresh,Main (correctness) (assertion batch 36),content,True,correctness:Main:35
lit/dafny4/UnionFind.dfy:refresh,M1.UnionFind.ValidM1 (well-formedness),content,True,well-formedness:M1UnionFindValidM1:0
lit/dafny4/UnionFind.dfy:refresh,Main (correctness) (assertion batch 57),content,True,correctness:Main:56
lit/dafny4/UnionFind.dfy:refresh,Main (correctness) (assertion batch 39),content,True,correctness:Main:38
lit/dafny4/UnionFind.dfy:refresh,Main (correctness) (assertion batch 67),content,True,correctness:Main:66
lit/dafny4/UnionFind.dfy:refresh,Main (correctness) (assertion batch 58),content,True,correctness:Main:57
lit/dafny4/UnionFind.dfy:refresh,Main (correctness) (assertion batch 55),content,True,correctness:Main:54
lit/dafny4/UnionFind.dfy:refresh,Main (correctness) (assertion batch 71),content,True,correctness:Main:70
lit/dafny4/UnionFind.dfy:refresh,Main (correctness) (assertion batch 75),content,True,correctness:Main:74
lit/dafny4/UnionFind.dfy:refresh,Main (correctness) (assertion batch 69),content,True,correctness:Main:68
lit/dafny4/UnionFind.dfy:refresh,Main (correctness) (assertion batch 63),content,True,correctness:Main:62
lit/dafny4/UnionFind.dfy:refresh,Main (correctness) (assertion batch 62),content,True,correctness:Main:61
lit/dafny4/UnionFind.dfy:refresh,M3.UnionFind.Join (correctness) (assertion batch 174),content,True,correctness:M3UnionFindJoin:173
lit/dafny4/UnionFind.dfy:refresh,Main (correctness) (assertion batch 54),content,True,correctness:Main:53
lit/dafny4/UnionFind.dfy:refresh,Main (correctness) (assertion batch 64),content,True,correctness:Main:63
lit/dafny4/UnionFind.dfy:refresh,Main (correctness) (assertion batch 77),content,True,correctness:Main:76
lit/dafny4/UnionFind.dfy:refresh,Main (correctness) (assertion batch 73),content,True,correctness:Main:72
lit/dafny4/UnionFind.dfy:refresh,Main (correctness) (assertion batch 61),content,True,correctness:Main:60
lit/dafny4/UnionFind.dfy:refresh,Main (correctness) (assertion batch 43),content,True,correctness:Main:42
lit/dafny4/UnionFind.dfy:refresh,Main (correctness) (assertion batch 30),content,True,correctness:Main:29
lit/dafny4/UnionFind.dfy:refresh,Main (correctness) (assertion batch 29),content,True,correctness:Main:28
lit/dafny4/UnionFind.dfy:refresh,Main (correctness) (assertion batch 4),content,True,correctness:Main:3
lit/dafny4/UnionFind.dfy:refresh,Main (correctness) (assertion batch 3),content,True,correctness:Main:2
lit/dafny4/UnionFind.dfy:refresh,M3.UnionFind.Join (correctness) (assertion batch 126),content,True,correctness:M3UnionFindJoin:125
lit/dafny4/UnionFind.dfy:refresh,Main (correctness) (assertion batch 35),content,True,correctness:Main:34
lit/dafny4/UnionFind.dfy:refresh,Main (correctness) (assertion batch 50),content,True,correctness:Main:49
lit/dafny4/UnionFind.dfy:refresh,Main (correctness) (assertion batch 51),content,True,correctness:Main:50
lit/dafny4/UnionFind.dfy:refresh,Main (correctness) (assertion batch 52),content,True,correctness:Main:51
lit/dafny4/UnionFind.dfy:refresh,M3.UnionFind.Join (correctness) (assertion batch 120),content,True,correctness:M3UnionFindJoin:119
lit/dafny4/UnionFind.dfy:refresh,Main (correctness) (assertion batch 37),content,True,correctness:Main:36
lit/dafny4/UnionFind.dfy:refresh,M3.UnionFind.Join (correctness) (assertion batch 176),content,True,correctness:M3UnionFindJoin:175
lit/dafny4/UnionFind.dfy:refresh,M3.UnionFind.Join (correctness) (assertion batch 184),content,True,correctness:M3UnionFindJoin:183
lit/dafny4/UnionFind.dfy:refresh,Main (correctness) (assertion batch 48),content,True,correctness:Main:47
lit/dafny4/UnionFind.dfy:refresh,Main (correctness) (assertion batch 46),content,True,correctness:Main:45
lit/dafny4/UnionFind.dfy:refresh,Main (correctness) (assertion batch 45),content,True,correctness:Main:44
lit/dafny4/UnionFind.dfy:refresh,Main (correctness) (assertion batch 34),content,True,correctness:Main:33
lit/dafny4/UnionFind.dfy:refresh,Main (correctness) (assertion batch 11),content,True,correctness:Main:10
lit/dafny4/UnionFind.dfy:refresh,Main (correctness) (assertion batch 13),content,True,correctness:Main:12
lit/dafny4/UnionFind.dfy:refresh,Main (correctness) (assertion batch 41),content,True,correctness:Main:40
lit/dafny4/UnionFind.dfy:refresh,Main (correctness) (assertion batch 42),content,True,correctness:Main:41
lit/dafny4/UnionFind.dfy:refresh,Main (correctness) (assertion batch 44),content,True,correctness:Main:43
lit/dafny4/UnionFind.dfy:refresh,Main (correctness) (assertion batch 20),content,True,correctness:Main:19
lit/dafny4/UnionFind.dfy:refresh,Main (correctness) (assertion batch 38),content,True,correctness:Main:37
lit/dafny4/UnionFind.dfy:refresh,Main (correctness) (assertion batch 40),content,True,correctness:Main:39
lit/dafny4/UnionFind.dfy:refresh,Main (correctness) (assertion batch 14),content,True,correctness:Main:13
lit/dafny4/UnionFind.dfy:refresh,Main (correctness) (assertion batch 33),content,True,correctness:Main:32
lit/dafny4/UnionFind.dfy:refresh,Main (correctness) (assertion batch 31),content,True,correctness:Main:30
lit/dafny4/UnionFind.dfy:refresh,Main (correctness) (assertion batch 23),content,True,correctness:Main:22
lit/dafny4/UnionFind.dfy:refresh,M3.UnionFind.Join (correctness) (assertion batch 125),content,True,correctness:M3UnionFindJoin:124
lit/dafny4/UnionFind.dfy:refresh,Main (correctness) (assertion batch 28),content,True,correctness:Main:27
lit/dafny4/UnionFind.dfy:refresh,Main (correctness) (assertion batch 32),content,True,correctness:Main:31
lit/dafny4/UnionFind.dfy:refresh,M2.UnionFind.Find (correctness),content,True,correctness:M2UnionFindFind:0
lit/dafny4/UnionFind.dfy:refresh,M3.UnionFind.Join (correctness) (assertion batch 119),content,True,correctness:M3UnionFindJoin:118
lit/dafny4/UnionFind.dfy:refresh,Main (correctness) (assertion batch 8),content,True,correctness:Main:7
lit/dafny4/UnionFind.dfy:refresh,Main (correctness) (assertion batch 7),content,True,correctness:Main:6
lit/dafny4/UnionFind.dfy:refresh,Main (correctness) (assertion batch 19),content,True,correctness:Main:18
lit/dafny4/UnionFind.dfy:refresh,Main (correctness) (assertion batch 27),content,True,correctness:Main:26
lit/dafny4/UnionFind.dfy:refresh,M3.UnionFind.Join (correctness) (assertion batch 51),content,True,correctness:M3UnionFindJoin:50
lit/dafny4/UnionFind.dfy:refresh,Main (correctness) (assertion batch 25),content,True,correctness:Main:24
lit/dafny4/UnionFind.dfy:refresh,Main (correctness) (assertion batch 17),content,True,correctness:Main:16
lit/dafny4/UnionFind.dfy:refresh,Main (correctness) (assertion batch 26),content,True,correctness:Main:25
lit/dafny4/UnionFind.dfy:refresh,Main (correctness) (assertion batch 24),content,True,correctness:Main:23
lit/dafny4/UnionFind.dfy:refresh,Main (correctness) (assertion batch 12),content,True,correctness:Main:11
lit/dafny4/UnionFind.dfy:refresh,Main (correctness) (assertion batch 18),content,True,correctness:Main:17
lit/dafny4/UnionFind.dfy:refresh,Main (correctness) (assertion batch 10),content,True,correctness:Main:9
lit/dafny4/UnionFind.dfy:refresh,Main (correctness) (assertion batch 22),content,True,correctness:Main:21
lit/dafny4/UnionFind.dfy:refresh,Main (correctness) (assertion batch 21),content,True,correctness:Main:20
lit/dafny4/UnionFind.dfy:refresh,Main (correctness) (assertion batch 6),content,True,correctness:Main:5
lit/dafny4/UnionFind.dfy:refresh,Main (correctness) (assertion batch 5),content,True,correctness:Main:4
lit/dafny4/UnionFind.dfy:refresh,Main (correctness) (assertion batch 9),content,True,correctness:Main:8
lit/dafny4/UnionFind.dfy:refresh,M3.UnionFind.Join (correctness) (assertion batch 107),content,True,correctness:M3UnionFindJoin:106
lit/dafny4/UnionFind.dfy:refresh,Main (correctness) (assertion batch 15),content,True,correctness:Main:14
lit/dafny4/UnionFind.dfy:refresh,M3.UnionFind.Join (correctness) (assertion batch 63),content,True,correctness:M3UnionFindJoin:62
lit/dafny4/UnionFind.dfy:refresh,Main (correctness) (assertion batch 16),content,True,correctness:Main:15
lit/dafny4/UnionFind.dfy:refresh,M3.UnionFind.Join (correctness) (assertion batch 52),content,True,correctness:M3UnionFindJoin:51
lit/dafny4/UnionFind.dfy:refresh,M3.UnionFind.Join (correctness) (assertion batch 61),content,True,correctness:M3UnionFindJoin:60
lit/dafny4/UnionFind.dfy:refresh,M3.UnionFind.Join (correctness) (assertion batch 64),content,True,correctness:M3UnionFindJoin:63
lit/dafny4/UnionFind.dfy:refresh,M3.UnionFind.Join (correctness) (assertion batch 62),content,True,correctness:M3UnionFindJoin:61
lit/dafny4/UnionFind.dfy:refresh,M3.UnionFind.Join (correctness) (assertion batch 54),content,True,correctness:M3UnionFindJoin:53
lit/dafny4/UnionFind.dfy:refresh,M3.UnionFind.Join (correctness) (assertion batch 57),content,True,correctness:M3UnionFindJoin:56
lit/dafny4/UnionFind.dfy:refresh,M3.UnionFind.Join (correctness) (assertion batch 162),content,True,correctness:M3UnionFindJoin:161
lit/dafny4/UnionFind.dfy:refresh,M3.UnionFind.Join (correctness) (assertion batch 151),content,True,correctness:M3UnionFindJoin:150
lit/dafny4/UnionFind.dfy:refresh,M1.UnionFind.New (well-formedness),content,True,well-formedness:M1UnionFindNew:0
lit/dafny4/UnionFind.dfy:refresh,M3.UnionFind.Join (correctness) (assertion batch 96),content,True,correctness:M3UnionFindJoin:95
lit/dafny4/UnionFind.dfy:refresh,M3.UnionFind.Join (correctness) (assertion batch 53),content,True,correctness:M3UnionFindJoin:52
lit/dafny4/UnionFind.dfy:refresh,M3.UnionFind.Join (correctness) (assertion batch 157),content,True,correctness:M3UnionFindJoin:156
lit/dafny4/UnionFind.dfy:refresh,M3.UnionFind.Join (correctness) (assertion batch 164),content,True,correctness:M3UnionFindJoin:163
lit/dafny4/UnionFind.dfy:refresh,M3.UnionFind.Join (correctness) (assertion batch 153),content,True,correctness:M3UnionFindJoin:152
lit/dafny4/UnionFind.dfy:refresh,M3.UnionFind.Join (correctness) (assertion batch 108),content,True,correctness:M3UnionFindJoin:107
lit/dafny4/UnionFind.dfy:refresh,M0.UnionFind._ctor (correctness),unchanged,False,correctness:M0UnionFindctor:0
lit/dafny4/UnionFind.dfy:refresh,M3.UnionFind.Join (correctness) (assertion batch 98),content,True,correctness:M3UnionFindJoin:97
lit/dafny4/UnionFind.dfy:refresh,M3.UnionFind.Join (correctness) (assertion batch 26),content,True,correctness:M3UnionFindJoin:25
lit/dafny4/UnionFind.dfy:refresh,M2.UnionFind.NextReachesSame (correctness),content,True,correctness:M2UnionFindNextReachesSame:0
lit/dafny4/UnionFind.dfy:refresh,M3.UnionFind.ExtendedReach' (correctness),unchanged,False,correctness:M3UnionFindExtendedReachk:0
lit/dafny4/UnionFind.dfy:refresh,M1.UnionFind.Union (well-formedness),content,True,well-formedness:M1UnionFindUnion:0
lit/dafny4/UnionFind.dfy:refresh,M1.UnionFind.Collect (well-formedness),content,True,well-formedness:M1UnionFindCollect:0
lit/dafny4/UnionFind.dfy:refresh,M3.UnionFind.Join (correctness) (assertion batch 97),content,True,correctness:M3UnionFindJoin:96
lit/dafny4/UnionFind.dfy:refresh,M3.UnionFind.Join (correctness) (assertion batch 109),content,True,correctness:M3UnionFindJoin:108
lit/dafny4/UnionFind.dfy:refresh,M3.UnionFind.Join (correctness) (assertion batch 163),content,True,correctness:M3UnionFindJoin:162
lit/dafny4/UnionFind.dfy:refresh,M3.UnionFind.Join (correctness) (assertion batch 102),content,True,correctness:M3UnionFindJoin:101
lit/dafny4/UnionFind.dfy:refresh,M3.UnionFind.Join (correctness) (assertion batch 127),content,True,correctness:M3UnionFindJoin:126
lit/dafny4/UnionFind.dfy:refresh,M3.UnionFind.Join (correctness) (assertion batch 154),content,True,correctness:M3UnionFindJoin:153
lit/dafny4/UnionFind.dfy:refresh,M1.UnionFind.Reaches_Monotonic (correctness),unchanged,False,correctness:M1UnionFindReachesMonotonic:0
lit/dafny4/UnionFind.dfy:refresh,M3.UnionFind.Join (correctness) (assertion batch 99),content,True,correctness:M3UnionFindJoin:98
lit/dafny4/UnionFind.dfy:refresh,M3.UnionFind.Join (correctness) (assertion batch 152),content,True,correctness:M3UnionFindJoin:151
lit/dafny4/UnionFind.dfy:refresh,M2.UnionFind.FindAux (well-formedness),content,True,well-formedness:M2UnionFindFindAux:0
lit/dafny4/UnionFind.dfy:refresh,M3.UnionFind.Join (correctness) (assertion batch 60),content,True,correctness:M3UnionFindJoin:59
lit/dafny4/UnionFind.dfy:refresh,M3.UnionFind.ReachUnaffectedByChangeFromRoot' (correctness),unchanged,False,correctness:M3UnionFindReachUnaffectedByChangeFromRootk:0
lit/dafny4/UnionFind.dfy:refresh,M3.UnionFind.Join (correctness) (assertion batch 80),content,True,correctness:M3UnionFindJoin:79
lit/dafny4/UnionFind.dfy:refresh,M3.UnionFind.Join (correctness) (assertion batch 105),content,True,correctness:M3UnionFindJoin:104
lit/dafny4/UnionFind.dfy:refresh,M3.UnionFind.JoinMaintainsReaches0 (correctness),unchanged,False,correctness:M3UnionFindJoinMaintainsReaches0:0
lit/dafny4/UnionFind.dfy:refresh,M3.UnionFind.Join (correctness) (assertion batch 59),content,True,correctness:M3UnionFindJoin:58
lit/dafny4/UnionFind.dfy:refresh,M0.UnionFind.New (well-formedness),unchanged,False,well-formedness:M0UnionFindNew:0
lit/dafny4/UnionFind.dfy:refresh,M1.UnionFind.Reaches_Monotonic (well-formedness),unchanged,False,well-formedness:M1UnionFindReachesMonotonic:0
lit/dafny4/UnionFind.dfy:refresh,M3.UnionFind.Join (correctness) (assertion batch 131),content,True,correctness:M3UnionFindJoin:130
lit/dafny4/UnionFind.dfy:refresh,M3.UnionFind.Join (correctness) (assertion batch 2),content,True,correctness:M3UnionFindJoin:1
lit/dafny4/UnionFind.dfy:refresh,M3.UnionFind.Join (correctness) (assertion batch 41),content,True,correctness:M3UnionFindJoin:40
lit/dafny4/UnionFind.dfy:refresh,M3.UnionFind.Join (correctness) (assertion batch 129),content,True,correctness:M3UnionFindJoin:128
lit/dafny4/UnionFind.dfy:refresh,M3.UnionFind.Join (correctness) (assertion batch 143),content,True,correctness:M3UnionFindJoin:142
lit/dafny4/UnionFind.dfy:refresh,M3.UnionFind.Join (correctness) (assertion batch 82),content,True,correctness:M3UnionFindJoin:81
lit/dafny4/UnionFind.dfy:refresh,M3.UnionFind.ExtendedReach (correctness),unchanged,False,correctness:M3UnionFindExtendedReach:0
lit/dafny4/UnionFind.dfy:refresh,M3.UnionFind.Join (correctness) (assertion batch 94),content,True,correctness:M3UnionFindJoin:93
lit/dafny4/UnionFind.dfy:refresh,M3.UnionFind.Join (correctness) (assertion batch 149),content,True,correctness:M3UnionFindJoin:148
lit/dafny4/UnionFind.dfy:refresh,M3.UnionFind.Join (correctness) (assertion batch 172),content,True,correctness:M3UnionFindJoin:171
lit/dafny4/UnionFind.dfy:refresh,M3.UnionFind.Join (correctness) (assertion batch 155),content,True,correctness:M3UnionFindJoin:154
lit/dafny4/UnionFind.dfy:refresh,M3.UnionFind.Join (correctness) (assertion batch 88),content,True,correctness:M3UnionFindJoin:87
lit/dafny4/UnionFind.dfy:refresh,M3.UnionFind.Join (correctness) (assertion batch 117),content,True,correctness:M3UnionFindJoin:116
lit/dafny4/UnionFind.dfy:refresh,M3.UnionFind.Join (correctness) (assertion batch 72),content,True,correctness:M3UnionFindJoin:71
lit/dafny4/UnionFind.dfy:refresh,M3.UnionFind.Join (correctness) (assertion batch 74),content,True,correctness:M3UnionFindJoin:73
lit/dafny4/UnionFind.dfy:refresh,M2.UnionFind.ConstructReach (correctness),unchanged,False,correctness:M2UnionFindConstructReach:0
lit/dafny4/UnionFind.dfy:refresh,M3.UnionFind.Join (correctness) (assertion batch 160),content,True,correctness:M3UnionFindJoin:159
lit/dafny4/UnionFind.dfy:refresh,M3.UnionFind.Join (correctness) (assertion batch 55),content,True,correctness:M3UnionFindJoin:54
lit/dafny4/UnionFind.dfy:refresh,M3.UnionFind.Join (correctness) (assertion batch 181),content,True,correctness:M3UnionFindJoin:180
lit/dafny4/UnionFind.dfy:refresh,M3.UnionFind.Join (correctness) (assertion batch 161),content,True,correctness:M3UnionFindJoin:160
lit/dafny4/UnionFind.dfy:refresh,M3.UnionFind.Join (correctness) (assertion batch 18),content,True,correctness:M3UnionFindJoin:17
lit/dafny4/UnionFind.dfy:refresh,M3.UnionFind.Join (correctness) (assertion batch 92),content,True,correctness:M3UnionFindJoin:91
lit/dafny4/UnionFind.dfy:refresh,M3.UnionFind.Join (correctness) (assertion batch 135),content,True,correctness:M3UnionFindJoin:134
lit/dafny4/UnionFind.dfy:refresh,M3.UnionFind.Join (correctness) (assertion batch 147),content,True,correctness:M3UnionFindJoin:146
lit/dafny4/UnionFind.dfy:refresh,M3.UnionFind.Join (well-formedness) (assertion batch 5),content,True,well-formedness:M3UnionFindJoin:4
lit/dafny4/UnionFind.dfy:refresh,M3.UnionFind.Join (correctness) (assertion batch 173),content,True,correctness:M3UnionFindJoin:172
lit/dafny4/UnionFind.dfy:refresh,M3.UnionFind.Join (correctness) (assertion batch 137),content,True,correctness:M3UnionFindJoin:136
lit/dafny4/UnionFind.dfy:refresh,M3.UnionFind.Join (well-formedness) (assertion batch 6),content,True,well-formedness:M3UnionFindJoin:5
lit/dafny4/UnionFind.dfy:refresh,M3.UnionFind.Join (correctness) (assertion batch 106),content,True,correctness:M3UnionFindJoin:105
lit/dafny4/UnionFind.dfy:refresh,M3.UnionFind.Join (correctness) (assertion batch 33),content,True,correctness:M3UnionFindJoin:32
lit/dafny4/UnionFind.dfy:refresh,M3.UnionFind.JoinMaintainsReaches1 (well-formedness),unchanged,False,well-formedness:M3UnionFindJoinMaintainsReaches1:0
lit/dafny4/UnionFind.dfy:refresh,M3.UnionFind.Join (correctness) (assertion batch 22),content,True,correctness:M3UnionFindJoin:21
lit/dafny4/UnionFind.dfy:refresh,M3.UnionFind.Join (correctness) (assertion batch 90),content,True,correctness:M3UnionFindJoin:89
lit/dafny4/UnionFind.dfy:refresh,M3.UnionFind.Join (correctness) (assertion batch 56),content,True,correctness:M3UnionFindJoin:55
lit/dafny4/UnionFind.dfy:refresh,M3.UnionFind.Join (correctness) (assertion batch 145),content,True,correctness:M3UnionFindJoin:144
lit/dafny4/UnionFind.dfy:refresh,M2.UnionFind.UpdateMaintainsReaches (correctness),unchanged,False,correctness:M2UnionFindUpdateMaintainsReaches:0
lit/dafny4/UnionFind.dfy:refresh,M3.UnionFind.Join (correctness) (assertion batch 103),content,True,correctness:M3UnionFindJoin:102
lit/dafny4/UnionFind.dfy:refresh,M3.UnionFind.Join (correctness) (assertion batch 24),content,True,correctness:M3UnionFindJoin:23
lit/dafny4/UnionFind.dfy:refresh,M3.UnionFind.Join (correctness) (assertion batch 39),content,True,correctness:M3UnionFindJoin:38
lit/dafny4/UnionFind.dfy:refresh,M3.UnionFind.Join (correctness) (assertion batch 25),content,True,correctness:M3UnionFindJoin:24
lit/dafny4/UnionFind.dfy:refresh,M3.UnionFind.Join (correctness) (assertion batch 49),content,True,correctness:M3UnionFindJoin:48
lit/dafny4/UnionFind.dfy:refresh,M3.UnionFind.Join (correctness) (assertion batch 31),content,True,correctness:M3UnionFindJoin:30
lit/dafny4/UnionFind.dfy:refresh,M3.UnionFind.Join (correctness) (assertion batch 84),content,True,correctness:M3UnionFindJoin:83
lit/dafny4/UnionFind.dfy:refresh,M3.UnionFind.Join (correctness) (assertion batch 50),content,True,correctness:M3UnionFindJoin:49
lit/dafny4/UnionFind.dfy:refresh,M3.UnionFind.Join (correctness) (assertion batch 116),content,True,correctness:M3UnionFindJoin:115
lit/dafny4/UnionFind.dfy:refresh,M2.UnionFind.NextReachesSame (well-formedness),content,True,well-formedness:M2UnionFindNextReachesSame:0
lit/dafny4/UnionFind.dfy:refresh,M3.UnionFind.Join (correctness) (assertion batch 13),content,True,correctness:M3UnionFindJoin:12
lit/dafny4/UnionFind.dfy:refresh,M3.UnionFind.Join (correctness) (assertion batch 20),content,True,correctness:M3UnionFindJoin:19
lit/dafny4/UnionFind.dfy:refresh,M3.UnionFind.Join (correctness) (assertion batch 78),content,True,correctness:M3UnionFindJoin:77
lit/dafny4/UnionFind.dfy:refresh,M3.UnionFind.Join (correctness) (assertion batch 183),content,True,correctness:M3UnionFindJoin:182
lit/dafny4/UnionFind.dfy:refresh,M3.UnionFind.Join (correctness) (assertion batch 3),content,True,correctness:M3UnionFindJoin:2
lit/dafny4/UnionFind.dfy:refresh,M3.UnionFind.Join (correctness) (assertion batch 114),content,True,correctness:M3UnionFindJoin:113
lit/dafny4/UnionFind.dfy:refresh,M3.UnionFind.Join (well-formedness) (assertion batch 7),content,True,well-formedness:M3UnionFindJoin:6
lit/dafny4/UnionFind.dfy:refresh,M3.UnionFind.Join (correctness) (assertion batch 8),content,True,correctness:M3UnionFindJoin:7
lit/dafny4/UnionFind.dfy:refresh,M3.UnionFind.Join (correctness) (assertion batch 132),content,True,correctness:M3UnionFindJoin:131
lit/dafny4/UnionFind.dfy:refresh,M3.UnionFind.Join (correctness) (assertion batch 178),content,True,correctness:M3UnionFindJoin:177
lit/dafny4/UnionFind.dfy:refresh,M3.UnionFind.Join (correctness) (assertion batch 44),content,True,correctness:M3UnionFindJoin:43
lit/dafny4/UnionFind.dfy:refresh,M3.UnionFind.Join (correctness) (assertion batch 14),content,True,correctness:M3UnionFindJoin:13
lit/dafny4/UnionFind.dfy:refresh,M3.UnionFind.Join (correctness) (assertion batch 15),content,True,correctness:M3UnionFindJoin:14
lit/dafny4/UnionFind.dfy:refresh,M3.UnionFind.Join (correctness) (assertion batch 77),content,True,correctness:M3UnionFindJoin:76
lit/dafny4/UnionFind.dfy:refresh,M3.UnionFind.Join (correctness) (assertion batch 30),content,True,correctness:M3UnionFindJoin:29
lit/dafny4/UnionFind.dfy:refresh,M3.UnionFind.Join (correctness) (assertion batch 45),content,True,correctness:M3UnionFindJoin:44
lit/dafny4/UnionFind.dfy:refresh,M3.UnionFind.Join (correctness) (assertion batch 10),content,True,correctness:M3UnionFindJoin:9
lit/dafny4/UnionFind.dfy:refresh,M3.UnionFind.Join (correctness) (assertion batch 46),content,True,correctness:M3UnionFindJoin:45
lit/dafny4/UnionFind.dfy:refresh,M3.UnionFind.Join (correctness) (assertion batch 42),content,True,correctness:M3UnionFindJoin:41
lit/dafny4/UnionFind.dfy:refresh,M3.UnionFind.Join (correctness) (assertion batch 34),content,True,correctness:M3UnionFindJoin:33
lit/dafny4/UnionFind.dfy:refresh,M3.UnionFind.Join (correctness) (assertion batch 36),content,True,correctness:M3UnionFindJoin:35
lit/dafny4/UnionFind.dfy:refresh,M3.UnionFind.Join (correctness) (assertion batch 130),content,True,correctness:M3UnionFindJoin:129
lit/dafny4/UnionFind.dfy:refresh,M3.UnionFind.Join (correctness) (assertion batch 7),content,True,correctness:M3UnionFindJoin:6
lit/dafny4/UnionFind.dfy:refresh,M3.UnionFind.Join (correctness) (assertion batch 5),content,True,correctness:M3UnionFindJoin:4
lit/dafny4/UnionFind.dfy:refresh,M3.UnionFind.Join (correctness) (assertion batch 104),content,True,correctness:M3UnionFindJoin:103
lit/dafny4/UnionFind.dfy:refresh,M3.UnionFind.Join (correctness) (assertion batch 29),content,True,correctness:M3UnionFindJoin:28
lit/dafny4/UnionFind.dfy:refresh,M3.UnionFind.Join (correctness) (assertion batch 144),content,True,correctness:M3UnionFindJoin:143
lit/dafny4/UnionFind.dfy:refresh,M3.UnionFind.Join (correctness) (assertion batch 12),content,True,correctness:M3UnionFindJoin:11
lit/dafny4/UnionFind.dfy:refresh,M3.UnionFind.Join (correctness) (assertion batch 100),content,True,correctness:M3UnionFindJoin:99
lit/dafny4/UnionFind.dfy:refresh,M3.UnionFind.Join (correctness) (assertion batch 76),content,True,correctness:M3UnionFindJoin:75
lit/dafny4/UnionFind.dfy:refresh,M3.UnionFind.Join (correctness) (assertion batch 159),content,True,correctness:M3UnionFindJoin:158
lit/dafny4/UnionFind.dfy:refresh,M3.UnionFind.Join (correctness) (assertion batch 75),content,True,correctness:M3UnionFindJoin:74
lit/dafny4/UnionFind.dfy:refresh,M3.UnionFind.Join (correctness) (assertion batch 142),content,True,correctness:M3UnionFindJoin:141
lit/dafny4/UnionFind.dfy:refresh,M3.UnionFind.Join (correctness) (assertion batch 85),content,True,correctness:M3UnionFindJoin:84
lit/dafny4/UnionFind.dfy:refresh,M3.UnionFind.Join (correctness) (assertion batch 101),content,True,correctness:M3UnionFindJoin:100
lit/dafny4/UnionFind.dfy:refresh,M1.UnionFind.Join (well-formedness),content,True,well-formedness:M1UnionFindJoin:0
lit/dafny4/UnionFind.dfy:refresh,M3.UnionFind.Join (correctness) (assertion batch 43),content,True,correctness:M3UnionFindJoin:42
lit/dafny4/UnionFind.dfy:refresh,M3.UnionFind.Join (correctness) (assertion batch 134),content,True,correctness:M3UnionFindJoin:133
lit/dafny4/UnionFind.dfy:refresh,M3.UnionFind.Join (correctness) (assertion batch 28),content,True,correctness:M3UnionFindJoin:27
lit/dafny4/UnionFind.dfy:refresh,M3.UnionFind.Join (correctness) (assertion batch 79),content,True,correctness:M3UnionFindJoin:78
lit/dafny4/UnionFind.dfy:refresh,M3.UnionFind.Join (correctness) (assertion batch 87),content,True,correctness:M3UnionFindJoin:86
lit/dafny4/UnionFind.dfy:refresh,M3.UnionFind.Join (correctness) (assertion batch 139),content,True,correctness:M3UnionFindJoin:138
lit/dafny4/UnionFind.dfy:refresh,M3.UnionFind.Join (correctness) (assertion batch 37),content,True,correctness:M3UnionFindJoin:36
lit/dafny4/UnionFind.dfy:refresh,M3.UnionFind.Join (correctness) (assertion batch 133),content,True,correctness:M3UnionFindJoin:132
lit/dafny4/UnionFind.dfy:refresh,M3.UnionFind.Join (well-formedness) (assertion batch 4),content,True,well-formedness:M3UnionFindJoin:3
lit/dafny4/UnionFind.dfy:refresh,M3.UnionFind.Join (well-formedness) (assertion batch 2),content,True,well-formedness:M3UnionFindJoin:1
lit/dafny4/UnionFind.dfy:refresh,M3.UnionFind.Join (correctness) (assertion batch 89),content,True,correctness:M3UnionFindJoin:88
lit/dafny4/UnionFind.dfy:refresh,M3.UnionFind.Join (correctness) (assertion batch 146),content,True,correctness:M3UnionFindJoin:145
lit/dafny4/UnionFind.dfy:refresh,M3.UnionFind.Join (well-formedness) (assertion batch 1),content,True,well-formedness:M3UnionFindJoin:0
lit/dafny4/UnionFind.dfy:refresh,M3.UnionFind.Join (correctness) (assertion batch 140),content,True,correctness:M3UnionFindJoin:139
lit/dafny4/UnionFind.dfy:refresh,M3.UnionFind.Join (correctness) (assertion batch 91),content,True,correctness:M3UnionFindJoin:90
lit/dafny4/UnionFind.dfy:refresh,M3.UnionFind.Join (correctness) (assertion batch 83),content,True,correctness:M3UnionFindJoin:82
lit/dafny4/UnionFind.dfy:refresh,M3.UnionFind.Join (correctness) (assertion batch 138),content,True,correctness:M3UnionFindJoin:137
lit/dafny4/UnionFind.dfy:refresh,M3.UnionFind.Join (well-formedness) (assertion batch 8),content,True,well-formedness:M3UnionFindJoin:7
lit/dafny4/UnionFind.dfy:refresh,M3.UnionFind.Join (correctness) (assertion batch 17),content,True,correctness:M3UnionFindJoin:16
lit/dafny4/UnionFind.dfy:refresh,M3.UnionFind.Join (correctness) (assertion batch 180),content,True,correctness:M3UnionFindJoin:179
lit/dafny4/UnionFind.dfy:refresh,M3.UnionFind.Join (correctness) (assertion batch 182),content,True,correctness:M3UnionFindJoin:181
lit/dafny4/UnionFind.dfy:refresh,M3.UnionFind.Join (correctness) (assertion batch 169),content,True,correctness:M3UnionFindJoin:168
lit/dafny4/UnionFind.dfy:refresh,M3.UnionFind.Join (correctness) (assertion batch 58),content,True,correctness:M3UnionFindJoin:57
lit/dafny4/UnionFind.dfy:refresh,M3.UnionFind.Join (correctness) (assertion batch 21),content,True,correctness:M3UnionFindJoin:20
lit/dafny4/UnionFind.dfy:refresh,M3.UnionFind.Join (correctness) (assertion batch 95),content,True,correctness:M3UnionFindJoin:94
lit/dafny4/UnionFind.dfy:refresh,M3.UnionFind.Join (correctness) (assertion batch 156),content,True,correctness:M3UnionFindJoin:155
lit/dafny4/UnionFind.dfy:refresh,M3.UnionFind.Join (correctness) (assertion batch 158),content,True,correctness:M3UnionFindJoin:157
lit/dafny4/UnionFind.dfy:refresh,M3.UnionFind.Join (correctness) (assertion batch 175),content,True,correctness:M3UnionFindJoin:174
lit/dafny4/UnionFind.dfy:refresh,M3.UnionFind.Join (correctness) (assertion batch 179),content,True,correctness:M3UnionFindJoin:178
lit/dafny4/UnionFind.dfy:refresh,M0.UnionFind.Union (well-formedness),content,True,well-formedness:M0UnionFindUnion:0
lit/dafny4/UnionFind.dfy:refresh,M3.UnionFind.Join (correctness) (assertion batch 150),content,True,correctness:M3UnionFindJoin:149
lit/dafny4/UnionFind.dfy:refresh,M3.UnionFind.Join (correctness) (assertion batch 177),content,True,correctness:M3UnionFindJoin:176
lit/dafny4/UnionFind.dfy:refresh,M1.UnionFind.Reaches (well-formedness),unchanged,False,well-formedness:M1UnionFindReaches:0
lit/dafny4/UnionFind.dfy:refresh,M3.UnionFind.Join (correctness) (assertion batch 47),content,True,correctness:M3UnionFindJoin:46
lit/dafny4/UnionFind.dfy:refresh,M3.UnionFind.Join (correctness) (assertion batch 32),content,True,correctness:M3UnionFindJoin:31
lit/dafny4/UnionFind.dfy:refresh,M3.UnionFind.Join (correctness) (assertion batch 38),content,True,correctness:M3UnionFindJoin:37
lit/dafny4/UnionFind.dfy:refresh,M3.UnionFind.ReachUnaffectedByChangeFromRoot (correctness),unchanged,False,correctness:M3UnionFindReachUnaffectedByChangeFromRoot:0
lit/dafny4/UnionFind.dfy:refresh,M2.UnionFind.Find (well-formedness),content,True,well-formedness:M2UnionFindFind:0
lit/dafny4/UnionFind.dfy:refresh,M3.UnionFind.Join (correctness) (assertion batch 69),content,True,correctness:M3UnionFindJoin:68
lit/dafny4/UnionFind.dfy:refresh,M3.UnionFind.Join (correctness) (assertion batch 6),content,True,correctness:M3UnionFindJoin:5
lit/dafny4/UnionFind.dfy:refresh,M3.UnionFind.Join (well-formedness) (assertion batch 3),content,True,well-formedness:M3UnionFindJoin:2
lit/dafny4/UnionFind.dfy:refresh,M3.UnionFind.Join (correctness) (assertion batch 23),content,True,correctness:M3UnionFindJoin:22
lit/dafny4/UnionFind.dfy:refresh,M3.UnionFind.Join (correctness) (assertion batch 71),content,True,correctness:M3UnionFindJoin:70
lit/dafny4/UnionFind.dfy:refresh,M3.UnionFind.Join (correctness) (assertion batch 115),content,True,correctness:M3UnionFindJoin:114
lit/dafny4/UnionFind.dfy:refresh,M3.UnionFind.Join (correctness) (assertion batch 16),content,True,correctness:M3UnionFindJoin:15
lit/dafny4/UnionFind.dfy:refresh,M3.UnionFind.Join (correctness) (assertion batch 70),content,True,correctness:M3UnionFindJoin:69
lit/dafny4/UnionFind.dfy:refresh,M3.UnionFind.Join (correctness) (assertion batch 19),content,True,correctness:M3UnionFindJoin:18
lit/dafny4/UnionFind.dfy:refresh,M3.UnionFind.Join (correctness) (assertion batch 4),content,True,correctness:M3UnionFindJoin:3
lit/dafny4/UnionFind.dfy:refresh,M2.UnionFind.Reaches_SinkIsFunctionOfStart (correctness),unchanged,False,correctness:M2UnionFindReachesSinkIsFunctionOfStart:0
lit/dafny4/UnionFind.dfy:refresh,M3.UnionFind.Join (correctness) (assertion batch 1),content,True,correctness:M3UnionFindJoin:0
lit/dafny4/UnionFind.dfy:refresh,M0.UnionFind.Valid (well-formedness),unchanged,False,well-formedness:M0UnionFindValid:0
lit/dafny4/UnionFind.dfy:refresh,M0.UnionFind.Find (well-formedness),unchanged,False,well-formedness:M0UnionFindFind:0
lit/dafny4/UnionFind.dfy:refresh,M3.UnionFind.Join (correctness) (assertion batch 9),content,True,correctness:M3UnionFindJoin:8
lit/dafny4/UnionFind.dfy:refresh,M3.UnionFind.Join (correctness) (assertion batch 11),content,True,correctness:M3UnionFindJoin:10
lit/dafny4/UnionFind.dfy:refresh,M3.UnionFind.Join (correctness) (assertion batch 171),content,True,correctness:M3UnionFindJoin:170
lit/dafny4/UnionFind.dfy:refresh,M3.UnionFind.Join (correctness) (assertion batch 170),content,True,correctness:M3UnionFindJoin:169
lit/dafny4/UnionFind.dfy:refresh,M2.UnionFind.UpdateMaintainsReaches (well-formedness),unchanged,False,well-formedness:M2UnionFindUpdateMaintainsReaches:0
lit/dafny4/UnionFind.dfy:refresh,M0.UnionFind.ValidM1 (well-formedness),unchanged,False,well-formedness:M0UnionFindValidM1:0
lit/dafny4/UnionFind.dfy:refresh,M3.UnionFind.JoinMaintainsReaches0 (well-formedness),unchanged,False,well-formedness:M3UnionFindJoinMaintainsReaches0:0
lit/dafny4/UnionFind.dfy:refresh,M3.UnionFind.ReachUnaffectedByChangeFromRoot' (well-formedness),unmapped,,
lit/dafny4/UnionFind.dfy:refresh,M3.UnionFind.ExtendedReach' (well-formedness),unchanged,False,well-formedness:M3UnionFindExtendedReachk:0
lit/dafny4/UnionFind.dfy:refresh,M2.UnionFind.ConstructReach (well-formedness),unchanged,False,well-formedness:M2UnionFindConstructReach:0
lit/dafny4/UnionFind.dfy:refresh,M1.GoodCMap (well-formedness),unchanged,False,well-formedness:M1GoodCMap:0
lit/dafny4/UnionFind.dfy:refresh,M3.UnionFind.ReachUnaffectedByChangeFromRoot (well-formedness),unchanged,False,well-formedness:M3UnionFindReachUnaffectedByChangeFromRoot:0
lit/dafny4/UnionFind.dfy:refresh,M3.UnionFind.ExtendedReach (well-formedness),unchanged,False,well-formedness:M3UnionFindExtendedReach:0
lit/dafny4/UnionFind.dfy:refresh,M2.UnionFind.Reaches_SinkIsFunctionOfStart (well-formedness),unchanged,False,well-formedness:M2UnionFindReachesSinkIsFunctionOfStart:0
lit/dafny4/UnionFind.dfy:refresh,M1.MapsEqual (correctness),unchanged,False,correctness:M1MapsEqual:0
lit/dafny4/UnionFind.dfy:refresh,M1.MapsEqual (well-formedness),unchanged,False,well-formedness:M1MapsEqual:0
lit/dafny4/git-issue167.dfy:refresh,Main (correctness),content,True,correctness:Main:0
lit/dafny4/git-issue167.dfy:refresh,LetTest (correctness),unchanged,False,correctness:LetTest:0
lit/dafny4/git-issue167.dfy:refresh,Test.ConvertMap_AB (well-formedness),content,True,well-formedness:TestConvertMapAB:0
lit/dafny4/git-issue167.dfy:refresh,TestApply (correctness),unchanged,False,correctness:TestApply:0
lit/dafny4/git-issue27.dfy:refresh,word (well-formedness),unchanged,False,well-formedness:word:0
lit/dafny4/git-issue27.dfy:refresh,extract (well-formedness),content,True,well-formedness:extract:0
lit/dafny4/git-issue39.dfy:refresh,BitsAsInt (well-formedness),reordered,False,well-formedness:BitsAsInt:0
lit/dafny4/git-issue75.dfy:refresh,t (well-formedness),unchanged,False,well-formedness:t:0
lit/dafny4/git-issue75.dfy:refresh,L1 (correctness),content,True,correctness:L1:0
lit/dafny4/git-issue75.dfy:refresh,L2 (correctness),content,True,correctness:L2:0
lit/git-issues/git-issue-1158.dfy:refresh,Test (correctness),content,True,correctness:Test:0
lit/git-issues/git-issue-1163.dfy:refresh,MyClass.N (correctness),unchanged,False,correctness:MyClassN:0
lit/git-issues/git-issue-1163.dfy:refresh,MyClass.O (correctness),unchanged,False,correctness:MyClassO:0
lit/git-issues/git-issue-1163.dfy:refresh,MyClass.Q (correctness),content,True,correctness:MyClassQ:0
lit/git-issues/git-issue-1163.dfy:refresh,MyClass.SuchThat (correctness),unchanged,False,correctness:MyClassSuchThat:0
lit/git-issues/git-issue-1165.dfy:refresh,ModifiesClauses (correctness),unchanged,False,correctness:ModifiesClauses:0
lit/git-issues/git-issue-1165.dfy:refresh,TestMapMethod (correctness),content,True,correctness:TestMapMethod:0
lit/git-issues/git-issue-1165.dfy:refresh,ReadsClauses (well-formedness),unchanged,False,well-formedness:ReadsClauses:0
lit/git-issues/git-issue-1165.dfy:refresh,Fresh2 (correctness),unchanged,False,correctness:Fresh2:0
lit/git-issues/git-issue-1165.dfy:refresh,Fresh1 (correctness),unchanged,False,correctness:Fresh1:0
lit/git-issues/git-issue-1165.dfy:refresh,Fresh0 (correctness),unchanged,False,correctness:Fresh0:0
lit/git-issues/git-issue-2927.dfy:refresh,DafnyNaCl.R2256 (well-formedness),reordered,False,well-formedness:DafnyNaClR2256:0
lit/git-issues/git-issue-2927.dfy:refresh,DafnyNaCl.Index_16 (well-formedness),unchanged,False,well-formedness:DafnyNaClIndex16:0
lit/git-issues/git-issue-2927.dfy:refresh,DafnyNaCl.GF64 (well-formedness),reordered,False,well-formedness:DafnyNaClGF64:0
lit/git-issues/git-issue-2927.dfy:refresh,DafnyNaCl.Normal_GF64_OK (well-formedness),reordered,False,well-formedness:DafnyNaClNormalGF64OK:0
lit/git-issues/git-issue-2927.dfy:refresh,DafnyNaCl.Normal_GF64_Crashes (well-formedness),reordered,False,well-formedness:DafnyNaClNormalGF64Crashes:0
lit/git-issues/git-issue-2927.dfy:refresh,DafnyNaCl.GF64_Any_Limb (well-formedness),reordered,False,well-formedness:DafnyNaClGF64AnyLimb:0
lit/git-issues/git-issue-3320.dfy:refresh,SetComprehension (well-formedness),unchanged,False,well-formedness:SetComprehension:0
lit/git-issues/git-issue-3320.dfy:refresh,MapComprehension (well-formedness),content,True,well-formedness:MapComprehension:0
lit/git-issues/git-issue-3320.dfy:refresh,Main (correctness),unchanged,False,correctness:Main:0
lit/git-issues/git-issue-336.dfy:refresh,TestSet0 (correctness),unchanged,False,correctness:TestSet0:0
lit/git-issues/git-issue-336.dfy:refresh,TestMap (correctness),content,True,correctness:TestMap:0
lit/git-issues/git-issue-336.dfy:refresh,TestSet1 (correctness),content,False,correctness:TestSet1:0
lit/git-issues/git-issue-336.dfy:refresh,TestSet2 (correctness),unchanged,False,correctness:TestSet2:0
lit/git-issues/git-issue-3855.dfy:pinned,Memory.dynMove (correctness),content,True,correctness:MemorydynMove:0
lit/git-issues/git-issue-3855.dfy:pinned,Main1 (correctness),content,True,correctness:Main1:0
lit/git-issues/git-issue-3855.dfy:pinned,Memory.dynCopy (correctness),content,True,correctness:MemorydynCopy:0
lit/git-issues/git-issue-3855.dfy:pinned,Memory.fGC (correctness),content,True,correctness:MemoryfGC:0
lit/git-issues/git-issue-3855.dfy:pinned,Memory.fInitialise (correctness),content,True,correctness:MemoryfInitialise:0
lit/git-issues/git-issue-3855.dfy:pinned,Memory.fAddObject (correctness),content,True,correctness:MemoryfAddObject:0
lit/git-issues/git-issue-3855.dfy:pinned,Memory.dynNukeObject (correctness),content,True,correctness:MemorydynNukeObject:0
lit/git-issues/git-issue-3855.dfy:pinned,Memory.fNullify (correctness) (assertion batch 14),content,True,correctness:MemoryfNullify:13
lit/git-issues/git-issue-3855.dfy:pinned,Main (correctness),content,True,correctness:Main:0
lit/git-issues/git-issue-3855.dfy:pinned,Memory.fNullify (correctness) (assertion batch 6),content,True,correctness:MemoryfNullify:5
lit/git-issues/git-issue-3855.dfy:pinned,VeniceReferenceOK (well-formedness),unchanged,False,well-formedness:VeniceReferenceOK:0
lit/git-issues/git-issue-3855.dfy:pinned,MutsPointOnlyInSameRegion (well-formedness),unmapped,,
lit/git-issues/git-issue-3855.dfy:pinned,Memory.fNullify (correctness) (assertion batch 7),content,True,correctness:MemoryfNullify:6
lit/git-issues/git-issue-3855.dfy:pinned,Memory.fAddObject (well-formedness),content,True,well-formedness:MemoryfAddObject:0
lit/git-issues/git-issue-3855.dfy:pinned,Memory.Valid2 (well-formedness),content,True,well-formedness:MemoryValid2:0
lit/git-issues/git-issue-3855.dfy:pinned,Memory.fNullify (well-formedness) (assertion batch 14),content,True,well-formedness:MemoryfNullify:13
lit/git-issues/git-issue-3855.dfy:pinned,Memory.fNullify (well-formedness) (assertion batch 11),content,True,well-formedness:MemoryfNullify:10
lit/git-issues/git-issue-3855.dfy:pinned,Memory.fNullify (correctness) (assertion batch 12),content,True,correctness:MemoryfNullify:11
lit/git-issues/git-issue-3855.dfy:pinned,Memory.fNullify (well-formedness) (assertion batch 15),content,True,well-formedness:MemoryfNullify:14
lit/git-issues/git-issue-3855.dfy:pinned,Memory.fNullify (well-formedness) (assertion batch 8),content,True,well-formedness:MemoryfNullify:7
lit/git-issues/git-issue-3855.dfy:pinned,Memory._ctor (correctness),content,True,correctness:Memoryctor:0
lit/git-issues/git-issue-3855.dfy:pinned,Memory.fNullify (correctness) (assertion batch 9),content,True,correctness:MemoryfNullify:8
lit/git-issues/git-issue-3855.dfy:pinned,Memory.Valid2ImpliesValid (correctness),content,True,correctness:MemoryValid2ImpliesValid:0
lit/git-issues/git-issue-3855.dfy:pinned,Memory.fNullify (well-formedness) (assertion batch 10),content,True,well-formedness:MemoryfNullify:9
lit/git-issues/git-issue-3855.dfy:pinned,Memory.fNullify (well-formedness) (assertion batch 16),content,True,well-formedness:MemoryfNullify:15
lit/git-issues/git-issue-3855.dfy:pinned,Memory.fNullify (well-formedness) (assertion batch 9),content,True,well-formedness:MemoryfNullify:8
lit/git-issues/git-issue-3855.dfy:pinned,Memory.fNullify (well-formedness) (assertion batch 13),content,True,well-formedness:MemoryfNullify:12
lit/git-issues/git-issue-3855.dfy:pinned,Memory.fNullify (correctness) (assertion batch 11),content,True,correctness:MemoryfNullify:10
lit/git-issues/git-issue-3855.dfy:pinned,Memory.fNullify (well-formedness) (assertion batch 12),content,True,well-formedness:MemoryfNullify:11
lit/git-issues/git-issue-3855.dfy:pinned,Memory.fNullify (correctness) (assertion batch 10),content,True,correctness:MemoryfNullify:9
lit/git-issues/git-issue-3855.dfy:pinned,Memory.fNullify (correctness) (assertion batch 13),content,True,correctness:MemoryfNullify:12
lit/git-issues/git-issue-3855.dfy:pinned,Memory.fNullify (well-formedness) (assertion batch 18),content,True,well-formedness:MemoryfNullify:17
lit/git-issues/git-issue-3855.dfy:pinned,Memory.fNullify (well-formedness) (assertion batch 7),content,True,well-formedness:MemoryfNullify:6
lit/git-issues/git-issue-3855.dfy:pinned,Memory.fNullify (correctness) (assertion batch 8),content,True,correctness:MemoryfNullify:7
lit/git-issues/git-issue-3855.dfy:pinned,Memory.fNullify (well-formedness) (assertion batch 17),content,True,well-formedness:MemoryfNullify:16
lit/git-issues/git-issue-3855.dfy:pinned,Memory.Valid2ImpliesValid (well-formedness),content,True,well-formedness:MemoryValid2ImpliesValid:0
lit/git-issues/git-issue-3855.dfy:pinned,Memory.fInitialise (well-formedness),content,True,well-formedness:MemoryfInitialise:0
lit/git-issues/git-issue-3855.dfy:pinned,Memory.fGC (well-formedness),content,True,well-formedness:MemoryfGC:0
lit/git-issues/git-issue-3855.dfy:pinned,Memory.fNullify (well-formedness) (assertion batch 6),content,True,well-formedness:MemoryfNullify:5
lit/git-issues/git-issue-3855.dfy:pinned,Memory.Valid (well-formedness),content,True,well-formedness:MemoryValid:0
lit/git-issues/git-issue-3855.dfy:pinned,Memory.fNullify (correctness) (assertion batch 2),content,True,correctness:MemoryfNullify:1
lit/git-issues/git-issue-3855.dfy:pinned,Memory.fExists (well-formedness),content,True,well-formedness:MemoryfExists:0
lit/git-issues/git-issue-3855.dfy:pinned,Memory.fNullify (correctness) (assertion batch 1),content,True,correctness:MemoryfNullify:0
lit/git-issues/git-issue-3855.dfy:pinned,Memory.fNullify (correctness) (assertion batch 4),content,True,correctness:MemoryfNullify:3
lit/git-issues/git-issue-3855.dfy:pinned,Memory.fNullify (correctness) (assertion batch 3),content,True,correctness:MemoryfNullify:2
lit/git-issues/git-issue-3855.dfy:pinned,Memory.fRead (well-formedness),content,True,well-formedness:MemoryfRead:0
lit/git-issues/git-issue-3855.dfy:pinned,Memory.fNullify (correctness) (assertion batch 5),content,True,correctness:MemoryfNullify:4
lit/git-issues/git-issue-3855.dfy:pinned,Memory.wholeEnchilada (well-formedness),content,True,well-formedness:MemorywholeEnchilada:0
lit/git-issues/git-issue-3855.dfy:pinned,Memory.wholeEnchiladaNEW (well-formedness),content,True,well-formedness:MemorywholeEnchiladaNEW:0
lit/git-issues/git-issue-3855.dfy:pinned,staticMoveAsg (well-formedness),content,True,well-formedness:staticMoveAsg:0
lit/git-issues/git-issue-3855.dfy:pinned,Memory.heapExternalsZeroOrOneXXX (well-formedness),unmapped,,
lit/git-issues/git-issue-3855.dfy:pinned,staticMoveAsg (correctness),content,True,correctness:staticMoveAsg:0
lit/git-issues/git-issue-3855.dfy:pinned,Memory.dynMove (well-formedness),content,True,well-formedness:MemorydynMove:0
lit/git-issues/git-issue-3855.dfy:pinned,Memory.partitionOfJustHeapRegions (well-formedness),unmapped,,
lit/git-issues/git-issue-3855.dfy:pinned,Memory.partitionIntoRegions (well-formedness),content,True,well-formedness:MemorypartitionIntoRegions:0
lit/git-issues/git-issue-3855.dfy:pinned,staticCopyAsg (correctness),content,True,correctness:staticCopyAsg:0
lit/git-issues/git-issue-3855.dfy:pinned,Object._ctor (correctness),unchanged,False,correctness:Objectctor:0
lit/git-issues/git-issue-3855.dfy:pinned,Memory.dynCopy (well-formedness),content,True,well-formedness:MemorydynCopy:0
lit/git-issues/git-issue-3855.dfy:pinned,Memory.heapExternalsZeroOrOneEdges (well-formedness),unmapped,,
lit/git-issues/git-issue-3855.dfy:pinned,OnlyIMMsOKOutOfImms (correctness),content,True,correctness:OnlyIMMsOKOutOfImms:0
lit/git-issues/git-issue-3855.dfy:pinned,Memory.heapExternalsZeroOrOne (well-formedness),content,True,well-formedness:MemoryheapExternalsZeroOrOne:0
lit/git-issues/git-issue-3855.dfy:pinned,Memory.dynNukeObject (well-formedness),content,True,well-formedness:MemorydynNukeObject:0
lit/git-issues/git-issue-3855.dfy:pinned,OnlyIMMsOKOutOfImms (well-formedness),content,True,well-formedness:OnlyIMMsOKOutOfImms:0
lit/git-issues/git-issue-3855.dfy:pinned,Object.Valid (well-formedness),unchanged,False,well-formedness:ObjectValid:0
lit/git-issues/git-issue-3855.dfy:pinned,Memory.isosRefCountZeroOrOne (well-formedness),unchanged,False,well-formedness:MemoryisosRefCountZeroOrOne:0
lit/git-issues/git-issue-3855.dfy:pinned,staticCopyAsg (well-formedness),content,True,well-formedness:staticCopyAsg:0
lit/git-issues/git-issue-3855.dfy:pinned,Memory.refCountEdges (well-formedness),unchanged,False,well-formedness:MemoryrefCountEdges:0
lit/git-issues/git-issue-3855.dfy:pinned,Memory.incomingEdges (well-formedness),unchanged,False,well-formedness:MemoryincomingEdges:0
lit/git-issues/git-issue-3855.dfy:pinned,Memory.AllImmutablesAreImmutable (well-formedness),unmapped,,
lit/git-issues/git-issue-3855.dfy:pinned,Memory.justHeapExternalEdges (well-formedness),unchanged,False,well-formedness:MemoryjustHeapExternalEdges:0
lit/git-issues/git-issue-3855.dfy:pinned,Memory.RefCountDistributesOverDisjointEdges (correctness),unmapped,,
lit/git-issues/git-issue-3855.dfy:pinned,Memory.RefCountIsMonotonic (correctness),unchanged,False,correctness:MemoryRefCountIsMonotonic:0
lit/git-issues/git-issue-3855.dfy:pinned,Memory.edges (well-formedness),unchanged,False,well-formedness:Memoryedges:0
lit/git-issues/git-issue-3855.dfy:pinned,Memory.ObjectsAreValid (well-formedness),unchanged,False,well-formedness:MemoryObjectsAreValid:0
lit/git-issues/git-issue-3855.dfy:pinned,RemoveKey (well-formedness),content,True,well-formedness:RemoveKey:0
lit/git-issues/git-issue-3855.dfy:pinned,Memory.OutgoingReferencesAreInThisHeap (well-formedness),group,False,well-formedness:MemoryOutgoingReferencesAreInThisHea*
lit/git-issues/git-issue-3855.dfy:pinned,Object.AllFieldsContentsConsistentWithTheirDeclaration (well-formedness),group,False,well-formedness:ObjectAllFieldsContentsConsistentWithThe*
lit/git-issues/git-issue-3855.dfy:pinned,Memory.externalEdges (well-formedness),unchanged,False,well-formedness:MemoryexternalEdges:0
lit/git-issues/git-issue-3855.dfy:pinned,Memory.externalDistributesOverDisjointEdges (correctness),unmapped,,
lit/git-issues/git-issue-3855.dfy:pinned,MutsPointOnlyInSameRegion (correctness),unchanged,False,correctness:MutsPointOnlyInSameRegion:0
lit/git-issues/git-issue-3855.dfy:pinned,Object.AllFieldsAreDeclared (well-formedness),unchanged,False,well-formedness:ObjectAllFieldsAreDeclared:0
lit/git-issues/git-issue-3855.dfy:pinned,Object.outgoing (well-formedness),unchanged,False,well-formedness:Objectoutgoing:0
lit/git-issues/git-issue-3855.dfy:pinned,Memory.betterCopyDynamicCheck (well-formedness),unchanged,False,well-formedness:MemorybetterCopyDynamicCheck:0
lit/git-issues/git-issue-3855.dfy:pinned,Memory.fNullify (well-formedness) (assertion batch 5),unchanged,False,well-formedness:MemoryfNullify:4
lit/git-issues/git-issue-3855.dfy:pinned,Object.AllOutgoingReferencesAreVenice (well-formedness),group,False,well-formedness:ObjectAllOutgoingReferencesAreVenice*
lit/git-issues/git-issue-3855.dfy:pinned,Memory.justTheIsos (well-formedness),unchanged,False,well-formedness:MemoryjustTheIsos:0
lit/git-issues/git-issue-3855.dfy:pinned,Memory.fNullify (well-formedness) (assertion batch 3),unchanged,False,well-formedness:MemoryfNullify:2
lit/git-issues/git-issue-3855.dfy:pinned,Memory.mutsPointIntoSameRegionOrImmOrIso (well-formedness),group,False,well-formedness:MemorymutsPointIntoSameRegionOrImmOrIso*
lit/git-issues/git-issue-3855.dfy:pinned,Memory.betterMoveDynamicCheck (well-formedness),unchanged,False,well-formedness:MemorybetterMoveDynamicCheck:0
lit/git-issues/git-issue-3855.dfy:pinned,Memory.mutsPointIntoSameRegionOrImmOrIso (correctness),unchanged,False,correctness:MemorymutsPointIntoSameRegionOrImmOrIso:0
lit/git-issues/git-issue-3855.dfy:pinned,Memory.ownedBy (well-formedness),unchanged,False,well-formedness:MemoryownedBy:0
lit/git-issues/git-issue-3855.dfy:pinned,AssignmentCompatible (well-formedness),unmapped,,
lit/git-issues/git-issue-3855.dfy:pinned,Memory.ownershipRegionsAreDisjoint (correctness),unchanged,False,correctness:MemoryownershipRegionsAreDisjoint:0
lit/git-issues/git-issue-3855.dfy:pinned,Memory.fNullify (well-formedness) (assertion batch 4),unchanged,False,well-formedness:MemoryfNullify:3
lit/git-issues/git-issue-3855.dfy:pinned,Memory.fNullify (well-formedness) (assertion batch 2),unchanged,False,well-formedness:MemoryfNullify:1
lit/git-issues/git-issue-3855.dfy:pinned,Object.size (well-formedness),unchanged,False,well-formedness:Objectsize:0
lit/git-issues/git-issue-3855.dfy:pinned,Memory.fNullify (well-formedness) (assertion batch 1),unchanged,False,well-formedness:MemoryfNullify:0
lit/git-issues/git-issue-3855.dfy:pinned,Memory.HeapObjectsAreMonotonic (well-formedness),unmapped,,
lit/git-issues/git-issue-3855.dfy:pinned,Memory.allRegions (well-formedness),unchanged,False,well-formedness:MemoryallRegions:0
lit/git-issues/git-issue-3855.dfy:pinned,Memory.BiggerIsBigger (correctness),unchanged,False,correctness:MemoryBiggerIsBigger:0
lit/git-issues/git-issue-3855.dfy:pinned,RemoveKeys (well-formedness),unchanged,False,well-formedness:RemoveKeys:0
lit/git-issues/git-issue-3855.dfy:pinned,Status.PropagateFailure (well-formedness),unchanged,False,well-formedness:StatusPropagateFailure:0
lit/git-issues/git-issue-6535.dfy:refresh,Bad (correctness),content,True,correctness:Bad:0
lit/git-issues/git-issue-697b.dfy:refresh,EvenCell (well-formedness),unchanged,False,well-formedness:EvenCell:0
lit/git-issues/git-issue-697b.dfy:refresh,doubleEvenCell (well-formedness),unchanged,False,well-formedness:doubleEvenCell:0
lit/git-issues/git-issue-697b.dfy:refresh,Main (correctness),content,True,correctness:Main:0
lit/git-issues/git-issue-697j.dfy:refresh,Main (correctness),unchanged,False,correctness:Main:0
lit/git-issues/git-issue-697j.dfy:refresh,Regressions.Test0 (correctness),unchanged,False,correctness:RegressionsTest0:0
lit/git-issues/git-issue-697j.dfy:refresh,Tests.Test (correctness),unchanged,False,correctness:TestsTest:0
lit/git-issues/git-issue-697j.dfy:refresh,Tests.Cell5 (well-formedness),unchanged,False,well-formedness:TestsCell5:0
lit/git-issues/git-issue-697j.dfy:refresh,NewtypeSubsetType.CompilableTest (well-formedness),unchanged,False,well-formedness:NewtypeSubsetTypeCompilableTest:0
lit/git-issues/git-issue-697j.dfy:refresh,Regressions.NewByte (well-formedness),unchanged,False,well-formedness:RegressionsNewByte:0
lit/git-issues/git-issue-697j.dfy:refresh,NewtypeNewtype.Type6 (well-formedness),unchanged,False,well-formedness:NewtypeNewtypeType6:0
lit/git-issues/git-issue-697j.dfy:refresh,NewtypeNewtype.Type5 (well-formedness),unchanged,False,well-formedness:NewtypeNewtypeType5:0
lit/git-issues/git-issue-697j.dfy:refresh,NewtypeSubsetType.Test (correctness),content,False,correctness:NewtypeSubsetTypeTest:0
lit/git-issues/git-issue-697j.dfy:refresh,NewtypeNewtype.Test (correctness),content,False,correctness:NewtypeNewtypeTest:0
lit/git-issues/git-issue-697j.dfy:refresh,SubsetTypeNewtype.Test (correctness),content,False,correctness:SubsetTypeNewtypeTest:0
lit/git-issues/git-issue-697j.dfy:refresh,SubsetTypeNewtype.NonCompilableTestInt32 (well-formedness),unmapped,,
lit/git-issues/git-issue-697j.dfy:refresh,SubsetTypeSubsetType.Test (correctness),content,False,correctness:SubsetTypeSubsetTypeTest:0
lit/git-issues/git-issue-697j.dfy:refresh,MoreNativeTypes.Test (correctness),reordered,False,correctness:MoreNativeTypesTest:0
lit/git-issues/git-issue-697j.dfy:refresh,EvolvingNativeTypes.Test (correctness),content,False,correctness:EvolvingNativeTypesTest:0
lit/git-issues/git-issue-697j.dfy:refresh,Tests.PInt (well-formedness),unchanged,False,well-formedness:TestsPInt:0
lit/git-issues/git-issue-697j.dfy:refresh,Tests.PNat (well-formedness),unchanged,False,well-formedness:TestsPNat:0
lit/git-issues/git-issue-697j.dfy:refresh,NewtypeNewtype.NonCompilableTestInt32 (well-formedness),unmapped,,
lit/git-issues/git-issue-697j.dfy:refresh,NewtypeSubsetType.Type4 (well-formedness),unchanged,False,well-formedness:NewtypeSubsetTypeType4:0
lit/git-issues/git-issue-697j.dfy:refresh,Tests.MyPInt (well-formedness),unchanged,False,well-formedness:TestsMyPInt:0
lit/git-issues/git-issue-697j.dfy:refresh,NewtypeSubsetType.Type6 (well-formedness),unchanged,False,well-formedness:NewtypeSubsetTypeType6:0
lit/git-issues/git-issue-697j.dfy:refresh,Regressions.ByteBase (well-formedness),unchanged,False,well-formedness:RegressionsByteBase:0
lit/git-issues/git-issue-697j.dfy:refresh,NewtypeSubsetType.NonCompilableTestInt32 (well-formedness),unmapped,,
lit/git-issues/git-issue-697j.dfy:refresh,Regressions.Byyyte (well-formedness),unchanged,False,well-formedness:RegressionsByyyte:0
lit/git-issues/git-issue-697j.dfy:refresh,NewtypeSubsetType.NonCompilableTest (well-formedness),unchanged,False,well-formedness:NewtypeSubsetTypeNonCompilableTest:0
lit/git-issues/git-issue-697j.dfy:refresh,AnotherTest.SST (well-formedness),unchanged,False,well-formedness:AnotherTestSST:0
lit/git-issues/git-issue-697j.dfy:refresh,NewtypeSubsetType.Type2 (well-formedness),unchanged,False,well-formedness:NewtypeSubsetTypeType2:0
lit/git-issues/git-issue-697j.dfy:refresh,NewtypeSubsetType.Type0 (well-formedness),unchanged,False,well-formedness:NewtypeSubsetTypeType0:0
lit/git-issues/git-issue-697j.dfy:refresh,Tests.MyPNat (well-formedness),unchanged,False,well-formedness:TestsMyPNat:0
lit/git-issues/git-issue-697j.dfy:refresh,Regressions.Filter (well-formedness),unchanged,False,well-formedness:RegressionsFilter:0
lit/git-issues/git-issue-697j.dfy:refresh,NewtypeNewtype.NonCompilableTest (well-formedness),unchanged,False,well-formedness:NewtypeNewtypeNonCompilableTest:0
lit/git-issues/git-issue-697j.dfy:refresh,EvolvingNativeTypes.byte (well-formedness),unchanged,False,well-formedness:EvolvingNativeTypesbyte:0
lit/git-issues/git-issue-697j.dfy:refresh,EvolvingNativeTypes.Not7Either (well-formedness),unchanged,False,well-formedness:EvolvingNativeTypesNot7Either:0
lit/git-issues/git-issue-697j.dfy:refresh,MoreNativeTypes.Int32e (well-formedness),unchanged,False,well-formedness:MoreNativeTypesInt32e:0
lit/git-issues/git-issue-697j.dfy:refresh,NewtypeNewtype.Type2 (well-formedness),unchanged,False,well-formedness:NewtypeNewtypeType2:0
lit/git-issues/git-issue-697j.dfy:refresh,MoreNativeTypes.Int32f (well-formedness),unchanged,False,well-formedness:MoreNativeTypesInt32f:0
lit/git-issues/git-issue-697j.dfy:refresh,MoreNativeTypes.Int32c (well-formedness),unchanged,False,well-formedness:MoreNativeTypesInt32c:0
lit/git-issues/git-issue-697j.dfy:refresh,EvolvingNativeTypes.uint32 (well-formedness),unchanged,False,well-formedness:EvolvingNativeTypesuint32:0
lit/git-issues/git-issue-697j.dfy:refresh,SubsetTypeNewtype.Type2 (well-formedness),unchanged,False,well-formedness:SubsetTypeNewtypeType2:0
lit/git-issues/git-issue-697j.dfy:refresh,NewtypeNewtype.Type3 (well-formedness),unchanged,False,well-formedness:NewtypeNewtypeType3:0
lit/git-issues/git-issue-697j.dfy:refresh,SubsetTypeSubsetType.NonCompilableTestInt32 (well-formedness),group,False,well-formedness:SubsetTypeSubsetTypeNonCompilableTestInt32*
lit/git-issues/git-issue-697j.dfy:refresh,SubsetTypeNewtype.Type4 (well-formedness),unchanged,False,well-formedness:SubsetTypeNewtypeType4:0
lit/git-issues/git-issue-697j.dfy:refresh,MoreNativeTypes.Int32d (well-formedness),unchanged,False,well-formedness:MoreNativeTypesInt32d:0
lit/git-issues/git-issue-697j.dfy:refresh,NewtypeNewtype.Type0 (well-formedness),unchanged,False,well-formedness:NewtypeNewtypeType0:0
lit/git-issues/git-issue-697j.dfy:refresh,SubsetTypeNewtype.CompilableTest (well-formedness),unchanged,False,well-formedness:SubsetTypeNewtypeCompilableTest:0
lit/git-issues/git-issue-697j.dfy:refresh,SubsetTypeSubsetType.Type2 (well-formedness),unchanged,False,well-formedness:SubsetTypeSubsetTypeType2:0
lit/git-issues/git-issue-697j.dfy:refresh,NewtypeNewtype.CompilableTest (well-formedness),unchanged,False,well-formedness:NewtypeNewtypeCompilableTest:0
lit/git-issues/git-issue-697j.dfy:refresh,MoreNativeTypes.Int32b (well-formedness),unchanged,False,well-formedness:MoreNativeTypesInt32b:0
lit/git-issues/git-issue-697j.dfy:refresh,SubsetTypeSubsetType.NonCompilableTest (well-formedness),unmapped,,
lit/git-issues/git-issue-697j.dfy:refresh,SubsetTypeNewtype.Type3 (well-formedness),unchanged,False,well-formedness:SubsetTypeNewtypeType3:0
lit/git-issues/git-issue-697j.dfy:refresh,SubsetTypeNewtype.Type0 (well-formedness),unchanged,False,well-formedness:SubsetTypeNewtypeType0:0
lit/git-issues/git-issue-697j.dfy:refresh,SubsetTypeNewtype.NonCompilableTest (well-formedness),unchanged,False,well-formedness:SubsetTypeNewtypeNonCompilableTest:0
lit/git-issues/git-issue-697j.dfy:refresh,SubsetTypeSubsetType.Type6 (well-formedness),unchanged,False,well-formedness:SubsetTypeSubsetTypeType6:0
lit/git-issues/git-issue-697j.dfy:refresh,NewtypeNewtype.Type4 (well-formedness),unchanged,False,well-formedness:NewtypeNewtypeType4:0
lit/git-issues/git-issue-697j.dfy:refresh,NewtypeNewtype.Type1 (well-formedness),unchanged,False,well-formedness:NewtypeNewtypeType1:0
lit/git-issues/git-issue-697j.dfy:refresh,Regressions.byte (well-formedness),unchanged,False,well-formedness:Regressionsbyte:0
lit/git-issues/git-issue-697j.dfy:refresh,SubsetTypeSubsetType.Type4 (well-formedness),unchanged,False,well-formedness:SubsetTypeSubsetTypeType4:0
lit/git-issues/git-issue-697j.dfy:refresh,SubsetTypeNewtype.Type6 (well-formedness),unchanged,False,well-formedness:SubsetTypeNewtypeType6:0
lit/git-issues/git-issue-697j.dfy:refresh,MoreNativeTypes.Int32a (well-formedness),unchanged,False,well-formedness:MoreNativeTypesInt32a:0
lit/git-issues/git-issue-697j.dfy:refresh,SubsetTypeNewtype.Type1 (well-formedness),unchanged,False,well-formedness:SubsetTypeNewtypeType1:0
lit/git-issues/git-issue-697j.dfy:refresh,SubsetTypeNewtype.Type5 (well-formedness),unchanged,False,well-formedness:SubsetTypeNewtypeType5:0
lit/git-issues/git-issue-697j.dfy:refresh,SubsetTypeSubsetType.Type0 (well-formedness),unchanged,False,well-formedness:SubsetTypeSubsetTypeType0:0
lit/git-issues/git-issue-697j.dfy:refresh,MoreNativeTypes.LoSubset (well-formedness),unchanged,False,well-formedness:MoreNativeTypesLoSubset:0
lit/git-issues/git-issue-697j.dfy:refresh,EvolvingNativeTypes.Nat (well-formedness),unchanged,False,well-formedness:EvolvingNativeTypesNat:0
lit/git-issues/git-issue-697j.dfy:refresh,MoreNativeTypes.LoNewtype (well-formedness),unchanged,False,well-formedness:MoreNativeTypesLoNewtype:0
lit/git-issues/git-issue-697j.dfy:refresh,SubsetTypeSubsetType.CompilableTest (well-formedness),unchanged,False,well-formedness:SubsetTypeSubsetTypeCompilableTest:0
lit/git-issues/git-issue-851.dfy:refresh,Main (correctness),unchanged,False,correctness:Main:0
lit/git-issues/git-issue-851.dfy:refresh,OtherBindersInStatements.Forall1 (correctness),unchanged,False,correctness:OtherBindersInStatementsForall1:0
lit/git-issues/git-issue-851.dfy:refresh,OtherBindersInExpressions.MapComprehension2 (well-formedness),group,True,well-formedness:OtherBindersInExpressionsMapComprehens*
lit/git-issues/git-issue-851.dfy:refresh,OtherBindersInStatements.Forall0 (correctness),unchanged,False,correctness:OtherBindersInStatementsForall0:0
lit/git-issues/git-issue-851.dfy:refresh,ExampleA.BadGhost (well-formedness),unchanged,False,well-formedness:ExampleABadGhost:0
lit/git-issues/git-issue-851.dfy:refresh,OtherBindersInExpressions.MapComprehension3 (well-formedness),group,True,well-formedness:OtherBindersInExpressionsMapComprehens*
lit/git-issues/git-issue-851.dfy:refresh,OtherBindersInExpressions.Lambda (well-formedness),unmapped,,
lit/git-issues/git-issue-851.dfy:refresh,OtherBindersInStatements.MapComprehension2 (correctness),unmapped,,
lit/git-issues/git-issue-851.dfy:refresh,OtherBindersInExpressions.MapComprehension1 (well-formedness),group,True,well-formedness:OtherBindersInExpressionsMapComprehens*
lit/git-issues/git-issue-851.dfy:refresh,OtherBindersInStatements.MapComprehension3 (correctness),unmapped,,
lit/git-issues/git-issue-851.dfy:refresh,OtherBindersInStatements.Lambda (correctness),unchanged,False,correctness:OtherBindersInStatementsLambda:0
lit/git-issues/git-issue-851.dfy:refresh,OtherBindersInExpressions.Forall1 (well-formedness),unmapped,,
lit/git-issues/git-issue-851.dfy:refresh,OtherBindersInExpressions.Forall0 (well-formedness),unmapped,,
lit/git-issues/git-issue-851.dfy:refresh,OtherBindersInStatements.MapComprehension1 (correctness),unmapped,,
lit/git-issues/git-issue-851.dfy:refresh,OtherBindersInStatements.MapComprehension0 (correctness),unmapped,,
lit/git-issues/git-issue-851.dfy:refresh,OtherBindersInExpressions.MapComprehension0 (well-formedness),group,True,well-formedness:OtherBindersInExpressionsMapComprehens*
lit/git-issues/git-issue-851.dfy:refresh,ExampleA.Test (correctness),unchanged,False,correctness:ExampleATest:0
lit/git-issues/git-issue-851.dfy:refresh,OtherBindersInStatements.SetComprehension1 (correctness),unmapped,,
lit/git-issues/git-issue-851.dfy:refresh,OtherBindersInStatements.SetComprehension0 (correctness),unmapped,,
lit/git-issues/git-issue-851.dfy:refresh,ExampleB.BadSuchThatGhost (correctness),unchanged,False,correctness:ExampleBBadSuchThatGhost:0
lit/git-issues/git-issue-851.dfy:refresh,OtherBindersInExpressions.SetComprehension1 (well-formedness),group,False,well-formedness:OtherBindersInExpressionsSetComprehens*
lit/git-issues/git-issue-851.dfy:refresh,OtherBindersInStatements.Exists (correctness),unchanged,False,correctness:OtherBindersInStatementsExists:0
lit/git-issues/git-issue-851.dfy:refresh,OtherBindersInExpressions.SetComprehension0 (well-formedness),group,False,well-formedness:OtherBindersInExpressionsSetComprehens*
lit/git-issues/git-issue-851.dfy:refresh,ExampleB.BadCompiled (correctness),unchanged,False,correctness:ExampleBBadCompiled:0
lit/git-issues/git-issue-851.dfy:refresh,OtherBindersInExpressions.Forall3 (well-formedness),unmapped,,
lit/git-issues/git-issue-851.dfy:refresh,OtherBindersInExpressions.Exists (well-formedness),unmapped,,
lit/git-issues/git-issue-851.dfy:refresh,OtherBindersInExpressions.Forall2 (well-formedness),unmapped,,
lit/git-issues/git-issue-851.dfy:refresh,ExampleA_Compiled.BadCompiled (well-formedness),unmapped,,
lit/git-issues/git-issue-851.dfy:refresh,ExampleB.BadGhost (correctness),unchanged,False,correctness:ExampleBBadGhost:0
lit/git-issues/git-issue-851.dfy:refresh,ExampleD.Test (correctness),unchanged,False,correctness:ExampleDTest:0
lit/git-issues/git-issue-851.dfy:refresh,ExampleA_Compiled.C.F (well-formedness),unchanged,False,well-formedness:ExampleACompiledCF:0
lit/git-issues/git-issue-851.dfy:refresh,ExampleA.C.F (well-formedness),unchanged,False,well-formedness:ExampleACF:0
lit/git-issues/git-issue-851.dfy:refresh,ExampleC.Fine1 (correctness),unchanged,False,correctness:ExampleCFine1:0
lit/git-issues/git-issue-851.dfy:refresh,ExampleB.Test (correctness),unchanged,False,correctness:ExampleBTest:0
lit/git-issues/git-issue-851.dfy:refresh,ExampleC.IfCase (correctness),unchanged,False,correctness:ExampleCIfCase:0
lit/git-issues/git-issue-851.dfy:refresh,ExampleC.Fine0 (correctness),unchanged,False,correctness:ExampleCFine0:0
lit/git-issues/github-issue-4483.dfy:refresh,uint64 (well-formedness),unchanged,False,well-formedness:uint64:0
lit/git-issues/github-issue-4483.dfy:refresh,Foo (correctness),reordered,False,correctness:Foo:0
lit/proof-obligation-desc/comprehension-no-alias.dfy:refresh,ComprehensionNoAlias (well-formedness),group,True,well-formedness:Comprehensi*
lit/unicodecharsFalse/comp/Arrays.dfy:refresh,Coercions (correctness),unchanged,False,correctness:Coercions:0
lit/unicodecharsFalse/comp/Arrays.dfy:refresh,LinearSearch (well-formedness),unchanged,False,well-formedness:LinearSearch:0
lit/unicodecharsFalse/comp/Arrays.dfy:refresh,LinearSearch (correctness),unchanged,False,correctness:LinearSearch:0
lit/unicodecharsFalse/comp/Arrays.dfy:refresh,Index (correctness),unchanged,False,correctness:Index:0
lit/unicodecharsFalse/comp/Arrays.dfy:refresh,NativeArrays.Test (correctness),unchanged,False,correctness:NativeArraysTest:0
lit/unicodecharsFalse/comp/Arrays.dfy:refresh,ArrayToSeq.Test (correctness),unchanged,False,correctness:ArrayToSeqTest:0
lit/unicodecharsFalse/comp/Arrays.dfy:refresh,More (correctness),reordered,False,correctness:More:0
lit/unicodecharsFalse/comp/Arrays.dfy:refresh,ArrayAllocationInitialization.TestMatrixTypeParameter (correctness),group,False,correctness:ArrayAllocationInitializationTestMatrixType*
lit/unicodecharsFalse/comp/Arrays.dfy:refresh,MoreArrays.TestEqualityOfSomeNonArraysToo (correctness),group,False,correctness:MoreArraysTestEqualityOfSomeNonArraysTo*
lit/unicodecharsFalse/comp/Arrays.dfy:refresh,MultipleDimensions (correctness),unchanged,False,correctness:MultipleDimensions:0
lit/unicodecharsFalse/comp/Arrays.dfy:refresh,ArrayAllocationInitialization.TestChar (correctness),unmapped,,
lit/unicodecharsFalse/comp/Arrays.dfy:refresh,ArrayAllocationInitialization.TestMatrixAutoInit (correctness),group,False,correctness:ArrayAllocationInitializationTestMatrixAuto*
lit/unicodecharsFalse/comp/Arrays.dfy:refresh,MoreArrays.StringToByteArray (correctness),unchanged,False,correctness:MoreArraysStringToByteArray:0
lit/unicodecharsFalse/comp/Arrays.dfy:refresh,CharValues (correctness),unchanged,False,correctness:CharValues:0
lit/unicodecharsFalse/comp/Arrays.dfy:refresh,ArrayAllocationInitialization.TestTypeParameter (correctness),group,False,correctness:ArrayAllocationInitializationTestTypeParame*
lit/unicodecharsFalse/comp/Arrays.dfy:refresh,ArrayAllocationInitialization.TestAutoInit (correctness),group,False,correctness:ArrayAllocationInitializationTestAutoIn*
lit/unicodecharsFalse/comp/Arrays.dfy:refresh,ArrayAllocationInitialization.TestByte (correctness),unmapped,,
lit/unicodecharsFalse/comp/Arrays.dfy:refresh,MoreWithDefaults (correctness),reordered,False,correctness:MoreWithDefaults:0
lit/unicodecharsFalse/comp/Arrays.dfy:refresh,Cell._ctor (correctness),unchanged,False,correctness:Cellctor:0
lit/unicodecharsFalse/comp/Arrays.dfy:refresh,DiagMatrix (correctness),unchanged,False,correctness:DiagMatrix:0
lit/unicodecharsFalse/comp/Arrays.dfy:refresh,NativeArrays.TestVariousFlavorsOfIndices (correctness),group,False,correctness:NativeArraysTestVariousFlavorsOfIndices*
lit/unicodecharsFalse/comp/Arrays.dfy:refresh,VariationsOnIndexAndDimensionTypes.TestMatrix (correctness),group,False,correctness:VariationsOnIndexAndDimensionTypesTestMatri*
lit/unicodecharsFalse/comp/Arrays.dfy:refresh,ArrayAllocationInitialization.TestNonAutoInit (correctness),group,False,correctness:ArrayAllocationInitializationTestNonAutoIni*
lit/unicodecharsFalse/comp/Arrays.dfy:refresh,InitTests (correctness),unchanged,False,correctness:InitTests:0
lit/unicodecharsFalse/comp/Arrays.dfy:refresh,ArrayAllocationInitialization.M2S (well-formedness),group,False,well-formedness:ArrayAllocationInitializationM2S*
lit/unicodecharsFalse/comp/Arrays.dfy:refresh,TypeSynonym.buffer (well-formedness),unchanged,False,well-formedness:TypeSynonymbuffer:0
lit/unicodecharsFalse/comp/Arrays.dfy:refresh,Main (correctness),unchanged,False,correctness:Main:0
lit/unicodecharsFalse/comp/Arrays.dfy:refresh,SimultaneousAssignment.Test (correctness),unchanged,False,correctness:SimultaneousAssignmentTest:0
lit/unicodecharsFalse/comp/Arrays.dfy:refresh,Cell.FArray (well-formedness),unchanged,False,well-formedness:CellFArray:0
lit/unicodecharsFalse/comp/Arrays.dfy:refresh,VariationsOnIndexAndDimensionTypes.TestArray (correctness),group,False,correctness:VariationsOnIndexAndDimensionTypesTestArray*
lit/unicodecharsFalse/comp/Arrays.dfy:refresh,TypeSpecialization.Char (correctness),unchanged,False,correctness:TypeSpecializationChar:0
lit/unicodecharsFalse/comp/Arrays.dfy:refresh,TypeSpecialization.Test (correctness),unchanged,False,correctness:TypeSpecializationTest:0
lit/unicodecharsFalse/comp/Arrays.dfy:refresh,ArrayAllocationInitialization.MatrixToSequence (well-formedness),group,False,well-formedness:ArrayAllocationInitializationMat*
lit/unicodecharsFalse/comp/Arrays.dfy:refresh,Cell._ctor (well-formedness),unchanged,False,well-formedness:Cellctor:0
lit/unicodecharsFalse/comp/Arrays.dfy:refresh,TypeSynonym.BufferTest (correctness),content,False,correctness:TypeSynonymBufferTest:0
lit/unicodecharsFalse/comp/Arrays.dfy:refresh,Cell.UArray (correctness),unchanged,False,correctness:CellUArray:0
lit/unicodecharsFalse/comp/Arrays.dfy:refresh,TypeSynonym.Test (correctness),content,False,correctness:TypeSynonymTest:0
lit/unicodecharsFalse/comp/Arrays.dfy:refresh,NativeArrays.PrintArray (correctness),unchanged,False,correctness:NativeArraysPrintArray:0
lit/unicodecharsFalse/comp/Arrays.dfy:refresh,TypeSpecialization.Byte (correctness),unchanged,False,correctness:TypeSpecializationByte:0
lit/unicodecharsFalse/comp/Arrays.dfy:refresh,MoreArrays.WriteLine (correctness),unchanged,False,correctness:MoreArraysWriteLine:0
lit/unicodecharsFalse/comp/Arrays.dfy:refresh,lowercase (well-formedness),unchanged,False,well-formedness:lowercase:0
lit/unicodecharsFalse/comp/Arrays.dfy:refresh,TypeSpecialization.Int (correctness),unchanged,False,correctness:TypeSpecializationInt:0
lit/unicodecharsFalse/comp/Arrays.dfy:refresh,PrintArray (correctness),unchanged,False,correctness:PrintArray:0
lit/unicodecharsFalse/comp/Arrays.dfy:refresh,PrintMatrix (correctness),unchanged,False,correctness:PrintMatrix:0
lit/unicodecharsFalse/comp/Arrays.dfy:refresh,PrintArrayArray (correctness),unchanged,False,correctness:PrintArrayArray:0
lit/unicodecharsFalse/comp/Arrays.dfy:refresh,Cell.MArray2 (correctness),unchanged,False,correctness:CellMArray2:0
lit/unicodecharsFalse/comp/Arrays.dfy:refresh,Cell.MArray (correctness),unchanged,False,correctness:CellMArray:0
lit/unicodecharsFalse/comp/Arrays.dfy:refresh,MoreArrays.Test (correctness),unchanged,False,correctness:MoreArraysTest:0
lit/unicodecharsFalse/comp/Arrays.dfy:refresh,xnByte (well-formedness),unchanged,False,well-formedness:xnByte:0
lit/unicodecharsFalse/comp/Arrays.dfy:refresh,TypeSpecialization.Byte (well-formedness),unmapped,,
lit/unicodecharsFalse/comp/Arrays.dfy:refresh,TypeSpecialization.Char (well-formedness),unmapped,,
lit/unicodecharsFalse/comp/Arrays.dfy:refresh,TypeSpecialization.Int (well-formedness),unmapped,,
lit/unicodecharsFalse/comp/Arrays.dfy:refresh,GenericArrayEquality.Test (correctness),unchanged,False,correctness:GenericArrayEqualityTest:0
lit/unicodecharsFalse/comp/Arrays.dfy:refresh,ArrayAllocationInitialization.CharF (well-formedness),group,False,well-formedness:ArrayAllocationInitializationCha*
lit/unicodecharsFalse/comp/Arrays.dfy:refresh,VariationsOnIndexAndDimensionTypes.F (well-formedness),unmapped,,
lit/unicodecharsFalse/comp/Arrays.dfy:refresh,TypeSynonym.uint8 (well-formedness),unchanged,False,well-formedness:TypeSynonymuint8:0
lit/unicodecharsFalse/comp/Arrays.dfy:refresh,ArrayAllocationInitialization.AutoInitF (well-formedness),group,False,well-formedness:ArrayAllocationInitializationAutoInit*
lit/unicodecharsFalse/comp/Arrays.dfy:refresh,ArrayAllocationInitialization.ByteF2 (well-formedness),group,False,well-formedness:ArrayAllocationInitializationByt*
lit/unicodecharsFalse/comp/Arrays.dfy:refresh,ArrayAllocationInitialization.ByteF (well-formedness),group,False,well-formedness:ArrayAllocationInitializationByt*
lit/unicodecharsFalse/comp/Arrays.dfy:refresh,ychar (well-formedness),unchanged,False,well-formedness:ychar:0
lit/unicodecharsFalse/comp/Arrays.dfy:refresh,ArrayAllocationInitialization.AutoInitF2 (well-formedness),group,False,well-formedness:ArrayAllocationInitializationAutoInit*
lit/unicodecharsFalse/comp/Arrays.dfy:refresh,zchar (well-formedness),unchanged,False,well-formedness:zchar:0
lit/unicodecharsFalse/comp/Arrays.dfy:refresh,ArrayAllocationInitialization.NonAutoInitF (well-formedness),group,False,well-formedness:ArrayAllocationInitializationNon*
lit/unicodecharsFalse/comp/Arrays.dfy:refresh,xchar (well-formedness),unchanged,False,well-formedness:xchar:0
lit/unicodecharsFalse/comp/Arrays.dfy:refresh,NativeArrays.byte (well-formedness),unchanged,False,well-formedness:NativeArraysbyte:0
lit/unicodecharsFalse/comp/Arrays.dfy:refresh,NativeArrays.onebyte (well-formedness),unchanged,False,well-formedness:NativeArraysonebyte:0
lit/unicodecharsFalse/comp/Arrays.dfy:refresh,short (well-formedness),unchanged,False,well-formedness:short:0
lit/unicodecharsFalse/comp/Arrays.dfy:refresh,ArrayToSeq.byte (well-formedness),unchanged,False,well-formedness:ArrayToSeqbyte:0
lit/unicodecharsFalse/comp/Arrays.dfy:refresh,ArrayAllocationInitialization.AutoInit (well-formedness),group,False,well-formedness:ArrayAllocationInitializationAutoInit*
lit/unicodecharsFalse/comp/Arrays.dfy:refresh,BV10 (well-formedness),unchanged,False,well-formedness:BV10:0
lit/unicodecharsFalse/comp/Arrays.dfy:refresh,MoreArrays.byte (well-formedness),unchanged,False,well-formedness:MoreArraysbyte:0
lit/unicodecharsFalse/comp/Arrays.dfy:refresh,nByte (well-formedness),unchanged,False,well-formedness:nByte:0
lit/unicodecharsFalse/comp/Arrays.dfy:refresh,nInt (well-formedness),unchanged,False,well-formedness:nInt:0
lit/unicodecharsFalse/comp/Arrays.dfy:refresh,xnInt (well-formedness),unchanged,False,well-formedness:xnInt:0
lit/unicodecharsFalse/comp/Arrays.dfy:refresh,xnLong (well-formedness),unchanged,False,well-formedness:xnLong:0
lit/unicodecharsFalse/comp/Arrays.dfy:refresh,xnShort (well-formedness),unchanged,False,well-formedness:xnShort:0
lit/unicodecharsFalse/comp/Arrays.dfy:refresh,VariationsOnIndexAndDimensionTypes.Long (well-formedness),group,False,well-formedness:VariationsOnIndexAndDimensionTypesLong*
lit/unicodecharsFalse/comp/Arrays.dfy:refresh,ArrayAllocationInitialization.byte (well-formedness),unmapped,,
lit/unicodecharsFalse/comp/Arrays.dfy:refresh,ubyte (well-formedness),unchanged,False,well-formedness:ubyte:0
lit/unicodecharsFalse/comp/Arrays.dfy:refresh,TypeSpecialization.byte (well-formedness),unchanged,False,well-formedness:TypeSpecializationbyte:0
lit/unicodecharsFalse/comp/Arrays.dfy:refresh,VariationsOnIndexAndDimensionTypes.byte (well-formedness),group,False,well-formedness:VariationsOnIndexAndDimensionTypesbyte*
lit/unicodecharsFalse/comp/Arrays.dfy:refresh,VariationsOnIndexAndDimensionTypes.onebyte (well-formedness),group,False,well-formedness:VariationsOnIndexAndDimensionTypesonebyte*
lit/unicodecharsFalse/comp/Arrays.dfy:refresh,Yes (well-formedness),unchanged,False,well-formedness:Yes:0
lit/unicodecharsFalse/comp/Arrays.dfy:refresh,xBV10 (well-formedness),unchanged,False,well-formedness:xBV10:0
lit/unicodecharsFalse/comp/Arrays.dfy:refresh,nShort (well-formedness),unchanged,False,well-formedness:nShort:0
lit/unicodecharsFalse/comp/Arrays.dfy:refresh,nLong (well-formedness),unchanged,False,well-formedness:nLong:0
lit/unicodecharsFalse/comp/Arrays.dfy:refresh,xYes (well-formedness),unchanged,False,well-formedness:xYes:0
lit/unicodecharsFalse/comp/Arrays.dfy:refresh,VariationsOnIndexAndDimensionTypes.Test (correctness),group,False,correctness:VariationsOnIndexAndDimensionTypesTest*
lit/unicodecharsFalse/comp/Arrays.dfy:refresh,ArrayAllocationInitialization.Test (correctness),unmapped,,
lit/unicodecharsFalse/comp/Comprehensions.dfy:refresh,Main (correctness),unchanged,False,correctness:Main:0
lit/unicodecharsFalse/comp/Comprehensions.dfy:refresh,Even (well-formedness),unchanged,False,well-formedness:Even:0
lit/unicodecharsFalse/comp/Comprehensions.dfy:refresh,LetSuchThat (correctness),unchanged,False,correctness:LetSuchThat:0
lit/unicodecharsFalse/comp/Comprehensions.dfy:refresh,Enumerations (correctness),content,True,correctness:Enumerations:0
lit/unicodecharsFalse/comp/Comprehensions.dfy:refresh,EnumerationRegression.Test (correctness),unmapped,,
lit/unicodecharsFalse/comp/Comprehensions.dfy:refresh,EnumerationsMaybeNull (correctness),unmapped,,
lit/unicodecharsFalse/comp/Comprehensions.dfy:refresh,AltControlFlow (correctness),unchanged,False,correctness:AltControlFlow:0
lit/unicodecharsFalse/comp/Comprehensions.dfy:refresh,TestImplicitTypeTests.Test (correctness),unmapped,,
lit/unicodecharsFalse/comp/Comprehensions.dfy:refresh,Sequences (correctness),unchanged,False,correctness:Sequences:0
lit/unicodecharsFalse/comp/Comprehensions.dfy:refresh,FindRangeBindingGuardAlt (correctness),group,False,correctness:FindRangeBindingGuardAlt*
lit/unicodecharsFalse/comp/Comprehensions.dfy:refresh,EnumerationRegression.ToSeq (correctness),unmapped,,
lit/unicodecharsFalse/comp/Comprehensions.dfy:refresh,AssignSuchThat (correctness),unchanged,False,correctness:AssignSuchThat:0
lit/unicodecharsFalse/comp/Comprehensions.dfy:refresh,SetComprehension2 (correctness),unmapped,,
lit/unicodecharsFalse/comp/Comprehensions.dfy:refresh,FindRange (well-formedness),unmapped,,
lit/unicodecharsFalse/comp/Comprehensions.dfy:refresh,FindRange (correctness),unchanged,False,correctness:FindRange:0
lit/unicodecharsFalse/comp/Comprehensions.dfy:refresh,SetComprehension0 (correctness),unmapped,,
lit/unicodecharsFalse/comp/Comprehensions.dfy:refresh,EnumerationRegression.AlsoLong (well-formedness),group,False,well-formedness:EnumerationRegressionAlsoLong*
lit/unicodecharsFalse/comp/Comprehensions.dfy:refresh,FindRangeIf (correctness),unchanged,False,correctness:FindRangeIf:0
lit/unicodecharsFalse/comp/Comprehensions.dfy:refresh,FindRangeBindingGuard (correctness),unmapped,,
lit/unicodecharsFalse/comp/Comprehensions.dfy:refresh,TestCollectionEmptiness (correctness),group,False,correctness:TestCollectionEmptiness*
lit/unicodecharsFalse/comp/Comprehensions.dfy:refresh,MapComprehension (correctness),content,True,correctness:MapComprehension:0
lit/unicodecharsFalse/comp/Comprehensions.dfy:refresh,SetComprehension1 (correctness),unmapped,,
lit/unicodecharsFalse/comp/Comprehensions.dfy:refresh,GoNil (correctness),unchanged,False,correctness:GoNil:0
lit/unicodecharsFalse/comp/Comprehensions.dfy:refresh,FindRangeBindingGuard (well-formedness),group,False,well-formedness:FindRangeBindingG*
lit/unicodecharsFalse/comp/Comprehensions.dfy:refresh,FindRangeIf (well-formedness),unmapped,,
lit/unicodecharsFalse/comp/Comprehensions.dfy:refresh,FindRangeBindingGuardAlt (well-formedness),group,False,well-formedness:FindRangeBindingG*
lit/unicodecharsFalse/comp/Comprehensions.dfy:refresh,ObjectTests.Test (correctness),unchanged,False,correctness:ObjectTestsTest:0
lit/unicodecharsFalse/comp/Comprehensions.dfy:refresh,EnumerationRegression.Digit (well-formedness),group,False,well-formedness:EnumerationRegressionDig*
lit/unicodecharsFalse/comp/Comprehensions.dfy:refresh,NewtypeRangeRegression.Test (correctness),unmapped,,
lit/unicodecharsFalse/comp/Comprehensions.dfy:refresh,EnumerationRegression.Long (well-formedness),unmapped,,
lit/unicodecharsFalse/comp/Comprehensions.dfy:refresh,SetComprehension (correctness),unchanged,False,correctness:SetComprehension:0
lit/unicodecharsFalse/comp/Comprehensions.dfy:refresh,OutParamsUnderLambdas (correctness),unmapped,,
std/Collections/Imap.dfy,Std.Collections.Imap.RemoveKeys (well-formedness),content,True,well-formedness:StdCollectionsImapRemoveKeys:0
std/Collections/Imap.dfy,Std.Collections.Imap.Get (well-formedness),unchanged,False,well-formedness:StdCollectionsImapGet:0
std/Collections/Imap.dfy,Std.Collections.Imap.Restrict (well-formedness),content,True,well-formedness:StdCollectionsImapRestrict:0
std/Collections/Imap.dfy,Std.Collections.Imap.MonotonicFrom (well-formedness),unchanged,False,well-formedness:StdCollectionsImapMonotonicFrom:0
std/Collections/Imap.dfy,Std.Collections.Imap.Monotonic (well-formedness),unchanged,False,well-formedness:StdCollectionsImapMonotonic:0
std/Collections/Imap.dfy,Std.Collections.Imap.RemoveKey (well-formedness),content,True,well-formedness:StdCollectionsImapRemoveKey:0
std/Collections/Imap.dfy,Std.Collections.Imap.EqualOnKey (well-formedness),unchanged,False,well-formedness:StdCollectionsImapEqualOnKey:0
std/Collections/Imap.dfy,Std.Collections.Imap.Union (well-formedness),unchanged,False,well-formedness:StdCollectionsImapUnion:0
std/Collections/Imap.dfy,Std.Collections.Imap.LemmaInvertIsInjective (correctness),content,True,correctness:StdCollectionsImapLemmaInvertIsInjective:0
std/Collections/Imap.dfy,Std.Collections.Imap.Invert (well-formedness),content,True,well-formedness:StdCollectionsImapInvert:0
std/Collections/Imap.dfy,Std.Collections.Imap.Injective (well-formedness),unchanged,False,well-formedness:StdCollectionsImapInjective:0
std/Collections/Map.dfy,Std.Collections.Map.ToImap (well-formedness),content,True,well-formedness:StdCollectionsMapToImap:0
std/Collections/Map.dfy,Std.Collections.Map.Get (well-formedness),unchanged,False,well-formedness:StdCollectionsMapGet:0
std/Collections/Map.dfy,Std.Collections.Map.Remove (well-formedness),content,True,well-formedness:StdCollectionsMapRemove:0
std/Collections/Map.dfy,Std.Collections.Map.Restrict (well-formedness),content,True,well-formedness:StdCollectionsMapRestrict:0
std/Collections/Map.dfy,Std.Collections.Map.Invert (well-formedness),content,True,well-formedness:StdCollectionsMapInvert:0
std/Collections/Map.dfy,Std.Collections.Map.Injective (well-formedness),unchanged,False,well-formedness:StdCollectionsMapInjective:0
std/Collections/Map.dfy,Std.Collections.Map.LemmaDisjointUnionSize (correctness),unchanged,False,correctness:StdCollectionsMapLemmaDisjointUnionSize:0
std/Collections/Map.dfy,Std.Collections.Map.Union (well-formedness),unchanged,False,well-formedness:StdCollectionsMapUnion:0
std/Collections/Map.dfy,Std.Collections.Map.RemoveKeys (well-formedness),unchanged,False,well-formedness:StdCollectionsMapRemoveKeys:0
std/Collections/Map.dfy,Std.Collections.Map.LemmaInvertIsInjective (correctness),content,True,correctness:StdCollectionsMapLemmaInvertIsInjective:0
std/Collections/Map.dfy,Std.Collections.Map.MonotonicFrom (well-formedness),unchanged,False,well-formedness:StdCollectionsMapMonotonicFrom:0
std/Collections/Map.dfy,Std.Collections.Map.Monotonic (well-formedness),unchanged,False,well-formedness:StdCollectionsMapMonotonic:0
std/Collections/Map.dfy,Std.Collections.Map.EqualOnKey (well-formedness),unchanged,False,well-formedness:StdCollectionsMapEqualOnKey:0
std/JSON/ConcreteSyntax.SpecProperties.dfy,Std.JSON.ConcreteSyntax.SpecProperties.Bracketed_Morphism_Requires (well-formedness),group,False,well-formedness:StdJSONConcreteSyntaxSpecProperties*
std/JSON/ConcreteSyntax.SpecProperties.dfy,Std.JSON.ConcreteSyntax.SpecProperties.Bracketed_Morphism (well-formedness),group,False,well-formedness:StdJSONConcreteSyntaxSpecProperties*
std/JSON/ConcreteSyntax.SpecProperties.dfy,Std.JSON.ConcreteSyntax.SpecProperties.Bracketed_Morphism (correctness),group,False,correctness:StdJSONConcreteSyntaxSpecPropertiesBracket*
std/JSON/ConcreteSyntax.SpecProperties.dfy,Std.JSON.ConcreteSyntax.SpecProperties.ConcatBytes_Linear (correctness),group,False,correctness:StdJSONConcreteSyntaxSpecPropertiesConcatB*
std/JSON/ConcreteSyntax.SpecProperties.dfy,Std.JSON.ConcreteSyntax.SpecProperties.ConcatBytes_Morphism (well-formedness),group,False,well-formedness:StdJSONConcreteSyntaxSpecProperties*
std/JSON/ConcreteSyntax.SpecProperties.dfy,Std.JSON.ConcreteSyntax.SpecProperties.ConcatBytes_Morphism (correctness),group,False,correctness:StdJSONConcreteSyntaxSpecPropertiesConcatB*
std/JSON/ConcreteSyntax.SpecProperties.dfy,Std.JSON.ConcreteSyntax.SpecProperties.ConcatBytes_Linear (well-formedness),group,False,well-formedness:StdJSONConcreteSyntaxSpecProperties*
std/JSON/Serializer.dfy,Std.JSON.Serializer.Number (well-formedness) (assertion batch 11),reordered,False,well-formedness:StdJSONSerializerNumber:10
std/JSON/Serializer.dfy,Std.JSON.Serializer.Array (well-formedness),reordered,False,well-formedness:StdJSONSerializerArray:0
std/JSON/Serializer.dfy,Std.JSON.Serializer.Object (well-formedness),reordered,False,well-formedness:StdJSONSerializerObject:0
std/JSON/Serializer.dfy,Std.JSON.Serializer.Value (well-formedness),reordered,False,well-formedness:StdJSONSerializerValue:0
std/JSON/Serializer.dfy,Std.JSON.Serializer.KeyValue (well-formedness),reordered,False,well-formedness:StdJSONSerializerKeyValue:0
std/JSON/Serializer.dfy,Std.JSON.Serializer.JSON (well-formedness),reordered,False,well-formedness:StdJSONSerializerJSON:0
std/JSON/Serializer.dfy,Std.JSON.Serializer.String (well-formedness),reordered,False,well-formedness:StdJSONSerializerString:0
std/JSON/Serializer.dfy,Std.JSON.Serializer.Number (well-formedness) (assertion batch 3),reordered,False,well-formedness:StdJSONSerializerNumber:2
std/JSON/Serializer.dfy,Std.JSON.Serializer.bytes32 (well-formedness),reordered,False,well-formedness:StdJSONSerializerbytes32:0
std/JSON/Serializer.dfy,Std.JSON.Serializer.string32 (well-formedness),reordered,False,well-formedness:StdJSONSerializerstring32:0
std/JSON/Serializer.dfy,Std.JSON.Serializer.Number (well-formedness) (assertion batch 13),reordered,False,well-formedness:StdJSONSerializerNumber:12
std/JSON/Serializer.dfy,Std.JSON.Serializer.Number (well-formedness) (assertion batch 10),reordered,False,well-formedness:StdJSONSerializerNumber:9
std/JSON/Serializer.dfy,Std.JSON.Serializer.Number (well-formedness) (assertion batch 8),reordered,False,well-formedness:StdJSONSerializerNumber:7
std/JSON/Serializer.dfy,Std.JSON.Serializer.Number (well-formedness) (assertion batch 7),reordered,False,well-formedness:StdJSONSerializerNumber:6
std/JSON/Serializer.dfy,Std.JSON.Serializer.Number (well-formedness) (assertion batch 1),reordered,False,well-formedness:StdJSONSerializerNumber:0
std/JSON/Serializer.dfy,Std.JSON.Serializer.Number (well-formedness) (assertion batch 2),reordered,False,well-formedness:StdJSONSerializerNumber:1
std/JSON/Serializer.dfy,Std.JSON.Serializer.Number (well-formedness) (assertion batch 9),reordered,False,well-formedness:StdJSONSerializerNumber:8
std/JSON/Serializer.dfy,Std.JSON.Serializer.Number (well-formedness) (assertion batch 6),reordered,False,well-formedness:StdJSONSerializerNumber:5
std/JSON/Serializer.dfy,Std.JSON.Serializer.Number (well-formedness) (assertion batch 12),reordered,False,well-formedness:StdJSONSerializerNumber:11
std/JSON/Serializer.dfy,Std.JSON.Serializer.Number (well-formedness) (assertion batch 4),reordered,False,well-formedness:StdJSONSerializerNumber:3
std/JSON/Serializer.dfy,Std.JSON.Serializer.Number (well-formedness) (assertion batch 5),reordered,False,well-formedness:StdJSONSerializerNumber:4
std/JSON/Serializer.dfy,Std.JSON.Serializer.Int (well-formedness),reordered,False,well-formedness:StdJSONSerializerInt:0
std/JSON/Serializer.dfy,Std.JSON.Serializer.Int' (well-formedness),unchanged,False,well-formedness:StdJSONSerializerIntk:0
std/JSON/Serializer.dfy,Std.JSON.Serializer.Sign (well-formedness),reordered,False,well-formedness:StdJSONSerializerSign:0
std/JSON/Serializer.dfy,Std.JSON.Serializer.COLON (well-formedness),reordered,False,well-formedness:StdJSONSerializerCOLON:0
std/JSON/Serializer.dfy,Std.JSON.Serializer.COMMA (well-formedness),reordered,False,well-formedness:StdJSONSerializerCOMMA:0
std/JSON/Serializer.dfy,Std.JSON.Serializer.MkSuffixedSequence (well-formedness),unchanged,False,well-formedness:StdJSONSerializerMkSuffixedSequence:0
std/JSON/Serializer.dfy,Std.JSON.Serializer.Bool (well-formedness),reordered,False,well-formedness:StdJSONSerializerBool:0
std/JSON/Serializer.dfy,Std.JSON.Serializer.MkStructural (well-formedness),reordered,False,well-formedness:StdJSONSerializerMkStructural:0
std/JSON/Serializer.dfy,Std.JSON.Serializer.MINUS (well-formedness),unchanged,False,well-formedness:StdJSONSerializerMINUS:0
std/JSON/Utils/Cursors.dfy,Std.JSON.Utils.Cursors.Cursor_.SkipWhile (correctness),reordered,False,correctness:StdJSONUtilsCursorsCursorSkipWhile:0
std/JSON/Utils/Cursors.dfy,Std.JSON.Utils.Cursors.Split.BytesSplitFrom? (well-formedness),reordered,False,well-formedness:StdJSONUtilsCursorsSplitBytesSplitFromq:0
std/JSON/Utils/Cursors.dfy,Std.JSON.Utils.Cursors.Cursor_.AssertBytes (well-formedness),reordered,False,well-formedness:StdJSONUtilsCursorsCursorAssertBytes:0
std/JSON/Utils/Cursors.dfy,Std.JSON.Utils.Cursors.Split.SplitFrom? (well-formedness),reordered,False,well-formedness:StdJSONUtilsCursorsSplitSplitFromq:0
std/JSON/Utils/Cursors.dfy,Std.JSON.Utils.Cursors.Cursor_.SkipWhileLexer (correctness),reordered,False,correctness:StdJSONUtilsCursorsCursorSkipWhileLexer:0
std/JSON/Utils/Cursors.dfy,Std.JSON.Utils.Cursors.Cursor_.Split (well-formedness),reordered,False,well-formedness:StdJSONUtilsCursorsCursorSplit:0
std/JSON/Utils/Cursors.dfy,Std.JSON.Utils.Cursors.CursorError.ToString (well-formedness),unchanged,False,well-formedness:StdJSONUtilsCursorsCursorErrorToString:0
std/JSON/Utils/Cursors.dfy,Std.JSON.Utils.Cursors.Cursor_.SkipWhileLexer (well-formedness),reordered,False,well-formedness:StdJSONUtilsCursorsCursorSkipWhileLexer:0
std/JSON/Utils/Cursors.dfy,Std.JSON.Utils.Cursors.Cursor_.SkipWhile (well-formedness),reordered,False,well-formedness:StdJSONUtilsCursorsCursorSkipWhile:0
std/JSON/Utils/Cursors.dfy,Std.JSON.Utils.Cursors.Cursor_.Get (well-formedness),reordered,False,well-formedness:StdJSONUtilsCursorsCursorGet:0
std/JSON/Utils/Cursors.dfy,Std.JSON.Utils.Cursors.Split.StrictlySplitFrom? (well-formedness),reordered,False,well-formedness:StdJSONUtilsCursorsSplitStrictlySplitFromq:0
std/JSON/Utils/Cursors.dfy,Std.JSON.Utils.Cursors.Cursor_.AssertByte (well-formedness),reordered,False,well-formedness:StdJSONUtilsCursorsCursorAssertByte:0
std/JSON/Utils/Cursors.dfy,Std.JSON.Utils.Cursors.Cursor_.AssertChar (well-formedness),reordered,False,well-formedness:StdJSONUtilsCursorsCursorAssertChar:0
std/JSON/Utils/Cursors.dfy,Std.JSON.Utils.Cursors.Cursor_.SkipIf (well-formedness),reordered,False,well-formedness:StdJSONUtilsCursorsCursorSkipIf:0
std/JSON/Utils/Cursors.dfy,Std.JSON.Utils.Cursors.Cursor_.OfView (well-formedness),reordered,False,well-formedness:StdJSONUtilsCursorsCursorOfView:0
std/JSON/Utils/Cursors.dfy,Std.JSON.Utils.Cursors.Cursor_.StrictSuffixOf? (well-formedness),reordered,False,well-formedness:StdJSONUtilsCursorsCursorStrictSuffixOfq:0
std/JSON/Utils/Cursors.dfy,Std.JSON.Utils.Cursors.Cursor_.SuffixLength (well-formedness),reordered,False,well-formedness:StdJSONUtilsCursorsCursorSuffixLength:0
std/JSON/Utils/Cursors.dfy,Std.JSON.Utils.Cursors.Cursor_.AdvancedFrom? (well-formedness),reordered,False,well-formedness:StdJSONUtilsCursorsCursorAdvancedFromq:0
std/JSON/Utils/Cursors.dfy,Std.JSON.Utils.Cursors.Cursor_.StrictlyAdvancedFrom? (well-formedness),unmapped,,
std/JSON/Utils/Cursors.dfy,Std.JSON.Utils.Cursors.Cursor_.SkipByte (well-formedness),reordered,False,well-formedness:StdJSONUtilsCursorsCursorSkipByte:0
std/JSON/Utils/Cursors.dfy,Std.JSON.Utils.Cursors.Cursor_.SuffixAt (well-formedness),reordered,False,well-formedness:StdJSONUtilsCursorsCursorSuffixAt:0
std/JSON/Utils/Cursors.dfy,Std.JSON.Utils.Cursors.Cursor_.Skip (well-formedness),reordered,False,well-formedness:StdJSONUtilsCursorsCursorSkip:0
std/JSON/Utils/Cursors.dfy,Std.JSON.Utils.Cursors.Cursor_.Suffix (well-formedness),reordered,False,well-formedness:StdJSONUtilsCursorsCursorSuffix:0
std/JSON/Utils/Cursors.dfy,Std.JSON.Utils.Cursors.Cursor_.LookingAt (well-formedness),reordered,False,well-formedness:StdJSONUtilsCursorsCursorLookingAt:0
std/JSON/Utils/Cursors.dfy,Std.JSON.Utils.Cursors.Cursor_.Prefix (well-formedness),reordered,False,well-formedness:StdJSONUtilsCursorsCursorPrefix:0
std/JSON/Utils/Cursors.dfy,Std.JSON.Utils.Cursors.Cursor_.SplitFrom? (well-formedness),reordered,False,well-formedness:StdJSONUtilsCursorsCursorSplitFromq:0
std/JSON/Utils/Cursors.dfy,Std.JSON.Utils.Cursors.Cursor_.Peek (well-formedness),reordered,False,well-formedness:StdJSONUtilsCursorsCursorPeek:0
std/JSON/Utils/Cursors.dfy,Std.JSON.Utils.Cursors.Cursor_.SuffixOf? (well-formedness),reordered,False,well-formedness:StdJSONUtilsCursorsCursorSuffixOfq:0
std/JSON/Utils/Cursors.dfy,Std.JSON.Utils.Cursors.Cursor_.StrictlySplitFrom? (well-formedness),unmapped,,
std/JSON/Utils/Cursors.dfy,Std.JSON.Utils.Cursors.Cursor_.Unskip (well-formedness),reordered,False,well-formedness:StdJSONUtilsCursorsCursorUnskip:0
std/JSON/Utils/Cursors.dfy,Std.JSON.Utils.Cursors.Cursor_.Bytes (well-formedness),reordered,False,well-formedness:StdJSONUtilsCursorsCursorBytes:0
std/JSON/Utils/Cursors.dfy,Std.JSON.Utils.Cursors.Cursor_.PrefixSuffixLength (well-formedness),unmapped,,
std/JSON/Utils/Cursors.dfy,Std.JSON.Utils.Cursors.Cursor_.At (well-formedness),reordered,False,well-formedness:StdJSONUtilsCursorsCursorAt:0
std/JSON/Utils/Cursors.dfy,Std.JSON.Utils.Cursors.Cursor_.PrefixSuffixLength (correctness),reordered,False,correctness:StdJSONUtilsCursorsCursorPrefixSuffixLength:0
std/JSON/Utils/Cursors.dfy,Std.JSON.Utils.Cursors.Cursor_.OfBytes (well-formedness),reordered,False,well-formedness:StdJSONUtilsCursorsCursorOfBytes:0
std/JSON/Utils/Cursors.dfy,Std.JSON.Utils.Cursors.Cursor_.PrefixLength (well-formedness),reordered,False,well-formedness:StdJSONUtilsCursorsCursorPrefixLength:0
std/JSON/Utils/Cursors.dfy,Std.JSON.Utils.Cursors.Cursor_.Length (well-formedness),reordered,False,well-formedness:StdJSONUtilsCursorsCursorLength:0
std/JSON/Utils/Cursors.dfy,Std.JSON.Utils.Cursors.FreshCursor (well-formedness),reordered,False,well-formedness:StdJSONUtilsCursorsFreshCursor:0
std/JSON/Utils/Cursors.dfy,Std.JSON.Utils.Cursors.Cursor (well-formedness),reordered,False,well-formedness:StdJSONUtilsCursorsCursor:0
std/JSON/Utils/Parsers.dfy,Std.JSON.Utils.Parsers.Parser (well-formedness),reordered,False,well-formedness:StdJSONUtilsParsersParser:0
std/JSON/Utils/Parsers.dfy,Std.JSON.Utils.Parsers.Parser_.Valid? (well-formedness),reordered,False,well-formedness:StdJSONUtilsParsersParserValidq:0
std/JSON/Utils/Parsers.dfy,Std.JSON.Utils.Parsers.SubParser_.Valid? (well-formedness),reordered,False,well-formedness:StdJSONUtilsParsersSubParserValidq:0
std/JSON/Utils/Parsers.dfy,Std.JSON.Utils.Parsers.ParserWitness (well-formedness),reordered,False,well-formedness:StdJSONUtilsParsersParserWitness:0
std/JSON/Utils/Parsers.dfy,Std.JSON.Utils.Parsers.SubParser (well-formedness),reordered,False,well-formedness:StdJSONUtilsParsersSubParser:0
std/JSON/Utils/Parsers.dfy,Std.JSON.Utils.Parsers.SubParserWitness (well-formedness),unmapped,,
std/JSON/Utils/Views.Writers.dfy,Std.JSON.Utils.Views.Writers.Chain.Count (well-formedness),reordered,False,well-formedness:StdJSONUtilsViewsWritersChainCount:0
std/JSON/Utils/Views.Writers.dfy,Std.JSON.Utils.Views.Writers.Chain.Length (well-formedness),reordered,False,well-formedness:StdJSONUtilsViewsWritersChainLength:0
std/JSON/Utils/Views.Writers.dfy,Std.JSON.Utils.Views.Writers.Chain.CopyTo (correctness),reordered,False,correctness:StdJSONUtilsViewsWritersChainCopyTo:0
std/JSON/Utils/Views.Writers.dfy,Std.JSON.Utils.Views.Writers.Writer_.Append (well-formedness),unmapped,,
std/JSON/Utils/Views.Writers.dfy,Std.JSON.Utils.Views.Writers.Writer_.ToArray (correctness),reordered,False,correctness:StdJSONUtilsViewsWritersWriterToArray:0
std/JSON/Utils/Views.Writers.dfy,Std.JSON.Utils.Views.Writers.Writer_.CopyTo (well-formedness),unmapped,,
std/JSON/Utils/Views.Writers.dfy,Std.JSON.Utils.Views.Writers.Writer_.ToArray (well-formedness),unmapped,,
std/JSON/Utils/Views.Writers.dfy,Std.JSON.Utils.Views.Writers.Chain.Append (well-formedness),reordered,False,well-formedness:StdJSONUtilsViewsWritersChainAppend:0
std/JSON/Utils/Views.Writers.dfy,Std.JSON.Utils.Views.Writers.Writer_.CopyTo (correctness),reordered,False,correctness:StdJSONUtilsViewsWritersWriterCopyTo:0
std/JSON/Utils/Views.Writers.dfy,Std.JSON.Utils.Views.Writers.Writer_.Bytes (well-formedness),unmapped,,
std/JSON/Utils/Views.Writers.dfy,Std.JSON.Utils.Views.Writers.Writer_.Valid? (well-formedness),unmapped,,
std/JSON/Utils/Views.Writers.dfy,Std.JSON.Utils.Views.Writers.Chain.CopyTo (well-formedness),reordered,False,well-formedness:StdJSONUtilsViewsWritersChainCopyTo:0
std/JSON/Utils/Views.Writers.dfy,Std.JSON.Utils.Views.Writers.Writer_.Then (well-formedness),unmapped,,
std/JSON/Utils/Views.Writers.dfy,Std.JSON.Utils.Views.Writers.Chain.Bytes (well-formedness),reordered,False,well-formedness:StdJSONUtilsViewsWritersChainBytes:0
std/JSON/Utils/Views.Writers.dfy,Std.JSON.Utils.Views.Writers.Writer_.Empty (well-formedness),unmapped,,
std/JSON/Utils/Views.Writers.dfy,Std.JSON.Utils.Views.Writers.Writer (well-formedness),reordered,False,well-formedness:StdJSONUtilsViewsWritersWriter:0
std/JSON/Utils/Views.Writers.dfy,Std.JSON.Utils.Views.Writers.Writer_.SaturatedAddU32 (well-formedness),group,False,well-formedness:StdJSONUtilsViewsWritersWriterSaturatedAddU32*
std/JSON/ZeroCopy/API.dfy,Std.JSON.ZeroCopy.API.Deserialize (well-formedness),reordered,False,well-formedness:StdJSONZeroCopyAPIDeserialize:0
std/JSON/ZeroCopy/API.dfy,Std.JSON.ZeroCopy.API.Serialize (well-formedness),reordered,False,well-formedness:StdJSONZeroCopyAPISerialize:0
std/JSON/ZeroCopy/API.dfy,Std.JSON.ZeroCopy.API.SerializeInto (correctness),reordered,False,correctness:StdJSONZeroCopyAPISerializeInto:0
std/JSON/ZeroCopy/API.dfy,Std.JSON.ZeroCopy.API.SerializeAlloc (well-formedness),reordered,False,well-formedness:StdJSONZeroCopyAPISerializeAlloc:0
std/JSON/ZeroCopy/API.dfy,Std.JSON.ZeroCopy.API.SerializeAlloc (correctness),reordered,False,correctness:StdJSONZeroCopyAPISerializeAlloc:0
std/JSON/ZeroCopy/API.dfy,Std.JSON.ZeroCopy.API.SerializeInto (well-formedness),reordered,False,well-formedness:StdJSONZeroCopyAPISerializeInto:0
std/JSON/ZeroCopy/Deserializer.dfy,Std.JSON.ZeroCopy.Deserializer.Core.Structural (well-formedness) (assertion batch 5),group,False,well-formedness:StdJSONZeroCopyDeserializerCoreStruc*
std/JSON/ZeroCopy/Deserializer.dfy,Std.JSON.ZeroCopy.Deserializer.Numbers.Exp (well-formedness) (assertion batch 16),group,False,well-formedness:StdJSONZeroCopyDeserializerNumbersEx*
std/JSON/ZeroCopy/Deserializer.dfy,Std.JSON.ZeroCopy.Deserializer.Arrays.Array (well-formedness) (assertion batch 19),group,False,well-formedness:StdJSONZeroCopyDeserializerArraysArr*
std/JSON/ZeroCopy/Deserializer.dfy,Std.JSON.ZeroCopy.Deserializer.Numbers.Exp (well-formedness) (assertion batch 17),group,False,well-formedness:StdJSONZeroCopyDeserializerNumbersEx*
std/JSON/ZeroCopy/Deserializer.dfy,Std.JSON.ZeroCopy.Deserializer.Values.Value (well-formedness) (assertion batch 56),group,False,well-formedness:StdJSONZeroCopyDeserializerValuesVal*
std/JSON/ZeroCopy/Deserializer.dfy,Std.JSON.ZeroCopy.Deserializer.Core.TryStructural (well-formedness),group,False,well-formedness:StdJSONZeroCopyDeserializerCoreTrySt*
std/JSON/ZeroCopy/Deserializer.dfy,Std.JSON.ZeroCopy.Deserializer.Values.Value (well-formedness) (assertion batch 302),group,False,well-formedness:StdJSONZeroCopyDeserializerValuesVal*
std/JSON/ZeroCopy/Deserializer.dfy,Std.JSON.ZeroCopy.Deserializer.API.Text (well-formedness),group,False,well-formedness:StdJSONZeroCopyDeserializerAPITe*
std/JSON/ZeroCopy/Deserializer.dfy,Std.JSON.ZeroCopy.Deserializer.Arrays.Array (well-formedness) (assertion batch 18),group,False,well-formedness:StdJSONZeroCopyDeserializerArraysArr*
std/JSON/ZeroCopy/Deserializer.dfy,Std.JSON.ZeroCopy.Deserializer.Sequences.Elements (well-formedness) (assertion batch 3),group,False,well-formedness:StdJSONZeroCopyDeserializerSequences*
std/JSON/ZeroCopy/Deserializer.dfy,Std.JSON.ZeroCopy.Deserializer.Values.Value (well-formedness) (assertion batch 384),group,False,well-formedness:StdJSONZeroCopyDeserializerValuesVal*
std/JSON/ZeroCopy/Deserializer.dfy,Std.JSON.ZeroCopy.Deserializer.Values.Value (well-formedness) (assertion batch 365),group,False,well-formedness:StdJSONZeroCopyDeserializerValuesVal*
std/JSON/ZeroCopy/Deserializer.dfy,Std.JSON.ZeroCopy.Deserializer.Values.Value (well-formedness) (assertion batch 57),group,False,well-formedness:StdJSONZeroCopyDeserializerValuesVal*
std/JSON/ZeroCopy/Deserializer.dfy,Std.JSON.ZeroCopy.Deserializer.Values.Value (well-formedness) (assertion batch 385),group,False,well-formedness:StdJSONZeroCopyDeserializerValuesVal*
std/JSON/ZeroCopy/Deserializer.dfy,Std.JSON.ZeroCopy.Deserializer.Values.Value (well-formedness) (assertion batch 303),group,False,well-formedness:StdJSONZeroCopyDeserializerValuesVal*
std/JSON/ZeroCopy/Deserializer.dfy,Std.JSON.ZeroCopy.Deserializer.Sequences.Elements (well-formedness) (assertion batch 142),group,False,well-formedness:StdJSONZeroCopyDeserializerSequences*
std/JSON/ZeroCopy/Deserializer.dfy,Std.JSON.ZeroCopy.Deserializer.Sequences.Elements (well-formedness) (assertion batch 4),group,False,well-formedness:StdJSONZeroCopyDeserializerSequences*
std/JSON/ZeroCopy/Deserializer.dfy,Std.JSON.ZeroCopy.Deserializer.Values.Value (well-formedness) (assertion batch 364),group,False,well-formedness:StdJSONZeroCopyDeserializerValuesVal*
std/JSON/ZeroCopy/Deserializer.dfy,Std.JSON.ZeroCopy.Deserializer.Values.Value (well-formedness) (assertion batch 373),group,False,well-formedness:StdJSONZeroCopyDeserializerValuesVal*
std/JSON/ZeroCopy/Deserializer.dfy,Std.JSON.ZeroCopy.Deserializer.Sequences.Elements (well-formedness) (assertion batch 151),group,False,well-formedness:StdJSONZeroCopyDeserializerSequences*
std/JSON/ZeroCopy/Deserializer.dfy,Std.JSON.ZeroCopy.Deserializer.API.JSON (well-formedness) (assertion batch 3),group,False,well-formedness:StdJSONZeroCopyDeserializerAPIJS*
std/JSON/ZeroCopy/Deserializer.dfy,Std.JSON.ZeroCopy.Deserializer.Sequences.Elements (well-formedness) (assertion batch 163),group,False,well-formedness:StdJSONZeroCopyDeserializerSequences*
std/JSON/ZeroCopy/Deserializer.dfy,Std.JSON.ZeroCopy.Deserializer.Numbers.Exp (well-formedness) (assertion batch 15),group,False,well-formedness:StdJSONZeroCopyDeserializerNumbersEx*
std/JSON/ZeroCopy/Deserializer.dfy,Std.JSON.ZeroCopy.Deserializer.Sequences.Elements (well-formedness) (assertion batch 141),group,False,well-formedness:StdJSONZeroCopyDeserializerSequences*
std/JSON/ZeroCopy/Deserializer.dfy,Std.JSON.ZeroCopy.Deserializer.API.JSON (well-formedness) (assertion batch 4),group,False,well-formedness:StdJSONZeroCopyDeserializerAPIJS*
std/JSON/ZeroCopy/Deserializer.dfy,Std.JSON.ZeroCopy.Deserializer.Sequences.Elements (well-formedness) (assertion batch 164),group,False,well-formedness:StdJSONZeroCopyDeserializerSequences*
std/JSON/ZeroCopy/Deserializer.dfy,Std.JSON.ZeroCopy.Deserializer.API.JSON (well-formedness) (assertion batch 1),group,False,well-formedness:StdJSONZeroCopyDeserializerAPIJS*
std/JSON/ZeroCopy/Deserializer.dfy,Std.JSON.ZeroCopy.Deserializer.Values.Value (well-formedness) (assertion batch 366),group,False,well-formedness:StdJSONZeroCopyDeserializerValuesVal*
std/JSON/ZeroCopy/Deserializer.dfy,Std.JSON.ZeroCopy.Deserializer.API.JSON (well-formedness) (assertion batch 2),group,False,well-formedness:StdJSONZeroCopyDeserializerAPIJS*
std/JSON/ZeroCopy/Deserializer.dfy,Std.JSON.ZeroCopy.Deserializer.API.OfBytes (well-formedness),group,False,well-formedness:StdJSONZeroCopyDeserializerAPIOfByte*
std/JSON/ZeroCopy/Deserializer.dfy,Std.JSON.ZeroCopy.Deserializer.Values.Value (well-formedness) (assertion batch 372),group,False,well-formedness:StdJSONZeroCopyDeserializerValuesVal*
std/JSON/ZeroCopy/Deserializer.dfy,Std.JSON.ZeroCopy.Deserializer.Values.Value (well-formedness) (assertion batch 386),group,False,well-formedness:StdJSONZeroCopyDeserializerValuesVal*
std/JSON/ZeroCopy/Deserializer.dfy,Std.JSON.ZeroCopy.Deserializer.Values.Value (well-formedness) (assertion batch 9),group,False,well-formedness:StdJSONZeroCopyDeserializerValuesVal*
std/JSON/ZeroCopy/Deserializer.dfy,Std.JSON.ZeroCopy.Deserializer.Values.Value (well-formedness) (assertion batch 15),group,False,well-formedness:StdJSONZeroCopyDeserializerValuesVal*
std/JSON/ZeroCopy/Deserializer.dfy,Std.JSON.ZeroCopy.Deserializer.Values.Value (well-formedness) (assertion batch 388),group,False,well-formedness:StdJSONZeroCopyDeserializerValuesVal*
std/JSON/ZeroCopy/Deserializer.dfy,Std.JSON.ZeroCopy.Deserializer.ObjectParams.Element (well-formedness) (assertion batch 34),unmapped,,
std/JSON/ZeroCopy/Deserializer.dfy,Std.JSON.ZeroCopy.Deserializer.Values.Value (well-formedness) (assertion batch 362),group,False,well-formedness:StdJSONZeroCopyDeserializerValuesVal*
std/JSON/ZeroCopy/Deserializer.dfy,Std.JSON.ZeroCopy.Deserializer.Sequences.Bracketed (well-formedness) (assertion batch 57),group,False,well-formedness:StdJSONZeroCopyDeserializerSequences*
std/JSON/ZeroCopy/Deserializer.dfy,Std.JSON.ZeroCopy.Deserializer.Values.Value (well-formedness) (assertion batch 378),group,False,well-formedness:StdJSONZeroCopyDeserializerValuesVal*
std/JSON/ZeroCopy/Deserializer.dfy,Std.JSON.ZeroCopy.Deserializer.Values.Value (well-formedness) (assertion batch 352),group,False,well-formedness:StdJSONZeroCopyDeserializerValuesVal*
std/JSON/ZeroCopy/Deserializer.dfy,Std.JSON.ZeroCopy.Deserializer.Values.Value (well-formedness) (assertion batch 370),group,False,well-formedness:StdJSONZeroCopyDeserializerValuesVal*
std/JSON/ZeroCopy/Deserializer.dfy,Std.JSON.ZeroCopy.Deserializer.Values.Value (well-formedness) (assertion batch 358),group,False,well-formedness:StdJSONZeroCopyDeserializerValuesVal*
std/JSON/ZeroCopy/Deserializer.dfy,Std.JSON.ZeroCopy.Deserializer.Values.Value (well-formedness) (assertion batch 387),group,False,well-formedness:StdJSONZeroCopyDeserializerValuesVal*
std/JSON/ZeroCopy/Deserializer.dfy,Std.JSON.ZeroCopy.Deserializer.Values.Value (well-formedness) (assertion batch 382),group,False,well-formedness:StdJSONZeroCopyDeserializerValuesVal*
std/JSON/ZeroCopy/Deserializer.dfy,Std.JSON.ZeroCopy.Deserializer.Values.Value (well-formedness) (assertion batch 339),group,False,well-formedness:StdJSONZeroCopyDeserializerValuesVal*
std/JSON/ZeroCopy/Deserializer.dfy,Std.JSON.ZeroCopy.Deserializer.Values.Value (well-formedness) (assertion batch 374),group,False,well-formedness:StdJSONZeroCopyDeserializerValuesVal*
std/JSON/ZeroCopy/Deserializer.dfy,Std.JSON.ZeroCopy.Deserializer.Values.Value (well-formedness) (assertion batch 348),group,False,well-formedness:StdJSONZeroCopyDeserializerValuesVal*
std/JSON/ZeroCopy/Deserializer.dfy,Std.JSON.ZeroCopy.Deserializer.Objects.Object (well-formedness) (assertion batch 16),group,False,well-formedness:StdJSONZeroCopyDeserializerObjectsOb*
std/JSON/ZeroCopy/Deserializer.dfy,Std.JSON.ZeroCopy.Deserializer.Values.Value (well-formedness) (assertion batch 341),group,False,well-formedness:StdJSONZeroCopyDeserializerValuesVal*
std/JSON/ZeroCopy/Deserializer.dfy,Std.JSON.ZeroCopy.Deserializer.Numbers.Frac (well-formedness),group,False,well-formedness:StdJSONZeroCopyDeserializerNumbersFr*
std/JSON/ZeroCopy/Deserializer.dfy,Std.JSON.ZeroCopy.Deserializer.Values.Value (well-formedness) (assertion batch 344),group,False,well-formedness:StdJSONZeroCopyDeserializerValuesVal*
std/JSON/ZeroCopy/Deserializer.dfy,Std.JSON.ZeroCopy.Deserializer.Objects.Object (well-formedness) (assertion batch 17),group,False,well-formedness:StdJSONZeroCopyDeserializerObjectsOb*
std/JSON/ZeroCopy/Deserializer.dfy,Std.JSON.ZeroCopy.Deserializer.Values.Value (well-formedness) (assertion batch 350),group,False,well-formedness:StdJSONZeroCopyDeserializerValuesVal*
std/JSON/ZeroCopy/Deserializer.dfy,Std.JSON.ZeroCopy.Deserializer.Values.Value (well-formedness) (assertion batch 376),group,False,well-formedness:StdJSONZeroCopyDeserializerValuesVal*
std/JSON/ZeroCopy/Deserializer.dfy,Std.JSON.ZeroCopy.Deserializer.Values.Value (well-formedness) (assertion batch 354),group,False,well-formedness:StdJSONZeroCopyDeserializerValuesVal*
std/JSON/ZeroCopy/Deserializer.dfy,Std.JSON.ZeroCopy.Deserializer.Sequences.Elements (well-formedness) (assertion batch 121),group,False,well-formedness:StdJSONZeroCopyDeserializerSequences*
std/JSON/ZeroCopy/Deserializer.dfy,Std.JSON.ZeroCopy.Deserializer.Values.Value (well-formedness) (assertion batch 380),group,False,well-formedness:StdJSONZeroCopyDeserializerValuesVal*
std/JSON/ZeroCopy/Deserializer.dfy,Std.JSON.ZeroCopy.Deserializer.Values.Value (well-formedness) (assertion batch 2),group,False,well-formedness:StdJSONZeroCopyDeserializerValuesVal*
std/JSON/ZeroCopy/Deserializer.dfy,Std.JSON.ZeroCopy.Deserializer.Strings.String (well-formedness),group,False,well-formedness:StdJSONZeroCopyDeserializerStringsSt*
std/JSON/ZeroCopy/Deserializer.dfy,Std.JSON.ZeroCopy.Deserializer.ObjectParams.Element (well-formedness) (assertion batch 78),unmapped,,
std/JSON/ZeroCopy/Deserializer.dfy,Std.JSON.ZeroCopy.Deserializer.Values.Value (well-formedness) (assertion batch 356),group,False,well-formedness:StdJSONZeroCopyDeserializerValuesVal*
std/JSON/ZeroCopy/Deserializer.dfy,Std.JSON.ZeroCopy.Deserializer.Values.Value (well-formedness) (assertion batch 349),group,False,well-formedness:StdJSONZeroCopyDeserializerValuesVal*
std/JSON/ZeroCopy/Deserializer.dfy,Std.JSON.ZeroCopy.Deserializer.Values.Value (well-formedness) (assertion batch 360),group,False,well-formedness:StdJSONZeroCopyDeserializerValuesVal*
std/JSON/ZeroCopy/Deserializer.dfy,Std.JSON.ZeroCopy.Deserializer.Values.Value (well-formedness) (assertion batch 368),group,False,well-formedness:StdJSONZeroCopyDeserializerValuesVal*
std/JSON/ZeroCopy/Deserializer.dfy,Std.JSON.ZeroCopy.Deserializer.Sequences.Bracketed (well-formedness) (assertion batch 56),group,False,well-formedness:StdJSONZeroCopyDeserializerSequences*
std/JSON/ZeroCopy/Deserializer.dfy,Std.JSON.ZeroCopy.Deserializer.Values.Value (well-formedness) (assertion batch 346),group,False,well-formedness:StdJSONZeroCopyDeserializerValuesVal*
std/JSON/ZeroCopy/Deserializer.dfy,Std.JSON.ZeroCopy.Deserializer.Objects.Object (well-formedness) (assertion batch 14),group,False,well-formedness:StdJSONZeroCopyDeserializerObjectsOb*
std/JSON/ZeroCopy/Deserializer.dfy,Std.JSON.ZeroCopy.Deserializer.Values.Value (well-formedness) (assertion batch 345),group,False,well-formedness:StdJSONZeroCopyDeserializerValuesVal*
std/JSON/ZeroCopy/Deserializer.dfy,Std.JSON.ZeroCopy.Deserializer.Values.Value (well-formedness) (assertion batch 347),group,False,well-formedness:StdJSONZeroCopyDeserializerValuesVal*
std/JSON/ZeroCopy/Deserializer.dfy,Std.JSON.ZeroCopy.Deserializer.Values.Value (well-formedness) (assertion batch 342),group,False,well-formedness:StdJSONZeroCopyDeserializerValuesVal*
std/JSON/ZeroCopy/Deserializer.dfy,Std.JSON.ZeroCopy.Deserializer.ObjectParams.Element (well-formedness) (assertion batch 19),unmapped,,
std/JSON/ZeroCopy/Deserializer.dfy,Std.JSON.ZeroCopy.Deserializer.ObjectParams.Element (well-formedness) (assertion batch 50),unmapped,,
std/JSON/ZeroCopy/Deserializer.dfy,Std.JSON.ZeroCopy.Deserializer.Values.Value (well-formedness) (assertion batch 371),group,False,well-formedness:StdJSONZeroCopyDeserializerValuesVal*
std/JSON/ZeroCopy/Deserializer.dfy,Std.JSON.ZeroCopy.Deserializer.Values.Value (well-formedness) (assertion batch 355),group,False,well-formedness:StdJSONZeroCopyDeserializerValuesVal*
std/JSON/ZeroCopy/Deserializer.dfy,Std.JSON.ZeroCopy.Deserializer.ObjectParams.Element (well-formedness) (assertion batch 18),unmapped,,
std/JSON/ZeroCopy/Deserializer.dfy,Std.JSON.ZeroCopy.Deserializer.Values.Value (well-formedness) (assertion batch 343),group,False,well-formedness:StdJSONZeroCopyDeserializerValuesVal*
std/JSON/ZeroCopy/Deserializer.dfy,Std.JSON.ZeroCopy.Deserializer.Values.ValueParser (well-formedness),group,False,well-formedness:StdJSONZeroCopyDeserializerValuesVal*
std/JSON/ZeroCopy/Deserializer.dfy,Std.JSON.ZeroCopy.Deserializer.Values.Value (well-formedness) (assertion batch 379),group,False,well-formedness:StdJSONZeroCopyDeserializerValuesVal*
std/JSON/ZeroCopy/Deserializer.dfy,Std.JSON.ZeroCopy.Deserializer.Values.Value (well-formedness) (assertion batch 375),group,False,well-formedness:StdJSONZeroCopyDeserializerValuesVal*
std/JSON/ZeroCopy/Deserializer.dfy,Std.JSON.ZeroCopy.Deserializer.Values.Value (well-formedness) (assertion batch 340),group,False,well-formedness:StdJSONZeroCopyDeserializerValuesVal*
std/JSON/ZeroCopy/Deserializer.dfy,Std.JSON.ZeroCopy.Deserializer.Values.Value (well-formedness) (assertion batch 383),group,False,well-formedness:StdJSONZeroCopyDeserializerValuesVal*
std/JSON/ZeroCopy/Deserializer.dfy,Std.JSON.ZeroCopy.Deserializer.Values.Value (well-formedness) (assertion batch 353),group,False,well-formedness:StdJSONZeroCopyDeserializerValuesVal*
std/JSON/ZeroCopy/Deserializer.dfy,Std.JSON.ZeroCopy.Deserializer.Values.Value (well-formedness) (assertion batch 367),group,False,well-formedness:StdJSONZeroCopyDeserializerValuesVal*
std/JSON/ZeroCopy/Deserializer.dfy,Std.JSON.ZeroCopy.Deserializer.Values.Value (well-formedness) (assertion batch 363),group,False,well-formedness:StdJSONZeroCopyDeserializerValuesVal*
std/JSON/ZeroCopy/Deserializer.dfy,Std.JSON.ZeroCopy.Deserializer.Values.Value (well-formedness) (assertion batch 389),group,False,well-formedness:StdJSONZeroCopyDeserializerValuesVal*
std/JSON/ZeroCopy/Deserializer.dfy,Std.JSON.ZeroCopy.Deserializer.ObjectParams.Element (well-formedness) (assertion batch 49),unmapped,,
std/JSON/ZeroCopy/Deserializer.dfy,Std.JSON.ZeroCopy.Deserializer.Objects.Object (well-formedness) (assertion batch 15),group,False,well-formedness:StdJSONZeroCopyDeserializerObjectsOb*
std/JSON/ZeroCopy/Deserializer.dfy,Std.JSON.ZeroCopy.Deserializer.ObjectParams.Element (well-formedness) (assertion batch 79),unmapped,,
std/JSON/ZeroCopy/Deserializer.dfy,Std.JSON.ZeroCopy.Deserializer.Values.Value (well-formedness) (assertion batch 377),group,False,well-formedness:StdJSONZeroCopyDeserializerValuesVal*
std/JSON/ZeroCopy/Deserializer.dfy,Std.JSON.ZeroCopy.Deserializer.Sequences.Elements (well-formedness) (assertion batch 150),group,False,well-formedness:StdJSONZeroCopyDeserializerSequences*
std/JSON/ZeroCopy/Deserializer.dfy,Std.JSON.ZeroCopy.Deserializer.Objects.Object (well-formedness) (assertion batch 12),group,False,well-formedness:StdJSONZeroCopyDeserializerObjectsOb*
std/JSON/ZeroCopy/Deserializer.dfy,Std.JSON.ZeroCopy.Deserializer.Values.Value (well-formedness) (assertion batch 381),group,False,well-formedness:StdJSONZeroCopyDeserializerValuesVal*
std/JSON/ZeroCopy/Deserializer.dfy,Std.JSON.ZeroCopy.Deserializer.ObjectParams.Element (well-formedness) (assertion batch 93),unmapped,,
std/JSON/ZeroCopy/Deserializer.dfy,Std.JSON.ZeroCopy.Deserializer.Values.Value (well-formedness) (assertion batch 351),group,False,well-formedness:StdJSONZeroCopyDeserializerValuesVal*
std/JSON/ZeroCopy/Deserializer.dfy,Std.JSON.ZeroCopy.Deserializer.ObjectParams.Element (well-formedness) (assertion batch 64),unmapped,,
std/JSON/ZeroCopy/Deserializer.dfy,Std.JSON.ZeroCopy.Deserializer.ObjectParams.Element (well-formedness) (assertion batch 33),unmapped,,
std/JSON/ZeroCopy/Deserializer.dfy,Std.JSON.ZeroCopy.Deserializer.Values.Value (well-formedness) (assertion batch 357),group,False,well-formedness:StdJSONZeroCopyDeserializerValuesVal*
std/JSON/ZeroCopy/Deserializer.dfy,Std.JSON.ZeroCopy.Deserializer.ObjectParams.Element (well-formedness) (assertion batch 94),unmapped,,
std/JSON/ZeroCopy/Deserializer.dfy,Std.JSON.ZeroCopy.Deserializer.Arrays.Array (well-formedness) (assertion batch 10),group,False,well-formedness:StdJSONZeroCopyDeserializerArraysArr*
std/JSON/ZeroCopy/Deserializer.dfy,Std.JSON.ZeroCopy.Deserializer.Values.Value (well-formedness) (assertion batch 359),group,False,well-formedness:StdJSONZeroCopyDeserializerValuesVal*
std/JSON/ZeroCopy/Deserializer.dfy,Std.JSON.ZeroCopy.Deserializer.Sequences.Elements (well-formedness) (assertion batch 161),group,False,well-formedness:StdJSONZeroCopyDeserializerSequences*
std/JSON/ZeroCopy/Deserializer.dfy,Std.JSON.ZeroCopy.Deserializer.Values.Value (well-formedness) (assertion batch 369),group,False,well-formedness:StdJSONZeroCopyDeserializerValuesVal*
std/JSON/ZeroCopy/Deserializer.dfy,Std.JSON.ZeroCopy.Deserializer.Arrays.Array (well-formedness) (assertion batch 12),group,False,well-formedness:StdJSONZeroCopyDeserializerArraysArr*
std/JSON/ZeroCopy/Deserializer.dfy,Std.JSON.ZeroCopy.Deserializer.Values.Value (well-formedness) (assertion batch 361),group,False,well-formedness:StdJSONZeroCopyDeserializerValuesVal*
std/JSON/ZeroCopy/Deserializer.dfy,Std.JSON.ZeroCopy.Deserializer.Arrays.Array (well-formedness) (assertion batch 2),group,False,well-formedness:StdJSONZeroCopyDeserializerArraysArr*
std/JSON/ZeroCopy/Deserializer.dfy,Std.JSON.ZeroCopy.Deserializer.Sequences.Elements (well-formedness) (assertion batch 120),group,False,well-formedness:StdJSONZeroCopyDeserializerSequences*
std/JSON/ZeroCopy/Deserializer.dfy,Std.JSON.ZeroCopy.Deserializer.ObjectParams.Element (well-formedness) (assertion batch 6),unmapped,,
std/JSON/ZeroCopy/Deserializer.dfy,Std.JSON.ZeroCopy.Deserializer.Sequences.Bracketed (well-formedness) (assertion batch 2),group,False,well-formedness:StdJSONZeroCopyDeserializerSequences*
std/JSON/ZeroCopy/Deserializer.dfy,Std.JSON.ZeroCopy.Deserializer.ObjectParams.Element (well-formedness) (assertion batch 88),unmapped,,
std/JSON/ZeroCopy/Deserializer.dfy,Std.JSON.ZeroCopy.Deserializer.ObjectParams.Element (well-formedness) (assertion batch 65),unmapped,,
std/JSON/ZeroCopy/Deserializer.dfy,Std.JSON.ZeroCopy.Deserializer.Sequences.Bracketed (well-formedness) (assertion batch 55),group,False,well-formedness:StdJSONZeroCopyDeserializerSequences*
std/JSON/ZeroCopy/Deserializer.dfy,Std.JSON.ZeroCopy.Deserializer.ObjectParams.Element (well-formedness) (assertion batch 42),unmapped,,
std/JSON/ZeroCopy/Deserializer.dfy,Std.JSON.ZeroCopy.Deserializer.Sequences.Elements (well-formedness) (assertion batch 137),group,False,well-formedness:StdJSONZeroCopyDeserializerSequences*
std/JSON/ZeroCopy/Deserializer.dfy,Std.JSON.ZeroCopy.Deserializer.Sequences.Elements (well-formedness) (assertion batch 132),group,False,well-formedness:StdJSONZeroCopyDeserializerSequences*
std/JSON/ZeroCopy/Deserializer.dfy,Std.JSON.ZeroCopy.Deserializer.Sequences.Elements (well-formedness) (assertion batch 128),group,False,well-formedness:StdJSONZeroCopyDeserializerSequences*
std/JSON/ZeroCopy/Deserializer.dfy,Std.JSON.ZeroCopy.Deserializer.Objects.Object (well-formedness) (assertion batch 22),group,False,well-formedness:StdJSONZeroCopyDeserializerObjectsOb*
std/JSON/ZeroCopy/Deserializer.dfy,Std.JSON.ZeroCopy.Deserializer.Sequences.Elements (well-formedness) (assertion batch 143),group,False,well-formedness:StdJSONZeroCopyDeserializerSequences*
std/JSON/ZeroCopy/Deserializer.dfy,Std.JSON.ZeroCopy.Deserializer.ObjectParams.Element (well-formedness) (assertion batch 82),unmapped,,
std/JSON/ZeroCopy/Deserializer.dfy,Std.JSON.ZeroCopy.Deserializer.ObjectParams.Element (well-formedness) (assertion batch 77),unmapped,,
std/JSON/ZeroCopy/Deserializer.dfy,Std.JSON.ZeroCopy.Deserializer.Sequences.Elements (well-formedness) (assertion batch 147),group,False,well-formedness:StdJSONZeroCopyDeserializerSequences*
std/JSON/ZeroCopy/Deserializer.dfy,Std.JSON.ZeroCopy.Deserializer.Values.Value (well-formedness) (assertion batch 44),group,False,well-formedness:StdJSONZeroCopyDeserializerValuesVal*
std/JSON/ZeroCopy/Deserializer.dfy,Std.JSON.ZeroCopy.Deserializer.Arrays.Array (well-formedness) (assertion batch 17),group,False,well-formedness:StdJSONZeroCopyDeserializerArraysArr*
std/JSON/ZeroCopy/Deserializer.dfy,Std.JSON.ZeroCopy.Deserializer.ObjectParams.Element (well-formedness) (assertion batch 63),unmapped,,
std/JSON/ZeroCopy/Deserializer.dfy,Std.JSON.ZeroCopy.Deserializer.Sequences.Elements (well-formedness) (assertion batch 148),group,False,well-formedness:StdJSONZeroCopyDeserializerSequences*
std/JSON/ZeroCopy/Deserializer.dfy,Std.JSON.ZeroCopy.Deserializer.Sequences.Elements (well-formedness) (assertion batch 133),group,False,well-formedness:StdJSONZeroCopyDeserializerSequences*
std/JSON/ZeroCopy/Deserializer.dfy,Std.JSON.ZeroCopy.Deserializer.Values.Value (well-formedness) (assertion batch 43),group,False,well-formedness:StdJSONZeroCopyDeserializerValuesVal*
std/JSON/ZeroCopy/Deserializer.dfy,Std.JSON.ZeroCopy.Deserializer.Arrays.Array (well-formedness) (assertion batch 6),group,False,well-formedness:StdJSONZeroCopyDeserializerArraysArr*
std/JSON/ZeroCopy/Deserializer.dfy,Std.JSON.ZeroCopy.Deserializer.Arrays.Array (well-formedness) (assertion batch 21),group,False,well-formedness:StdJSONZeroCopyDeserializerArraysArr*
std/JSON/ZeroCopy/Deserializer.dfy,Std.JSON.ZeroCopy.Deserializer.Objects.Object (well-formedness) (assertion batch 18),group,False,well-formedness:StdJSONZeroCopyDeserializerObjectsOb*
std/JSON/ZeroCopy/Deserializer.dfy,Std.JSON.ZeroCopy.Deserializer.Sequences.Elements (well-formedness) (assertion batch 139),group,False,well-formedness:StdJSONZeroCopyDeserializerSequences*
std/JSON/ZeroCopy/Deserializer.dfy,Std.JSON.ZeroCopy.Deserializer.Sequences.Elements (well-formedness) (assertion batch 122),group,False,well-formedness:StdJSONZeroCopyDeserializerSequences*
std/JSON/ZeroCopy/Deserializer.dfy,Std.JSON.ZeroCopy.Deserializer.ObjectParams.Element (well-formedness) (assertion batch 37),unmapped,,
std/JSON/ZeroCopy/Deserializer.dfy,Std.JSON.ZeroCopy.Deserializer.Objects.Object (well-formedness) (assertion batch 13),group,False,well-formedness:StdJSONZeroCopyDeserializerObjectsOb*
std/JSON/ZeroCopy/Deserializer.dfy,Std.JSON.ZeroCopy.Deserializer.Values.Value (well-formedness) (assertion batch 336),group,False,well-formedness:StdJSONZeroCopyDeserializerValuesVal*
std/JSON/ZeroCopy/Deserializer.dfy,Std.JSON.ZeroCopy.Deserializer.Objects.Object (well-formedness) (assertion batch 8),group,False,well-formedness:StdJSONZeroCopyDeserializerObjectsOb*
std/JSON/ZeroCopy/Deserializer.dfy,Std.JSON.ZeroCopy.Deserializer.Arrays.Array (well-formedness) (assertion batch 20),group,False,well-formedness:StdJSONZeroCopyDeserializerArraysArr*
std/JSON/ZeroCopy/Deserializer.dfy,Std.JSON.ZeroCopy.Deserializer.ObjectParams.Element (well-formedness) (assertion batch 45),unmapped,,
std/JSON/ZeroCopy/Deserializer.dfy,Std.JSON.ZeroCopy.Deserializer.Objects.Object (well-formedness) (assertion batch 4),group,False,well-formedness:StdJSONZeroCopyDeserializerObjectsOb*
std/JSON/ZeroCopy/Deserializer.dfy,Std.JSON.ZeroCopy.Deserializer.Arrays.Array (well-formedness) (assertion batch 8),group,False,well-formedness:StdJSONZeroCopyDeserializerArraysArr*
std/JSON/ZeroCopy/Deserializer.dfy,Std.JSON.ZeroCopy.Deserializer.Objects.Object (well-formedness) (assertion batch 6),group,False,well-formedness:StdJSONZeroCopyDeserializerObjectsOb*
std/JSON/ZeroCopy/Deserializer.dfy,Std.JSON.ZeroCopy.Deserializer.Sequences.Elements (well-formedness) (assertion batch 44),group,False,well-formedness:StdJSONZeroCopyDeserializerSequences*
std/JSON/ZeroCopy/Deserializer.dfy,Std.JSON.ZeroCopy.Deserializer.ObjectParams.Element (well-formedness) (assertion batch 85),unmapped,,
std/JSON/ZeroCopy/Deserializer.dfy,Std.JSON.ZeroCopy.Deserializer.ObjectParams.Element (well-formedness) (assertion batch 39),unmapped,,
std/JSON/ZeroCopy/Deserializer.dfy,Std.JSON.ZeroCopy.Deserializer.Arrays.Array (well-formedness) (assertion batch 15),group,False,well-formedness:StdJSONZeroCopyDeserializerArraysArr*
std/JSON/ZeroCopy/Deserializer.dfy,Std.JSON.ZeroCopy.Deserializer.Sequences.Elements (well-formedness) (assertion batch 214),group,False,well-formedness:StdJSONZeroCopyDeserializerSequences*
std/JSON/ZeroCopy/Deserializer.dfy,Std.JSON.ZeroCopy.Deserializer.ObjectParams.Element (well-formedness) (assertion batch 17),unmapped,,
std/JSON/ZeroCopy/Deserializer.dfy,Std.JSON.ZeroCopy.Deserializer.Sequences.Bracketed (well-formedness) (assertion batch 63),group,False,well-formedness:StdJSONZeroCopyDeserializerSequences*
std/JSON/ZeroCopy/Deserializer.dfy,Std.JSON.ZeroCopy.Deserializer.Arrays.Array (well-formedness) (assertion batch 16),group,False,well-formedness:StdJSONZeroCopyDeserializerArraysArr*
std/JSON/ZeroCopy/Deserializer.dfy,Std.JSON.ZeroCopy.Deserializer.ObjectParams.Element (well-formedness) (assertion batch 87),unmapped,,
std/JSON/ZeroCopy/Deserializer.dfy,Std.JSON.ZeroCopy.Deserializer.Sequences.Elements (well-formedness) (assertion batch 165),group,False,well-formedness:StdJSONZeroCopyDeserializerSequences*
std/JSON/ZeroCopy/Deserializer.dfy,Std.JSON.ZeroCopy.Deserializer.ObjectParams.Element (well-formedness) (assertion batch 91),unmapped,,
std/JSON/ZeroCopy/Deserializer.dfy,Std.JSON.ZeroCopy.Deserializer.Objects.Object (well-formedness) (assertion batch 19),group,False,well-formedness:StdJSONZeroCopyDeserializerObjectsOb*
std/JSON/ZeroCopy/Deserializer.dfy,Std.JSON.ZeroCopy.Deserializer.Arrays.Array (well-formedness) (assertion batch 4),group,False,well-formedness:StdJSONZeroCopyDeserializerArraysArr*
std/JSON/ZeroCopy/Deserializer.dfy,Std.JSON.ZeroCopy.Deserializer.Arrays.Array (well-formedness) (assertion batch 13),group,False,well-formedness:StdJSONZeroCopyDeserializerArraysArr*
std/JSON/ZeroCopy/Deserializer.dfy,Std.JSON.ZeroCopy.Deserializer.Objects.Object (well-formedness) (assertion batch 10),group,False,well-formedness:StdJSONZeroCopyDeserializerObjectsOb*
std/JSON/ZeroCopy/Deserializer.dfy,Std.JSON.ZeroCopy.Deserializer.Sequences.Elements (well-formedness) (assertion batch 127),group,False,well-formedness:StdJSONZeroCopyDeserializerSequences*
std/JSON/ZeroCopy/Deserializer.dfy,Std.JSON.ZeroCopy.Deserializer.ObjectParams.Element (well-formedness) (assertion batch 25),unmapped,,
std/JSON/ZeroCopy/Deserializer.dfy,Std.JSON.ZeroCopy.Deserializer.Sequences.Elements (well-formedness) (assertion batch 144),group,False,well-formedness:StdJSONZeroCopyDeserializerSequences*
std/JSON/ZeroCopy/Deserializer.dfy,Std.JSON.ZeroCopy.Deserializer.Sequences.Bracketed (well-formedness) (assertion batch 61),group,False,well-formedness:StdJSONZeroCopyDeserializerSequences*
std/JSON/ZeroCopy/Deserializer.dfy,Std.JSON.ZeroCopy.Deserializer.Objects.Object (well-formedness) (assertion batch 7),group,False,well-formedness:StdJSONZeroCopyDeserializerObjectsOb*
std/JSON/ZeroCopy/Deserializer.dfy,Std.JSON.ZeroCopy.Deserializer.Sequences.Elements (well-formedness) (assertion batch 140),group,False,well-formedness:StdJSONZeroCopyDeserializerSequences*
std/JSON/ZeroCopy/Deserializer.dfy,Std.JSON.ZeroCopy.Deserializer.Sequences.Elements (well-formedness) (assertion batch 23),group,False,well-formedness:StdJSONZeroCopyDeserializerSequences*
std/JSON/ZeroCopy/Deserializer.dfy,Std.JSON.ZeroCopy.Deserializer.Values.Value (well-formedness) (assertion batch 29),group,False,well-formedness:StdJSONZeroCopyDeserializerValuesVal*
std/JSON/ZeroCopy/Deserializer.dfy,Std.JSON.ZeroCopy.Deserializer.Sequences.Elements (well-formedness) (assertion batch 155),group,False,well-formedness:StdJSONZeroCopyDeserializerSequences*
std/JSON/ZeroCopy/Deserializer.dfy,Std.JSON.ZeroCopy.Deserializer.Sequences.Elements (well-formedness) (assertion batch 145),group,False,well-formedness:StdJSONZeroCopyDeserializerSequences*
std/JSON/ZeroCopy/Deserializer.dfy,Std.JSON.ZeroCopy.Deserializer.Objects.Object (well-formedness) (assertion batch 5),group,False,well-formedness:StdJSONZeroCopyDeserializerObjectsOb*
std/JSON/ZeroCopy/Deserializer.dfy,Std.JSON.ZeroCopy.Deserializer.Sequences.Elements (well-formedness) (assertion batch 162),group,False,well-formedness:StdJSONZeroCopyDeserializerSequences*
std/JSON/ZeroCopy/Deserializer.dfy,Std.JSON.ZeroCopy.Deserializer.Objects.Object (well-formedness) (assertion batch 2),group,False,well-formedness:StdJSONZeroCopyDeserializerObjectsOb*
std/JSON/ZeroCopy/Deserializer.dfy,Std.JSON.ZeroCopy.Deserializer.Sequences.Elements (well-formedness) (assertion batch 179),group,False,well-formedness:StdJSONZeroCopyDeserializerSequences*
std/JSON/ZeroCopy/Deserializer.dfy,Std.JSON.ZeroCopy.Deserializer.Sequences.Elements (well-formedness) (assertion batch 235),group,False,well-formedness:StdJSONZeroCopyDeserializerSequences*
std/JSON/ZeroCopy/Deserializer.dfy,Std.JSON.ZeroCopy.Deserializer.Arrays.Array (well-formedness) (assertion batch 7),group,False,well-formedness:StdJSONZeroCopyDeserializerArraysArr*
std/JSON/ZeroCopy/Deserializer.dfy,Std.JSON.ZeroCopy.Deserializer.Sequences.Elements (well-formedness) (assertion batch 160),group,False,well-formedness:StdJSONZeroCopyDeserializerSequences*
std/JSON/ZeroCopy/Deserializer.dfy,Std.JSON.ZeroCopy.Deserializer.Sequences.Elements (well-formedness) (assertion batch 94),group,False,well-formedness:StdJSONZeroCopyDeserializerSequences*
std/JSON/ZeroCopy/Deserializer.dfy,Std.JSON.ZeroCopy.Deserializer.ObjectParams.Element (well-formedness) (assertion batch 31),unmapped,,
std/JSON/ZeroCopy/Deserializer.dfy,Std.JSON.ZeroCopy.Deserializer.Arrays.Array (well-formedness) (assertion batch 22),group,False,well-formedness:StdJSONZeroCopyDeserializerArraysArr*
std/JSON/ZeroCopy/Deserializer.dfy,Std.JSON.ZeroCopy.Deserializer.ObjectParams.Element (well-formedness) (assertion batch 27),unmapped,,
std/JSON/ZeroCopy/Deserializer.dfy,Std.JSON.ZeroCopy.Deserializer.Sequences.Elements (well-formedness) (assertion batch 95),group,False,well-formedness:StdJSONZeroCopyDeserializerSequences*
std/JSON/ZeroCopy/Deserializer.dfy,Std.JSON.ZeroCopy.Deserializer.ObjectParams.Element (well-formedness) (assertion batch 20),unmapped,,
std/JSON/ZeroCopy/Deserializer.dfy,Std.JSON.ZeroCopy.Deserializer.Objects.Object (well-formedness) (assertion batch 20),group,False,well-formedness:StdJSONZeroCopyDeserializerObjectsOb*
std/JSON/ZeroCopy/Deserializer.dfy,Std.JSON.ZeroCopy.Deserializer.Sequences.Elements (well-formedness) (assertion batch 126),group,False,well-formedness:StdJSONZeroCopyDeserializerSequences*
std/JSON/ZeroCopy/Deserializer.dfy,Std.JSON.ZeroCopy.Deserializer.ObjectParams.Element (well-formedness) (assertion batch 43),unmapped,,
std/JSON/ZeroCopy/Deserializer.dfy,Std.JSON.ZeroCopy.Deserializer.Sequences.Elements (well-formedness) (assertion batch 43),group,False,well-formedness:StdJSONZeroCopyDeserializerSequences*
std/JSON/ZeroCopy/Deserializer.dfy,Std.JSON.ZeroCopy.Deserializer.Sequences.Elements (well-formedness) (assertion batch 187),group,False,well-formedness:StdJSONZeroCopyDeserializerSequences*
std/JSON/ZeroCopy/Deserializer.dfy,Std.JSON.ZeroCopy.Deserializer.Sequences.Elements (well-formedness) (assertion batch 149),group,False,well-formedness:StdJSONZeroCopyDeserializerSequences*
std/JSON/ZeroCopy/Deserializer.dfy,Std.JSON.ZeroCopy.Deserializer.Sequences.Elements (well-formedness) (assertion batch 153),group,False,well-formedness:StdJSONZeroCopyDeserializerSequences*
std/JSON/ZeroCopy/Deserializer.dfy,Std.JSON.ZeroCopy.Deserializer.Sequences.Elements (well-formedness) (assertion batch 124),group,False,well-formedness:StdJSONZeroCopyDeserializerSequences*
std/JSON/ZeroCopy/Deserializer.dfy,Std.JSON.ZeroCopy.Deserializer.Sequences.Elements (well-formedness) (assertion batch 96),group,False,well-formedness:StdJSONZeroCopyDeserializerSequences*
std/JSON/ZeroCopy/Deserializer.dfy,Std.JSON.ZeroCopy.Deserializer.ObjectParams.Element (well-formedness) (assertion batch 72),unmapped,,
std/JSON/ZeroCopy/Deserializer.dfy,Std.JSON.ZeroCopy.Deserializer.Sequences.Elements (well-formedness) (assertion batch 154),group,False,well-formedness:StdJSONZeroCopyDeserializerSequences*
std/JSON/ZeroCopy/Deserializer.dfy,Std.JSON.ZeroCopy.Deserializer.Arrays.Array (well-formedness) (assertion batch 14),group,False,well-formedness:StdJSONZeroCopyDeserializerArraysArr*
std/JSON/ZeroCopy/Deserializer.dfy,Std.JSON.ZeroCopy.Deserializer.ObjectParams.Element (well-formedness) (assertion batch 67),unmapped,,
std/JSON/ZeroCopy/Deserializer.dfy,Std.JSON.ZeroCopy.Deserializer.ObjectParams.Element (well-formedness) (assertion batch 75),unmapped,,
std/JSON/ZeroCopy/Deserializer.dfy,Std.JSON.ZeroCopy.Deserializer.ObjectParams.Element (well-formedness) (assertion batch 35),unmapped,,
std/JSON/ZeroCopy/Deserializer.dfy,Std.JSON.ZeroCopy.Deserializer.Sequences.Bracketed (well-formedness) (assertion batch 45),group,False,well-formedness:StdJSONZeroCopyDeserializerSequences*
std/JSON/ZeroCopy/Deserializer.dfy,Std.JSON.ZeroCopy.Deserializer.ObjectParams.Element (well-formedness) (assertion batch 81),unmapped,,
std/JSON/ZeroCopy/Deserializer.dfy,Std.JSON.ZeroCopy.Deserializer.Sequences.Elements (well-formedness) (assertion batch 213),group,False,well-formedness:StdJSONZeroCopyDeserializerSequences*
std/JSON/ZeroCopy/Deserializer.dfy,Std.JSON.ZeroCopy.Deserializer.Objects.Object (well-formedness) (assertion batch 23),group,False,well-formedness:StdJSONZeroCopyDeserializerObjectsOb*
std/JSON/ZeroCopy/Deserializer.dfy,Std.JSON.ZeroCopy.Deserializer.ObjectParams.Element (well-formedness) (assertion batch 21),unmapped,,
std/JSON/ZeroCopy/Deserializer.dfy,Std.JSON.ZeroCopy.Deserializer.Numbers.Exp (well-formedness) (assertion batch 14),group,False,well-formedness:StdJSONZeroCopyDeserializerNumbersEx*
std/JSON/ZeroCopy/Deserializer.dfy,Std.JSON.ZeroCopy.Deserializer.Sequences.Bracketed (well-formedness) (assertion batch 59),group,False,well-formedness:StdJSONZeroCopyDeserializerSequences*
std/JSON/ZeroCopy/Deserializer.dfy,Std.JSON.ZeroCopy.Deserializer.Sequences.Elements (well-formedness) (assertion batch 234),group,False,well-formedness:StdJSONZeroCopyDeserializerSequences*
std/JSON/ZeroCopy/Deserializer.dfy,Std.JSON.ZeroCopy.Deserializer.ObjectParams.Element (well-formedness) (assertion batch 30),unmapped,,
std/JSON/ZeroCopy/Deserializer.dfy,Std.JSON.ZeroCopy.Deserializer.Sequences.Elements (well-formedness) (assertion batch 181),group,False,well-formedness:StdJSONZeroCopyDeserializerSequences*
std/JSON/ZeroCopy/Deserializer.dfy,Std.JSON.ZeroCopy.Deserializer.ObjectParams.Element (well-formedness) (assertion batch 92),unmapped,,
std/JSON/ZeroCopy/Deserializer.dfy,Std.JSON.ZeroCopy.Deserializer.Sequences.Elements (well-formedness) (assertion batch 221),group,False,well-formedness:StdJSONZeroCopyDeserializerSequences*
std/JSON/ZeroCopy/Deserializer.dfy,Std.JSON.ZeroCopy.Deserializer.ObjectParams.Element (well-formedness) (assertion batch 89),unmapped,,
std/JSON/ZeroCopy/Deserializer.dfy,Std.JSON.ZeroCopy.Deserializer.Sequences.AboutTryStructural (well-formedness) (assertion batch 10),group,False,well-formedness:StdJSONZeroCopyDeserializerSequences*
std/JSON/ZeroCopy/Deserializer.dfy,Std.JSON.ZeroCopy.Deserializer.ObjectParams.Element (well-formedness) (assertion batch 83),unmapped,,
std/JSON/ZeroCopy/Deserializer.dfy,Std.JSON.ZeroCopy.Deserializer.Sequences.Bracketed (well-formedness) (assertion batch 53),group,False,well-formedness:StdJSONZeroCopyDeserializerSequences*
std/JSON/ZeroCopy/Deserializer.dfy,Std.JSON.ZeroCopy.Deserializer.ObjectParams.Element (well-formedness) (assertion batch 71),unmapped,,
std/JSON/ZeroCopy/Deserializer.dfy,Std.JSON.ZeroCopy.Deserializer.Sequences.AppendLast (well-formedness) (assertion batch 29),group,False,well-formedness:StdJSONZeroCopyDeserializerSequences*
std/JSON/ZeroCopy/Deserializer.dfy,Std.JSON.ZeroCopy.Deserializer.ObjectParams.Element (well-formedness) (assertion batch 53),unmapped,,
std/JSON/ZeroCopy/Deserializer.dfy,Std.JSON.ZeroCopy.Deserializer.ObjectParams.Element (well-formedness) (assertion batch 73),unmapped,,
std/JSON/ZeroCopy/Deserializer.dfy,Std.JSON.ZeroCopy.Deserializer.Sequences.Bracketed (well-formedness) (assertion batch 39),group,False,well-formedness:StdJSONZeroCopyDeserializerSequences*
std/JSON/ZeroCopy/Deserializer.dfy,Std.JSON.ZeroCopy.Deserializer.ObjectParams.Element (well-formedness) (assertion batch 23),unmapped,,
std/JSON/ZeroCopy/Deserializer.dfy,Std.JSON.ZeroCopy.Deserializer.ObjectParams.Element (well-formedness) (assertion batch 46),unmapped,,
std/JSON/ZeroCopy/Deserializer.dfy,Std.JSON.ZeroCopy.Deserializer.Arrays.Array (well-formedness) (assertion batch 5),group,False,well-formedness:StdJSONZeroCopyDeserializerArraysArr*
std/JSON/ZeroCopy/Deserializer.dfy,Std.JSON.ZeroCopy.Deserializer.Sequences.Elements (well-formedness) (assertion batch 136),group,False,well-formedness:StdJSONZeroCopyDeserializerSequences*
std/JSON/ZeroCopy/Deserializer.dfy,Std.JSON.ZeroCopy.Deserializer.Objects.Object (well-formedness) (assertion batch 9),group,False,well-formedness:StdJSONZeroCopyDeserializerObjectsOb*
std/JSON/ZeroCopy/Deserializer.dfy,Std.JSON.ZeroCopy.Deserializer.Sequences.Elements (well-formedness) (assertion batch 134),group,False,well-formedness:StdJSONZeroCopyDeserializerSequences*
std/JSON/ZeroCopy/Deserializer.dfy,Std.JSON.ZeroCopy.Deserializer.Sequences.Elements (well-formedness) (assertion batch 188),group,False,well-formedness:StdJSONZeroCopyDeserializerSequences*
std/JSON/ZeroCopy/Deserializer.dfy,Std.JSON.ZeroCopy.Deserializer.Values.Value (well-formedness) (assertion batch 337),group,False,well-formedness:StdJSONZeroCopyDeserializerValuesVal*
std/JSON/ZeroCopy/Deserializer.dfy,Std.JSON.ZeroCopy.Deserializer.ObjectParams.Element (well-formedness) (assertion batch 57),unmapped,,
std/JSON/ZeroCopy/Deserializer.dfy,Std.JSON.ZeroCopy.Deserializer.ObjectParams.Element (well-formedness) (assertion batch 29),unmapped,,
std/JSON/ZeroCopy/Deserializer.dfy,Std.JSON.ZeroCopy.Deserializer.Sequences.Elements (well-formedness) (assertion batch 257),group,False,well-formedness:StdJSONZeroCopyDeserializerSequences*
std/JSON/ZeroCopy/Deserializer.dfy,Std.JSON.ZeroCopy.Deserializer.Sequences.Elements (well-formedness) (assertion batch 180),group,False,well-formedness:StdJSONZeroCopyDeserializerSequences*
std/JSON/ZeroCopy/Deserializer.dfy,Std.JSON.ZeroCopy.Deserializer.Values.Value (well-formedness) (assertion batch 52),group,False,well-formedness:StdJSONZeroCopyDeserializerValuesVal*
std/JSON/ZeroCopy/Deserializer.dfy,Std.JSON.ZeroCopy.Deserializer.ObjectParams.Element (well-formedness) (assertion batch 84),unmapped,,
std/JSON/ZeroCopy/Deserializer.dfy,Std.JSON.ZeroCopy.Deserializer.Sequences.Elements (well-formedness) (assertion batch 236),group,False,well-formedness:StdJSONZeroCopyDeserializerSequences*
std/JSON/ZeroCopy/Deserializer.dfy,Std.JSON.ZeroCopy.Deserializer.Values.Value (well-formedness) (assertion batch 35),group,False,well-formedness:StdJSONZeroCopyDeserializerValuesVal*
std/JSON/ZeroCopy/Deserializer.dfy,Std.JSON.ZeroCopy.Deserializer.Arrays.Array (well-formedness) (assertion batch 11),group,False,well-formedness:StdJSONZeroCopyDeserializerArraysArr*
std/JSON/ZeroCopy/Deserializer.dfy,Std.JSON.ZeroCopy.Deserializer.ObjectParams.Element (well-formedness) (assertion batch 1),unmapped,,
std/JSON/ZeroCopy/Deserializer.dfy,Std.JSON.ZeroCopy.Deserializer.Objects.Object (well-formedness) (assertion batch 21),group,False,well-formedness:StdJSONZeroCopyDeserializerObjectsOb*
std/JSON/ZeroCopy/Deserializer.dfy,Std.JSON.ZeroCopy.Deserializer.Sequences.Elements (well-formedness) (assertion batch 70),group,False,well-formedness:StdJSONZeroCopyDeserializerSequences*
std/JSON/ZeroCopy/Deserializer.dfy,Std.JSON.ZeroCopy.Deserializer.ObjectParams.Element (well-formedness) (assertion batch 56),unmapped,,
std/JSON/ZeroCopy/Deserializer.dfy,Std.JSON.ZeroCopy.Deserializer.Sequences.Bracketed (well-formedness) (assertion batch 58),group,False,well-formedness:StdJSONZeroCopyDeserializerSequences*
std/JSON/ZeroCopy/Deserializer.dfy,Std.JSON.ZeroCopy.Deserializer.Values.Value (well-formedness) (assertion batch 338),group,False,well-formedness:StdJSONZeroCopyDeserializerValuesVal*
std/JSON/ZeroCopy/Deserializer.dfy,Std.JSON.ZeroCopy.Deserializer.Sequences.Elements (well-formedness) (assertion batch 138),group,False,well-formedness:StdJSONZeroCopyDeserializerSequences*
std/JSON/ZeroCopy/Deserializer.dfy,Std.JSON.ZeroCopy.Deserializer.ObjectParams.Element (well-formedness) (assertion batch 51),unmapped,,
std/JSON/ZeroCopy/Deserializer.dfy,Std.JSON.ZeroCopy.Deserializer.Values.Value (well-formedness) (assertion batch 118),group,False,well-formedness:StdJSONZeroCopyDeserializerValuesVal*
std/JSON/ZeroCopy/Deserializer.dfy,Std.JSON.ZeroCopy.Deserializer.ObjectParams.Element (well-formedness) (assertion batch 32),unmapped,,
std/JSON/ZeroCopy/Deserializer.dfy,Std.JSON.ZeroCopy.Deserializer.ObjectParams.Element (well-formedness) (assertion batch 76),unmapped,,
std/JSON/ZeroCopy/Deserializer.dfy,Std.JSON.ZeroCopy.Deserializer.ObjectParams.Element (well-formedness) (assertion batch 61),unmapped,,
std/JSON/ZeroCopy/Deserializer.dfy,Std.JSON.ZeroCopy.Deserializer.Sequences.Elements (well-formedness) (assertion batch 166),group,False,well-formedness:StdJSONZeroCopyDeserializerSequences*
std/JSON/ZeroCopy/Deserializer.dfy,Std.JSON.ZeroCopy.Deserializer.Sequences.Elements (well-formedness) (assertion batch 177),group,False,well-formedness:StdJSONZeroCopyDeserializerSequences*
std/JSON/ZeroCopy/Deserializer.dfy,Std.JSON.ZeroCopy.Deserializer.Sequences.Elements (well-formedness) (assertion batch 69),group,False,well-formedness:StdJSONZeroCopyDeserializerSequences*
std/JSON/ZeroCopy/Deserializer.dfy,Std.JSON.ZeroCopy.Deserializer.Sequences.Bracketed (well-formedness) (assertion batch 47),group,False,well-formedness:StdJSONZeroCopyDeserializerSequences*
std/JSON/ZeroCopy/Deserializer.dfy,Std.JSON.ZeroCopy.Deserializer.Sequences.Elements (well-formedness) (assertion batch 22),group,False,well-formedness:StdJSONZeroCopyDeserializerSequences*
std/JSON/ZeroCopy/Deserializer.dfy,Std.JSON.ZeroCopy.Deserializer.ObjectParams.Element (well-formedness) (assertion batch 59),unmapped,,
std/JSON/ZeroCopy/Deserializer.dfy,Std.JSON.ZeroCopy.Deserializer.Sequences.Elements (well-formedness) (assertion batch 152),group,False,well-formedness:StdJSONZeroCopyDeserializerSequences*
std/JSON/ZeroCopy/Deserializer.dfy,Std.JSON.ZeroCopy.Deserializer.Sequences.Elements (well-formedness) (assertion batch 201),group,False,well-formedness:StdJSONZeroCopyDeserializerSequences*
std/JSON/ZeroCopy/Deserializer.dfy,Std.JSON.ZeroCopy.Deserializer.ObjectParams.Element (well-formedness) (assertion batch 90),unmapped,,
std/JSON/ZeroCopy/Deserializer.dfy,Std.JSON.ZeroCopy.Deserializer.Values.Value (well-formedness) (assertion batch 37),group,False,well-formedness:StdJSONZeroCopyDeserializerValuesVal*
std/JSON/ZeroCopy/Deserializer.dfy,Std.JSON.ZeroCopy.Deserializer.Arrays.Array (well-formedness) (assertion batch 23),group,False,well-formedness:StdJSONZeroCopyDeserializerArraysArr*
std/JSON/ZeroCopy/Deserializer.dfy,Std.JSON.ZeroCopy.Deserializer.Sequences.Bracketed (well-formedness) (assertion batch 54),group,False,well-formedness:StdJSONZeroCopyDeserializerSequences*
std/JSON/ZeroCopy/Deserializer.dfy,Std.JSON.ZeroCopy.Deserializer.ObjectParams.Element (well-formedness) (assertion batch 48),unmapped,,
std/JSON/ZeroCopy/Deserializer.dfy,Std.JSON.ZeroCopy.Deserializer.ObjectParams.Element (well-formedness) (assertion batch 86),unmapped,,
std/JSON/ZeroCopy/Deserializer.dfy,Std.JSON.ZeroCopy.Deserializer.Sequences.Elements (well-formedness) (assertion batch 146),group,False,well-formedness:StdJSONZeroCopyDeserializerSequences*
std/JSON/ZeroCopy/Deserializer.dfy,Std.JSON.ZeroCopy.Deserializer.Values.Value (well-formedness) (assertion batch 130),group,False,well-formedness:StdJSONZeroCopyDeserializerValuesVal*
std/JSON/ZeroCopy/Deserializer.dfy,Std.JSON.ZeroCopy.Deserializer.Sequences.Elements (well-formedness) (assertion batch 24),group,False,well-formedness:StdJSONZeroCopyDeserializerSequences*
std/JSON/ZeroCopy/Deserializer.dfy,Std.JSON.ZeroCopy.Deserializer.Sequences.Bracketed (well-formedness) (assertion batch 51),group,False,well-formedness:StdJSONZeroCopyDeserializerSequences*
std/JSON/ZeroCopy/Deserializer.dfy,Std.JSON.ZeroCopy.Deserializer.ObjectParams.Element (well-formedness) (assertion batch 40),unmapped,,
std/JSON/ZeroCopy/Deserializer.dfy,Std.JSON.ZeroCopy.Deserializer.ObjectParams.Element (well-formedness) (assertion batch 69),unmapped,,
std/JSON/ZeroCopy/Deserializer.dfy,Std.JSON.ZeroCopy.Deserializer.ObjectParams.Element (well-formedness) (assertion batch 28),unmapped,,
std/JSON/ZeroCopy/Deserializer.dfy,Std.JSON.ZeroCopy.Deserializer.Sequences.Elements (well-formedness) (assertion batch 129),group,False,well-formedness:StdJSONZeroCopyDeserializerSequences*
std/JSON/ZeroCopy/Deserializer.dfy,Std.JSON.ZeroCopy.Deserializer.Sequences.Bracketed (well-formedness) (assertion batch 49),group,False,well-formedness:StdJSONZeroCopyDeserializerSequences*
std/JSON/ZeroCopy/Deserializer.dfy,Std.JSON.ZeroCopy.Deserializer.ObjectParams.Element (well-formedness) (assertion batch 24),unmapped,,
std/JSON/ZeroCopy/Deserializer.dfy,Std.JSON.ZeroCopy.Deserializer.Sequences.Elements (well-formedness) (assertion batch 135),group,False,well-formedness:StdJSONZeroCopyDeserializerSequences*
std/JSON/ZeroCopy/Deserializer.dfy,Std.JSON.ZeroCopy.Deserializer.ObjectParams.Element (well-formedness) (assertion batch 74),unmapped,,
std/JSON/ZeroCopy/Deserializer.dfy,Std.JSON.ZeroCopy.Deserializer.Values.Value (well-formedness) (assertion batch 41),group,False,well-formedness:StdJSONZeroCopyDeserializerValuesVal*
std/JSON/ZeroCopy/Deserializer.dfy,Std.JSON.ZeroCopy.Deserializer.ObjectParams.Element (well-formedness) (assertion batch 7),unmapped,,
std/JSON/ZeroCopy/Deserializer.dfy,Std.JSON.ZeroCopy.Deserializer.Sequences.Bracketed (well-formedness) (assertion batch 48),group,False,well-formedness:StdJSONZeroCopyDeserializerSequences*
std/JSON/ZeroCopy/Deserializer.dfy,Std.JSON.ZeroCopy.Deserializer.Sequences.Elements (well-formedness) (assertion batch 173),group,False,well-formedness:StdJSONZeroCopyDeserializerSequences*
std/JSON/ZeroCopy/Deserializer.dfy,Std.JSON.ZeroCopy.Deserializer.Sequences.Bracketed (well-formedness) (assertion batch 52),group,False,well-formedness:StdJSONZeroCopyDeserializerSequences*
std/JSON/ZeroCopy/Deserializer.dfy,Std.JSON.ZeroCopy.Deserializer.Values.Value (well-formedness) (assertion batch 127),group,False,well-formedness:StdJSONZeroCopyDeserializerValuesVal*
std/JSON/ZeroCopy/Deserializer.dfy,Std.JSON.ZeroCopy.Deserializer.ObjectParams.Element (well-formedness) (assertion batch 15),unmapped,,
std/JSON/ZeroCopy/Deserializer.dfy,Std.JSON.ZeroCopy.Deserializer.Sequences.Elements (well-formedness) (assertion batch 183),group,False,well-formedness:StdJSONZeroCopyDeserializerSequences*
std/JSON/ZeroCopy/Deserializer.dfy,Std.JSON.ZeroCopy.Deserializer.Sequences.Elements (well-formedness) (assertion batch 159),group,False,well-formedness:StdJSONZeroCopyDeserializerSequences*
std/JSON/ZeroCopy/Deserializer.dfy,Std.JSON.ZeroCopy.Deserializer.Sequences.Bracketed (well-formedness) (assertion batch 50),group,False,well-formedness:StdJSONZeroCopyDeserializerSequences*
std/JSON/ZeroCopy/Deserializer.dfy,Std.JSON.ZeroCopy.Deserializer.Objects.Object (well-formedness) (assertion batch 11),group,False,well-formedness:StdJSONZeroCopyDeserializerObjectsOb*
std/JSON/ZeroCopy/Deserializer.dfy,Std.JSON.ZeroCopy.Deserializer.Sequences.Elements (well-formedness) (assertion batch 182),group,False,well-formedness:StdJSONZeroCopyDeserializerSequences*
std/JSON/ZeroCopy/Deserializer.dfy,Std.JSON.ZeroCopy.Deserializer.Sequences.Bracketed (well-formedness) (assertion batch 64),group,False,well-formedness:StdJSONZeroCopyDeserializerSequences*
std/JSON/ZeroCopy/Deserializer.dfy,Std.JSON.ZeroCopy.Deserializer.Sequences.Bracketed (well-formedness) (assertion batch 60),group,False,well-formedness:StdJSONZeroCopyDeserializerSequences*
std/JSON/ZeroCopy/Deserializer.dfy,Std.JSON.ZeroCopy.Deserializer.Sequences.Elements (well-formedness) (assertion batch 220),group,False,well-formedness:StdJSONZeroCopyDeserializerSequences*
std/JSON/ZeroCopy/Deserializer.dfy,Std.JSON.ZeroCopy.Deserializer.Sequences.Bracketed (well-formedness) (assertion batch 25),group,False,well-formedness:StdJSONZeroCopyDeserializerSequences*
std/JSON/ZeroCopy/Deserializer.dfy,Std.JSON.ZeroCopy.Deserializer.ObjectParams.Element (well-formedness) (assertion batch 4),unmapped,,
std/JSON/ZeroCopy/Deserializer.dfy,Std.JSON.ZeroCopy.Deserializer.Sequences.Elements (well-formedness) (assertion batch 68),group,False,well-formedness:StdJSONZeroCopyDeserializerSequences*
std/JSON/ZeroCopy/Deserializer.dfy,Std.JSON.ZeroCopy.Deserializer.ObjectParams.Element (well-formedness) (assertion batch 11),unmapped,,
std/JSON/ZeroCopy/Deserializer.dfy,Std.JSON.ZeroCopy.Deserializer.Sequences.Bracketed (well-formedness) (assertion batch 41),group,False,well-formedness:StdJSONZeroCopyDeserializerSequences*
std/JSON/ZeroCopy/Deserializer.dfy,Std.JSON.ZeroCopy.Deserializer.Sequences.Elements (well-formedness) (assertion batch 71),group,False,well-formedness:StdJSONZeroCopyDeserializerSequences*
std/JSON/ZeroCopy/Deserializer.dfy,Std.JSON.ZeroCopy.Deserializer.Values.Value (well-formedness) (assertion batch 39),group,False,well-formedness:StdJSONZeroCopyDeserializerValuesVal*
std/JSON/ZeroCopy/Deserializer.dfy,Std.JSON.ZeroCopy.Deserializer.Sequences.Elements (well-formedness) (assertion batch 199),group,False,well-formedness:StdJSONZeroCopyDeserializerSequences*
std/JSON/ZeroCopy/Deserializer.dfy,Std.JSON.ZeroCopy.Deserializer.ObjectParams.Element (well-formedness) (assertion batch 36),unmapped,,
std/JSON/ZeroCopy/Deserializer.dfy,Std.JSON.ZeroCopy.Deserializer.ObjectParams.Element (well-formedness) (assertion batch 22),unmapped,,
std/JSON/ZeroCopy/Deserializer.dfy,Std.JSON.ZeroCopy.Deserializer.ObjectParams.Element (well-formedness) (assertion batch 13),unmapped,,
std/JSON/ZeroCopy/Deserializer.dfy,Std.JSON.ZeroCopy.Deserializer.Values.Value (well-formedness) (assertion batch 36),group,False,well-formedness:StdJSONZeroCopyDeserializerValuesVal*
std/JSON/ZeroCopy/Deserializer.dfy,Std.JSON.ZeroCopy.Deserializer.ObjectParams.Element (well-formedness) (assertion batch 55),unmapped,,
std/JSON/ZeroCopy/Deserializer.dfy,Std.JSON.ZeroCopy.Deserializer.Sequences.Elements (well-formedness) (assertion batch 175),group,False,well-formedness:StdJSONZeroCopyDeserializerSequences*
std/JSON/ZeroCopy/Deserializer.dfy,Std.JSON.ZeroCopy.Deserializer.ObjectParams.Element (well-formedness) (assertion batch 66),unmapped,,
std/JSON/ZeroCopy/Deserializer.dfy,Std.JSON.ZeroCopy.Deserializer.ObjectParams.Element (well-formedness) (assertion batch 16),unmapped,,
std/JSON/ZeroCopy/Deserializer.dfy,Std.JSON.ZeroCopy.Deserializer.ObjectParams.Element (well-formedness) (assertion batch 62),unmapped,,
std/JSON/ZeroCopy/Deserializer.dfy,Std.JSON.ZeroCopy.Deserializer.ObjectParams.Element (well-formedness) (assertion batch 60),unmapped,,
std/JSON/ZeroCopy/Deserializer.dfy,Std.JSON.ZeroCopy.Deserializer.Sequences.Elements (well-formedness) (assertion batch 222),group,False,well-formedness:StdJSONZeroCopyDeserializerSequences*
std/JSON/ZeroCopy/Deserializer.dfy,Std.JSON.ZeroCopy.Deserializer.ObjectParams.Element (well-formedness) (assertion batch 38),unmapped,,
std/JSON/ZeroCopy/Deserializer.dfy,Std.JSON.ZeroCopy.Deserializer.Sequences.Elements (well-formedness) (assertion batch 106),group,False,well-formedness:StdJSONZeroCopyDeserializerSequences*
std/JSON/ZeroCopy/Deserializer.dfy,Std.JSON.ZeroCopy.Deserializer.ObjectParams.Element (well-formedness) (assertion batch 5),unmapped,,
std/JSON/ZeroCopy/Deserializer.dfy,Std.JSON.ZeroCopy.Deserializer.ObjectParams.Element (well-formedness) (assertion batch 9),unmapped,,
std/JSON/ZeroCopy/Deserializer.dfy,Std.JSON.ZeroCopy.Deserializer.Sequences.Elements (well-formedness) (assertion batch 97),group,False,well-formedness:StdJSONZeroCopyDeserializerSequences*
std/JSON/ZeroCopy/Deserializer.dfy,Std.JSON.ZeroCopy.Deserializer.Values.Value (well-formedness) (assertion batch 42),group,False,well-formedness:StdJSONZeroCopyDeserializerValuesVal*
std/JSON/ZeroCopy/Deserializer.dfy,Std.JSON.ZeroCopy.Deserializer.Sequences.Elements (well-formedness) (assertion batch 167),group,False,well-formedness:StdJSONZeroCopyDeserializerSequences*
std/JSON/ZeroCopy/Deserializer.dfy,Std.JSON.ZeroCopy.Deserializer.Arrays.Array (well-formedness) (assertion batch 9),group,False,well-formedness:StdJSONZeroCopyDeserializerArraysArr*
std/JSON/ZeroCopy/Deserializer.dfy,Std.JSON.ZeroCopy.Deserializer.ObjectParams.Element (well-formedness) (assertion batch 52),unmapped,,
std/JSON/ZeroCopy/Deserializer.dfy,Std.JSON.ZeroCopy.Deserializer.ObjectParams.Element (well-formedness) (assertion batch 41),unmapped,,
std/JSON/ZeroCopy/Deserializer.dfy,Std.JSON.ZeroCopy.Deserializer.Sequences.Elements (well-formedness) (assertion batch 42),group,False,well-formedness:StdJSONZeroCopyDeserializerSequences*
std/JSON/ZeroCopy/Deserializer.dfy,Std.JSON.ZeroCopy.Deserializer.Sequences.Elements (well-formedness) (assertion batch 189),group,False,well-formedness:StdJSONZeroCopyDeserializerSequences*
std/JSON/ZeroCopy/Deserializer.dfy,Std.JSON.ZeroCopy.Deserializer.Sequences.Elements (well-formedness) (assertion batch 219),group,False,well-formedness:StdJSONZeroCopyDeserializerSequences*
std/JSON/ZeroCopy/Deserializer.dfy,Std.JSON.ZeroCopy.Deserializer.Sequences.Elements (well-formedness) (assertion batch 157),group,False,well-formedness:StdJSONZeroCopyDeserializerSequences*
std/JSON/ZeroCopy/Deserializer.dfy,Std.JSON.ZeroCopy.Deserializer.Sequences.Elements (well-formedness) (assertion batch 178),group,False,well-formedness:StdJSONZeroCopyDeserializerSequences*
std/JSON/ZeroCopy/Deserializer.dfy,Std.JSON.ZeroCopy.Deserializer.SequenceParams.Element (well-formedness),group,False,well-formedness:StdJSONZeroCopyDeserializerSequenceParams*
std/JSON/ZeroCopy/Deserializer.dfy,Std.JSON.ZeroCopy.Deserializer.Sequences.Bracketed (well-formedness) (assertion batch 62),group,False,well-formedness:StdJSONZeroCopyDeserializerSequences*
std/JSON/ZeroCopy/Deserializer.dfy,Std.JSON.ZeroCopy.Deserializer.ObjectParams.Element (well-formedness) (assertion batch 44),unmapped,,
std/JSON/ZeroCopy/Deserializer.dfy,Std.JSON.ZeroCopy.Deserializer.Sequences.Elements (well-formedness) (assertion batch 256),group,False,well-formedness:StdJSONZeroCopyDeserializerSequences*
std/JSON/ZeroCopy/Deserializer.dfy,Std.JSON.ZeroCopy.Deserializer.Sequences.Elements (well-formedness) (assertion batch 21),group,False,well-formedness:StdJSONZeroCopyDeserializerSequences*
std/JSON/ZeroCopy/Deserializer.dfy,Std.JSON.ZeroCopy.Deserializer.ObjectParams.Element (well-formedness) (assertion batch 26),unmapped,,
std/JSON/ZeroCopy/Deserializer.dfy,Std.JSON.ZeroCopy.Deserializer.ObjectParams.Element (well-formedness) (assertion batch 47),unmapped,,
std/JSON/ZeroCopy/Deserializer.dfy,Std.JSON.ZeroCopy.Deserializer.Sequences.Elements (well-formedness) (assertion batch 131),group,False,well-formedness:StdJSONZeroCopyDeserializerSequences*
std/JSON/ZeroCopy/Deserializer.dfy,Std.JSON.ZeroCopy.Deserializer.Sequences.Elements (well-formedness) (assertion batch 191),group,False,well-formedness:StdJSONZeroCopyDeserializerSequences*
std/JSON/ZeroCopy/Deserializer.dfy,Std.JSON.ZeroCopy.Deserializer.Sequences.Elements (well-formedness) (assertion batch 118),group,False,well-formedness:StdJSONZeroCopyDeserializerSequences*
std/JSON/ZeroCopy/Deserializer.dfy,Std.JSON.ZeroCopy.Deserializer.Sequences.Elements (well-formedness) (assertion batch 123),group,False,well-formedness:StdJSONZeroCopyDeserializerSequences*
std/JSON/ZeroCopy/Deserializer.dfy,Std.JSON.ZeroCopy.Deserializer.ObjectParams.Element (well-formedness) (assertion batch 3),unmapped,,
std/JSON/ZeroCopy/Deserializer.dfy,Std.JSON.ZeroCopy.Deserializer.Sequences.Elements (well-formedness) (assertion batch 212),group,False,well-formedness:StdJSONZeroCopyDeserializerSequences*
std/JSON/ZeroCopy/Deserializer.dfy,Std.JSON.ZeroCopy.Deserializer.Sequences.Elements (well-formedness) (assertion batch 255),group,False,well-formedness:StdJSONZeroCopyDeserializerSequences*
std/JSON/ZeroCopy/Deserializer.dfy,Std.JSON.ZeroCopy.Deserializer.ObjectParams.Element (well-formedness) (assertion batch 8),unmapped,,
std/JSON/ZeroCopy/Deserializer.dfy,Std.JSON.ZeroCopy.Deserializer.Sequences.Elements (well-formedness) (assertion batch 211),group,False,well-formedness:StdJSONZeroCopyDeserializerSequences*
std/JSON/ZeroCopy/Deserializer.dfy,Std.JSON.ZeroCopy.Deserializer.Sequences.Elements (well-formedness) (assertion batch 169),group,False,well-formedness:StdJSONZeroCopyDeserializerSequences*
std/JSON/ZeroCopy/Deserializer.dfy,Std.JSON.ZeroCopy.Deserializer.Sequences.Bracketed (well-formedness) (assertion batch 1),group,False,well-formedness:StdJSONZeroCopyDeserializerSequences*
std/JSON/ZeroCopy/Deserializer.dfy,Std.JSON.ZeroCopy.Deserializer.Sequences.Elements (well-formedness) (assertion batch 104),group,False,well-formedness:StdJSONZeroCopyDeserializerSequences*
std/JSON/ZeroCopy/Deserializer.dfy,Std.JSON.ZeroCopy.Deserializer.Values.Value (well-formedness) (assertion batch 114),group,False,well-formedness:StdJSONZeroCopyDeserializerValuesVal*
std/JSON/ZeroCopy/Deserializer.dfy,Std.JSON.ZeroCopy.Deserializer.Sequences.Elements (well-formedness) (assertion batch 200),group,False,well-formedness:StdJSONZeroCopyDeserializerSequences*
std/JSON/ZeroCopy/Deserializer.dfy,Std.JSON.ZeroCopy.Deserializer.Sequences.Bracketed (well-formedness) (assertion batch 10),group,False,well-formedness:StdJSONZeroCopyDeserializerSequences*
std/JSON/ZeroCopy/Deserializer.dfy,Std.JSON.ZeroCopy.Deserializer.Sequences.Elements (well-formedness) (assertion batch 174),group,False,well-formedness:StdJSONZeroCopyDeserializerSequences*
std/JSON/ZeroCopy/Deserializer.dfy,Std.JSON.ZeroCopy.Deserializer.Sequences.Elements (well-formedness) (assertion batch 156),group,False,well-formedness:StdJSONZeroCopyDeserializerSequences*
std/JSON/ZeroCopy/Deserializer.dfy,Std.JSON.ZeroCopy.Deserializer.Sequences.Elements (well-formedness) (assertion batch 193),group,False,well-formedness:StdJSONZeroCopyDeserializerSequences*
std/JSON/ZeroCopy/Deserializer.dfy,Std.JSON.ZeroCopy.Deserializer.Sequences.Elements (well-formedness) (assertion batch 190),group,False,well-formedness:StdJSONZeroCopyDeserializerSequences*
std/JSON/ZeroCopy/Deserializer.dfy,Std.JSON.ZeroCopy.Deserializer.Sequences.Bracketed (well-formedness) (assertion batch 36),group,False,well-formedness:StdJSONZeroCopyDeserializerSequences*
std/JSON/ZeroCopy/Deserializer.dfy,Std.JSON.ZeroCopy.Deserializer.Sequences.Elements (well-formedness) (assertion batch 125),group,False,well-formedness:StdJSONZeroCopyDeserializerSequences*
std/JSON/ZeroCopy/Deserializer.dfy,Std.JSON.ZeroCopy.Deserializer.Sequences.Bracketed (well-formedness) (assertion batch 43),group,False,well-formedness:StdJSONZeroCopyDeserializerSequences*
std/JSON/ZeroCopy/Deserializer.dfy,Std.JSON.ZeroCopy.Deserializer.Sequences.Elements (well-formedness) (assertion batch 158),group,False,well-formedness:StdJSONZeroCopyDeserializerSequences*
std/JSON/ZeroCopy/Deserializer.dfy,Std.JSON.ZeroCopy.Deserializer.Sequences.Elements (well-formedness) (assertion batch 233),group,False,well-formedness:StdJSONZeroCopyDeserializerSequences*
std/JSON/ZeroCopy/Deserializer.dfy,Std.JSON.ZeroCopy.Deserializer.Sequences.Elements (well-formedness) (assertion batch 176),group,False,well-formedness:StdJSONZeroCopyDeserializerSequences*
std/JSON/ZeroCopy/Deserializer.dfy,Std.JSON.ZeroCopy.Deserializer.ObjectParams.Element (well-formedness) (assertion batch 14),unmapped,,
std/JSON/ZeroCopy/Deserializer.dfy,Std.JSON.ZeroCopy.Deserializer.Sequences.Elements (well-formedness) (assertion batch 245),group,False,well-formedness:StdJSONZeroCopyDeserializerSequences*
std/JSON/ZeroCopy/Deserializer.dfy,Std.JSON.ZeroCopy.Deserializer.Values.Value (well-formedness) (assertion batch 38),group,False,well-formedness:StdJSONZeroCopyDeserializerValuesVal*
std/JSON/ZeroCopy/Deserializer.dfy,Std.JSON.ZeroCopy.Deserializer.Values.Value (well-formedness) (assertion batch 205),group,False,well-formedness:StdJSONZeroCopyDeserializerValuesVal*
std/JSON/ZeroCopy/Deserializer.dfy,Std.JSON.ZeroCopy.Deserializer.ObjectParams.Element (well-formedness) (assertion batch 68),unmapped,,
std/JSON/ZeroCopy/Deserializer.dfy,Std.JSON.ZeroCopy.Deserializer.Sequences.Bracketed (well-formedness) (assertion batch 40),group,False,well-formedness:StdJSONZeroCopyDeserializerSequences*
std/JSON/ZeroCopy/Deserializer.dfy,Std.JSON.ZeroCopy.Deserializer.Sequences.Elements (well-formedness) (assertion batch 93),group,False,well-formedness:StdJSONZeroCopyDeserializerSequences*
std/JSON/ZeroCopy/Deserializer.dfy,Std.JSON.ZeroCopy.Deserializer.Sequences.Elements (well-formedness) (assertion batch 84),group,False,well-formedness:StdJSONZeroCopyDeserializerSequences*
std/JSON/ZeroCopy/Deserializer.dfy,Std.JSON.ZeroCopy.Deserializer.ObjectParams.Element (well-formedness) (assertion batch 54),unmapped,,
std/JSON/ZeroCopy/Deserializer.dfy,Std.JSON.ZeroCopy.Deserializer.Sequences.Elements (well-formedness) (assertion batch 192),group,False,well-formedness:StdJSONZeroCopyDeserializerSequences*
std/JSON/ZeroCopy/Deserializer.dfy,Std.JSON.ZeroCopy.Deserializer.Values.Value (well-formedness) (assertion batch 34),group,False,well-formedness:StdJSONZeroCopyDeserializerValuesVal*
std/JSON/ZeroCopy/Deserializer.dfy,Std.JSON.ZeroCopy.Deserializer.Sequences.Bracketed (well-formedness) (assertion batch 46),group,False,well-formedness:StdJSONZeroCopyDeserializerSequences*
std/JSON/ZeroCopy/Deserializer.dfy,Std.JSON.ZeroCopy.Deserializer.Values.Value (well-formedness) (assertion batch 221),group,False,well-formedness:StdJSONZeroCopyDeserializerValuesVal*
std/JSON/ZeroCopy/Deserializer.dfy,Std.JSON.ZeroCopy.Deserializer.Sequences.Elements (well-formedness) (assertion batch 91),group,False,well-formedness:StdJSONZeroCopyDeserializerSequences*
std/JSON/ZeroCopy/Deserializer.dfy,Std.JSON.ZeroCopy.Deserializer.Sequences.Bracketed (well-formedness) (assertion batch 32),group,False,well-formedness:StdJSONZeroCopyDeserializerSequences*
std/JSON/ZeroCopy/Deserializer.dfy,Std.JSON.ZeroCopy.Deserializer.ObjectParams.Element (well-formedness) (assertion batch 80),unmapped,,
std/JSON/ZeroCopy/Deserializer.dfy,Std.JSON.ZeroCopy.Deserializer.Sequences.Bracketed (well-formedness) (assertion batch 24),group,False,well-formedness:StdJSONZeroCopyDeserializerSequences*
std/JSON/ZeroCopy/Deserializer.dfy,Std.JSON.ZeroCopy.Deserializer.Sequences.Bracketed (well-formedness) (assertion batch 28),group,False,well-formedness:StdJSONZeroCopyDeserializerSequences*
std/JSON/ZeroCopy/Deserializer.dfy,Std.JSON.ZeroCopy.Deserializer.Sequences.Elements (well-formedness) (assertion batch 90),group,False,well-formedness:StdJSONZeroCopyDeserializerSequences*
std/JSON/ZeroCopy/Deserializer.dfy,Std.JSON.ZeroCopy.Deserializer.Sequences.Elements (well-formedness) (assertion batch 130),group,False,well-formedness:StdJSONZeroCopyDeserializerSequences*
std/JSON/ZeroCopy/Deserializer.dfy,Std.JSON.ZeroCopy.Deserializer.Sequences.Elements (well-formedness) (assertion batch 215),group,False,well-formedness:StdJSONZeroCopyDeserializerSequences*
std/JSON/ZeroCopy/Deserializer.dfy,Std.JSON.ZeroCopy.Deserializer.Values.Value (well-formedness) (assertion batch 53),group,False,well-formedness:StdJSONZeroCopyDeserializerValuesVal*
std/JSON/ZeroCopy/Deserializer.dfy,Std.JSON.ZeroCopy.Deserializer.Sequences.Bracketed (well-formedness) (assertion batch 26),group,False,well-formedness:StdJSONZeroCopyDeserializerSequences*
std/JSON/ZeroCopy/Deserializer.dfy,Std.JSON.ZeroCopy.Deserializer.Sequences.Elements (well-formedness) (assertion batch 102),group,False,well-formedness:StdJSONZeroCopyDeserializerSequences*
std/JSON/ZeroCopy/Deserializer.dfy,Std.JSON.ZeroCopy.Deserializer.Values.Value (well-formedness) (assertion batch 47),group,False,well-formedness:StdJSONZeroCopyDeserializerValuesVal*
std/JSON/ZeroCopy/Deserializer.dfy,Std.JSON.ZeroCopy.Deserializer.Sequences.Elements (well-formedness) (assertion batch 116),group,False,well-formedness:StdJSONZeroCopyDeserializerSequences*
std/JSON/ZeroCopy/Deserializer.dfy,Std.JSON.ZeroCopy.Deserializer.Values.Value (well-formedness) (assertion batch 30),group,False,well-formedness:StdJSONZeroCopyDeserializerValuesVal*
std/JSON/ZeroCopy/Deserializer.dfy,Std.JSON.ZeroCopy.Deserializer.Sequences.Elements (well-formedness) (assertion batch 25),group,False,well-formedness:StdJSONZeroCopyDeserializerSequences*
std/JSON/ZeroCopy/Deserializer.dfy,Std.JSON.ZeroCopy.Deserializer.Sequences.Bracketed (well-formedness) (assertion batch 38),group,False,well-formedness:StdJSONZeroCopyDeserializerSequences*
std/JSON/ZeroCopy/Deserializer.dfy,Std.JSON.ZeroCopy.Deserializer.Values.Value (well-formedness) (assertion batch 203),group,False,well-formedness:StdJSONZeroCopyDeserializerValuesVal*
std/JSON/ZeroCopy/Deserializer.dfy,Std.JSON.ZeroCopy.Deserializer.Values.Value (well-formedness) (assertion batch 120),group,False,well-formedness:StdJSONZeroCopyDeserializerValuesVal*
std/JSON/ZeroCopy/Deserializer.dfy,Std.JSON.ZeroCopy.Deserializer.Sequences.Elements (well-formedness) (assertion batch 31),group,False,well-formedness:StdJSONZeroCopyDeserializerSequences*
std/JSON/ZeroCopy/Deserializer.dfy,Std.JSON.ZeroCopy.Deserializer.Sequences.Elements (well-formedness) (assertion batch 48),group,False,well-formedness:StdJSONZeroCopyDeserializerSequences*
std/JSON/ZeroCopy/Deserializer.dfy,Std.JSON.ZeroCopy.Deserializer.Sequences.Bracketed (well-formedness) (assertion batch 34),group,False,well-formedness:StdJSONZeroCopyDeserializerSequences*
std/JSON/ZeroCopy/Deserializer.dfy,Std.JSON.ZeroCopy.Deserializer.Sequences.Bracketed (well-formedness) (assertion batch 16),group,False,well-formedness:StdJSONZeroCopyDeserializerSequences*
std/JSON/ZeroCopy/Deserializer.dfy,Std.JSON.ZeroCopy.Deserializer.Core.Get (well-formedness),group,False,well-formedness:StdJSONZeroCopyDeserializerCoreG*
std/JSON/ZeroCopy/Deserializer.dfy,Std.JSON.ZeroCopy.Deserializer.Sequences.Elements (well-formedness) (assertion batch 238),group,False,well-formedness:StdJSONZeroCopyDeserializerSequences*
std/JSON/ZeroCopy/Deserializer.dfy,Std.JSON.ZeroCopy.Deserializer.Sequences.Elements (well-formedness) (assertion batch 17),group,False,well-formedness:StdJSONZeroCopyDeserializerSequences*
std/JSON/ZeroCopy/Deserializer.dfy,Std.JSON.ZeroCopy.Deserializer.Sequences.Elements (well-formedness) (assertion batch 100),group,False,well-formedness:StdJSONZeroCopyDeserializerSequences*
std/JSON/ZeroCopy/Deserializer.dfy,Std.JSON.ZeroCopy.Deserializer.Sequences.Elements (well-formedness) (assertion batch 39),group,False,well-formedness:StdJSONZeroCopyDeserializerSequences*
std/JSON/ZeroCopy/Deserializer.dfy,Std.JSON.ZeroCopy.Deserializer.Sequences.Elements (well-formedness) (assertion batch 209),group,False,well-formedness:StdJSONZeroCopyDeserializerSequences*
std/JSON/ZeroCopy/Deserializer.dfy,Std.JSON.ZeroCopy.Deserializer.ObjectParams.Element (well-formedness) (assertion batch 58),unmapped,,
std/JSON/ZeroCopy/Deserializer.dfy,Std.JSON.ZeroCopy.Deserializer.Sequences.Elements (well-formedness) (assertion batch 27),group,False,well-formedness:StdJSONZeroCopyDeserializerSequences*
std/JSON/ZeroCopy/Deserializer.dfy,Std.JSON.ZeroCopy.Deserializer.Values.Value (well-formedness) (assertion batch 137),group,False,well-formedness:StdJSONZeroCopyDeserializerValuesVal*
std/JSON/ZeroCopy/Deserializer.dfy,Std.JSON.ZeroCopy.Deserializer.Values.Value (well-formedness) (assertion batch 210),group,False,well-formedness:StdJSONZeroCopyDeserializerValuesVal*
std/JSON/ZeroCopy/Deserializer.dfy,Std.JSON.ZeroCopy.Deserializer.ObjectParams.Element (well-formedness) (assertion batch 10),unmapped,,
std/JSON/ZeroCopy/Deserializer.dfy,Std.JSON.ZeroCopy.Deserializer.Sequences.Elements (well-formedness) (assertion batch 168),group,False,well-formedness:StdJSONZeroCopyDeserializerSequences*
std/JSON/ZeroCopy/Deserializer.dfy,Std.JSON.ZeroCopy.Deserializer.Values.Value (well-formedness) (assertion batch 32),group,False,well-formedness:StdJSONZeroCopyDeserializerValuesVal*
std/JSON/ZeroCopy/Deserializer.dfy,Std.JSON.ZeroCopy.Deserializer.Sequences.Elements (well-formedness) (assertion batch 184),group,False,well-formedness:StdJSONZeroCopyDeserializerSequences*
std/JSON/ZeroCopy/Deserializer.dfy,Std.JSON.ZeroCopy.Deserializer.Sequences.Bracketed (well-formedness) (assertion batch 33),group,False,well-formedness:StdJSONZeroCopyDeserializerSequences*
std/JSON/ZeroCopy/Deserializer.dfy,Std.JSON.ZeroCopy.Deserializer.Values.Value (well-formedness) (assertion batch 40),group,False,well-formedness:StdJSONZeroCopyDeserializerValuesVal*
std/JSON/ZeroCopy/Deserializer.dfy,Std.JSON.ZeroCopy.Deserializer.Sequences.Elements (well-formedness) (assertion batch 229),group,False,well-formedness:StdJSONZeroCopyDeserializerSequences*
std/JSON/ZeroCopy/Deserializer.dfy,Std.JSON.ZeroCopy.Deserializer.Values.Value (well-formedness) (assertion batch 220),group,False,well-formedness:StdJSONZeroCopyDeserializerValuesVal*
std/JSON/ZeroCopy/Deserializer.dfy,Std.JSON.ZeroCopy.Deserializer.Sequences.Elements (well-formedness) (assertion batch 92),group,False,well-formedness:StdJSONZeroCopyDeserializerSequences*
std/JSON/ZeroCopy/Deserializer.dfy,Std.JSON.ZeroCopy.Deserializer.Sequences.Elements (well-formedness) (assertion batch 207),group,False,well-formedness:StdJSONZeroCopyDeserializerSequences*
std/JSON/ZeroCopy/Deserializer.dfy,Std.JSON.ZeroCopy.Deserializer.Sequences.Elements (well-formedness) (assertion batch 117),group,False,well-formedness:StdJSONZeroCopyDeserializerSequences*
std/JSON/ZeroCopy/Deserializer.dfy,Std.JSON.ZeroCopy.Deserializer.Sequences.Bracketed (well-formedness) (assertion batch 12),group,False,well-formedness:StdJSONZeroCopyDeserializerSequences*
std/JSON/ZeroCopy/Deserializer.dfy,Std.JSON.ZeroCopy.Deserializer.Values.Value (well-formedness) (assertion batch 332),group,False,well-formedness:StdJSONZeroCopyDeserializerValuesVal*
std/JSON/ZeroCopy/Deserializer.dfy,Std.JSON.ZeroCopy.Deserializer.Values.Value (well-formedness) (assertion batch 136),group,False,well-formedness:StdJSONZeroCopyDeserializerValuesVal*
std/JSON/ZeroCopy/Deserializer.dfy,Std.JSON.ZeroCopy.Deserializer.Sequences.Elements (well-formedness) (assertion batch 227),group,False,well-formedness:StdJSONZeroCopyDeserializerSequences*
std/JSON/ZeroCopy/Deserializer.dfy,Std.JSON.ZeroCopy.Deserializer.Sequences.Elements (well-formedness) (assertion batch 247),group,False,well-formedness:StdJSONZeroCopyDeserializerSequences*
std/JSON/ZeroCopy/Deserializer.dfy,Std.JSON.ZeroCopy.Deserializer.Sequences.Elements (well-formedness) (assertion batch 99),group,False,well-formedness:StdJSONZeroCopyDeserializerSequences*
std/JSON/ZeroCopy/Deserializer.dfy,Std.JSON.ZeroCopy.Deserializer.Values.Value (well-formedness) (assertion batch 31),group,False,well-formedness:StdJSONZeroCopyDeserializerValuesVal*
std/JSON/ZeroCopy/Deserializer.dfy,Std.JSON.ZeroCopy.Deserializer.Sequences.Elements (well-formedness) (assertion batch 29),group,False,well-formedness:StdJSONZeroCopyDeserializerSequences*
std/JSON/ZeroCopy/Deserializer.dfy,Std.JSON.ZeroCopy.Deserializer.Sequences.Elements (well-formedness) (assertion batch 119),group,False,well-formedness:StdJSONZeroCopyDeserializerSequences*
std/JSON/ZeroCopy/Deserializer.dfy,Std.JSON.ZeroCopy.Deserializer.Arrays.Array (well-formedness) (assertion batch 1),group,False,well-formedness:StdJSONZeroCopyDeserializerArraysArr*
std/JSON/ZeroCopy/Deserializer.dfy,Std.JSON.ZeroCopy.Deserializer.ObjectParams.Element (well-formedness) (assertion batch 12),unmapped,,
std/JSON/ZeroCopy/Deserializer.dfy,Std.JSON.ZeroCopy.Deserializer.Sequences.Bracketed (well-formedness) (assertion batch 30),group,False,well-formedness:StdJSONZeroCopyDeserializerSequences*
std/JSON/ZeroCopy/Deserializer.dfy,Std.JSON.ZeroCopy.Deserializer.Sequences.Elements (well-formedness) (assertion batch 218),group,False,well-formedness:StdJSONZeroCopyDeserializerSequences*
std/JSON/ZeroCopy/Deserializer.dfy,Std.JSON.ZeroCopy.Deserializer.Sequences.Bracketed (well-formedness) (assertion batch 22),group,False,well-formedness:StdJSONZeroCopyDeserializerSequences*
std/JSON/ZeroCopy/Deserializer.dfy,Std.JSON.ZeroCopy.Deserializer.Values.Value (well-formedness) (assertion batch 218),group,False,well-formedness:StdJSONZeroCopyDeserializerValuesVal*
std/JSON/ZeroCopy/Deserializer.dfy,Std.JSON.ZeroCopy.Deserializer.Sequences.Elements (well-formedness) (assertion batch 41),group,False,well-formedness:StdJSONZeroCopyDeserializerSequences*
std/JSON/ZeroCopy/Deserializer.dfy,Std.JSON.ZeroCopy.Deserializer.Sequences.Elements (well-formedness) (assertion batch 249),group,False,well-formedness:StdJSONZeroCopyDeserializerSequences*
std/JSON/ZeroCopy/Deserializer.dfy,Std.JSON.ZeroCopy.Deserializer.Sequences.Elements (well-formedness) (assertion batch 34),group,False,well-formedness:StdJSONZeroCopyDeserializerSequences*
std/JSON/ZeroCopy/Deserializer.dfy,Std.JSON.ZeroCopy.Deserializer.Sequences.Bracketed (well-formedness) (assertion batch 20),group,False,well-formedness:StdJSONZeroCopyDeserializerSequences*
std/JSON/ZeroCopy/Deserializer.dfy,Std.JSON.ZeroCopy.Deserializer.Sequences.Elements (well-formedness) (assertion batch 33),group,False,well-formedness:StdJSONZeroCopyDeserializerSequences*
std/JSON/ZeroCopy/Deserializer.dfy,Std.JSON.ZeroCopy.Deserializer.Sequences.Elements (well-formedness) (assertion batch 64),group,False,well-formedness:StdJSONZeroCopyDeserializerSequences*
std/JSON/ZeroCopy/Deserializer.dfy,Std.JSON.ZeroCopy.Deserializer.Sequences.Bracketed (well-formedness) (assertion batch 18),group,False,well-formedness:StdJSONZeroCopyDeserializerSequences*
std/JSON/ZeroCopy/Deserializer.dfy,Std.JSON.ZeroCopy.Deserializer.Sequences.Elements (well-formedness) (assertion batch 217),group,False,well-formedness:StdJSONZeroCopyDeserializerSequences*
std/JSON/ZeroCopy/Deserializer.dfy,Std.JSON.ZeroCopy.Deserializer.Objects.BracketedToObject (correctness) (assertion batch 6),group,False,correctness:StdJSONZeroCopyDeserializerObjectsBracketedToOb*
std/JSON/ZeroCopy/Deserializer.dfy,Std.JSON.ZeroCopy.Deserializer.Sequences.AppendWithSuffix (well-formedness) (assertion batch 1),group,False,well-formedness:StdJSONZeroCopyDeserializerSequences*
std/JSON/ZeroCopy/Deserializer.dfy,Std.JSON.ZeroCopy.Deserializer.Sequences.Elements (well-formedness) (assertion batch 46),group,False,well-formedness:StdJSONZeroCopyDeserializerSequences*
std/JSON/ZeroCopy/Deserializer.dfy,Std.JSON.ZeroCopy.Deserializer.Sequences.Elements (well-formedness) (assertion batch 40),group,False,well-formedness:StdJSONZeroCopyDeserializerSequences*
std/JSON/ZeroCopy/Deserializer.dfy,Std.JSON.ZeroCopy.Deserializer.Sequences.AppendLast (well-formedness) (assertion batch 13),group,False,well-formedness:StdJSONZeroCopyDeserializerSequences*
std/JSON/ZeroCopy/Deserializer.dfy,Std.JSON.ZeroCopy.Deserializer.Sequences.Elements (well-formedness) (assertion batch 15),group,False,well-formedness:StdJSONZeroCopyDeserializerSequences*
std/JSON/ZeroCopy/Deserializer.dfy,Std.JSON.ZeroCopy.Deserializer.Sequences.Elements (well-formedness) (assertion batch 171),group,False,well-formedness:StdJSONZeroCopyDeserializerSequences*
std/JSON/ZeroCopy/Deserializer.dfy,Std.JSON.ZeroCopy.Deserializer.Sequences.Elements (well-formedness) (assertion batch 74),group,False,well-formedness:StdJSONZeroCopyDeserializerSequences*
std/JSON/ZeroCopy/Deserializer.dfy,Std.JSON.ZeroCopy.Deserializer.Sequences.Elements (well-formedness) (assertion batch 237),group,False,well-formedness:StdJSONZeroCopyDeserializerSequences*
std/JSON/ZeroCopy/Deserializer.dfy,Std.JSON.ZeroCopy.Deserializer.Values.Value (well-formedness) (assertion batch 327),group,False,well-formedness:StdJSONZeroCopyDeserializerValuesVal*
std/JSON/ZeroCopy/Deserializer.dfy,Std.JSON.ZeroCopy.Deserializer.ObjectParams.KeyValueFromParts (well-formedness),unmapped,,
std/JSON/ZeroCopy/Deserializer.dfy,Std.JSON.ZeroCopy.Deserializer.ObjectParams.Element (well-formedness) (assertion batch 2),unmapped,,
std/JSON/ZeroCopy/Deserializer.dfy,Std.JSON.ZeroCopy.Deserializer.ObjectParams.Element (well-formedness) (assertion batch 70),unmapped,,
std/JSON/ZeroCopy/Deserializer.dfy,Std.JSON.ZeroCopy.Deserializer.Values.Value (well-formedness) (assertion batch 219),group,False,well-formedness:StdJSONZeroCopyDeserializerValuesVal*
std/JSON/ZeroCopy/Deserializer.dfy,Std.JSON.ZeroCopy.Deserializer.Sequences.Elements (well-formedness) (assertion batch 208),group,False,well-formedness:StdJSONZeroCopyDeserializerSequences*
std/JSON/ZeroCopy/Deserializer.dfy,Std.JSON.ZeroCopy.Deserializer.Sequences.Elements (well-formedness) (assertion batch 26),group,False,well-formedness:StdJSONZeroCopyDeserializerSequences*
std/JSON/ZeroCopy/Deserializer.dfy,Std.JSON.ZeroCopy.Deserializer.Sequences.Elements (well-formedness) (assertion batch 83),group,False,well-formedness:StdJSONZeroCopyDeserializerSequences*
std/JSON/ZeroCopy/Deserializer.dfy,Std.JSON.ZeroCopy.Deserializer.Values.Value (well-formedness) (assertion batch 115),group,False,well-formedness:StdJSONZeroCopyDeserializerValuesVal*
std/JSON/ZeroCopy/Deserializer.dfy,Std.JSON.ZeroCopy.Deserializer.Sequences.Elements (well-formedness) (assertion batch 231),group,False,well-formedness:StdJSONZeroCopyDeserializerSequences*
std/JSON/ZeroCopy/Deserializer.dfy,Std.JSON.ZeroCopy.Deserializer.Sequences.Bracketed (well-formedness) (assertion batch 5),group,False,well-formedness:StdJSONZeroCopyDeserializerSequences*
std/JSON/ZeroCopy/Deserializer.dfy,Std.JSON.ZeroCopy.Deserializer.Sequences.Elements (well-formedness) (assertion batch 254),group,False,well-formedness:StdJSONZeroCopyDeserializerSequences*
std/JSON/ZeroCopy/Deserializer.dfy,Std.JSON.ZeroCopy.Deserializer.Sequences.Elements (well-formedness) (assertion batch 37),group,False,well-formedness:StdJSONZeroCopyDeserializerSequences*
std/JSON/ZeroCopy/Deserializer.dfy,Std.JSON.ZeroCopy.Deserializer.Sequences.Elements (well-formedness) (assertion batch 243),group,False,well-formedness:StdJSONZeroCopyDeserializerSequences*
std/JSON/ZeroCopy/Deserializer.dfy,Std.JSON.ZeroCopy.Deserializer.Sequences.Elements (well-formedness) (assertion batch 103),group,False,well-formedness:StdJSONZeroCopyDeserializerSequences*
std/JSON/ZeroCopy/Deserializer.dfy,Std.JSON.ZeroCopy.Deserializer.Sequences.Elements (well-formedness) (assertion batch 80),group,False,well-formedness:StdJSONZeroCopyDeserializerSequences*
std/JSON/ZeroCopy/Deserializer.dfy,Std.JSON.ZeroCopy.Deserializer.Sequences.Elements (well-formedness) (assertion batch 112),group,False,well-formedness:StdJSONZeroCopyDeserializerSequences*
std/JSON/ZeroCopy/Deserializer.dfy,Std.JSON.ZeroCopy.Deserializer.Sequences.Elements (well-formedness) (assertion batch 205),group,False,well-formedness:StdJSONZeroCopyDeserializerSequences*
std/JSON/ZeroCopy/Deserializer.dfy,Std.JSON.ZeroCopy.Deserializer.Sequences.Elements (well-formedness) (assertion batch 170),group,False,well-formedness:StdJSONZeroCopyDeserializerSequences*
std/JSON/ZeroCopy/Deserializer.dfy,Std.JSON.ZeroCopy.Deserializer.Sequences.Elements (well-formedness) (assertion batch 32),group,False,well-formedness:StdJSONZeroCopyDeserializerSequences*
std/JSON/ZeroCopy/Deserializer.dfy,Std.JSON.ZeroCopy.Deserializer.Values.Value (well-formedness) (assertion batch 209),group,False,well-formedness:StdJSONZeroCopyDeserializerValuesVal*
std/JSON/ZeroCopy/Deserializer.dfy,Std.JSON.ZeroCopy.Deserializer.Sequences.Elements (well-formedness) (assertion batch 195),group,False,well-formedness:StdJSONZeroCopyDeserializerSequences*
std/JSON/ZeroCopy/Deserializer.dfy,Std.JSON.ZeroCopy.Deserializer.Values.Value (well-formedness) (assertion batch 334),group,False,well-formedness:StdJSONZeroCopyDeserializerValuesVal*
std/JSON/ZeroCopy/Deserializer.dfy,Std.JSON.ZeroCopy.Deserializer.Sequences.Bracketed (well-formedness) (assertion batch 42),group,False,well-formedness:StdJSONZeroCopyDeserializerSequences*
std/JSON/ZeroCopy/Deserializer.dfy,Std.JSON.ZeroCopy.Deserializer.Sequences.Elements (well-formedness) (assertion batch 35),group,False,well-formedness:StdJSONZeroCopyDeserializerSequences*
std/JSON/ZeroCopy/Deserializer.dfy,Std.JSON.ZeroCopy.Deserializer.Sequences.Bracketed (well-formedness) (assertion batch 6),group,False,well-formedness:StdJSONZeroCopyDeserializerSequences*
std/JSON/ZeroCopy/Deserializer.dfy,Std.JSON.ZeroCopy.Deserializer.Values.Value (well-formedness) (assertion batch 116),group,False,well-formedness:StdJSONZeroCopyDeserializerValuesVal*
std/JSON/ZeroCopy/Deserializer.dfy,Std.JSON.ZeroCopy.Deserializer.Sequences.Elements (well-formedness) (assertion batch 196),group,False,well-formedness:StdJSONZeroCopyDeserializerSequences*
std/JSON/ZeroCopy/Deserializer.dfy,Std.JSON.ZeroCopy.Deserializer.ArrayParams.Element (well-formedness),unmapped,,
std/JSON/ZeroCopy/Deserializer.dfy,Std.JSON.ZeroCopy.Deserializer.Values.Value (well-formedness) (assertion batch 126),group,False,well-formedness:StdJSONZeroCopyDeserializerValuesVal*
std/JSON/ZeroCopy/Deserializer.dfy,Std.JSON.ZeroCopy.Deserializer.Strings.StringBody (correctness),group,False,correctness:StdJSONZeroCopyDeserializerStringsStringBod*
std/JSON/ZeroCopy/Deserializer.dfy,Std.JSON.ZeroCopy.Deserializer.Sequences.Bracketed (well-formedness) (assertion batch 7),group,False,well-formedness:StdJSONZeroCopyDeserializerSequences*
std/JSON/ZeroCopy/Deserializer.dfy,Std.JSON.ZeroCopy.Deserializer.Sequences.Elements (well-formedness) (assertion batch 204),group,False,well-formedness:StdJSONZeroCopyDeserializerSequences*
std/JSON/ZeroCopy/Deserializer.dfy,Std.JSON.ZeroCopy.Deserializer.Sequences.Elements (well-formedness) (assertion batch 98),group,False,well-formedness:StdJSONZeroCopyDeserializerSequences*
std/JSON/ZeroCopy/Deserializer.dfy,Std.JSON.ZeroCopy.Deserializer.Sequences.Elements (well-formedness) (assertion batch 105),group,False,well-formedness:StdJSONZeroCopyDeserializerSequences*
std/JSON/ZeroCopy/Deserializer.dfy,Std.JSON.ZeroCopy.Deserializer.Values.Value (well-formedness) (assertion batch 135),group,False,well-formedness:StdJSONZeroCopyDeserializerValuesVal*
std/JSON/ZeroCopy/Deserializer.dfy,Std.JSON.ZeroCopy.Deserializer.Values.Value (well-formedness) (assertion batch 222),group,False,well-formedness:StdJSONZeroCopyDeserializerValuesVal*
std/JSON/ZeroCopy/Deserializer.dfy,Std.JSON.ZeroCopy.Deserializer.Values.Value (well-formedness) (assertion batch 330),group,False,well-formedness:StdJSONZeroCopyDeserializerValuesVal*
std/JSON/ZeroCopy/Deserializer.dfy,Std.JSON.ZeroCopy.Deserializer.Values.Value (well-formedness) (assertion batch 199),group,False,well-formedness:StdJSONZeroCopyDeserializerValuesVal*
std/JSON/ZeroCopy/Deserializer.dfy,Std.JSON.ZeroCopy.Deserializer.Values.Value (well-formedness) (assertion batch 207),group,False,well-formedness:StdJSONZeroCopyDeserializerValuesVal*
std/JSON/ZeroCopy/Deserializer.dfy,Std.JSON.ZeroCopy.Deserializer.Values.Value (well-formedness) (assertion batch 33),group,False,well-formedness:StdJSONZeroCopyDeserializerValuesVal*
std/JSON/ZeroCopy/Deserializer.dfy,Std.JSON.ZeroCopy.Deserializer.Values.Value (well-formedness) (assertion batch 329),group,False,well-formedness:StdJSONZeroCopyDeserializerValuesVal*
std/JSON/ZeroCopy/Deserializer.dfy,Std.JSON.ZeroCopy.Deserializer.Sequences.Bracketed (well-formedness) (assertion batch 8),group,False,well-formedness:StdJSONZeroCopyDeserializerSequences*
std/JSON/ZeroCopy/Deserializer.dfy,Std.JSON.ZeroCopy.Deserializer.Sequences.Elements (well-formedness) (assertion batch 36),group,False,well-formedness:StdJSONZeroCopyDeserializerSequences*
std/JSON/ZeroCopy/Deserializer.dfy,Std.JSON.ZeroCopy.Deserializer.Sequences.Elements (well-formedness) (assertion batch 45),group,False,well-formedness:StdJSONZeroCopyDeserializerSequences*
std/JSON/ZeroCopy/Deserializer.dfy,Std.JSON.ZeroCopy.Deserializer.Values.Value (well-formedness) (assertion batch 204),group,False,well-formedness:StdJSONZeroCopyDeserializerValuesVal*
std/JSON/ZeroCopy/Deserializer.dfy,Std.JSON.ZeroCopy.Deserializer.Sequences.Elements (well-formedness) (assertion batch 50),group,False,well-formedness:StdJSONZeroCopyDeserializerSequences*
std/JSON/ZeroCopy/Deserializer.dfy,Std.JSON.ZeroCopy.Deserializer.Objects.BracketedToObject (correctness) (assertion batch 7),group,False,correctness:StdJSONZeroCopyDeserializerObjectsBracketedToOb*
std/JSON/ZeroCopy/Deserializer.dfy,Std.JSON.ZeroCopy.Deserializer.Sequences.Elements (well-formedness) (assertion batch 19),group,False,well-formedness:StdJSONZeroCopyDeserializerSequences*
std/JSON/ZeroCopy/Deserializer.dfy,Std.JSON.ZeroCopy.Deserializer.Values.Value (well-formedness) (assertion batch 54),group,False,well-formedness:StdJSONZeroCopyDeserializerValuesVal*
std/JSON/ZeroCopy/Deserializer.dfy,Std.JSON.ZeroCopy.Deserializer.Objects.BracketedToObject (correctness) (assertion batch 8),group,False,correctness:StdJSONZeroCopyDeserializerObjectsBracketedToOb*
std/JSON/ZeroCopy/Deserializer.dfy,Std.JSON.ZeroCopy.Deserializer.Sequences.Bracketed (well-formedness) (assertion batch 4),group,False,well-formedness:StdJSONZeroCopyDeserializerSequences*
std/JSON/ZeroCopy/Deserializer.dfy,Std.JSON.ZeroCopy.Deserializer.Sequences.Elements (well-formedness) (assertion batch 203),group,False,well-formedness:StdJSONZeroCopyDeserializerSequences*
std/JSON/ZeroCopy/Deserializer.dfy,Std.JSON.ZeroCopy.Deserializer.Values.Value (well-formedness) (assertion batch 208),group,False,well-formedness:StdJSONZeroCopyDeserializerValuesVal*
std/JSON/ZeroCopy/Deserializer.dfy,Std.JSON.ZeroCopy.Deserializer.Sequences.Bracketed (well-formedness) (assertion batch 35),group,False,well-formedness:StdJSONZeroCopyDeserializerSequences*
std/JSON/ZeroCopy/Deserializer.dfy,Std.JSON.ZeroCopy.Deserializer.Sequences.Bracketed (well-formedness) (assertion batch 14),group,False,well-formedness:StdJSONZeroCopyDeserializerSequences*
std/JSON/ZeroCopy/Deserializer.dfy,Std.JSON.ZeroCopy.Deserializer.Sequences.Elements (well-formedness) (assertion batch 108),group,False,well-formedness:StdJSONZeroCopyDeserializerSequences*
std/JSON/ZeroCopy/Deserializer.dfy,Std.JSON.ZeroCopy.Deserializer.Sequences.AppendWithSuffix (well-formedness) (assertion batch 4),group,False,well-formedness:StdJSONZeroCopyDeserializerSequences*
std/JSON/ZeroCopy/Deserializer.dfy,Std.JSON.ZeroCopy.Deserializer.Sequences.Elements (well-formedness) (assertion batch 253),group,False,well-formedness:StdJSONZeroCopyDeserializerSequences*
std/JSON/ZeroCopy/Deserializer.dfy,Std.JSON.ZeroCopy.Deserializer.Sequences.Elements (well-formedness) (assertion batch 52),group,False,well-formedness:StdJSONZeroCopyDeserializerSequences*
std/JSON/ZeroCopy/Deserializer.dfy,Std.JSON.ZeroCopy.Deserializer.Values.Value (well-formedness) (assertion batch 122),group,False,well-formedness:StdJSONZeroCopyDeserializerValuesVal*
std/JSON/ZeroCopy/Deserializer.dfy,Std.JSON.ZeroCopy.Deserializer.Sequences.AppendWithSuffix (well-formedness) (assertion batch 2),group,False,well-formedness:StdJSONZeroCopyDeserializerSequences*
std/JSON/ZeroCopy/Deserializer.dfy,Std.JSON.ZeroCopy.Deserializer.Sequences.Bracketed (well-formedness) (assertion batch 44),group,False,well-formedness:StdJSONZeroCopyDeserializerSequences*
std/JSON/ZeroCopy/Deserializer.dfy,Std.JSON.ZeroCopy.Deserializer.Values.Value (well-formedness) (assertion batch 281),group,False,well-formedness:StdJSONZeroCopyDeserializerValuesVal*
std/JSON/ZeroCopy/Deserializer.dfy,Std.JSON.ZeroCopy.Deserializer.Values.Value (well-formedness) (assertion batch 206),group,False,well-formedness:StdJSONZeroCopyDeserializerValuesVal*
std/JSON/ZeroCopy/Deserializer.dfy,Std.JSON.ZeroCopy.Deserializer.Values.Value (well-formedness) (assertion batch 121),group,False,well-formedness:StdJSONZeroCopyDeserializerValuesVal*
std/JSON/ZeroCopy/Deserializer.dfy,Std.JSON.ZeroCopy.Deserializer.Sequences.Elements (well-formedness) (assertion batch 230),group,False,well-formedness:StdJSONZeroCopyDeserializerSequences*
std/JSON/ZeroCopy/Deserializer.dfy,Std.JSON.ZeroCopy.Deserializer.Sequences.Elements (well-formedness) (assertion batch 88),group,False,well-formedness:StdJSONZeroCopyDeserializerSequences*
std/JSON/ZeroCopy/Deserializer.dfy,Std.JSON.ZeroCopy.Deserializer.Sequences.Elements (well-formedness) (assertion batch 228),group,False,well-formedness:StdJSONZeroCopyDeserializerSequences*
std/JSON/ZeroCopy/Deserializer.dfy,Std.JSON.ZeroCopy.Deserializer.Sequences.Elements (well-formedness) (assertion batch 72),group,False,well-formedness:StdJSONZeroCopyDeserializerSequences*
std/JSON/ZeroCopy/Deserializer.dfy,Std.JSON.ZeroCopy.Deserializer.Sequences.Elements (well-formedness) (assertion batch 101),group,False,well-formedness:StdJSONZeroCopyDeserializerSequences*
std/JSON/ZeroCopy/Deserializer.dfy,Std.JSON.ZeroCopy.Deserializer.Sequences.Elements (well-formedness) (assertion batch 62),group,False,well-formedness:StdJSONZeroCopyDeserializerSequences*
std/JSON/ZeroCopy/Deserializer.dfy,Std.JSON.ZeroCopy.Deserializer.Sequences.AboutTryStructural (correctness) (assertion batch 27),group,False,correctness:StdJSONZeroCopyDeserializerSequencesAboutTryStr*
std/JSON/ZeroCopy/Deserializer.dfy,Std.JSON.ZeroCopy.Deserializer.Sequences.Elements (well-formedness) (assertion batch 66),group,False,well-formedness:StdJSONZeroCopyDeserializerSequences*
std/JSON/ZeroCopy/Deserializer.dfy,Std.JSON.ZeroCopy.Deserializer.Sequences.Elements (well-formedness) (assertion batch 89),group,False,well-formedness:StdJSONZeroCopyDeserializerSequences*
std/JSON/ZeroCopy/Deserializer.dfy,Std.JSON.ZeroCopy.Deserializer.Sequences.Elements (well-formedness) (assertion batch 47),group,False,well-formedness:StdJSONZeroCopyDeserializerSequences*
std/JSON/ZeroCopy/Deserializer.dfy,Std.JSON.ZeroCopy.Deserializer.Numbers.NonEmptyDigits (well-formedness),group,False,well-formedness:StdJSONZeroCopyDeserializerNumbersNo*
std/JSON/ZeroCopy/Deserializer.dfy,Std.JSON.ZeroCopy.Deserializer.Values.Value (well-formedness) (assertion batch 201),group,False,well-formedness:StdJSONZeroCopyDeserializerValuesVal*
std/JSON/ZeroCopy/Deserializer.dfy,Std.JSON.ZeroCopy.Deserializer.Sequences.Bracketed (well-formedness) (assertion batch 17),group,False,well-formedness:StdJSONZeroCopyDeserializerSequences*
std/JSON/ZeroCopy/Deserializer.dfy,Std.JSON.ZeroCopy.Deserializer.Sequences.Elements (well-formedness) (assertion batch 225),group,False,well-formedness:StdJSONZeroCopyDeserializerSequences*
std/JSON/ZeroCopy/Deserializer.dfy,Std.JSON.ZeroCopy.Deserializer.Sequences.Elements (well-formedness) (assertion batch 58),group,False,well-formedness:StdJSONZeroCopyDeserializerSequences*
std/JSON/ZeroCopy/Deserializer.dfy,Std.JSON.ZeroCopy.Deserializer.Sequences.Bracketed (well-formedness) (assertion batch 23),group,False,well-formedness:StdJSONZeroCopyDeserializerSequences*
std/JSON/ZeroCopy/Deserializer.dfy,Std.JSON.ZeroCopy.Deserializer.Values.Value (well-formedness) (assertion batch 304),group,False,well-formedness:StdJSONZeroCopyDeserializerValuesVal*
std/JSON/ZeroCopy/Deserializer.dfy,Std.JSON.ZeroCopy.Deserializer.Sequences.Elements (well-formedness) (assertion batch 110),group,False,well-formedness:StdJSONZeroCopyDeserializerSequences*
std/JSON/ZeroCopy/Deserializer.dfy,Std.JSON.ZeroCopy.Deserializer.Sequences.Bracketed (well-formedness) (assertion batch 37),group,False,well-formedness:StdJSONZeroCopyDeserializerSequences*
std/JSON/ZeroCopy/Deserializer.dfy,Std.JSON.ZeroCopy.Deserializer.Objects.BracketedToObject (correctness) (assertion batch 5),group,False,correctness:StdJSONZeroCopyDeserializerObjectsBracketedToOb*
std/JSON/ZeroCopy/Deserializer.dfy,Std.JSON.ZeroCopy.Deserializer.Values.Value (well-formedness) (assertion batch 139),group,False,well-formedness:StdJSONZeroCopyDeserializerValuesVal*
std/JSON/ZeroCopy/Deserializer.dfy,Std.JSON.ZeroCopy.Deserializer.Sequences.Elements (well-formedness) (assertion batch 76),group,False,well-formedness:StdJSONZeroCopyDeserializerSequences*
std/JSON/ZeroCopy/Deserializer.dfy,Std.JSON.ZeroCopy.Deserializer.Values.Value (well-formedness) (assertion batch 197),group,False,well-formedness:StdJSONZeroCopyDeserializerValuesVal*
std/JSON/ZeroCopy/Deserializer.dfy,Std.JSON.ZeroCopy.Deserializer.Values.Value (well-formedness) (assertion batch 305),group,False,well-formedness:StdJSONZeroCopyDeserializerValuesVal*
std/JSON/ZeroCopy/Deserializer.dfy,Std.JSON.ZeroCopy.Deserializer.Sequences.Elements (well-formedness) (assertion batch 223),group,False,well-formedness:StdJSONZeroCopyDeserializerSequences*
std/JSON/ZeroCopy/Deserializer.dfy,Std.JSON.ZeroCopy.Deserializer.Numbers.Digits (well-formedness),group,False,well-formedness:StdJSONZeroCopyDeserializerNumbersDi*
std/JSON/ZeroCopy/Deserializer.dfy,Std.JSON.ZeroCopy.Deserializer.Values.Value (well-formedness) (assertion batch 124),group,False,well-formedness:StdJSONZeroCopyDeserializerValuesVal*
std/JSON/ZeroCopy/Deserializer.dfy,Std.JSON.ZeroCopy.Deserializer.Sequences.Elements (well-formedness) (assertion batch 38),group,False,well-formedness:StdJSONZeroCopyDeserializerSequences*
std/JSON/ZeroCopy/Deserializer.dfy,Std.JSON.ZeroCopy.Deserializer.Sequences.AppendLast (well-formedness) (assertion batch 8),group,False,well-formedness:StdJSONZeroCopyDeserializerSequences*
std/JSON/ZeroCopy/Deserializer.dfy,Std.JSON.ZeroCopy.Deserializer.Sequences.Elements (well-formedness) (assertion batch 28),group,False,well-formedness:StdJSONZeroCopyDeserializerSequences*
std/JSON/ZeroCopy/Deserializer.dfy,Std.JSON.ZeroCopy.Deserializer.Values.Value (well-formedness) (assertion batch 138),group,False,well-formedness:StdJSONZeroCopyDeserializerValuesVal*
std/JSON/ZeroCopy/Deserializer.dfy,Std.JSON.ZeroCopy.Deserializer.Sequences.Elements (well-formedness) (assertion batch 240),group,False,well-formedness:StdJSONZeroCopyDeserializerSequences*
std/JSON/ZeroCopy/Deserializer.dfy,Std.JSON.ZeroCopy.Deserializer.Objects.Object (well-formedness) (assertion batch 1),group,False,well-formedness:StdJSONZeroCopyDeserializerObjectsOb*
std/JSON/ZeroCopy/Deserializer.dfy,Std.JSON.ZeroCopy.Deserializer.Sequences.Elements (well-formedness) (assertion batch 16),group,False,well-formedness:StdJSONZeroCopyDeserializerSequences*
std/JSON/ZeroCopy/Deserializer.dfy,Std.JSON.ZeroCopy.Deserializer.Sequences.Elements (well-formedness) (assertion batch 115),group,False,well-formedness:StdJSONZeroCopyDeserializerSequences*
std/JSON/ZeroCopy/Deserializer.dfy,Std.JSON.ZeroCopy.Deserializer.Values.Value (well-formedness) (assertion batch 213),group,False,well-formedness:StdJSONZeroCopyDeserializerValuesVal*
std/JSON/ZeroCopy/Deserializer.dfy,Std.JSON.ZeroCopy.Deserializer.Sequences.Bracketed (well-formedness) (assertion batch 11),group,False,well-formedness:StdJSONZeroCopyDeserializerSequences*
std/JSON/ZeroCopy/Deserializer.dfy,Std.JSON.ZeroCopy.Deserializer.Sequences.Elements (well-formedness) (assertion batch 241),group,False,well-formedness:StdJSONZeroCopyDeserializerSequences*
std/JSON/ZeroCopy/Deserializer.dfy,Std.JSON.ZeroCopy.Deserializer.Sequences.Bracketed (well-formedness) (assertion batch 29),group,False,well-formedness:StdJSONZeroCopyDeserializerSequences*
std/JSON/ZeroCopy/Deserializer.dfy,Std.JSON.ZeroCopy.Deserializer.Sequences.Elements (well-formedness) (assertion batch 172),group,False,well-formedness:StdJSONZeroCopyDeserializerSequences*
std/JSON/ZeroCopy/Deserializer.dfy,Std.JSON.ZeroCopy.Deserializer.Values.Value (well-formedness) (assertion batch 223),group,False,well-formedness:StdJSONZeroCopyDeserializerValuesVal*
std/JSON/ZeroCopy/Deserializer.dfy,Std.JSON.ZeroCopy.Deserializer.Values.Value (well-formedness) (assertion batch 328),group,False,well-formedness:StdJSONZeroCopyDeserializerValuesVal*
std/JSON/ZeroCopy/Deserializer.dfy,Std.JSON.ZeroCopy.Deserializer.Sequences.Elements (well-formedness) (assertion batch 252),group,False,well-formedness:StdJSONZeroCopyDeserializerSequences*
std/JSON/ZeroCopy/Deserializer.dfy,Std.JSON.ZeroCopy.Deserializer.Sequences.Elements (well-formedness) (assertion batch 111),group,False,well-formedness:StdJSONZeroCopyDeserializerSequences*
std/JSON/ZeroCopy/Deserializer.dfy,Std.JSON.ZeroCopy.Deserializer.Sequences.Elements (well-formedness) (assertion batch 244),group,False,well-formedness:StdJSONZeroCopyDeserializerSequences*
std/JSON/ZeroCopy/Deserializer.dfy,Std.JSON.ZeroCopy.Deserializer.Sequences.Elements (well-formedness) (assertion batch 197),group,False,well-formedness:StdJSONZeroCopyDeserializerSequences*
std/JSON/ZeroCopy/Deserializer.dfy,Std.JSON.ZeroCopy.Deserializer.Arrays.BracketedToArray (correctness) (assertion batch 2),group,False,correctness:StdJSONZeroCopyDeserializerArraysBracketedToArr*
std/JSON/ZeroCopy/Deserializer.dfy,Std.JSON.ZeroCopy.Deserializer.Sequences.Elements (well-formedness) (assertion batch 198),group,False,well-formedness:StdJSONZeroCopyDeserializerSequences*
std/JSON/ZeroCopy/Deserializer.dfy,Std.JSON.ZeroCopy.Deserializer.Objects.BracketedToObject (correctness) (assertion batch 9),group,False,correctness:StdJSONZeroCopyDeserializerObjectsBracketedToOb*
std/JSON/ZeroCopy/Deserializer.dfy,Std.JSON.ZeroCopy.Deserializer.Sequences.Bracketed (well-formedness) (assertion batch 19),group,False,well-formedness:StdJSONZeroCopyDeserializerSequences*
std/JSON/ZeroCopy/Deserializer.dfy,Std.JSON.ZeroCopy.Deserializer.Sequences.Bracketed (well-formedness) (assertion batch 13),group,False,well-formedness:StdJSONZeroCopyDeserializerSequences*
std/JSON/ZeroCopy/Deserializer.dfy,Std.JSON.ZeroCopy.Deserializer.Values.Value (well-formedness) (assertion batch 306),group,False,well-formedness:StdJSONZeroCopyDeserializerValuesVal*
std/JSON/ZeroCopy/Deserializer.dfy,Std.JSON.ZeroCopy.Deserializer.Values.Value (well-formedness) (assertion batch 140),group,False,well-formedness:StdJSONZeroCopyDeserializerValuesVal*
std/JSON/ZeroCopy/Deserializer.dfy,Std.JSON.ZeroCopy.Deserializer.Numbers.NumberFromParts (well-formedness),group,False,well-formedness:StdJSONZeroCopyDeserializerNumbersNu*
std/JSON/ZeroCopy/Deserializer.dfy,Std.JSON.ZeroCopy.Deserializer.Sequences.Elements (well-formedness) (assertion batch 239),group,False,well-formedness:StdJSONZeroCopyDeserializerSequences*
std/JSON/ZeroCopy/Deserializer.dfy,Std.JSON.ZeroCopy.Deserializer.Values.Value (well-formedness) (assertion batch 331),group,False,well-formedness:StdJSONZeroCopyDeserializerValuesVal*
std/JSON/ZeroCopy/Deserializer.dfy,Std.JSON.ZeroCopy.Deserializer.Sequences.Elements (well-formedness) (assertion batch 246),group,False,well-formedness:StdJSONZeroCopyDeserializerSequences*
std/JSON/ZeroCopy/Deserializer.dfy,Std.JSON.ZeroCopy.Deserializer.Values.Value (well-formedness) (assertion batch 287),group,False,well-formedness:StdJSONZeroCopyDeserializerValuesVal*
std/JSON/ZeroCopy/Deserializer.dfy,Std.JSON.ZeroCopy.Deserializer.Sequences.AppendLast (well-formedness) (assertion batch 24),group,False,well-formedness:StdJSONZeroCopyDeserializerSequences*
std/JSON/ZeroCopy/Deserializer.dfy,Std.JSON.ZeroCopy.Deserializer.Sequences.Elements (well-formedness) (assertion batch 60),group,False,well-formedness:StdJSONZeroCopyDeserializerSequences*
std/JSON/ZeroCopy/Deserializer.dfy,Std.JSON.ZeroCopy.Deserializer.Values.Value (well-formedness) (assertion batch 283),group,False,well-formedness:StdJSONZeroCopyDeserializerValuesVal*
std/JSON/ZeroCopy/Deserializer.dfy,Std.JSON.ZeroCopy.Deserializer.Sequences.Bracketed (well-formedness) (assertion batch 21),group,False,well-formedness:StdJSONZeroCopyDeserializerSequences*
std/JSON/ZeroCopy/Deserializer.dfy,Std.JSON.ZeroCopy.Deserializer.Sequences.Elements (well-formedness) (assertion batch 185),group,False,well-formedness:StdJSONZeroCopyDeserializerSequences*
std/JSON/ZeroCopy/Deserializer.dfy,Std.JSON.ZeroCopy.Deserializer.Sequences.Bracketed (well-formedness) (assertion batch 15),group,False,well-formedness:StdJSONZeroCopyDeserializerSequences*
std/JSON/ZeroCopy/Deserializer.dfy,Std.JSON.ZeroCopy.Deserializer.Values.Value (well-formedness) (assertion batch 291),group,False,well-formedness:StdJSONZeroCopyDeserializerValuesVal*
std/JSON/ZeroCopy/Deserializer.dfy,Std.JSON.ZeroCopy.Deserializer.Sequences.Elements (well-formedness) (assertion batch 59),group,False,well-formedness:StdJSONZeroCopyDeserializerSequences*
std/JSON/ZeroCopy/Deserializer.dfy,Std.JSON.ZeroCopy.Deserializer.Sequences.Elements (well-formedness) (assertion batch 65),group,False,well-formedness:StdJSONZeroCopyDeserializerSequences*
std/JSON/ZeroCopy/Deserializer.dfy,Std.JSON.ZeroCopy.Deserializer.Sequences.Elements (well-formedness) (assertion batch 54),group,False,well-formedness:StdJSONZeroCopyDeserializerSequences*
std/JSON/ZeroCopy/Deserializer.dfy,Std.JSON.ZeroCopy.Deserializer.Sequences.Bracketed (well-formedness) (assertion batch 9),group,False,well-formedness:StdJSONZeroCopyDeserializerSequences*
std/JSON/ZeroCopy/Deserializer.dfy,Std.JSON.ZeroCopy.Deserializer.Sequences.Elements (well-formedness) (assertion batch 78),group,False,well-formedness:StdJSONZeroCopyDeserializerSequences*
std/JSON/ZeroCopy/Deserializer.dfy,Std.JSON.ZeroCopy.Deserializer.Sequences.Elements (well-formedness) (assertion batch 13),group,False,well-formedness:StdJSONZeroCopyDeserializerSequences*
std/JSON/ZeroCopy/Deserializer.dfy,Std.JSON.ZeroCopy.Deserializer.Values.Value (well-formedness) (assertion batch 285),group,False,well-formedness:StdJSONZeroCopyDeserializerValuesVal*
std/JSON/ZeroCopy/Deserializer.dfy,Std.JSON.ZeroCopy.Deserializer.Values.Value (well-formedness) (assertion batch 333),group,False,well-formedness:StdJSONZeroCopyDeserializerValuesVal*
std/JSON/ZeroCopy/Deserializer.dfy,Std.JSON.ZeroCopy.Deserializer.Arrays.BracketedToArray (correctness) (assertion batch 10),group,False,correctness:StdJSONZeroCopyDeserializerArraysBracketedToArr*
std/JSON/ZeroCopy/Deserializer.dfy,Std.JSON.ZeroCopy.Deserializer.Values.Value (well-formedness) (assertion batch 117),group,False,well-formedness:StdJSONZeroCopyDeserializerValuesVal*
std/JSON/ZeroCopy/Deserializer.dfy,Std.JSON.ZeroCopy.Deserializer.Values.Value (well-formedness) (assertion batch 125),group,False,well-formedness:StdJSONZeroCopyDeserializerValuesVal*
std/JSON/ZeroCopy/Deserializer.dfy,Std.JSON.ZeroCopy.Deserializer.Sequences.Elements (well-formedness) (assertion batch 251),group,False,well-formedness:StdJSONZeroCopyDeserializerSequences*
std/JSON/ZeroCopy/Deserializer.dfy,Std.JSON.ZeroCopy.Deserializer.Sequences.Elements (well-formedness) (assertion batch 67),group,False,well-formedness:StdJSONZeroCopyDeserializerSequences*
std/JSON/ZeroCopy/Deserializer.dfy,Std.JSON.ZeroCopy.Deserializer.Values.Value (well-formedness) (assertion batch 289),group,False,well-formedness:StdJSONZeroCopyDeserializerValuesVal*
std/JSON/ZeroCopy/Deserializer.dfy,Std.JSON.ZeroCopy.Deserializer.Sequences.Elements (well-formedness) (assertion batch 14),group,False,well-formedness:StdJSONZeroCopyDeserializerSequences*
std/JSON/ZeroCopy/Deserializer.dfy,Std.JSON.ZeroCopy.Deserializer.Sequences.Elements (well-formedness) (assertion batch 11),group,False,well-formedness:StdJSONZeroCopyDeserializerSequences*
std/JSON/ZeroCopy/Deserializer.dfy,Std.JSON.ZeroCopy.Deserializer.Sequences.Elements (well-formedness) (assertion batch 109),group,False,well-formedness:StdJSONZeroCopyDeserializerSequences*
std/JSON/ZeroCopy/Deserializer.dfy,Std.JSON.ZeroCopy.Deserializer.Sequences.AppendLast (well-formedness) (assertion batch 31),group,False,well-formedness:StdJSONZeroCopyDeserializerSequences*
std/JSON/ZeroCopy/Deserializer.dfy,Std.JSON.ZeroCopy.Deserializer.Sequences.Elements (well-formedness) (assertion batch 202),group,False,well-formedness:StdJSONZeroCopyDeserializerSequences*
std/JSON/ZeroCopy/Deserializer.dfy,Std.JSON.ZeroCopy.Deserializer.Sequences.Bracketed (well-formedness) (assertion batch 27),group,False,well-formedness:StdJSONZeroCopyDeserializerSequences*
std/JSON/ZeroCopy/Deserializer.dfy,Std.JSON.ZeroCopy.Deserializer.Arrays.Array (well-formedness) (assertion batch 3),group,False,well-formedness:StdJSONZeroCopyDeserializerArraysArr*
std/JSON/ZeroCopy/Deserializer.dfy,Std.JSON.ZeroCopy.Deserializer.Sequences.Elements (well-formedness) (assertion batch 114),group,False,well-formedness:StdJSONZeroCopyDeserializerSequences*
std/JSON/ZeroCopy/Deserializer.dfy,Std.JSON.ZeroCopy.Deserializer.Sequences.Elements (well-formedness) (assertion batch 242),group,False,well-formedness:StdJSONZeroCopyDeserializerSequences*
std/JSON/ZeroCopy/Deserializer.dfy,Std.JSON.ZeroCopy.Deserializer.Sequences.Elements (well-formedness) (assertion batch 18),group,False,well-formedness:StdJSONZeroCopyDeserializerSequences*
std/JSON/ZeroCopy/Deserializer.dfy,Std.JSON.ZeroCopy.Deserializer.Sequences.AppendLast (well-formedness) (assertion batch 2),group,False,well-formedness:StdJSONZeroCopyDeserializerSequences*
std/JSON/ZeroCopy/Deserializer.dfy,Std.JSON.ZeroCopy.Deserializer.Sequences.AppendLast (well-formedness) (assertion batch 22),group,False,well-formedness:StdJSONZeroCopyDeserializerSequences*
std/JSON/ZeroCopy/Deserializer.dfy,Std.JSON.ZeroCopy.Deserializer.Sequences.AppendLast (well-formedness) (assertion batch 20),group,False,well-formedness:StdJSONZeroCopyDeserializerSequences*
std/JSON/ZeroCopy/Deserializer.dfy,Std.JSON.ZeroCopy.Deserializer.Sequences.Elements (well-formedness) (assertion batch 216),group,False,well-formedness:StdJSONZeroCopyDeserializerSequences*
std/JSON/ZeroCopy/Deserializer.dfy,Std.JSON.ZeroCopy.Deserializer.Sequences.AppendLast (well-formedness) (assertion batch 17),group,False,well-formedness:StdJSONZeroCopyDeserializerSequences*
std/JSON/ZeroCopy/Deserializer.dfy,Std.JSON.ZeroCopy.Deserializer.Values.Value (well-formedness) (assertion batch 27),group,False,well-formedness:StdJSONZeroCopyDeserializerValuesVal*
std/JSON/ZeroCopy/Deserializer.dfy,Std.JSON.ZeroCopy.Deserializer.Values.Value (well-formedness) (assertion batch 55),group,False,well-formedness:StdJSONZeroCopyDeserializerValuesVal*
std/JSON/ZeroCopy/Deserializer.dfy,Std.JSON.ZeroCopy.Deserializer.Sequences.Elements (well-formedness) (assertion batch 82),group,False,well-formedness:StdJSONZeroCopyDeserializerSequences*
std/JSON/ZeroCopy/Deserializer.dfy,Std.JSON.ZeroCopy.Deserializer.Sequences.Elements (well-formedness) (assertion batch 232),group,False,well-formedness:StdJSONZeroCopyDeserializerSequences*
std/JSON/ZeroCopy/Deserializer.dfy,Std.JSON.ZeroCopy.Deserializer.Values.Value (well-formedness) (assertion batch 200),group,False,well-formedness:StdJSONZeroCopyDeserializerValuesVal*
std/JSON/ZeroCopy/Deserializer.dfy,Std.JSON.ZeroCopy.Deserializer.Sequences.Bracketed (well-formedness) (assertion batch 3),group,False,well-formedness:StdJSONZeroCopyDeserializerSequences*
std/JSON/ZeroCopy/Deserializer.dfy,Std.JSON.ZeroCopy.Deserializer.Values.Value (well-formedness) (assertion batch 293),group,False,well-formedness:StdJSONZeroCopyDeserializerValuesVal*
std/JSON/ZeroCopy/Deserializer.dfy,Std.JSON.ZeroCopy.Deserializer.Sequences.AppendLast (well-formedness) (assertion batch 18),group,False,well-formedness:StdJSONZeroCopyDeserializerSequences*
std/JSON/ZeroCopy/Deserializer.dfy,Std.JSON.ZeroCopy.Deserializer.Sequences.AboutTryStructural (well-formedness) (assertion batch 15),group,False,well-formedness:StdJSONZeroCopyDeserializerSequences*
std/JSON/ZeroCopy/Deserializer.dfy,Std.JSON.ZeroCopy.Deserializer.Sequences.AppendLast (well-formedness) (assertion batch 16),group,False,well-formedness:StdJSONZeroCopyDeserializerSequences*
std/JSON/ZeroCopy/Deserializer.dfy,Std.JSON.ZeroCopy.Deserializer.Sequences.Elements (well-formedness) (assertion batch 61),group,False,well-formedness:StdJSONZeroCopyDeserializerSequences*
std/JSON/ZeroCopy/Deserializer.dfy,Std.JSON.ZeroCopy.Deserializer.Sequences.Elements (well-formedness) (assertion batch 53),group,False,well-formedness:StdJSONZeroCopyDeserializerSequences*
std/JSON/ZeroCopy/Deserializer.dfy,Std.JSON.ZeroCopy.Deserializer.Values.Value (well-formedness) (assertion batch 335),group,False,well-formedness:StdJSONZeroCopyDeserializerValuesVal*
std/JSON/ZeroCopy/Deserializer.dfy,Std.JSON.ZeroCopy.Deserializer.Sequences.AppendLast (well-formedness) (assertion batch 12),group,False,well-formedness:StdJSONZeroCopyDeserializerSequences*
std/JSON/ZeroCopy/Deserializer.dfy,Std.JSON.ZeroCopy.Deserializer.Sequences.AppendLast (well-formedness) (assertion batch 4),group,False,well-formedness:StdJSONZeroCopyDeserializerSequences*
std/JSON/ZeroCopy/Deserializer.dfy,Std.JSON.ZeroCopy.Deserializer.Sequences.Elements (well-formedness) (assertion batch 226),group,False,well-formedness:StdJSONZeroCopyDeserializerSequences*
std/JSON/ZeroCopy/Deserializer.dfy,Std.JSON.ZeroCopy.Deserializer.Values.Value (well-formedness) (assertion batch 280),group,False,well-formedness:StdJSONZeroCopyDeserializerValuesVal*
std/JSON/ZeroCopy/Deserializer.dfy,Std.JSON.ZeroCopy.Deserializer.Sequences.Elements (well-formedness) (assertion batch 250),group,False,well-formedness:StdJSONZeroCopyDeserializerSequences*
std/JSON/ZeroCopy/Deserializer.dfy,Std.JSON.ZeroCopy.Deserializer.Arrays.BracketedToArray (correctness) (assertion batch 14),group,False,correctness:StdJSONZeroCopyDeserializerArraysBracketedToArr*
std/JSON/ZeroCopy/Deserializer.dfy,Std.JSON.ZeroCopy.Deserializer.Sequences.Elements (well-formedness) (assertion batch 248),group,False,well-formedness:StdJSONZeroCopyDeserializerSequences*
std/JSON/ZeroCopy/Deserializer.dfy,Std.JSON.ZeroCopy.Deserializer.Sequences.Elements (well-formedness) (assertion batch 73),group,False,well-formedness:StdJSONZeroCopyDeserializerSequences*
std/JSON/ZeroCopy/Deserializer.dfy,Std.JSON.ZeroCopy.Deserializer.Sequences.Elements (well-formedness) (assertion batch 51),group,False,well-formedness:StdJSONZeroCopyDeserializerSequences*
std/JSON/ZeroCopy/Deserializer.dfy,Std.JSON.ZeroCopy.Deserializer.Sequences.AppendLast (well-formedness) (assertion batch 26),group,False,well-formedness:StdJSONZeroCopyDeserializerSequences*
std/JSON/ZeroCopy/Deserializer.dfy,Std.JSON.ZeroCopy.Deserializer.Sequences.AppendLast (well-formedness) (assertion batch 3),group,False,well-formedness:StdJSONZeroCopyDeserializerSequences*
std/JSON/ZeroCopy/Deserializer.dfy,Std.JSON.ZeroCopy.Deserializer.Sequences.Elements (well-formedness) (assertion batch 30),group,False,well-formedness:StdJSONZeroCopyDeserializerSequences*
std/JSON/ZeroCopy/Deserializer.dfy,Std.JSON.ZeroCopy.Deserializer.Sequences.AppendLast (well-formedness) (assertion batch 6),group,False,well-formedness:StdJSONZeroCopyDeserializerSequences*
std/JSON/ZeroCopy/Deserializer.dfy,Std.JSON.ZeroCopy.Deserializer.Values.Value (well-formedness) (assertion batch 119),group,False,well-formedness:StdJSONZeroCopyDeserializerValuesVal*
std/JSON/ZeroCopy/Deserializer.dfy,Std.JSON.ZeroCopy.Deserializer.Sequences.Elements (well-formedness) (assertion batch 77),group,False,well-formedness:StdJSONZeroCopyDeserializerSequences*
std/JSON/ZeroCopy/Deserializer.dfy,Std.JSON.ZeroCopy.Deserializer.Sequences.AppendLast (well-formedness) (assertion batch 33),group,False,well-formedness:StdJSONZeroCopyDeserializerSequences*
std/JSON/ZeroCopy/Deserializer.dfy,Std.JSON.ZeroCopy.Deserializer.Sequences.Elements (well-formedness) (assertion batch 113),group,False,well-formedness:StdJSONZeroCopyDeserializerSequences*
std/JSON/ZeroCopy/Deserializer.dfy,Std.JSON.ZeroCopy.Deserializer.Sequences.AppendWithSuffix (well-formedness) (assertion batch 3),group,False,well-formedness:StdJSONZeroCopyDeserializerSequences*
std/JSON/ZeroCopy/Deserializer.dfy,Std.JSON.ZeroCopy.Deserializer.Sequences.Elements (well-formedness) (assertion batch 57),group,False,well-formedness:StdJSONZeroCopyDeserializerSequences*
std/JSON/ZeroCopy/Deserializer.dfy,Std.JSON.ZeroCopy.Deserializer.Values.Value (well-formedness) (assertion batch 123),group,False,well-formedness:StdJSONZeroCopyDeserializerValuesVal*
std/JSON/ZeroCopy/Deserializer.dfy,Std.JSON.ZeroCopy.Deserializer.Sequences.Bracketed (well-formedness) (assertion batch 31),group,False,well-formedness:StdJSONZeroCopyDeserializerSequences*
std/JSON/ZeroCopy/Deserializer.dfy,Std.JSON.ZeroCopy.Deserializer.Values.Value (well-formedness) (assertion batch 71),group,False,well-formedness:StdJSONZeroCopyDeserializerValuesVal*
std/JSON/ZeroCopy/Deserializer.dfy,Std.JSON.ZeroCopy.Deserializer.Values.Value (well-formedness) (assertion batch 70),group,False,well-formedness:StdJSONZeroCopyDeserializerValuesVal*
std/JSON/ZeroCopy/Deserializer.dfy,Std.JSON.ZeroCopy.Deserializer.Sequences.Elements (well-formedness) (assertion batch 186),group,False,well-formedness:StdJSONZeroCopyDeserializerSequences*
std/JSON/ZeroCopy/Deserializer.dfy,Std.JSON.ZeroCopy.Deserializer.Sequences.Elements (well-formedness) (assertion batch 10),group,False,well-formedness:StdJSONZeroCopyDeserializerSequences*
std/JSON/ZeroCopy/Deserializer.dfy,Std.JSON.ZeroCopy.Deserializer.Sequences.Elements (well-formedness) (assertion batch 79),group,False,well-formedness:StdJSONZeroCopyDeserializerSequences*
std/JSON/ZeroCopy/Deserializer.dfy,Std.JSON.ZeroCopy.Deserializer.Sequences.Elements (well-formedness) (assertion batch 81),group,False,well-formedness:StdJSONZeroCopyDeserializerSequences*
std/JSON/ZeroCopy/Deserializer.dfy,Std.JSON.ZeroCopy.Deserializer.Sequences.Elements (well-formedness) (assertion batch 86),group,False,well-formedness:StdJSONZeroCopyDeserializerSequences*
std/JSON/ZeroCopy/Deserializer.dfy,Std.JSON.ZeroCopy.Deserializer.Sequences.Elements (well-formedness) (assertion batch 56),group,False,well-formedness:StdJSONZeroCopyDeserializerSequences*
std/JSON/ZeroCopy/Deserializer.dfy,Std.JSON.ZeroCopy.Deserializer.Arrays.BracketedToArray (correctness) (assertion batch 12),group,False,correctness:StdJSONZeroCopyDeserializerArraysBracketedToArr*
std/JSON/ZeroCopy/Deserializer.dfy,Std.JSON.ZeroCopy.Deserializer.Sequences.Elements (well-formedness) (assertion batch 87),group,False,well-formedness:StdJSONZeroCopyDeserializerSequences*
std/JSON/ZeroCopy/Deserializer.dfy,Std.JSON.ZeroCopy.Deserializer.Sequences.AppendLast (well-formedness) (assertion batch 7),group,False,well-formedness:StdJSONZeroCopyDeserializerSequences*
std/JSON/ZeroCopy/Deserializer.dfy,Std.JSON.ZeroCopy.Deserializer.Sequences.AboutTryStructural (correctness) (assertion batch 32),group,False,correctness:StdJSONZeroCopyDeserializerSequencesAboutTryStr*
std/JSON/ZeroCopy/Deserializer.dfy,Std.JSON.ZeroCopy.Deserializer.Sequences.AppendLast (well-formedness) (assertion batch 11),group,False,well-formedness:StdJSONZeroCopyDeserializerSequences*
std/JSON/ZeroCopy/Deserializer.dfy,Std.JSON.ZeroCopy.Deserializer.Sequences.Elements (well-formedness) (assertion batch 107),group,False,well-formedness:StdJSONZeroCopyDeserializerSequences*
std/JSON/ZeroCopy/Deserializer.dfy,Std.JSON.ZeroCopy.Deserializer.Sequences.AppendLast (well-formedness) (assertion batch 25),group,False,well-formedness:StdJSONZeroCopyDeserializerSequences*
std/JSON/ZeroCopy/Deserializer.dfy,Std.JSON.ZeroCopy.Deserializer.Values.Value (well-formedness) (assertion batch 202),group,False,well-formedness:StdJSONZeroCopyDeserializerValuesVal*
std/JSON/ZeroCopy/Deserializer.dfy,Std.JSON.ZeroCopy.Deserializer.Sequences.AppendLast (well-formedness) (assertion batch 10),group,False,well-formedness:StdJSONZeroCopyDeserializerSequences*
std/JSON/ZeroCopy/Deserializer.dfy,Std.JSON.ZeroCopy.Deserializer.Sequences.Elements (well-formedness) (assertion batch 210),group,False,well-formedness:StdJSONZeroCopyDeserializerSequences*
std/JSON/ZeroCopy/Deserializer.dfy,Std.JSON.ZeroCopy.Deserializer.Objects.BracketedToObject (correctness) (assertion batch 10),group,False,correctness:StdJSONZeroCopyDeserializerObjectsBracketedToOb*
std/JSON/ZeroCopy/Deserializer.dfy,Std.JSON.ZeroCopy.Deserializer.Sequences.AppendLast (well-formedness) (assertion batch 21),group,False,well-formedness:StdJSONZeroCopyDeserializerSequences*
std/JSON/ZeroCopy/Deserializer.dfy,Std.JSON.ZeroCopy.Deserializer.Values.Value (well-formedness) (assertion batch 282),group,False,well-formedness:StdJSONZeroCopyDeserializerValuesVal*
std/JSON/ZeroCopy/Deserializer.dfy,Std.JSON.ZeroCopy.Deserializer.Values.Value (well-formedness) (assertion batch 198),group,False,well-formedness:StdJSONZeroCopyDeserializerValuesVal*
std/JSON/ZeroCopy/Deserializer.dfy,Std.JSON.ZeroCopy.Deserializer.Sequences.Elements (well-formedness) (assertion batch 224),group,False,well-formedness:StdJSONZeroCopyDeserializerSequences*
std/JSON/ZeroCopy/Deserializer.dfy,Std.JSON.ZeroCopy.Deserializer.Sequences.Elements (well-formedness) (assertion batch 20),group,False,well-formedness:StdJSONZeroCopyDeserializerSequences*
std/JSON/ZeroCopy/Deserializer.dfy,Std.JSON.ZeroCopy.Deserializer.Sequences.Elements (well-formedness) (assertion batch 206),group,False,well-formedness:StdJSONZeroCopyDeserializerSequences*
std/JSON/ZeroCopy/Deserializer.dfy,Std.JSON.ZeroCopy.Deserializer.Objects.BracketedToObject (correctness) (assertion batch 12),group,False,correctness:StdJSONZeroCopyDeserializerObjectsBracketedToOb*
std/JSON/ZeroCopy/Deserializer.dfy,Std.JSON.ZeroCopy.Deserializer.Sequences.Elements (well-formedness) (assertion batch 55),group,False,well-formedness:StdJSONZeroCopyDeserializerSequences*
std/JSON/ZeroCopy/Deserializer.dfy,Std.JSON.ZeroCopy.Deserializer.Strings.StringBody (well-formedness),group,False,well-formedness:StdJSONZeroCopyDeserializerStringsSt*
std/JSON/ZeroCopy/Deserializer.dfy,Std.JSON.ZeroCopy.Deserializer.Values.Value (well-formedness) (assertion batch 292),group,False,well-formedness:StdJSONZeroCopyDeserializerValuesVal*
std/JSON/ZeroCopy/Deserializer.dfy,Std.JSON.ZeroCopy.Deserializer.Sequences.AppendLast (well-formedness) (assertion batch 30),group,False,well-formedness:StdJSONZeroCopyDeserializerSequences*
std/JSON/ZeroCopy/Deserializer.dfy,Std.JSON.ZeroCopy.Deserializer.Sequences.Elements (well-formedness) (assertion batch 49),group,False,well-formedness:StdJSONZeroCopyDeserializerSequences*
std/JSON/ZeroCopy/Deserializer.dfy,Std.JSON.ZeroCopy.Deserializer.Arrays.BracketedToArray (correctness) (assertion batch 8),group,False,correctness:StdJSONZeroCopyDeserializerArraysBracketedToArr*
std/JSON/ZeroCopy/Deserializer.dfy,Std.JSON.ZeroCopy.Deserializer.Sequences.AppendLast (well-formedness) (assertion batch 32),group,False,well-formedness:StdJSONZeroCopyDeserializerSequences*
std/JSON/ZeroCopy/Deserializer.dfy,Std.JSON.ZeroCopy.Deserializer.Objects.BracketedToObject (correctness) (assertion batch 4),group,False,correctness:StdJSONZeroCopyDeserializerObjectsBracketedToOb*
std/JSON/ZeroCopy/Deserializer.dfy,Std.JSON.ZeroCopy.Deserializer.Sequences.Elements (well-formedness) (assertion batch 85),group,False,well-formedness:StdJSONZeroCopyDeserializerSequences*
std/JSON/ZeroCopy/Deserializer.dfy,Std.JSON.ZeroCopy.Deserializer.Sequences.Elements (well-formedness) (assertion batch 12),group,False,well-formedness:StdJSONZeroCopyDeserializerSequences*
std/JSON/ZeroCopy/Deserializer.dfy,Std.JSON.ZeroCopy.Deserializer.Sequences.Elements (well-formedness) (assertion batch 5),group,False,well-formedness:StdJSONZeroCopyDeserializerSequences*
std/JSON/ZeroCopy/Deserializer.dfy,Std.JSON.ZeroCopy.Deserializer.Sequences.Elements (well-formedness) (assertion batch 63),group,False,well-formedness:StdJSONZeroCopyDeserializerSequences*
std/JSON/ZeroCopy/Deserializer.dfy,Std.JSON.ZeroCopy.Deserializer.Sequences.AppendLast (well-formedness) (assertion batch 23),group,False,well-formedness:StdJSONZeroCopyDeserializerSequences*
std/JSON/ZeroCopy/Deserializer.dfy,Std.JSON.ZeroCopy.Deserializer.Sequences.AppendLast (well-formedness) (assertion batch 5),group,False,well-formedness:StdJSONZeroCopyDeserializerSequences*
std/JSON/ZeroCopy/Deserializer.dfy,Std.JSON.ZeroCopy.Deserializer.Numbers.Number (well-formedness),group,False,well-formedness:StdJSONZeroCopyDeserializerNumbersNu*
std/JSON/ZeroCopy/Deserializer.dfy,Std.JSON.ZeroCopy.Deserializer.Arrays.BracketedToArray (correctness) (assertion batch 4),group,False,correctness:StdJSONZeroCopyDeserializerArraysBracketedToArr*
std/JSON/ZeroCopy/Deserializer.dfy,Std.JSON.ZeroCopy.Deserializer.Values.Value (well-formedness) (assertion batch 284),group,False,well-formedness:StdJSONZeroCopyDeserializerValuesVal*
std/JSON/ZeroCopy/Deserializer.dfy,Std.JSON.ZeroCopy.Deserializer.Sequences.Elements (well-formedness) (assertion batch 194),group,False,well-formedness:StdJSONZeroCopyDeserializerSequences*
std/JSON/ZeroCopy/Deserializer.dfy,Std.JSON.ZeroCopy.Deserializer.Sequences.AppendLast (well-formedness) (assertion batch 14),group,False,well-formedness:StdJSONZeroCopyDeserializerSequences*
std/JSON/ZeroCopy/Deserializer.dfy,Std.JSON.ZeroCopy.Deserializer.Sequences.Elements (well-formedness) (assertion batch 1),group,False,well-formedness:StdJSONZeroCopyDeserializerSequences*
std/JSON/ZeroCopy/Deserializer.dfy,Std.JSON.ZeroCopy.Deserializer.Sequences.Elements (well-formedness) (assertion batch 75),group,False,well-formedness:StdJSONZeroCopyDeserializerSequences*
std/JSON/ZeroCopy/Deserializer.dfy,Std.JSON.ZeroCopy.Deserializer.Sequences.AppendLast (well-formedness) (assertion batch 19),group,False,well-formedness:StdJSONZeroCopyDeserializerSequences*
std/JSON/ZeroCopy/Deserializer.dfy,Std.JSON.ZeroCopy.Deserializer.Arrays.BracketedToArray (correctness) (assertion batch 3),group,False,correctness:StdJSONZeroCopyDeserializerArraysBracketedToArr*
std/JSON/ZeroCopy/Deserializer.dfy,Std.JSON.ZeroCopy.Deserializer.Values.Value (well-formedness) (assertion batch 28),group,False,well-formedness:StdJSONZeroCopyDeserializerValuesVal*
std/JSON/ZeroCopy/Deserializer.dfy,Std.JSON.ZeroCopy.Deserializer.Values.Value (well-formedness) (assertion batch 288),group,False,well-formedness:StdJSONZeroCopyDeserializerValuesVal*
std/JSON/ZeroCopy/Deserializer.dfy,Std.JSON.ZeroCopy.Deserializer.Sequences.Elements (well-formedness) (assertion batch 9),group,False,well-formedness:StdJSONZeroCopyDeserializerSequences*
std/JSON/ZeroCopy/Deserializer.dfy,Std.JSON.ZeroCopy.Deserializer.Values.Value (well-formedness) (assertion batch 290),group,False,well-formedness:StdJSONZeroCopyDeserializerValuesVal*
std/JSON/ZeroCopy/Deserializer.dfy,Std.JSON.ZeroCopy.Deserializer.Values.Value (well-formedness) (assertion batch 286),group,False,well-formedness:StdJSONZeroCopyDeserializerValuesVal*
std/JSON/ZeroCopy/Deserializer.dfy,Std.JSON.ZeroCopy.Deserializer.Sequences.BracketedFromParts (well-formedness),group,False,well-formedness:StdJSONZeroCopyDeserializerSequences*
std/JSON/ZeroCopy/Deserializer.dfy,Std.JSON.ZeroCopy.Deserializer.Objects.BracketedToObject (correctness) (assertion batch 11),group,False,correctness:StdJSONZeroCopyDeserializerObjectsBracketedToOb*
std/JSON/ZeroCopy/Deserializer.dfy,Std.JSON.ZeroCopy.Deserializer.Sequences.AppendLast (well-formedness) (assertion batch 15),group,False,well-formedness:StdJSONZeroCopyDeserializerSequences*
std/JSON/ZeroCopy/Deserializer.dfy,Std.JSON.ZeroCopy.Deserializer.Arrays.BracketedToArray (correctness) (assertion batch 11),group,False,correctness:StdJSONZeroCopyDeserializerArraysBracketedToArr*
std/JSON/ZeroCopy/Deserializer.dfy,Std.JSON.ZeroCopy.Deserializer.Values.Value (well-formedness) (assertion batch 159),group,False,well-formedness:StdJSONZeroCopyDeserializerValuesVal*
std/JSON/ZeroCopy/Deserializer.dfy,Std.JSON.ZeroCopy.Deserializer.Values.Value (well-formedness) (assertion batch 301),group,False,well-formedness:StdJSONZeroCopyDeserializerValuesVal*
std/JSON/ZeroCopy/Deserializer.dfy,Std.JSON.ZeroCopy.Deserializer.Sequences.Elements (well-formedness) (assertion batch 7),group,False,well-formedness:StdJSONZeroCopyDeserializerSequences*
std/JSON/ZeroCopy/Deserializer.dfy,Std.JSON.ZeroCopy.Deserializer.Objects.BracketedToObject (well-formedness),group,False,well-formedness:StdJSONZeroCopyDeserializerObjectsBr*
std/JSON/ZeroCopy/Deserializer.dfy,Std.JSON.ZeroCopy.Deserializer.Arrays.BracketedToArray (correctness) (assertion batch 7),group,False,correctness:StdJSONZeroCopyDeserializerArraysBracketedToArr*
std/JSON/ZeroCopy/Deserializer.dfy,Std.JSON.ZeroCopy.Deserializer.Numbers.TrimmedInt (well-formedness),group,False,well-formedness:StdJSONZeroCopyDeserializerNumbersTr*
std/JSON/ZeroCopy/Deserializer.dfy,Std.JSON.ZeroCopy.Deserializer.Values.Value (well-formedness) (assertion batch 188),group,False,well-formedness:StdJSONZeroCopyDeserializerValuesVal*
std/JSON/ZeroCopy/Deserializer.dfy,Std.JSON.ZeroCopy.Deserializer.Values.Value (well-formedness) (assertion batch 59),group,False,well-formedness:StdJSONZeroCopyDeserializerValuesVal*
std/JSON/ZeroCopy/Deserializer.dfy,Std.JSON.ZeroCopy.Deserializer.Values.Value (well-formedness) (assertion batch 326),group,False,well-formedness:StdJSONZeroCopyDeserializerValuesVal*
std/JSON/ZeroCopy/Deserializer.dfy,Std.JSON.ZeroCopy.Deserializer.Arrays.BracketedToArray (correctness) (assertion batch 9),group,False,correctness:StdJSONZeroCopyDeserializerArraysBracketedToArr*
std/JSON/ZeroCopy/Deserializer.dfy,Std.JSON.ZeroCopy.Deserializer.Sequences.Elements (well-formedness) (assertion batch 2),group,False,well-formedness:StdJSONZeroCopyDeserializerSequences*
std/JSON/ZeroCopy/Deserializer.dfy,Std.JSON.ZeroCopy.Deserializer.Sequences.AppendLast (well-formedness) (assertion batch 28),group,False,well-formedness:StdJSONZeroCopyDeserializerSequences*
std/JSON/ZeroCopy/Deserializer.dfy,Std.JSON.ZeroCopy.Deserializer.Numbers.NonZeroInt (well-formedness),group,False,well-formedness:StdJSONZeroCopyDeserializerNumbersNo*
std/JSON/ZeroCopy/Deserializer.dfy,Std.JSON.ZeroCopy.Deserializer.Arrays.BracketedToArray (correctness) (assertion batch 5),group,False,correctness:StdJSONZeroCopyDeserializerArraysBracketedToArr*
std/JSON/ZeroCopy/Deserializer.dfy,Std.JSON.ZeroCopy.Deserializer.Values.Value (well-formedness) (assertion batch 322),group,False,well-formedness:StdJSONZeroCopyDeserializerValuesVal*
std/JSON/ZeroCopy/Deserializer.dfy,Std.JSON.ZeroCopy.Deserializer.Sequences.AppendLast (well-formedness) (assertion batch 9),group,False,well-formedness:StdJSONZeroCopyDeserializerSequences*
std/JSON/ZeroCopy/Deserializer.dfy,Std.JSON.ZeroCopy.Deserializer.Values.Value (well-formedness) (assertion batch 165),group,False,well-formedness:StdJSONZeroCopyDeserializerValuesVal*
std/JSON/ZeroCopy/Deserializer.dfy,Std.JSON.ZeroCopy.Deserializer.Values.Value (well-formedness) (assertion batch 129),group,False,well-formedness:StdJSONZeroCopyDeserializerValuesVal*
std/JSON/ZeroCopy/Deserializer.dfy,Std.JSON.ZeroCopy.Deserializer.Sequences.AppendLast (well-formedness) (assertion batch 1),group,False,well-formedness:StdJSONZeroCopyDeserializerSequences*
std/JSON/ZeroCopy/Deserializer.dfy,Std.JSON.ZeroCopy.Deserializer.Values.Value (well-formedness) (assertion batch 231),group,False,well-formedness:StdJSONZeroCopyDeserializerValuesVal*
std/JSON/ZeroCopy/Deserializer.dfy,Std.JSON.ZeroCopy.Deserializer.Values.Value (well-formedness) (assertion batch 48),group,False,well-formedness:StdJSONZeroCopyDeserializerValuesVal*
std/JSON/ZeroCopy/Deserializer.dfy,Std.JSON.ZeroCopy.Deserializer.Values.Value (well-formedness) (assertion batch 171),group,False,well-formedness:StdJSONZeroCopyDeserializerValuesVal*
std/JSON/ZeroCopy/Deserializer.dfy,Std.JSON.ZeroCopy.Deserializer.Arrays.BracketedToArray (well-formedness),group,False,well-formedness:StdJSONZeroCopyDeserializerArraysBra*
std/JSON/ZeroCopy/Deserializer.dfy,Std.JSON.ZeroCopy.Deserializer.Objects.BracketedToObject (correctness) (assertion batch 3),group,False,correctness:StdJSONZeroCopyDeserializerObjectsBracketedToOb*
std/JSON/ZeroCopy/Deserializer.dfy,Std.JSON.ZeroCopy.Deserializer.ObjectParams.Colon (well-formedness),unmapped,,
std/JSON/ZeroCopy/Deserializer.dfy,Std.JSON.ZeroCopy.Deserializer.Sequences.AppendLast (well-formedness) (assertion batch 34),group,False,well-formedness:StdJSONZeroCopyDeserializerSequences*
std/JSON/ZeroCopy/Deserializer.dfy,Std.JSON.ZeroCopy.Deserializer.Values.Value (well-formedness) (assertion batch 64),group,False,well-formedness:StdJSONZeroCopyDeserializerValuesVal*
std/JSON/ZeroCopy/Deserializer.dfy,Std.JSON.ZeroCopy.Deserializer.Arrays.BracketedToArray (correctness) (assertion batch 6),group,False,correctness:StdJSONZeroCopyDeserializerArraysBracketedToArr*
std/JSON/ZeroCopy/Deserializer.dfy,Std.JSON.ZeroCopy.Deserializer.Values.Value (well-formedness) (assertion batch 76),group,False,well-formedness:StdJSONZeroCopyDeserializerValuesVal*
std/JSON/ZeroCopy/Deserializer.dfy,Std.JSON.ZeroCopy.Deserializer.Objects.BracketedToObject (correctness) (assertion batch 15),group,False,correctness:StdJSONZeroCopyDeserializerObjectsBracketedToOb*
std/JSON/ZeroCopy/Deserializer.dfy,Std.JSON.ZeroCopy.Deserializer.Values.Value (well-formedness) (assertion batch 298),group,False,well-formedness:StdJSONZeroCopyDeserializerValuesVal*
std/JSON/ZeroCopy/Deserializer.dfy,Std.JSON.ZeroCopy.Deserializer.Objects.BracketedToObject (correctness) (assertion batch 16),group,False,correctness:StdJSONZeroCopyDeserializerObjectsBracketedToOb*
std/JSON/ZeroCopy/Deserializer.dfy,Std.JSON.ZeroCopy.Deserializer.Sequences.AppendLast (well-formedness) (assertion batch 27),group,False,well-formedness:StdJSONZeroCopyDeserializerSequences*
std/JSON/ZeroCopy/Deserializer.dfy,Std.JSON.ZeroCopy.Deserializer.Sequences.Elements (well-formedness) (assertion batch 8),group,False,well-formedness:StdJSONZeroCopyDeserializerSequences*
std/JSON/ZeroCopy/Deserializer.dfy,Std.JSON.ZeroCopy.Deserializer.Values.Value (well-formedness) (assertion batch 79),group,False,well-formedness:StdJSONZeroCopyDeserializerValuesVal*
std/JSON/ZeroCopy/Deserializer.dfy,Std.JSON.ZeroCopy.Deserializer.Values.Value (well-formedness) (assertion batch 179),group,False,well-formedness:StdJSONZeroCopyDeserializerValuesVal*
std/JSON/ZeroCopy/Deserializer.dfy,Std.JSON.ZeroCopy.Deserializer.Objects.Object (well-formedness) (assertion batch 3),group,False,well-formedness:StdJSONZeroCopyDeserializerObjectsOb*
std/JSON/ZeroCopy/Deserializer.dfy,Std.JSON.ZeroCopy.Deserializer.Values.Value (well-formedness) (assertion batch 77),group,False,well-formedness:StdJSONZeroCopyDeserializerValuesVal*
std/JSON/ZeroCopy/Deserializer.dfy,Std.JSON.ZeroCopy.Deserializer.Values.Value (well-formedness) (assertion batch 279),group,False,well-formedness:StdJSONZeroCopyDeserializerValuesVal*
std/JSON/ZeroCopy/Deserializer.dfy,Std.JSON.ZeroCopy.Deserializer.Values.Value (well-formedness) (assertion batch 82),group,False,well-formedness:StdJSONZeroCopyDeserializerValuesVal*
std/JSON/ZeroCopy/Deserializer.dfy,Std.JSON.ZeroCopy.Deserializer.Values.Value (well-formedness) (assertion batch 68),group,False,well-formedness:StdJSONZeroCopyDeserializerValuesVal*
std/JSON/ZeroCopy/Deserializer.dfy,Std.JSON.ZeroCopy.Deserializer.Values.Value (well-formedness) (assertion batch 133),group,False,well-formedness:StdJSONZeroCopyDeserializerValuesVal*
std/JSON/ZeroCopy/Deserializer.dfy,Std.JSON.ZeroCopy.Deserializer.Values.Value (well-formedness) (assertion batch 51),group,False,well-formedness:StdJSONZeroCopyDeserializerValuesVal*
std/JSON/ZeroCopy/Deserializer.dfy,Std.JSON.ZeroCopy.Deserializer.Values.Value (well-formedness) (assertion batch 110),group,False,well-formedness:StdJSONZeroCopyDeserializerValuesVal*
std/JSON/ZeroCopy/Deserializer.dfy,Std.JSON.ZeroCopy.Deserializer.Values.Value (well-formedness) (assertion batch 245),group,False,well-formedness:StdJSONZeroCopyDeserializerValuesVal*
std/JSON/ZeroCopy/Deserializer.dfy,Std.JSON.ZeroCopy.Deserializer.Values.Value (well-formedness) (assertion batch 94),group,False,well-formedness:StdJSONZeroCopyDeserializerValuesVal*
std/JSON/ZeroCopy/Deserializer.dfy,Std.JSON.ZeroCopy.Deserializer.Values.Value (well-formedness) (assertion batch 146),group,False,well-formedness:StdJSONZeroCopyDeserializerValuesVal*
std/JSON/ZeroCopy/Deserializer.dfy,Std.JSON.ZeroCopy.Deserializer.Values.Value (well-formedness) (assertion batch 237),group,False,well-formedness:StdJSONZeroCopyDeserializerValuesVal*
std/JSON/ZeroCopy/Deserializer.dfy,Std.JSON.ZeroCopy.Deserializer.Objects.BracketedToObject (correctness) (assertion batch 1),group,False,correctness:StdJSONZeroCopyDeserializerObjectsBracketedToOb*
std/JSON/ZeroCopy/Deserializer.dfy,Std.JSON.ZeroCopy.Deserializer.Values.Value (well-formedness) (assertion batch 65),group,False,well-formedness:StdJSONZeroCopyDeserializerValuesVal*
std/JSON/ZeroCopy/Deserializer.dfy,Std.JSON.ZeroCopy.Deserializer.Values.Value (well-formedness) (assertion batch 128),group,False,well-formedness:StdJSONZeroCopyDeserializerValuesVal*
std/JSON/ZeroCopy/Deserializer.dfy,Std.JSON.ZeroCopy.Deserializer.Values.Value (well-formedness) (assertion batch 216),group,False,well-formedness:StdJSONZeroCopyDeserializerValuesVal*
std/JSON/ZeroCopy/Deserializer.dfy,Std.JSON.ZeroCopy.Deserializer.Values.Value (well-formedness) (assertion batch 277),group,False,well-formedness:StdJSONZeroCopyDeserializerValuesVal*
std/JSON/ZeroCopy/Deserializer.dfy,Std.JSON.ZeroCopy.Deserializer.Values.Value (well-formedness) (assertion batch 233),group,False,well-formedness:StdJSONZeroCopyDeserializerValuesVal*
std/JSON/ZeroCopy/Deserializer.dfy,Std.JSON.ZeroCopy.Deserializer.Values.Value (well-formedness) (assertion batch 131),group,False,well-formedness:StdJSONZeroCopyDeserializerValuesVal*
std/JSON/ZeroCopy/Deserializer.dfy,Std.JSON.ZeroCopy.Deserializer.Values.Value (well-formedness) (assertion batch 58),group,False,well-formedness:StdJSONZeroCopyDeserializerValuesVal*
std/JSON/ZeroCopy/Deserializer.dfy,Std.JSON.ZeroCopy.Deserializer.Values.Value (well-formedness) (assertion batch 236),group,False,well-formedness:StdJSONZeroCopyDeserializerValuesVal*
std/JSON/ZeroCopy/Deserializer.dfy,Std.JSON.ZeroCopy.Deserializer.Values.Value (well-formedness) (assertion batch 106),group,False,well-formedness:StdJSONZeroCopyDeserializerValuesVal*
std/JSON/ZeroCopy/Deserializer.dfy,Std.JSON.ZeroCopy.Deserializer.Values.Value (well-formedness) (assertion batch 241),group,False,well-formedness:StdJSONZeroCopyDeserializerValuesVal*
std/JSON/ZeroCopy/Deserializer.dfy,Std.JSON.ZeroCopy.Deserializer.Values.Value (well-formedness) (assertion batch 242),group,False,well-formedness:StdJSONZeroCopyDeserializerValuesVal*
std/JSON/ZeroCopy/Deserializer.dfy,Std.JSON.ZeroCopy.Deserializer.Values.Value (well-formedness) (assertion batch 163),group,False,well-formedness:StdJSONZeroCopyDeserializerValuesVal*
std/JSON/ZeroCopy/Deserializer.dfy,Std.JSON.ZeroCopy.Deserializer.Values.Value (well-formedness) (assertion batch 88),group,False,well-formedness:StdJSONZeroCopyDeserializerValuesVal*
std/JSON/ZeroCopy/Deserializer.dfy,Std.JSON.ZeroCopy.Deserializer.Objects.BracketedToObject (correctness) (assertion batch 13),group,False,correctness:StdJSONZeroCopyDeserializerObjectsBracketedToOb*
std/JSON/ZeroCopy/Deserializer.dfy,Std.JSON.ZeroCopy.Deserializer.Numbers.Exp (well-formedness) (assertion batch 1),group,False,well-formedness:StdJSONZeroCopyDeserializerNumbersEx*
std/JSON/ZeroCopy/Deserializer.dfy,Std.JSON.ZeroCopy.Deserializer.Values.Value (well-formedness) (assertion batch 307),group,False,well-formedness:StdJSONZeroCopyDeserializerValuesVal*
std/JSON/ZeroCopy/Deserializer.dfy,Std.JSON.ZeroCopy.Deserializer.Objects.BracketedToObject (correctness) (assertion batch 2),group,False,correctness:StdJSONZeroCopyDeserializerObjectsBracketedToOb*
std/JSON/ZeroCopy/Deserializer.dfy,Std.JSON.ZeroCopy.Deserializer.Values.Value (well-formedness) (assertion batch 72),group,False,well-formedness:StdJSONZeroCopyDeserializerValuesVal*
std/JSON/ZeroCopy/Deserializer.dfy,Std.JSON.ZeroCopy.Deserializer.Sequences.AboutCloseParser (correctness),group,False,correctness:StdJSONZeroCopyDeserializerSequencesAboutCloseP*
std/JSON/ZeroCopy/Deserializer.dfy,Std.JSON.ZeroCopy.Deserializer.Values.Value (well-formedness) (assertion batch 316),group,False,well-formedness:StdJSONZeroCopyDeserializerValuesVal*
std/JSON/ZeroCopy/Deserializer.dfy,Std.JSON.ZeroCopy.Deserializer.Values.Value (well-formedness) (assertion batch 144),group,False,well-formedness:StdJSONZeroCopyDeserializerValuesVal*
std/JSON/ZeroCopy/Deserializer.dfy,Std.JSON.ZeroCopy.Deserializer.Values.Value (well-formedness) (assertion batch 167),group,False,well-formedness:StdJSONZeroCopyDeserializerValuesVal*
std/JSON/ZeroCopy/Deserializer.dfy,Std.JSON.ZeroCopy.Deserializer.Values.Value (well-formedness) (assertion batch 154),group,False,well-formedness:StdJSONZeroCopyDeserializerValuesVal*
std/JSON/ZeroCopy/Deserializer.dfy,Std.JSON.ZeroCopy.Deserializer.Values.Value (well-formedness) (assertion batch 152),group,False,well-formedness:StdJSONZeroCopyDeserializerValuesVal*
std/JSON/ZeroCopy/Deserializer.dfy,Std.JSON.ZeroCopy.Deserializer.Values.Value (well-formedness) (assertion batch 170),group,False,well-formedness:StdJSONZeroCopyDeserializerValuesVal*
std/JSON/ZeroCopy/Deserializer.dfy,Std.JSON.ZeroCopy.Deserializer.Values.Value (well-formedness) (assertion batch 235),group,False,well-formedness:StdJSONZeroCopyDeserializerValuesVal*
std/JSON/ZeroCopy/Deserializer.dfy,Std.JSON.ZeroCopy.Deserializer.Values.Value (well-formedness) (assertion batch 169),group,False,well-formedness:StdJSONZeroCopyDeserializerValuesVal*
std/JSON/ZeroCopy/Deserializer.dfy,Std.JSON.ZeroCopy.Deserializer.Values.Value (well-formedness) (assertion batch 324),group,False,well-formedness:StdJSONZeroCopyDeserializerValuesVal*
std/JSON/ZeroCopy/Deserializer.dfy,Std.JSON.ZeroCopy.Deserializer.Sequences.AboutTryStructural (correctness) (assertion batch 10),group,False,correctness:StdJSONZeroCopyDeserializerSequencesAboutTryStr*
std/JSON/ZeroCopy/Deserializer.dfy,Std.JSON.ZeroCopy.Deserializer.Values.Value (well-formedness) (assertion batch 75),group,False,well-formedness:StdJSONZeroCopyDeserializerValuesVal*
std/JSON/ZeroCopy/Deserializer.dfy,Std.JSON.ZeroCopy.Deserializer.Values.Value (well-formedness) (assertion batch 60),group,False,well-formedness:StdJSONZeroCopyDeserializerValuesVal*
std/JSON/ZeroCopy/Deserializer.dfy,Std.JSON.ZeroCopy.Deserializer.Values.Value (well-formedness) (assertion batch 224),group,False,well-formedness:StdJSONZeroCopyDeserializerValuesVal*
std/JSON/ZeroCopy/Deserializer.dfy,Std.JSON.ZeroCopy.Deserializer.Numbers.OptionalSign (well-formedness),group,False,well-formedness:StdJSONZeroCopyDeserializerNumbersOp*
std/JSON/ZeroCopy/Deserializer.dfy,Std.JSON.ZeroCopy.Deserializer.Values.Value (well-formedness) (assertion batch 50),group,False,well-formedness:StdJSONZeroCopyDeserializerValuesVal*
std/JSON/ZeroCopy/Deserializer.dfy,Std.JSON.ZeroCopy.Deserializer.Values.Value (well-formedness) (assertion batch 157),group,False,well-formedness:StdJSONZeroCopyDeserializerValuesVal*
std/JSON/ZeroCopy/Deserializer.dfy,Std.JSON.ZeroCopy.Deserializer.Values.Value (well-formedness) (assertion batch 111),group,False,well-formedness:StdJSONZeroCopyDeserializerValuesVal*
std/JSON/ZeroCopy/Deserializer.dfy,Std.JSON.ZeroCopy.Deserializer.Values.Value (well-formedness) (assertion batch 229),group,False,well-formedness:StdJSONZeroCopyDeserializerValuesVal*
std/JSON/ZeroCopy/Deserializer.dfy,Std.JSON.ZeroCopy.Deserializer.Arrays.BracketedToArray (correctness) (assertion batch 13),group,False,correctness:StdJSONZeroCopyDeserializerArraysBracketedToArr*
std/JSON/ZeroCopy/Deserializer.dfy,Std.JSON.ZeroCopy.Deserializer.Values.Value (well-formedness) (assertion batch 308),group,False,well-formedness:StdJSONZeroCopyDeserializerValuesVal*
std/JSON/ZeroCopy/Deserializer.dfy,Std.JSON.ZeroCopy.Deserializer.Values.Value (well-formedness) (assertion batch 155),group,False,well-formedness:StdJSONZeroCopyDeserializerValuesVal*
std/JSON/ZeroCopy/Deserializer.dfy,Std.JSON.ZeroCopy.Deserializer.Values.Value (well-formedness) (assertion batch 61),group,False,well-formedness:StdJSONZeroCopyDeserializerValuesVal*
std/JSON/ZeroCopy/Deserializer.dfy,Std.JSON.ZeroCopy.Deserializer.Values.Value (well-formedness) (assertion batch 217),group,False,well-formedness:StdJSONZeroCopyDeserializerValuesVal*
std/JSON/ZeroCopy/Deserializer.dfy,Std.JSON.ZeroCopy.Deserializer.Values.Value (well-formedness) (assertion batch 97),group,False,well-formedness:StdJSONZeroCopyDeserializerValuesVal*
std/JSON/ZeroCopy/Deserializer.dfy,Std.JSON.ZeroCopy.Deserializer.Values.Value (well-formedness) (assertion batch 80),group,False,well-formedness:StdJSONZeroCopyDeserializerValuesVal*
std/JSON/ZeroCopy/Deserializer.dfy,Std.JSON.ZeroCopy.Deserializer.Core.WS (correctness) (assertion batch 7),reordered,False,correctness:StdJSONZeroCopyDeserializerCoreWS:6
std/JSON/ZeroCopy/Deserializer.dfy,Std.JSON.ZeroCopy.Deserializer.Values.Value (well-formedness) (assertion batch 297),group,False,well-formedness:StdJSONZeroCopyDeserializerValuesVal*
std/JSON/ZeroCopy/Deserializer.dfy,Std.JSON.ZeroCopy.Deserializer.Values.Value (well-formedness) (assertion batch 278),group,False,well-formedness:StdJSONZeroCopyDeserializerValuesVal*
std/JSON/ZeroCopy/Deserializer.dfy,Std.JSON.ZeroCopy.Deserializer.Values.Value (well-formedness) (assertion batch 193),group,False,well-formedness:StdJSONZeroCopyDeserializerValuesVal*
std/JSON/ZeroCopy/Deserializer.dfy,Std.JSON.ZeroCopy.Deserializer.Values.Value (well-formedness) (assertion batch 225),group,False,well-formedness:StdJSONZeroCopyDeserializerValuesVal*
std/JSON/ZeroCopy/Deserializer.dfy,Std.JSON.ZeroCopy.Deserializer.Objects.BracketedToObject (correctness) (assertion batch 14),group,False,correctness:StdJSONZeroCopyDeserializerObjectsBracketedToOb*
std/JSON/ZeroCopy/Deserializer.dfy,Std.JSON.ZeroCopy.Deserializer.Values.Value (well-formedness) (assertion batch 191),group,False,well-formedness:StdJSONZeroCopyDeserializerValuesVal*
std/JSON/ZeroCopy/Deserializer.dfy,Std.JSON.ZeroCopy.Deserializer.Values.Value (well-formedness) (assertion batch 318),group,False,well-formedness:StdJSONZeroCopyDeserializerValuesVal*
std/JSON/ZeroCopy/Deserializer.dfy,Std.JSON.ZeroCopy.Deserializer.Arrays.BracketedToArray (correctness) (assertion batch 1),group,False,correctness:StdJSONZeroCopyDeserializerArraysBracketedToArr*
std/JSON/ZeroCopy/Deserializer.dfy,Std.JSON.ZeroCopy.Deserializer.Values.Value (well-formedness) (assertion batch 78),group,False,well-formedness:StdJSONZeroCopyDeserializerValuesVal*
std/JSON/ZeroCopy/Deserializer.dfy,Std.JSON.ZeroCopy.Deserializer.Values.Value (well-formedness) (assertion batch 162),group,False,well-formedness:StdJSONZeroCopyDeserializerValuesVal*
std/JSON/ZeroCopy/Deserializer.dfy,Std.JSON.ZeroCopy.Deserializer.Sequences.Elements (well-formedness) (assertion batch 6),group,False,well-formedness:StdJSONZeroCopyDeserializerSequences*
std/JSON/ZeroCopy/Deserializer.dfy,Std.JSON.ZeroCopy.Deserializer.Values.Value (well-formedness) (assertion batch 112),group,False,well-formedness:StdJSONZeroCopyDeserializerValuesVal*
std/JSON/ZeroCopy/Deserializer.dfy,Std.JSON.ZeroCopy.Deserializer.Values.Value (well-formedness) (assertion batch 151),group,False,well-formedness:StdJSONZeroCopyDeserializerValuesVal*
std/JSON/ZeroCopy/Deserializer.dfy,Std.JSON.ZeroCopy.Deserializer.Values.Value (well-formedness) (assertion batch 323),group,False,well-formedness:StdJSONZeroCopyDeserializerValuesVal*
std/JSON/ZeroCopy/Deserializer.dfy,Std.JSON.ZeroCopy.Deserializer.Objects.BracketedToObject (correctness) (assertion batch 17),group,False,correctness:StdJSONZeroCopyDeserializerObjectsBracketedToOb*
std/JSON/ZeroCopy/Deserializer.dfy,Std.JSON.ZeroCopy.Deserializer.Values.Value (well-formedness) (assertion batch 142),group,False,well-formedness:StdJSONZeroCopyDeserializerValuesVal*
std/JSON/ZeroCopy/Deserializer.dfy,Std.JSON.ZeroCopy.Deserializer.Values.Value (well-formedness) (assertion batch 161),group,False,well-formedness:StdJSONZeroCopyDeserializerValuesVal*
std/JSON/ZeroCopy/Deserializer.dfy,Std.JSON.ZeroCopy.Deserializer.Values.Value (well-formedness) (assertion batch 314),group,False,well-formedness:StdJSONZeroCopyDeserializerValuesVal*
std/JSON/ZeroCopy/Deserializer.dfy,Std.JSON.ZeroCopy.Deserializer.Values.Value (well-formedness) (assertion batch 275),group,False,well-formedness:StdJSONZeroCopyDeserializerValuesVal*
std/JSON/ZeroCopy/Deserializer.dfy,Std.JSON.ZeroCopy.Deserializer.Values.Value (well-formedness) (assertion batch 246),group,False,well-formedness:StdJSONZeroCopyDeserializerValuesVal*
std/JSON/ZeroCopy/Deserializer.dfy,Std.JSON.ZeroCopy.Deserializer.Values.Value (well-formedness) (assertion batch 195),group,False,well-formedness:StdJSONZeroCopyDeserializerValuesVal*
std/JSON/ZeroCopy/Deserializer.dfy,Std.JSON.ZeroCopy.Deserializer.Values.Value (well-formedness) (assertion batch 320),group,False,well-formedness:StdJSONZeroCopyDeserializerValuesVal*
std/JSON/ZeroCopy/Deserializer.dfy,Std.JSON.ZeroCopy.Deserializer.Values.Value (well-formedness) (assertion batch 46),group,False,well-formedness:StdJSONZeroCopyDeserializerValuesVal*
std/JSON/ZeroCopy/Deserializer.dfy,Std.JSON.ZeroCopy.Deserializer.Values.Value (well-formedness) (assertion batch 86),group,False,well-formedness:StdJSONZeroCopyDeserializerValuesVal*
std/JSON/ZeroCopy/Deserializer.dfy,Std.JSON.ZeroCopy.Deserializer.Values.Value (well-formedness) (assertion batch 180),group,False,well-formedness:StdJSONZeroCopyDeserializerValuesVal*
std/JSON/ZeroCopy/Deserializer.dfy,Std.JSON.ZeroCopy.Deserializer.Values.Value (well-formedness) (assertion batch 73),group,False,well-formedness:StdJSONZeroCopyDeserializerValuesVal*
std/JSON/ZeroCopy/Deserializer.dfy,Std.JSON.ZeroCopy.Deserializer.Values.Value (well-formedness) (assertion batch 271),group,False,well-formedness:StdJSONZeroCopyDeserializerValuesVal*
std/JSON/ZeroCopy/Deserializer.dfy,Std.JSON.ZeroCopy.Deserializer.Values.Value (well-formedness) (assertion batch 158),group,False,well-formedness:StdJSONZeroCopyDeserializerValuesVal*
std/JSON/ZeroCopy/Deserializer.dfy,Std.JSON.ZeroCopy.Deserializer.Values.Value (well-formedness) (assertion batch 226),group,False,well-formedness:StdJSONZeroCopyDeserializerValuesVal*
std/JSON/ZeroCopy/Deserializer.dfy,Std.JSON.ZeroCopy.Deserializer.Values.Value (well-formedness) (assertion batch 234),group,False,well-formedness:StdJSONZeroCopyDeserializerValuesVal*
std/JSON/ZeroCopy/Deserializer.dfy,Std.JSON.ZeroCopy.Deserializer.Values.Value (well-formedness) (assertion batch 100),group,False,well-formedness:StdJSONZeroCopyDeserializerValuesVal*
std/JSON/ZeroCopy/Deserializer.dfy,Std.JSON.ZeroCopy.Deserializer.Values.Value (well-formedness) (assertion batch 134),group,False,well-formedness:StdJSONZeroCopyDeserializerValuesVal*
std/JSON/ZeroCopy/Deserializer.dfy,Std.JSON.ZeroCopy.Deserializer.Values.Value (well-formedness) (assertion batch 295),group,False,well-formedness:StdJSONZeroCopyDeserializerValuesVal*
std/JSON/ZeroCopy/Deserializer.dfy,Std.JSON.ZeroCopy.Deserializer.Constants.Constant (well-formedness),group,False,well-formedness:StdJSONZeroCopyDeserializerConstants*
std/JSON/ZeroCopy/Deserializer.dfy,Std.JSON.ZeroCopy.Deserializer.Numbers.Exp (well-formedness) (assertion batch 18),group,False,well-formedness:StdJSONZeroCopyDeserializerNumbersEx*
std/JSON/ZeroCopy/Deserializer.dfy,Std.JSON.ZeroCopy.Deserializer.Values.Value (well-formedness) (assertion batch 147),group,False,well-formedness:StdJSONZeroCopyDeserializerValuesVal*
std/JSON/ZeroCopy/Deserializer.dfy,Std.JSON.ZeroCopy.Deserializer.Values.Value (well-formedness) (assertion batch 132),group,False,well-formedness:StdJSONZeroCopyDeserializerValuesVal*
std/JSON/ZeroCopy/Deserializer.dfy,Std.JSON.ZeroCopy.Deserializer.Values.Value (well-formedness) (assertion batch 62),group,False,well-formedness:StdJSONZeroCopyDeserializerValuesVal*
std/JSON/ZeroCopy/Deserializer.dfy,Std.JSON.ZeroCopy.Deserializer.Core.WS (correctness) (assertion batch 14),reordered,False,correctness:StdJSONZeroCopyDeserializerCoreWS:13
std/JSON/ZeroCopy/Deserializer.dfy,Std.JSON.ZeroCopy.Deserializer.Core.Structural (well-formedness) (assertion batch 2),group,False,well-formedness:StdJSONZeroCopyDeserializerCoreStruc*
std/JSON/ZeroCopy/Deserializer.dfy,Std.JSON.ZeroCopy.Deserializer.Values.Value (well-formedness) (assertion batch 196),group,False,well-formedness:StdJSONZeroCopyDeserializerValuesVal*
std/JSON/ZeroCopy/Deserializer.dfy,Std.JSON.ZeroCopy.Deserializer.Values.Value (well-formedness) (assertion batch 296),group,False,well-formedness:StdJSONZeroCopyDeserializerValuesVal*
std/JSON/ZeroCopy/Deserializer.dfy,Std.JSON.ZeroCopy.Deserializer.Values.Value (well-formedness) (assertion batch 81),group,False,well-formedness:StdJSONZeroCopyDeserializerValuesVal*
std/JSON/ZeroCopy/Deserializer.dfy,Std.JSON.ZeroCopy.Deserializer.Values.Value (well-formedness) (assertion batch 310),group,False,well-formedness:StdJSONZeroCopyDeserializerValuesVal*
std/JSON/ZeroCopy/Deserializer.dfy,Std.JSON.ZeroCopy.Deserializer.Values.Value (well-formedness) (assertion batch 227),group,False,well-formedness:StdJSONZeroCopyDeserializerValuesVal*
std/JSON/ZeroCopy/Deserializer.dfy,Std.JSON.ZeroCopy.Deserializer.Values.Value (well-formedness) (assertion batch 190),group,False,well-formedness:StdJSONZeroCopyDeserializerValuesVal*
std/JSON/ZeroCopy/Deserializer.dfy,Std.JSON.ZeroCopy.Deserializer.Values.Value (well-formedness) (assertion batch 84),group,False,well-formedness:StdJSONZeroCopyDeserializerValuesVal*
std/JSON/ZeroCopy/Deserializer.dfy,Std.JSON.ZeroCopy.Deserializer.Values.Value (well-formedness) (assertion batch 187),group,False,well-formedness:StdJSONZeroCopyDeserializerValuesVal*
std/JSON/ZeroCopy/Deserializer.dfy,Std.JSON.ZeroCopy.Deserializer.Core.WS (correctness) (assertion batch 13),reordered,False,correctness:StdJSONZeroCopyDeserializerCoreWS:12
std/JSON/ZeroCopy/Deserializer.dfy,Std.JSON.ZeroCopy.Deserializer.Values.Value (well-formedness) (assertion batch 272),group,False,well-formedness:StdJSONZeroCopyDeserializerValuesVal*
std/JSON/ZeroCopy/Deserializer.dfy,Std.JSON.ZeroCopy.Deserializer.Sequences.AboutTryStructural (correctness) (assertion batch 9),group,False,correctness:StdJSONZeroCopyDeserializerSequencesAboutTryStr*
std/JSON/ZeroCopy/Deserializer.dfy,Std.JSON.ZeroCopy.Deserializer.Values.Value (well-formedness) (assertion batch 244),group,False,well-formedness:StdJSONZeroCopyDeserializerValuesVal*
std/JSON/ZeroCopy/Deserializer.dfy,Std.JSON.ZeroCopy.Deserializer.Values.Value (well-formedness) (assertion batch 177),group,False,well-formedness:StdJSONZeroCopyDeserializerValuesVal*
std/JSON/ZeroCopy/Deserializer.dfy,Std.JSON.ZeroCopy.Deserializer.Values.Value (well-formedness) (assertion batch 87),group,False,well-formedness:StdJSONZeroCopyDeserializerValuesVal*
std/JSON/ZeroCopy/Deserializer.dfy,Std.JSON.ZeroCopy.Deserializer.Values.Value (well-formedness) (assertion batch 300),group,False,well-formedness:StdJSONZeroCopyDeserializerValuesVal*
std/JSON/ZeroCopy/Deserializer.dfy,Std.JSON.ZeroCopy.Deserializer.Values.Value (well-formedness) (assertion batch 166),group,False,well-formedness:StdJSONZeroCopyDeserializerValuesVal*
std/JSON/ZeroCopy/Deserializer.dfy,Std.JSON.ZeroCopy.Deserializer.Values.Value (well-formedness) (assertion batch 153),group,False,well-formedness:StdJSONZeroCopyDeserializerValuesVal*
std/JSON/ZeroCopy/Deserializer.dfy,Std.JSON.ZeroCopy.Deserializer.Values.Value (well-formedness) (assertion batch 299),group,False,well-formedness:StdJSONZeroCopyDeserializerValuesVal*
std/JSON/ZeroCopy/Deserializer.dfy,Std.JSON.ZeroCopy.Deserializer.Core.WS (well-formedness) (assertion batch 4),group,False,well-formedness:StdJSONZeroCopyDeserializerCoreW*
std/JSON/ZeroCopy/Deserializer.dfy,Std.JSON.ZeroCopy.Deserializer.Values.Value (well-formedness) (assertion batch 148),group,False,well-formedness:StdJSONZeroCopyDeserializerValuesVal*
std/JSON/ZeroCopy/Deserializer.dfy,Std.JSON.ZeroCopy.Deserializer.Values.Value (well-formedness) (assertion batch 74),group,False,well-formedness:StdJSONZeroCopyDeserializerValuesVal*
std/JSON/ZeroCopy/Deserializer.dfy,Std.JSON.ZeroCopy.Deserializer.Values.Value (well-formedness) (assertion batch 232),group,False,well-formedness:StdJSONZeroCopyDeserializerValuesVal*
std/JSON/ZeroCopy/Deserializer.dfy,Std.JSON.ZeroCopy.Deserializer.Values.Value (well-formedness) (assertion batch 168),group,False,well-formedness:StdJSONZeroCopyDeserializerValuesVal*
std/JSON/ZeroCopy/Deserializer.dfy,Std.JSON.ZeroCopy.Deserializer.Values.Value (well-formedness) (assertion batch 321),group,False,well-formedness:StdJSONZeroCopyDeserializerValuesVal*
std/JSON/ZeroCopy/Deserializer.dfy,Std.JSON.ZeroCopy.Deserializer.Values.Value (well-formedness) (assertion batch 109),group,False,well-formedness:StdJSONZeroCopyDeserializerValuesVal*
std/JSON/ZeroCopy/Deserializer.dfy,Std.JSON.ZeroCopy.Deserializer.Sequences.AboutTryStructural (correctness) (assertion batch 25),group,False,correctness:StdJSONZeroCopyDeserializerSequencesAboutTryStr*
std/JSON/ZeroCopy/Deserializer.dfy,Std.JSON.ZeroCopy.Deserializer.Values.Value (well-formedness) (assertion batch 250),group,False,well-formedness:StdJSONZeroCopyDeserializerValuesVal*
std/JSON/ZeroCopy/Deserializer.dfy,Std.JSON.ZeroCopy.Deserializer.Values.Value (well-formedness) (assertion batch 239),group,False,well-formedness:StdJSONZeroCopyDeserializerValuesVal*
std/JSON/ZeroCopy/Deserializer.dfy,Std.JSON.ZeroCopy.Deserializer.Values.Value (well-formedness) (assertion batch 175),group,False,well-formedness:StdJSONZeroCopyDeserializerValuesVal*
std/JSON/ZeroCopy/Deserializer.dfy,Std.JSON.ZeroCopy.Deserializer.Sequences.AboutTryStructural (correctness) (assertion batch 11),group,False,correctness:StdJSONZeroCopyDeserializerSequencesAboutTryStr*
std/JSON/ZeroCopy/Deserializer.dfy,Std.JSON.ZeroCopy.Deserializer.Numbers.OptionalMinus (well-formedness),group,False,well-formedness:StdJSONZeroCopyDeserializerNumbersOp*
std/JSON/ZeroCopy/Deserializer.dfy,Std.JSON.ZeroCopy.Deserializer.Values.Value (well-formedness) (assertion batch 149),group,False,well-formedness:StdJSONZeroCopyDeserializerValuesVal*
std/JSON/ZeroCopy/Deserializer.dfy,Std.JSON.ZeroCopy.Deserializer.Values.Value (well-formedness) (assertion batch 265),group,False,well-formedness:StdJSONZeroCopyDeserializerValuesVal*
std/JSON/ZeroCopy/Deserializer.dfy,Std.JSON.ZeroCopy.Deserializer.Values.Value (well-formedness) (assertion batch 240),group,False,well-formedness:StdJSONZeroCopyDeserializerValuesVal*
std/JSON/ZeroCopy/Deserializer.dfy,Std.JSON.ZeroCopy.Deserializer.Core.WS (well-formedness) (assertion batch 8),group,False,well-formedness:StdJSONZeroCopyDeserializerCoreW*
std/JSON/ZeroCopy/Deserializer.dfy,Std.JSON.ZeroCopy.Deserializer.Values.Value (well-formedness) (assertion batch 150),group,False,well-formedness:StdJSONZeroCopyDeserializerValuesVal*
std/JSON/ZeroCopy/Deserializer.dfy,Std.JSON.ZeroCopy.Deserializer.Values.Value (well-formedness) (assertion batch 192),group,False,well-formedness:StdJSONZeroCopyDeserializerValuesVal*
std/JSON/ZeroCopy/Deserializer.dfy,Std.JSON.ZeroCopy.Deserializer.Sequences.AboutTryStructural (correctness) (assertion batch 2),group,False,correctness:StdJSONZeroCopyDeserializerSequencesAboutTryStr*
std/JSON/ZeroCopy/Deserializer.dfy,Std.JSON.ZeroCopy.Deserializer.Values.Value (well-formedness) (assertion batch 249),group,False,well-formedness:StdJSONZeroCopyDeserializerValuesVal*
std/JSON/ZeroCopy/Deserializer.dfy,Std.JSON.ZeroCopy.Deserializer.Values.Value (well-formedness) (assertion batch 66),group,False,well-formedness:StdJSONZeroCopyDeserializerValuesVal*
std/JSON/ZeroCopy/Deserializer.dfy,Std.JSON.ZeroCopy.Deserializer.Values.Value (well-formedness) (assertion batch 254),group,False,well-formedness:StdJSONZeroCopyDeserializerValuesVal*
std/JSON/ZeroCopy/Deserializer.dfy,Std.JSON.ZeroCopy.Deserializer.Sequences.AboutTryStructural (correctness) (assertion batch 4),group,False,correctness:StdJSONZeroCopyDeserializerSequencesAboutTryStr*
std/JSON/ZeroCopy/Deserializer.dfy,Std.JSON.ZeroCopy.Deserializer.Values.Value (well-formedness) (assertion batch 113),group,False,well-formedness:StdJSONZeroCopyDeserializerValuesVal*
std/JSON/ZeroCopy/Deserializer.dfy,Std.JSON.ZeroCopy.Deserializer.Sequences.AboutTryStructural (well-formedness) (assertion batch 6),group,False,well-formedness:StdJSONZeroCopyDeserializerSequences*
std/JSON/ZeroCopy/Deserializer.dfy,Std.JSON.ZeroCopy.Deserializer.Values.Value (well-formedness) (assertion batch 215),group,False,well-formedness:StdJSONZeroCopyDeserializerValuesVal*
std/JSON/ZeroCopy/Deserializer.dfy,Std.JSON.ZeroCopy.Deserializer.Values.Value (well-formedness) (assertion batch 69),group,False,well-formedness:StdJSONZeroCopyDeserializerValuesVal*
std/JSON/ZeroCopy/Deserializer.dfy,Std.JSON.ZeroCopy.Deserializer.Values.Value (well-formedness) (assertion batch 194),group,False,well-formedness:StdJSONZeroCopyDeserializerValuesVal*
std/JSON/ZeroCopy/Deserializer.dfy,Std.JSON.ZeroCopy.Deserializer.Core.Structural (well-formedness) (assertion batch 4),group,False,well-formedness:StdJSONZeroCopyDeserializerCoreStruc*
std/JSON/ZeroCopy/Deserializer.dfy,Std.JSON.ZeroCopy.Deserializer.Values.Value (well-formedness) (assertion batch 315),group,False,well-formedness:StdJSONZeroCopyDeserializerValuesVal*
std/JSON/ZeroCopy/Deserializer.dfy,Std.JSON.ZeroCopy.Deserializer.Values.Value (well-formedness) (assertion batch 319),group,False,well-formedness:StdJSONZeroCopyDeserializerValuesVal*
std/JSON/ZeroCopy/Deserializer.dfy,Std.JSON.ZeroCopy.Deserializer.Values.Value (well-formedness) (assertion batch 243),group,False,well-formedness:StdJSONZeroCopyDeserializerValuesVal*
std/JSON/ZeroCopy/Deserializer.dfy,Std.JSON.ZeroCopy.Deserializer.Values.Value (well-formedness) (assertion batch 251),group,False,well-formedness:StdJSONZeroCopyDeserializerValuesVal*
std/JSON/ZeroCopy/Deserializer.dfy,Std.JSON.ZeroCopy.Deserializer.Values.Value (well-formedness) (assertion batch 156),group,False,well-formedness:StdJSONZeroCopyDeserializerValuesVal*
std/JSON/ZeroCopy/Deserializer.dfy,Std.JSON.ZeroCopy.Deserializer.Core.Structural (well-formedness) (assertion batch 3),group,False,well-formedness:StdJSONZeroCopyDeserializerCoreStruc*
std/JSON/ZeroCopy/Deserializer.dfy,Std.JSON.ZeroCopy.Deserializer.Values.Value (well-formedness) (assertion batch 102),group,False,well-formedness:StdJSONZeroCopyDeserializerValuesVal*
std/JSON/ZeroCopy/Deserializer.dfy,Std.JSON.ZeroCopy.Deserializer.Values.Value (well-formedness) (assertion batch 85),group,False,well-formedness:StdJSONZeroCopyDeserializerValuesVal*
std/JSON/ZeroCopy/Deserializer.dfy,Std.JSON.ZeroCopy.Deserializer.Values.Value (well-formedness) (assertion batch 104),group,False,well-formedness:StdJSONZeroCopyDeserializerValuesVal*
std/JSON/ZeroCopy/Deserializer.dfy,Std.JSON.ZeroCopy.Deserializer.Sequences.AboutTryStructural (correctness) (assertion batch 20),group,False,correctness:StdJSONZeroCopyDeserializerSequencesAboutTryStr*
std/JSON/ZeroCopy/Deserializer.dfy,Std.JSON.ZeroCopy.Deserializer.Sequences.AboutTryStructural (correctness) (assertion batch 3),group,False,correctness:StdJSONZeroCopyDeserializerSequencesAboutTryStr*
std/JSON/ZeroCopy/Deserializer.dfy,Std.JSON.ZeroCopy.Deserializer.Sequences.Open (well-formedness),group,False,well-formedness:StdJSONZeroCopyDeserializerSequences*
std/JSON/ZeroCopy/Deserializer.dfy,Std.JSON.ZeroCopy.Deserializer.Values.Value (well-formedness) (assertion batch 325),group,False,well-formedness:StdJSONZeroCopyDeserializerValuesVal*
std/JSON/ZeroCopy/Deserializer.dfy,Std.JSON.ZeroCopy.Deserializer.Values.Value (well-formedness) (assertion batch 108),group,False,well-formedness:StdJSONZeroCopyDeserializerValuesVal*
std/JSON/ZeroCopy/Deserializer.dfy,Std.JSON.ZeroCopy.Deserializer.Values.Value (well-formedness) (assertion batch 311),group,False,well-formedness:StdJSONZeroCopyDeserializerValuesVal*
std/JSON/ZeroCopy/Deserializer.dfy,Std.JSON.ZeroCopy.Deserializer.Values.Value (well-formedness) (assertion batch 276),group,False,well-formedness:StdJSONZeroCopyDeserializerValuesVal*
std/JSON/ZeroCopy/Deserializer.dfy,Std.JSON.ZeroCopy.Deserializer.Values.Value (well-formedness) (assertion batch 160),group,False,well-formedness:StdJSONZeroCopyDeserializerValuesVal*
std/JSON/ZeroCopy/Deserializer.dfy,Std.JSON.ZeroCopy.Deserializer.Values.Value (well-formedness) (assertion batch 212),group,False,well-formedness:StdJSONZeroCopyDeserializerValuesVal*
std/JSON/ZeroCopy/Deserializer.dfy,Std.JSON.ZeroCopy.Deserializer.Values.Value (well-formedness) (assertion batch 183),group,False,well-formedness:StdJSONZeroCopyDeserializerValuesVal*
std/JSON/ZeroCopy/Deserializer.dfy,Std.JSON.ZeroCopy.Deserializer.Values.Value (well-formedness) (assertion batch 312),group,False,well-formedness:StdJSONZeroCopyDeserializerValuesVal*
std/JSON/ZeroCopy/Deserializer.dfy,Std.JSON.ZeroCopy.Deserializer.Sequences.AboutTryStructural (correctness) (assertion batch 18),group,False,correctness:StdJSONZeroCopyDeserializerSequencesAboutTryStr*
std/JSON/ZeroCopy/Deserializer.dfy,Std.JSON.ZeroCopy.Deserializer.Values.Value (well-formedness) (assertion batch 174),group,False,well-formedness:StdJSONZeroCopyDeserializerValuesVal*
std/JSON/ZeroCopy/Deserializer.dfy,Std.JSON.ZeroCopy.Deserializer.Sequences.AboutTryStructural (correctness) (assertion batch 12),group,False,correctness:StdJSONZeroCopyDeserializerSequencesAboutTryStr*
std/JSON/ZeroCopy/Deserializer.dfy,Std.JSON.ZeroCopy.Deserializer.Core.Structural (well-formedness) (assertion batch 6),group,False,well-formedness:StdJSONZeroCopyDeserializerCoreStruc*
std/JSON/ZeroCopy/Deserializer.dfy,Std.JSON.ZeroCopy.Deserializer.Values.Value (well-formedness) (assertion batch 67),group,False,well-formedness:StdJSONZeroCopyDeserializerValuesVal*
std/JSON/ZeroCopy/Deserializer.dfy,Std.JSON.ZeroCopy.Deserializer.Values.Value (well-formedness) (assertion batch 45),group,False,well-formedness:StdJSONZeroCopyDeserializerValuesVal*
std/JSON/ZeroCopy/Deserializer.dfy,Std.JSON.ZeroCopy.Deserializer.Values.Value (well-formedness) (assertion batch 105),group,False,well-formedness:StdJSONZeroCopyDeserializerValuesVal*
std/JSON/ZeroCopy/Deserializer.dfy,Std.JSON.ZeroCopy.Deserializer.Values.Value (well-formedness) (assertion batch 214),group,False,well-formedness:StdJSONZeroCopyDeserializerValuesVal*
std/JSON/ZeroCopy/Deserializer.dfy,Std.JSON.ZeroCopy.Deserializer.Values.Value (well-formedness) (assertion batch 269),group,False,well-formedness:StdJSONZeroCopyDeserializerValuesVal*
std/JSON/ZeroCopy/Deserializer.dfy,Std.JSON.ZeroCopy.Deserializer.Values.Value (well-formedness) (assertion batch 228),group,False,well-formedness:StdJSONZeroCopyDeserializerValuesVal*
std/JSON/ZeroCopy/Deserializer.dfy,Std.JSON.ZeroCopy.Deserializer.Sequences.AboutTryStructural (correctness) (assertion batch 15),group,False,correctness:StdJSONZeroCopyDeserializerSequencesAboutTryStr*
std/JSON/ZeroCopy/Deserializer.dfy,Std.JSON.ZeroCopy.Deserializer.Values.Value (well-formedness) (assertion batch 145),group,False,well-formedness:StdJSONZeroCopyDeserializerValuesVal*
std/JSON/ZeroCopy/Deserializer.dfy,Std.JSON.ZeroCopy.Deserializer.Sequences.AboutTryStructural (correctness) (assertion batch 24),group,False,correctness:StdJSONZeroCopyDeserializerSequencesAboutTryStr*
std/JSON/ZeroCopy/Deserializer.dfy,Std.JSON.ZeroCopy.Deserializer.Values.Value (well-formedness) (assertion batch 143),group,False,well-formedness:StdJSONZeroCopyDeserializerValuesVal*
std/JSON/ZeroCopy/Deserializer.dfy,Std.JSON.ZeroCopy.Deserializer.Values.Value (well-formedness) (assertion batch 164),group,False,well-formedness:StdJSONZeroCopyDeserializerValuesVal*
std/JSON/ZeroCopy/Deserializer.dfy,Std.JSON.ZeroCopy.Deserializer.Sequences.AboutTryStructural (correctness) (assertion batch 29),group,False,correctness:StdJSONZeroCopyDeserializerSequencesAboutTryStr*
std/JSON/ZeroCopy/Deserializer.dfy,Std.JSON.ZeroCopy.Deserializer.Values.Value (well-formedness) (assertion batch 230),group,False,well-formedness:StdJSONZeroCopyDeserializerValuesVal*
std/JSON/ZeroCopy/Deserializer.dfy,Std.JSON.ZeroCopy.Deserializer.Values.Value (well-formedness) (assertion batch 238),group,False,well-formedness:StdJSONZeroCopyDeserializerValuesVal*
std/JSON/ZeroCopy/Deserializer.dfy,Std.JSON.ZeroCopy.Deserializer.Sequences.AboutTryStructural (correctness) (assertion batch 6),group,False,correctness:StdJSONZeroCopyDeserializerSequencesAboutTryStr*
std/JSON/ZeroCopy/Deserializer.dfy,Std.JSON.ZeroCopy.Deserializer.Sequences.AboutTryStructural (well-formedness) (assertion batch 9),group,False,well-formedness:StdJSONZeroCopyDeserializerSequences*
std/JSON/ZeroCopy/Deserializer.dfy,Std.JSON.ZeroCopy.Deserializer.Numbers.Exp (well-formedness) (assertion batch 12),group,False,well-formedness:StdJSONZeroCopyDeserializerNumbersEx*
std/JSON/ZeroCopy/Deserializer.dfy,Std.JSON.ZeroCopy.Deserializer.Values.Value (well-formedness) (assertion batch 317),group,False,well-formedness:StdJSONZeroCopyDeserializerValuesVal*
std/JSON/ZeroCopy/Deserializer.dfy,Std.JSON.ZeroCopy.Deserializer.Values.Value (well-formedness) (assertion batch 184),group,False,well-formedness:StdJSONZeroCopyDeserializerValuesVal*
std/JSON/ZeroCopy/Deserializer.dfy,Std.JSON.ZeroCopy.Deserializer.Values.Value (well-formedness) (assertion batch 309),group,False,well-formedness:StdJSONZeroCopyDeserializerValuesVal*
std/JSON/ZeroCopy/Deserializer.dfy,Std.JSON.ZeroCopy.Deserializer.Numbers.Exp (well-formedness) (assertion batch 11),group,False,well-formedness:StdJSONZeroCopyDeserializerNumbersEx*
std/JSON/ZeroCopy/Deserializer.dfy,Std.JSON.ZeroCopy.Deserializer.Core.WS (well-formedness) (assertion batch 11),group,False,well-formedness:StdJSONZeroCopyDeserializerCoreW*
std/JSON/ZeroCopy/Deserializer.dfy,Std.JSON.ZeroCopy.Deserializer.Values.Value (well-formedness) (assertion batch 83),group,False,well-formedness:StdJSONZeroCopyDeserializerValuesVal*
std/JSON/ZeroCopy/Deserializer.dfy,Std.JSON.ZeroCopy.Deserializer.Core.WS (well-formedness) (assertion batch 10),group,False,well-formedness:StdJSONZeroCopyDeserializerCoreW*
std/JSON/ZeroCopy/Deserializer.dfy,Std.JSON.ZeroCopy.Deserializer.Sequences.AboutTryStructural (correctness) (assertion batch 16),group,False,correctness:StdJSONZeroCopyDeserializerSequencesAboutTryStr*
std/JSON/ZeroCopy/Deserializer.dfy,Std.JSON.ZeroCopy.Deserializer.Sequences.AboutTryStructural (correctness) (assertion batch 21),group,False,correctness:StdJSONZeroCopyDeserializerSequencesAboutTryStr*
std/JSON/ZeroCopy/Deserializer.dfy,Std.JSON.ZeroCopy.Deserializer.Values.Value (well-formedness) (assertion batch 63),group,False,well-formedness:StdJSONZeroCopyDeserializerValuesVal*
std/JSON/ZeroCopy/Deserializer.dfy,Std.JSON.ZeroCopy.Deserializer.Values.Value (well-formedness) (assertion batch 95),group,False,well-formedness:StdJSONZeroCopyDeserializerValuesVal*
std/JSON/ZeroCopy/Deserializer.dfy,Std.JSON.ZeroCopy.Deserializer.Sequences.AboutTryStructural (correctness) (assertion batch 26),group,False,correctness:StdJSONZeroCopyDeserializerSequencesAboutTryStr*
std/JSON/ZeroCopy/Deserializer.dfy,Std.JSON.ZeroCopy.Deserializer.Core.WS (well-formedness) (assertion batch 6),group,False,well-formedness:StdJSONZeroCopyDeserializerCoreW*
std/JSON/ZeroCopy/Deserializer.dfy,Std.JSON.ZeroCopy.Deserializer.Values.Value (well-formedness) (assertion batch 247),group,False,well-formedness:StdJSONZeroCopyDeserializerValuesVal*
std/JSON/ZeroCopy/Deserializer.dfy,Std.JSON.ZeroCopy.Deserializer.Numbers.Exp (well-formedness) (assertion batch 13),group,False,well-formedness:StdJSONZeroCopyDeserializerNumbersEx*
std/JSON/ZeroCopy/Deserializer.dfy,Std.JSON.ZeroCopy.Deserializer.Values.Value (well-formedness) (assertion batch 253),group,False,well-formedness:StdJSONZeroCopyDeserializerValuesVal*
std/JSON/ZeroCopy/Deserializer.dfy,Std.JSON.ZeroCopy.Deserializer.Values.Value (well-formedness) (assertion batch 185),group,False,well-formedness:StdJSONZeroCopyDeserializerValuesVal*
std/JSON/ZeroCopy/Deserializer.dfy,Std.JSON.ZeroCopy.Deserializer.Sequences.AboutTryStructural (correctness) (assertion batch 22),group,False,correctness:StdJSONZeroCopyDeserializerSequencesAboutTryStr*
std/JSON/ZeroCopy/Deserializer.dfy,Std.JSON.ZeroCopy.Deserializer.Values.Value (well-formedness) (assertion batch 252),group,False,well-formedness:StdJSONZeroCopyDeserializerValuesVal*
std/JSON/ZeroCopy/Deserializer.dfy,Std.JSON.ZeroCopy.Deserializer.Sequences.Close (well-formedness),group,False,well-formedness:StdJSONZeroCopyDeserializerSequences*
std/JSON/ZeroCopy/Deserializer.dfy,Std.JSON.ZeroCopy.Deserializer.Values.Value (well-formedness) (assertion batch 172),group,False,well-formedness:StdJSONZeroCopyDeserializerValuesVal*
std/JSON/ZeroCopy/Deserializer.dfy,Std.JSON.ZeroCopy.Deserializer.Sequences.AboutTryStructural (correctness) (assertion batch 23),group,False,correctness:StdJSONZeroCopyDeserializerSequencesAboutTryStr*
std/JSON/ZeroCopy/Deserializer.dfy,Std.JSON.ZeroCopy.Deserializer.Values.Value (well-formedness) (assertion batch 267),group,False,well-formedness:StdJSONZeroCopyDeserializerValuesVal*
std/JSON/ZeroCopy/Deserializer.dfy,Std.JSON.ZeroCopy.Deserializer.Strings.Quote (well-formedness),group,False,well-formedness:StdJSONZeroCopyDeserializerStringsQu*
std/JSON/ZeroCopy/Deserializer.dfy,Std.JSON.ZeroCopy.Deserializer.Sequences.AboutTryStructural (correctness) (assertion batch 8),group,False,correctness:StdJSONZeroCopyDeserializerSequencesAboutTryStr*
std/JSON/ZeroCopy/Deserializer.dfy,Std.JSON.ZeroCopy.Deserializer.Core.WS (well-formedness) (assertion batch 7),group,False,well-formedness:StdJSONZeroCopyDeserializerCoreW*
std/JSON/ZeroCopy/Deserializer.dfy,Std.JSON.ZeroCopy.Deserializer.Values.Value (well-formedness) (assertion batch 107),group,False,well-formedness:StdJSONZeroCopyDeserializerValuesVal*
std/JSON/ZeroCopy/Deserializer.dfy,Std.JSON.ZeroCopy.Deserializer.Values.Value (well-formedness) (assertion batch 89),group,False,well-formedness:StdJSONZeroCopyDeserializerValuesVal*
std/JSON/ZeroCopy/Deserializer.dfy,Std.JSON.ZeroCopy.Deserializer.Values.Value (well-formedness) (assertion batch 294),group,False,well-formedness:StdJSONZeroCopyDeserializerValuesVal*
std/JSON/ZeroCopy/Deserializer.dfy,Std.JSON.ZeroCopy.Deserializer.Sequences.AboutTryStructural (correctness) (assertion batch 14),group,False,correctness:StdJSONZeroCopyDeserializerSequencesAboutTryStr*
std/JSON/ZeroCopy/Deserializer.dfy,Std.JSON.ZeroCopy.Deserializer.Sequences.AboutTryStructural (correctness) (assertion batch 13),group,False,correctness:StdJSONZeroCopyDeserializerSequencesAboutTryStr*
std/JSON/ZeroCopy/Deserializer.dfy,Std.JSON.ZeroCopy.Deserializer.Sequences.AboutTryStructural (correctness) (assertion batch 31),group,False,correctness:StdJSONZeroCopyDeserializerSequencesAboutTryStr*
std/JSON/ZeroCopy/Deserializer.dfy,Std.JSON.ZeroCopy.Deserializer.Sequences.AboutTryStructural (correctness) (assertion batch 17),group,False,correctness:StdJSONZeroCopyDeserializerSequencesAboutTryStr*
std/JSON/ZeroCopy/Deserializer.dfy,Std.JSON.ZeroCopy.Deserializer.Values.Value (well-formedness) (assertion batch 92),group,False,well-formedness:StdJSONZeroCopyDeserializerValuesVal*
std/JSON/ZeroCopy/Deserializer.dfy,Std.JSON.ZeroCopy.Deserializer.Sequences.AboutTryStructural (well-formedness) (assertion batch 11),group,False,well-formedness:StdJSONZeroCopyDeserializerSequences*
std/JSON/ZeroCopy/Deserializer.dfy,Std.JSON.ZeroCopy.Deserializer.Values.Value (well-formedness) (assertion batch 270),group,False,well-formedness:StdJSONZeroCopyDeserializerValuesVal*
std/JSON/ZeroCopy/Deserializer.dfy,Std.JSON.ZeroCopy.Deserializer.Values.Value (well-formedness) (assertion batch 49),group,False,well-formedness:StdJSONZeroCopyDeserializerValuesVal*
std/JSON/ZeroCopy/Deserializer.dfy,Std.JSON.ZeroCopy.Deserializer.Values.Value (well-formedness) (assertion batch 178),group,False,well-formedness:StdJSONZeroCopyDeserializerValuesVal*
std/JSON/ZeroCopy/Deserializer.dfy,Std.JSON.ZeroCopy.Deserializer.Values.Value (well-formedness) (assertion batch 103),group,False,well-formedness:StdJSONZeroCopyDeserializerValuesVal*
std/JSON/ZeroCopy/Deserializer.dfy,Std.JSON.ZeroCopy.Deserializer.Values.Value (well-formedness) (assertion batch 211),group,False,well-formedness:StdJSONZeroCopyDeserializerValuesVal*
std/JSON/ZeroCopy/Deserializer.dfy,Std.JSON.ZeroCopy.Deserializer.Core.WS (well-formedness) (assertion batch 9),group,False,well-formedness:StdJSONZeroCopyDeserializerCoreW*
std/JSON/ZeroCopy/Deserializer.dfy,Std.JSON.ZeroCopy.Deserializer.Values.Value (well-formedness) (assertion batch 99),group,False,well-formedness:StdJSONZeroCopyDeserializerValuesVal*
std/JSON/ZeroCopy/Deserializer.dfy,Std.JSON.ZeroCopy.Deserializer.Values.Value (well-formedness) (assertion batch 261),group,False,well-formedness:StdJSONZeroCopyDeserializerValuesVal*
std/JSON/ZeroCopy/Deserializer.dfy,Std.JSON.ZeroCopy.Deserializer.Sequences.AboutTryStructural (well-formedness) (assertion batch 8),group,False,well-formedness:StdJSONZeroCopyDeserializerSequences*
std/JSON/ZeroCopy/Deserializer.dfy,Std.JSON.ZeroCopy.Deserializer.Core.WS (well-formedness) (assertion batch 5),group,False,well-formedness:StdJSONZeroCopyDeserializerCoreW*
std/JSON/ZeroCopy/Deserializer.dfy,Std.JSON.ZeroCopy.Deserializer.Values.Value (well-formedness) (assertion batch 263),group,False,well-formedness:StdJSONZeroCopyDeserializerValuesVal*
std/JSON/ZeroCopy/Deserializer.dfy,Std.JSON.ZeroCopy.Deserializer.Values.Value (well-formedness) (assertion batch 141),group,False,well-formedness:StdJSONZeroCopyDeserializerValuesVal*
std/JSON/ZeroCopy/Deserializer.dfy,Std.JSON.ZeroCopy.Deserializer.Sequences.AboutTryStructural (well-formedness) (assertion batch 14),group,False,well-formedness:StdJSONZeroCopyDeserializerSequences*
std/JSON/ZeroCopy/Deserializer.dfy,Std.JSON.ZeroCopy.Deserializer.Sequences.AboutTryStructural (well-formedness) (assertion batch 5),group,False,well-formedness:StdJSONZeroCopyDeserializerSequences*
std/JSON/ZeroCopy/Deserializer.dfy,Std.JSON.ZeroCopy.Deserializer.Core.WS (well-formedness) (assertion batch 1),group,False,well-formedness:StdJSONZeroCopyDeserializerCoreW*
std/JSON/ZeroCopy/Deserializer.dfy,Std.JSON.ZeroCopy.Deserializer.Values.Value (well-formedness) (assertion batch 313),group,False,well-formedness:StdJSONZeroCopyDeserializerValuesVal*
std/JSON/ZeroCopy/Deserializer.dfy,Std.JSON.ZeroCopy.Deserializer.Values.Value (well-formedness) (assertion batch 181),group,False,well-formedness:StdJSONZeroCopyDeserializerValuesVal*
std/JSON/ZeroCopy/Deserializer.dfy,Std.JSON.ZeroCopy.Deserializer.Values.Value (well-formedness) (assertion batch 262),group,False,well-formedness:StdJSONZeroCopyDeserializerValuesVal*
std/JSON/ZeroCopy/Deserializer.dfy,Std.JSON.ZeroCopy.Deserializer.Values.Value (well-formedness) (assertion batch 189),group,False,well-formedness:StdJSONZeroCopyDeserializerValuesVal*
std/JSON/ZeroCopy/Deserializer.dfy,Std.JSON.ZeroCopy.Deserializer.Sequences.AboutTryStructural (well-formedness) (assertion batch 7),group,False,well-formedness:StdJSONZeroCopyDeserializerSequences*
std/JSON/ZeroCopy/Deserializer.dfy,Std.JSON.ZeroCopy.Deserializer.Sequences.AboutTryStructural (correctness) (assertion batch 28),group,False,correctness:StdJSONZeroCopyDeserializerSequencesAboutTryStr*
std/JSON/ZeroCopy/Deserializer.dfy,Std.JSON.ZeroCopy.Deserializer.Values.Value (well-formedness) (assertion batch 176),group,False,well-formedness:StdJSONZeroCopyDeserializerValuesVal*
std/JSON/ZeroCopy/Deserializer.dfy,Std.JSON.ZeroCopy.Deserializer.Values.Value (well-formedness) (assertion batch 264),group,False,well-formedness:StdJSONZeroCopyDeserializerValuesVal*
std/JSON/ZeroCopy/Deserializer.dfy,Std.JSON.ZeroCopy.Deserializer.Numbers.Exp (well-formedness) (assertion batch 10),group,False,well-formedness:StdJSONZeroCopyDeserializerNumbersEx*
std/JSON/ZeroCopy/Deserializer.dfy,Std.JSON.ZeroCopy.Deserializer.Values.Value (well-formedness) (assertion batch 273),group,False,well-formedness:StdJSONZeroCopyDeserializerValuesVal*
std/JSON/ZeroCopy/Deserializer.dfy,Std.JSON.ZeroCopy.Deserializer.Values.Value (well-formedness) (assertion batch 96),group,False,well-formedness:StdJSONZeroCopyDeserializerValuesVal*
std/JSON/ZeroCopy/Deserializer.dfy,Std.JSON.ZeroCopy.Deserializer.Values.Value (well-formedness) (assertion batch 101),group,False,well-formedness:StdJSONZeroCopyDeserializerValuesVal*
std/JSON/ZeroCopy/Deserializer.dfy,Std.JSON.ZeroCopy.Deserializer.Sequences.AboutTryStructural (well-formedness) (assertion batch 12),group,False,well-formedness:StdJSONZeroCopyDeserializerSequences*
std/JSON/ZeroCopy/Deserializer.dfy,Std.JSON.ZeroCopy.Deserializer.Sequences.AboutTryStructural (correctness) (assertion batch 35),group,False,correctness:StdJSONZeroCopyDeserializerSequencesAboutTryStr*
std/JSON/ZeroCopy/Deserializer.dfy,Std.JSON.ZeroCopy.Deserializer.Values.Value (well-formedness) (assertion batch 8),group,False,well-formedness:StdJSONZeroCopyDeserializerValuesVal*
std/JSON/ZeroCopy/Deserializer.dfy,Std.JSON.ZeroCopy.Deserializer.Sequences.AboutTryStructural (well-formedness) (assertion batch 13),group,False,well-formedness:StdJSONZeroCopyDeserializerSequences*
std/JSON/ZeroCopy/Deserializer.dfy,Std.JSON.ZeroCopy.Deserializer.Sequences.AboutTryStructural (well-formedness) (assertion batch 2),group,False,well-formedness:StdJSONZeroCopyDeserializerSequences*
std/JSON/ZeroCopy/Deserializer.dfy,Std.JSON.ZeroCopy.Deserializer.Sequences.AboutTryStructural (correctness) (assertion batch 33),group,False,correctness:StdJSONZeroCopyDeserializerSequencesAboutTryStr*
std/JSON/ZeroCopy/Deserializer.dfy,Std.JSON.ZeroCopy.Deserializer.Values.Value (well-formedness) (assertion batch 93),group,False,well-formedness:StdJSONZeroCopyDeserializerValuesVal*
std/JSON/ZeroCopy/Deserializer.dfy,Std.JSON.ZeroCopy.Deserializer.Values.Value (well-formedness) (assertion batch 173),group,False,well-formedness:StdJSONZeroCopyDeserializerValuesVal*
std/JSON/ZeroCopy/Deserializer.dfy,Std.JSON.ZeroCopy.Deserializer.Sequences.AboutTryStructural (well-formedness) (assertion batch 4),group,False,well-formedness:StdJSONZeroCopyDeserializerSequences*
std/JSON/ZeroCopy/Deserializer.dfy,Std.JSON.ZeroCopy.Deserializer.Values.Value (well-formedness) (assertion batch 98),group,False,well-formedness:StdJSONZeroCopyDeserializerValuesVal*
std/JSON/ZeroCopy/Deserializer.dfy,Std.JSON.ZeroCopy.Deserializer.Values.Value (well-formedness) (assertion batch 186),group,False,well-formedness:StdJSONZeroCopyDeserializerValuesVal*
std/JSON/ZeroCopy/Deserializer.dfy,Std.JSON.ZeroCopy.Deserializer.Values.Value (well-formedness) (assertion batch 257),group,False,well-formedness:StdJSONZeroCopyDeserializerValuesVal*
std/JSON/ZeroCopy/Deserializer.dfy,Std.JSON.ZeroCopy.Deserializer.Sequences.AboutTryStructural (correctness) (assertion batch 30),group,False,correctness:StdJSONZeroCopyDeserializerSequencesAboutTryStr*
std/JSON/ZeroCopy/Deserializer.dfy,Std.JSON.ZeroCopy.Deserializer.Values.Value (well-formedness) (assertion batch 91),group,False,well-formedness:StdJSONZeroCopyDeserializerValuesVal*
std/JSON/ZeroCopy/Deserializer.dfy,Std.JSON.ZeroCopy.Deserializer.Values.Value (well-formedness) (assertion batch 260),group,False,well-formedness:StdJSONZeroCopyDeserializerValuesVal*
std/JSON/ZeroCopy/Deserializer.dfy,Std.JSON.ZeroCopy.Deserializer.Values.Value (well-formedness) (assertion batch 90),group,False,well-formedness:StdJSONZeroCopyDeserializerValuesVal*
std/JSON/ZeroCopy/Deserializer.dfy,Std.JSON.ZeroCopy.Deserializer.Sequences.AboutTryStructural (correctness) (assertion batch 5),group,False,correctness:StdJSONZeroCopyDeserializerSequencesAboutTryStr*
std/JSON/ZeroCopy/Deserializer.dfy,Std.JSON.ZeroCopy.Deserializer.Values.Value (well-formedness) (assertion batch 248),group,False,well-formedness:StdJSONZeroCopyDeserializerValuesVal*
std/JSON/ZeroCopy/Deserializer.dfy,Std.JSON.ZeroCopy.Deserializer.Sequences.AboutTryStructural (well-formedness) (assertion batch 16),group,False,well-formedness:StdJSONZeroCopyDeserializerSequences*
std/JSON/ZeroCopy/Deserializer.dfy,Std.JSON.ZeroCopy.Deserializer.Values.Value (well-formedness) (assertion batch 268),group,False,well-formedness:StdJSONZeroCopyDeserializerValuesVal*
std/JSON/ZeroCopy/Deserializer.dfy,Std.JSON.ZeroCopy.Deserializer.Values.Value (well-formedness) (assertion batch 266),group,False,well-formedness:StdJSONZeroCopyDeserializerValuesVal*
std/JSON/ZeroCopy/Deserializer.dfy,Std.JSON.ZeroCopy.Deserializer.Sequences.AboutTryStructural (correctness) (assertion batch 7),group,False,correctness:StdJSONZeroCopyDeserializerSequencesAboutTryStr*
std/JSON/ZeroCopy/Deserializer.dfy,Std.JSON.ZeroCopy.Deserializer.Sequences.AboutTryStructural (correctness) (assertion batch 19),group,False,correctness:StdJSONZeroCopyDeserializerSequencesAboutTryStr*
std/JSON/ZeroCopy/Deserializer.dfy,Std.JSON.ZeroCopy.Deserializer.Values.Value (well-formedness) (assertion batch 10),group,False,well-formedness:StdJSONZeroCopyDeserializerValuesVal*
std/JSON/ZeroCopy/Deserializer.dfy,Std.JSON.ZeroCopy.Deserializer.Values.Value (well-formedness) (assertion batch 274),group,False,well-formedness:StdJSONZeroCopyDeserializerValuesVal*
std/JSON/ZeroCopy/Deserializer.dfy,Std.JSON.ZeroCopy.Deserializer.Values.Value (well-formedness) (assertion batch 258),group,False,well-formedness:StdJSONZeroCopyDeserializerValuesVal*
std/JSON/ZeroCopy/Deserializer.dfy,Std.JSON.ZeroCopy.Deserializer.Values.Value (well-formedness) (assertion batch 259),group,False,well-formedness:StdJSONZeroCopyDeserializerValuesVal*
std/JSON/ZeroCopy/Deserializer.dfy,Std.JSON.ZeroCopy.Deserializer.Values.Value (well-formedness) (assertion batch 182),group,False,well-formedness:StdJSONZeroCopyDeserializerValuesVal*
std/JSON/ZeroCopy/Deserializer.dfy,Std.JSON.ZeroCopy.Deserializer.Values.Value (well-formedness) (assertion batch 256),group,False,well-formedness:StdJSONZeroCopyDeserializerValuesVal*
std/JSON/ZeroCopy/Deserializer.dfy,Std.JSON.ZeroCopy.Deserializer.Sequences.AboutTryStructural (correctness) (assertion batch 34),group,False,correctness:StdJSONZeroCopyDeserializerSequencesAboutTryStr*
std/JSON/ZeroCopy/Deserializer.dfy,Std.JSON.ZeroCopy.Deserializer.Sequences.AboutTryStructural (well-formedness) (assertion batch 3),group,False,well-formedness:StdJSONZeroCopyDeserializerSequences*
std/JSON/ZeroCopy/Deserializer.dfy,Std.JSON.ZeroCopy.Deserializer.Sequences.AboutTryStructural (well-formedness) (assertion batch 18),group,False,well-formedness:StdJSONZeroCopyDeserializerSequences*
std/JSON/ZeroCopy/Deserializer.dfy,Std.JSON.ZeroCopy.Deserializer.Values.Value (well-formedness) (assertion batch 255),group,False,well-formedness:StdJSONZeroCopyDeserializerValuesVal*
std/JSON/ZeroCopy/Deserializer.dfy,Std.JSON.ZeroCopy.Deserializer.Sequences.AboutTryStructural (well-formedness) (assertion batch 1),group,False,well-formedness:StdJSONZeroCopyDeserializerSequences*
std/JSON/ZeroCopy/Deserializer.dfy,Std.JSON.ZeroCopy.Deserializer.Core.WS (correctness) (assertion batch 4),reordered,False,correctness:StdJSONZeroCopyDeserializerCoreWS:3
std/JSON/ZeroCopy/Deserializer.dfy,Std.JSON.ZeroCopy.Deserializer.Core.WS (correctness) (assertion batch 3),reordered,False,correctness:StdJSONZeroCopyDeserializerCoreWS:2
std/JSON/ZeroCopy/Deserializer.dfy,Std.JSON.ZeroCopy.Deserializer.Core.WS (correctness) (assertion batch 12),reordered,False,correctness:StdJSONZeroCopyDeserializerCoreWS:11
std/JSON/ZeroCopy/Deserializer.dfy,Std.JSON.ZeroCopy.Deserializer.Sequences.AboutTryStructural (well-formedness) (assertion batch 17),group,False,well-formedness:StdJSONZeroCopyDeserializerSequences*
std/JSON/ZeroCopy/Deserializer.dfy,Std.JSON.ZeroCopy.Deserializer.Core.WS (correctness) (assertion batch 5),reordered,False,correctness:StdJSONZeroCopyDeserializerCoreWS:4
std/JSON/ZeroCopy/Deserializer.dfy,Std.JSON.ZeroCopy.Deserializer.Core.Structural (well-formedness) (assertion batch 1),group,False,well-formedness:StdJSONZeroCopyDeserializerCoreStruc*
std/JSON/ZeroCopy/Deserializer.dfy,Std.JSON.ZeroCopy.Deserializer.Numbers.Exp (well-formedness) (assertion batch 8),group,False,well-formedness:StdJSONZeroCopyDeserializerNumbersEx*
std/JSON/ZeroCopy/Deserializer.dfy,Std.JSON.ZeroCopy.Deserializer.Core.WS (correctness) (assertion batch 8),reordered,False,correctness:StdJSONZeroCopyDeserializerCoreWS:7
std/JSON/ZeroCopy/Deserializer.dfy,Std.JSON.ZeroCopy.Deserializer.Values.Value (well-formedness) (assertion batch 20),group,False,well-formedness:StdJSONZeroCopyDeserializerValuesVal*
std/JSON/ZeroCopy/Deserializer.dfy,Std.JSON.ZeroCopy.Deserializer.Core.WS (correctness) (assertion batch 10),reordered,False,correctness:StdJSONZeroCopyDeserializerCoreWS:9
std/JSON/ZeroCopy/Deserializer.dfy,Std.JSON.ZeroCopy.Deserializer.Numbers.Exp (well-formedness) (assertion batch 3),group,False,well-formedness:StdJSONZeroCopyDeserializerNumbersEx*
std/JSON/ZeroCopy/Deserializer.dfy,Std.JSON.ZeroCopy.Deserializer.Sequences.BracketedSpec (well-formedness),group,False,well-formedness:StdJSONZeroCopyDeserializerSequences*
std/JSON/ZeroCopy/Deserializer.dfy,Std.JSON.ZeroCopy.Deserializer.Core.WS (correctness) (assertion batch 1),reordered,False,correctness:StdJSONZeroCopyDeserializerCoreWS:0
std/JSON/ZeroCopy/Deserializer.dfy,Std.JSON.ZeroCopy.Deserializer.Values.Value (well-formedness) (assertion batch 17),group,False,well-formedness:StdJSONZeroCopyDeserializerValuesVal*
std/JSON/ZeroCopy/Deserializer.dfy,Std.JSON.ZeroCopy.Deserializer.Sequences.AboutTryStructural (correctness) (assertion batch 1),group,False,correctness:StdJSONZeroCopyDeserializerSequencesAboutTryStr*
std/JSON/ZeroCopy/Deserializer.dfy,Std.JSON.ZeroCopy.Deserializer.Values.Value (well-formedness) (assertion batch 1),group,False,well-formedness:StdJSONZeroCopyDeserializerValuesVal*
std/JSON/ZeroCopy/Deserializer.dfy,Std.JSON.ZeroCopy.Deserializer.Sequences.Valid (well-formedness),group,False,well-formedness:StdJSONZeroCopyDeserializerSequences*
std/JSON/ZeroCopy/Deserializer.dfy,Std.JSON.ZeroCopy.Deserializer.Core.WS (correctness) (assertion batch 9),reordered,False,correctness:StdJSONZeroCopyDeserializerCoreWS:8
std/JSON/ZeroCopy/Deserializer.dfy,Std.JSON.ZeroCopy.Deserializer.Values.Value (well-formedness) (assertion batch 5),group,False,well-formedness:StdJSONZeroCopyDeserializerValuesVal*
std/JSON/ZeroCopy/Deserializer.dfy,Std.JSON.ZeroCopy.Deserializer.Numbers.Exp (well-formedness) (assertion batch 9),group,False,well-formedness:StdJSONZeroCopyDeserializerNumbersEx*
std/JSON/ZeroCopy/Deserializer.dfy,Std.JSON.ZeroCopy.Deserializer.Values.Value (well-formedness) (assertion batch 26),group,False,well-formedness:StdJSONZeroCopyDeserializerValuesVal*
std/JSON/ZeroCopy/Deserializer.dfy,Std.JSON.ZeroCopy.Deserializer.Sequences.SuffixedElementsSpec (well-formedness),group,False,well-formedness:StdJSONZeroCopyDeserializerSequences*
std/JSON/ZeroCopy/Deserializer.dfy,Std.JSON.ZeroCopy.Deserializer.Values.Value (well-formedness) (assertion batch 4),group,False,well-formedness:StdJSONZeroCopyDeserializerValuesVal*
std/JSON/ZeroCopy/Deserializer.dfy,Std.JSON.ZeroCopy.Deserializer.Sequences.Valid (correctness),unmapped,,
std/JSON/ZeroCopy/Deserializer.dfy,Std.JSON.ZeroCopy.Deserializer.Values.Value (well-formedness) (assertion batch 21),group,False,well-formedness:StdJSONZeroCopyDeserializerValuesVal*
std/JSON/ZeroCopy/Deserializer.dfy,Std.JSON.ZeroCopy.Deserializer.Core.WS (correctness) (assertion batch 6),reordered,False,correctness:StdJSONZeroCopyDeserializerCoreWS:5
std/JSON/ZeroCopy/Deserializer.dfy,Std.JSON.ZeroCopy.Deserializer.Core.WS (correctness) (assertion batch 11),reordered,False,correctness:StdJSONZeroCopyDeserializerCoreWS:10
std/JSON/ZeroCopy/Deserializer.dfy,Std.JSON.ZeroCopy.Deserializer.Values.Value (well-formedness) (assertion batch 3),group,False,well-formedness:StdJSONZeroCopyDeserializerValuesVal*
std/JSON/ZeroCopy/Deserializer.dfy,Std.JSON.ZeroCopy.Deserializer.Values.Value (well-formedness) (assertion batch 14),group,False,well-formedness:StdJSONZeroCopyDeserializerValuesVal*
std/JSON/ZeroCopy/Deserializer.dfy,Std.JSON.ZeroCopy.Deserializer.Core.WS (correctness) (assertion batch 2),reordered,False,correctness:StdJSONZeroCopyDeserializerCoreWS:1
std/JSON/ZeroCopy/Deserializer.dfy,Std.JSON.ZeroCopy.Deserializer.Values.Value (well-formedness) (assertion batch 25),group,False,well-formedness:StdJSONZeroCopyDeserializerValuesVal*
std/JSON/ZeroCopy/Deserializer.dfy,Std.JSON.ZeroCopy.Deserializer.Values.Value (well-formedness) (assertion batch 12),group,False,well-formedness:StdJSONZeroCopyDeserializerValuesVal*
std/JSON/ZeroCopy/Deserializer.dfy,Std.JSON.ZeroCopy.Deserializer.Values.Value (well-formedness) (assertion batch 6),group,False,well-formedness:StdJSONZeroCopyDeserializerValuesVal*
std/JSON/ZeroCopy/Deserializer.dfy,Std.JSON.ZeroCopy.Deserializer.Sequences.jclose (well-formedness),group,False,well-formedness:StdJSONZeroCopyDeserializerSequencesjclose*
std/JSON/ZeroCopy/Deserializer.dfy,Std.JSON.ZeroCopy.Deserializer.Sequences.jopen (well-formedness),group,False,well-formedness:StdJSONZeroCopyDeserializerSequencesjopen*
std/JSON/ZeroCopy/Deserializer.dfy,Std.JSON.ZeroCopy.Deserializer.Values.Value (well-formedness) (assertion batch 18),group,False,well-formedness:StdJSONZeroCopyDeserializerValuesVal*
std/JSON/ZeroCopy/Deserializer.dfy,Std.JSON.ZeroCopy.Deserializer.Values.Value (well-formedness) (assertion batch 16),group,False,well-formedness:StdJSONZeroCopyDeserializerValuesVal*
std/JSON/ZeroCopy/Deserializer.dfy,Std.JSON.ZeroCopy.Deserializer.Values.Value (well-formedness) (assertion batch 11),group,False,well-formedness:StdJSONZeroCopyDeserializerValuesVal*
std/JSON/ZeroCopy/Deserializer.dfy,Std.JSON.ZeroCopy.Deserializer.Values.Value (well-formedness) (assertion batch 22),group,False,well-formedness:StdJSONZeroCopyDeserializerValuesVal*
std/JSON/ZeroCopy/Deserializer.dfy,Std.JSON.ZeroCopy.Deserializer.Core.WS (well-formedness) (assertion batch 3),group,False,well-formedness:StdJSONZeroCopyDeserializerCoreW*
std/JSON/ZeroCopy/Deserializer.dfy,Std.JSON.ZeroCopy.Deserializer.Values.Value (well-formedness) (assertion batch 24),group,False,well-formedness:StdJSONZeroCopyDeserializerValuesVal*
std/JSON/ZeroCopy/Deserializer.dfy,Std.JSON.ZeroCopy.Deserializer.Core.jopt (well-formedness),unmapped,,
std/JSON/ZeroCopy/Deserializer.dfy,Std.JSON.ZeroCopy.Deserializer.Numbers.Exp (well-formedness) (assertion batch 2),group,False,well-formedness:StdJSONZeroCopyDeserializerNumbersEx*
std/JSON/ZeroCopy/Deserializer.dfy,Std.JSON.ZeroCopy.Deserializer.Values.Value (well-formedness) (assertion batch 13),group,False,well-formedness:StdJSONZeroCopyDeserializerValuesVal*
std/JSON/ZeroCopy/Deserializer.dfy,Std.JSON.ZeroCopy.Deserializer.Numbers.Exp (well-formedness) (assertion batch 7),group,False,well-formedness:StdJSONZeroCopyDeserializerNumbersEx*
std/JSON/ZeroCopy/Deserializer.dfy,Std.JSON.ZeroCopy.Deserializer.Values.Value (well-formedness) (assertion batch 7),group,False,well-formedness:StdJSONZeroCopyDeserializerValuesVal*
std/JSON/ZeroCopy/Deserializer.dfy,Std.JSON.ZeroCopy.Deserializer.Numbers.Exp (well-formedness) (assertion batch 5),group,False,well-formedness:StdJSONZeroCopyDeserializerNumbersEx*
std/JSON/ZeroCopy/Deserializer.dfy,Std.JSON.ZeroCopy.Deserializer.Values.Value (well-formedness) (assertion batch 19),group,False,well-formedness:StdJSONZeroCopyDeserializerValuesVal*
std/JSON/ZeroCopy/Deserializer.dfy,Std.JSON.ZeroCopy.Deserializer.Numbers.Exp (well-formedness) (assertion batch 6),group,False,well-formedness:StdJSONZeroCopyDeserializerNumbersEx*
std/JSON/ZeroCopy/Deserializer.dfy,Std.JSON.ZeroCopy.Deserializer.Core.WS (well-formedness) (assertion batch 2),group,False,well-formedness:StdJSONZeroCopyDeserializerCoreW*
std/JSON/ZeroCopy/Deserializer.dfy,Std.JSON.ZeroCopy.Deserializer.Values.Value (well-formedness) (assertion batch 23),group,False,well-formedness:StdJSONZeroCopyDeserializerValuesVal*
std/JSON/ZeroCopy/Deserializer.dfy,Std.JSON.ZeroCopy.Deserializer.Numbers.Exp (well-formedness) (assertion batch 4),group,False,well-formedness:StdJSONZeroCopyDeserializerNumbersEx*
std/JSON/ZeroCopy/Deserializer.dfy,Std.JSON.ZeroCopy.Deserializer.ArrayParams.CLOSE (well-formedness),unmapped,,
std/JSON/ZeroCopy/Deserializer.dfy,Std.JSON.ZeroCopy.Deserializer.ArrayParams.OPEN (well-formedness),unmapped,,
std/JSON/ZeroCopy/Deserializer.dfy,Std.JSON.ZeroCopy.Deserializer.ObjectParams.OPEN (well-formedness),unmapped,,
std/JSON/ZeroCopy/Deserializer.dfy,Std.JSON.ZeroCopy.Deserializer.ObjectParams.CLOSE (well-formedness),unmapped,,
std/JSON/ZeroCopy/Deserializer.dfy,Std.JSON.ZeroCopy.Deserializer.Sequences.AboutLists (correctness),group,False,correctness:StdJSONZeroCopyDeserializerSequencesAboutLists*
std/JSON/ZeroCopy/Deserializer.dfy,Std.JSON.ZeroCopy.Deserializer.Sequences.AboutLists (well-formedness) (assertion batch 1),group,False,well-formedness:StdJSONZeroCopyDeserializerSequences*
std/JSON/ZeroCopy/Deserializer.dfy,Std.JSON.ZeroCopy.Deserializer.Sequences.AboutLists (well-formedness) (assertion batch 2),group,False,well-formedness:StdJSONZeroCopyDeserializerSequences*
std/JSON/ZeroCopy/Deserializer.dfy,Std.JSON.ZeroCopy.Deserializer.Sequences.AboutLists (well-formedness) (assertion batch 3),group,False,well-formedness:StdJSONZeroCopyDeserializerSequences*
std/JSON/ZeroCopy/Deserializer.dfy,Std.JSON.ZeroCopy.Deserializer.Sequences.SEPARATOR (well-formedness),group,False,well-formedness:StdJSONZeroCopyDeserializerSequences*
std/Parsers/Core/ParsersBuilders.dfy,Std.Parsers.Builders.RecNoStack_ (well-formedness),unmapped,,
std/Parsers/Core/ParsersBuilders.dfy,Std.Parsers.Builders.RecNoStack (well-formedness),unmapped,,
std/Parsers/Core/ParsersBuilders.dfy,Std.Parsers.Builders.O (well-formedness),unmapped,,
std/Parsers/Core/ParsersBuilders.dfy,Std.Parsers.Builders.RecursiveProgressError (well-formedness),unmapped,,
std/Parsers/Core/ParsersBuilders.dfy,Std.Parsers.Builders.RecMap (well-formedness),unmapped,,
