job,vc,class,marker,key
dafnybench/Clover_convert_map_key.dfy,convert_map_key (correctness),content,True,correctness:convertmapkey:0
dafnybench/Clover_convert_map_key.dfy,convert_map_key (well-formedness),unchanged,False,well-formedness:convertmapkey:0
dafnybench/Clover_update_map.dfy,update_map (well-formedness),unchanged,False,well-formedness:updatemap:0
dafnybench/Clover_update_map.dfy,update_map (correctness),content,True,correctness:updatemap:0
dafnybench/DafnyProjects_tmp_tmp2acw_s4s_RawSort.dfy,rawsort (correctness),content,True,correctness:rawsort:0
dafnybench/DafnyProjects_tmp_tmp2acw_s4s_RawSort.dfy,sorted (well-formedness),unchanged,False,well-formedness:sorted:0
dafnybench/DafnyProjects_tmp_tmp2acw_s4s_RawSort.dfy,inversions (well-formedness),unmapped,,
dafnybench/DafnyProjects_tmp_tmp2acw_s4s_RawSort.dfy,testRawsort (correctness),unchanged,False,correctness:testRawsort:0
dafnybench/DafnyProjects_tmp_tmp2acw_s4s_RawSort.dfy,mappingProp (correctness),unchanged,False,correctness:mappingProp:0
dafnybench/DafnyProjects_tmp_tmp2acw_s4s_RawSort.dfy,mappingProp (well-formedness),unmapped,,
dafnybench/DafnyProjects_tmp_tmp2acw_s4s_RawSort.dfy,rawsort (well-formedness),unchanged,False,well-formedness:rawsort:0
dafnybench/dafny-programs_tmp_tmpcwodh6qh_src_ticketsystem.dfy,TicketSystem.Valid (well-formedness),group,False,well-formedness:TicketSystemVal*
dafnybench/dafny-programs_tmp_tmpcwodh6qh_src_ticketsystem.dfy,TicketSystem._ctor (correctness),content,True,correctness:TicketSystemctor:0
dafnybench/dafny-programs_tmp_tmpcwodh6qh_src_ticketsystem.dfy,TicketSystem.Leave (correctness),unchanged,False,correctness:TicketSystemLeave:0
dafnybench/dafny-programs_tmp_tmpcwodh6qh_src_ticketsystem.dfy,TicketSystem.Request (correctness),unmapped,,
dafnybench/dafny-programs_tmp_tmpcwodh6qh_src_ticketsystem.dfy,TicketSystem.Enter (correctness),unchanged,False,correctness:TicketSystemEnter:0
dafnybench/dafny-programs_tmp_tmpcwodh6qh_src_ticketsystem.dfy,TicketSystem.MutualExclusion (well-formedness),group,False,well-formedness:TicketSystemMutualE*
dafnybench/dafny-programs_tmp_tmpcwodh6qh_src_ticketsystem.dfy,TicketSystem.Enter (well-formedness),group,False,well-formedness:TicketSystemEnt*
dafnybench/dafny-programs_tmp_tmpcwodh6qh_src_ticketsystem.dfy,TicketSystem.Leave (well-formedness),group,False,well-formedness:TicketSystemLea*
dafnybench/dafny-programs_tmp_tmpcwodh6qh_src_ticketsystem.dfy,TicketSystem.Request (well-formedness),group,False,well-formedness:TicketSystemRequest*
dafnybench/dafny_experiments_tmp_tmpz29_3_3i_circuit.dfy,CombineCircuits.CombineCircuitsCorrect (correctness),group,True,correctness:CombineCircuitsCombineCircuitsCorr*
dafnybench/dafny_experiments_tmp_tmpz29_3_3i_circuit.dfy,BackwardConnections.CombineBackconnsHelper (correctness),group,True,correctness:BackwardConnectionsCombineBackconn*
dafnybench/dafny_experiments_tmp_tmpz29_3_3i_circuit.dfy,CombineCircuits.CombineCircuitsCorrect (well-formedness),group,True,well-formedness:CombineCircuitsCombineC*
dafnybench/dafny_experiments_tmp_tmpz29_3_3i_circuit.dfy,CombineCircuits.CanBackAssign (well-formedness),group,False,well-formedness:CombineCircuitsCanBackA*
dafnybench/dafny_experiments_tmp_tmpz29_3_3i_circuit.dfy,CombineCircuits.CombineCircuitsCorrectC1 (well-formedness),group,True,well-formedness:CombineCircuitsCombineC*
dafnybench/dafny_experiments_tmp_tmpz29_3_3i_circuit.dfy,CombineCircuits.IsEquivalentCircuit (well-formedness),group,False,well-formedness:CombineCircuitsIsEquiva*
dafnybench/dafny_experiments_tmp_tmpz29_3_3i_circuit.dfy,Base.n_oports (well-formedness),unmapped,,
dafnybench/dafny_experiments_tmp_tmpz29_3_3i_circuit.dfy,Base.n_iports (well-formedness),unmapped,,
dafnybench/dafny_experiments_tmp_tmpz29_3_3i_circuit.dfy,CombineCircuits.CombineCircuitsCorrectC1 (correctness),group,True,correctness:CombineCircuitsCombineCircuitsCorr*
dafnybench/dafny_experiments_tmp_tmpz29_3_3i_circuit.dfy,CombineCircuits.CombineCircuitsCorrectHelper (well-formedness),group,True,well-formedness:CombineCircuitsCombineC*
dafnybench/dafny_experiments_tmp_tmpz29_3_3i_circuit.dfy,BackwardConnections.CombineBackconnsHelper (well-formedness),group,True,well-formedness:BackwardConnectionsComb*
dafnybench/dafny_experiments_tmp_tmpz29_3_3i_circuit.dfy,CombineCircuits.CombineCircuits (well-formedness),group,True,well-formedness:CombineCircuitsCombineC*
dafnybench/dafny_experiments_tmp_tmpz29_3_3i_circuit.dfy,CombineCircuits.CombineCircuitsCorrectHelper (correctness),group,True,correctness:CombineCircuitsCombineCircuitsCorr*
dafnybench/dafny_experiments_tmp_tmpz29_3_3i_circuit.dfy,BackwardConnections.CombineBackconns (well-formedness),group,True,well-formedness:BackwardConnectionsComb*
dafnybench/dafny_experiments_tmp_tmpz29_3_3i_circuit.dfy,BackwardConnections.CombineBackconnsHelper2 (well-formedness),group,True,well-formedness:BackwardConnectionsComb*
dafnybench/dafny_experiments_tmp_tmpz29_3_3i_circuit.dfy,Utils.UpdateMap (well-formedness),unmapped,,
dafnybench/dafny_experiments_tmp_tmpz29_3_3i_circuit.dfy,Base.WellformedBackConns (well-formedness),group,False,well-formedness:BaseWellformedBackConns*
dafnybench/dafny_experiments_tmp_tmpz29_3_3i_circuit.dfy,Utils.CombineMaps (well-formedness),unmapped,,
dafnybench/dafny_experiments_tmp_tmpz29_3_3i_circuit.dfy,Base.AllONPs (well-formedness),unchanged,False,well-formedness:BaseAllONPs:0
dafnybench/dafny_experiments_tmp_tmpz29_3_3i_circuit.dfy,Base.AllINPs (well-formedness),unchanged,False,well-formedness:BaseAllINPs:0
dafnybench/dafny_experiments_tmp_tmpz29_3_3i_circuit.dfy,BackwardConnections.CombineBackconnsHelper2 (correctness),group,True,correctness:BackwardConnectionsCombineBackconn*
dafnybench/dafny_experiments_tmp_tmpz29_3_3i_circuit.dfy,Base.WellformedINP (well-formedness),unmapped,,
dafnybench/dafny_experiments_tmp_tmpz29_3_3i_circuit.dfy,Base.WellformedONP (well-formedness),unmapped,,
dafnybench/dafny_experiments_tmp_tmpz29_3_3i_circuit.dfy,Utils.sub (well-formedness),unchanged,False,well-formedness:Utilssub:0
dafnybench/fv2020-tms_tmp_tmpnp85b47l_modeling_concurrency_safety.dfy,Run (correctness),unmapped,,
dafnybench/fv2020-tms_tmp_tmpnp85b47l_modeling_concurrency_safety.dfy,RunFromSchedule (correctness),group,False,correctness:RunFromSchedul*
dafnybench/fv2020-tms_tmp_tmpnp85b47l_modeling_concurrency_safety.dfy,TicketSystem.Enter (correctness),unmapped,,
dafnybench/fv2020-tms_tmp_tmpnp85b47l_modeling_concurrency_safety.dfy,TicketSystem.Request (correctness),group,False,correctness:TicketSystemRequest*
dafnybench/fv2020-tms_tmp_tmpnp85b47l_modeling_concurrency_safety.dfy,TicketSystem.Valid (well-formedness),group,False,well-formedness:TicketSystem*
dafnybench/fv2020-tms_tmp_tmpnp85b47l_modeling_concurrency_safety.dfy,TicketSystem.Leave (correctness),unmapped,,
dafnybench/fv2020-tms_tmp_tmpnp85b47l_modeling_concurrency_safety.dfy,TicketSystem._ctor (correctness),group,True,correctness:TicketSystemctor*
dafnybench/fv2020-tms_tmp_tmpnp85b47l_modeling_concurrency_safety.dfy,RunFromSchedule (well-formedness),group,False,well-formedness:Run*
dafnybench/fv2020-tms_tmp_tmpnp85b47l_modeling_concurrency_safety.dfy,TicketSystem.Request (well-formedness),group,False,well-formedness:TicketSystem*
dafnybench/fv2020-tms_tmp_tmpnp85b47l_modeling_concurrency_safety.dfy,TicketSystem.Leave (well-formedness),group,False,well-formedness:TicketSystem*
dafnybench/fv2020-tms_tmp_tmpnp85b47l_modeling_concurrency_safety.dfy,TicketSystem.MutualExclusion (correctness),group,False,correctness:TicketSystemMutualExclu*
dafnybench/fv2020-tms_tmp_tmpnp85b47l_modeling_concurrency_safety.dfy,TicketSystem.MutualExclusion (well-formedness),group,False,well-formedness:TicketSystem*
dafnybench/fv2020-tms_tmp_tmpnp85b47l_modeling_concurrency_safety.dfy,TicketSystem.Enter (well-formedness),group,False,well-formedness:TicketSystem*
dafnybench/iron-sync_tmp_tmps49o3tyz_lib_Base_MapRemove.dfy,MapRemove_s.MapRemove1 (well-formedness),group,True,well-formedness:MapRemovesMapRemov*
dafnybench/verification-class_tmp_tmpz9ik148s_2022_chapter05-distributed-state-machines_exercises_UtilitiesLibrary.dfy,UtilitiesLibrary.Last (well-formedness),unmapped,,
dafnybench/verification-class_tmp_tmpz9ik148s_2022_chapter05-distributed-state-machines_exercises_UtilitiesLibrary.dfy,UtilitiesLibrary.DropLast (well-formedness),unmapped,,
dafnybench/verification-class_tmp_tmpz9ik148s_2022_chapter05-distributed-state-machines_exercises_UtilitiesLibrary.dfy,UtilitiesLibrary.MapRemoveOne (well-formedness),unmapped,,
dafnybench/verification-class_tmp_tmpz9ik148s_2022_chapter05-distributed-state-machines_exercises_UtilitiesLibrary.dfy,UtilitiesLibrary.GetIndexForMember (correctness),unmapped,,
dafnybench/verification-class_tmp_tmpz9ik148s_2022_chapter05-distributed-state-machines_exercises_UtilitiesLibrary.dfy,UtilitiesLibrary.SetsAreSubsetsOfUnion (correctness),unmapped,,
dafnybench/verification-class_tmp_tmpz9ik148s_2022_chapter05-distributed-state-machines_exercises_UtilitiesLibrary.dfy,UtilitiesLibrary.UnionSeqOfSets (well-formedness),unmapped,,
dafnybench/verification-class_tmp_tmpz9ik148s_2022_chapter05-distributed-state-machines_exercises_UtilitiesLibrary.dfy,UtilitiesLibrary.EachUnionMemberBelongsToASet (correctness),unmapped,,
dafnybench/verification-class_tmp_tmpz9ik148s_2022_chapter05-distributed-state-machines_exercises_UtilitiesLibrary.dfy,UtilitiesLibrary.SetsAreSubsetsOfUnion (well-formedness),unmapped,,
dafnybench/verification-class_tmp_tmpz9ik148s_2022_chapter05-distributed-state-machines_exercises_UtilitiesLibrary.dfy,UtilitiesLibrary.GetIndexForMember (well-formedness),unmapped,,
dafnybench/verification-class_tmp_tmpz9ik148s_2022_chapter05-distributed-state-machines_exercises_UtilitiesLibrary.dfy,UtilitiesLibrary.Rotation (correctness),unmapped,,
dafnybench/verification-class_tmp_tmpz9ik148s_2022_chapter05-distributed-state-machines_exercises_UtilitiesLibrary.dfy,UtilitiesLibrary.EachUnionMemberBelongsToASet (well-formedness),unmapped,,
kondo/clientServer/manual,MessageInvariants.MessageInvInductive (correctness),unchanged,False,correctness:MessageInvariantsMessageInvInductive:0
kondo/clientServer/manual,ClientServerProof.InvInductive (correctness),unchanged,False,correctness:ClientServerProofInvInductive:0
kondo/clientServer/manual,UtilitiesLibrary.max (well-formedness),unchanged,False,well-formedness:UtilitiesLibrarymax:0
kondo/clientServer/manual,UtilitiesLibrary.DropLast (well-formedness),unchanged,False,well-formedness:UtilitiesLibraryDropLast:0
kondo/clientServer/manual,ClientServerProof.InvImpliesSafety (well-formedness),unchanged,False,well-formedness:ClientServerProofInvImpliesSafety:0
kondo/clientServer/manual,MessageInvariants.InitImpliesMessageInv (correctness),unchanged,False,correctness:MessageInvariantsInitImpliesMessageInv:0
kondo/clientServer/manual,ClientServerProof.InvImpliesSafety (correctness),unchanged,False,correctness:ClientServerProofInvImpliesSafety:0
kondo/clientServer/manual,DistributedSystem.NextStep (well-formedness),unchanged,False,well-formedness:DistributedSystemNextStep:0
kondo/clientServer/manual,MessageInvariants.MessageInv (well-formedness),unchanged,False,well-formedness:MessageInvariantsMessageInv:0
kondo/clientServer/manual,ClientServerProof.InitImpliesInv (correctness),unchanged,False,correctness:ClientServerProofInitImpliesInv:0
kondo/clientServer/manual,ClientServerProof.Inv (well-formedness),unchanged,False,well-formedness:ClientServerProofInv:0
kondo/clientServer/manual,DistributedSystem.ClientAction (well-formedness),unchanged,False,well-formedness:DistributedSystemClientAction:0
kondo/clientServer/manual,ClientServerProof.ProtocolInv (well-formedness),unchanged,False,well-formedness:ClientServerProofProtocolInv:0
kondo/clientServer/manual,MessageInvariants.RequestMsgsValid (well-formedness),unchanged,False,well-formedness:MessageInvariantsRequestMsgsValid:0
kondo/clientServer/manual,MessageInvariants.ClientResponsesValid (well-formedness),unchanged,False,well-formedness:MessageInvariantsClientResponsesValid:0
kondo/clientServer/manual,DistributedSystem.ServerAction (well-formedness),unchanged,False,well-formedness:DistributedSystemServerAction:0
kondo/clientServer/manual,ServerHost.NextReceiveStep (well-formedness),unchanged,False,well-formedness:ServerHostNextReceiveStep:0
kondo/clientServer/manual,Network.Next (well-formedness),unchanged,False,well-formedness:NetworkNext:0
kondo/clientServer/manual,ServerHost.GroupInit (well-formedness),unchanged,False,well-formedness:ServerHostGroupInit:0
kondo/clientServer/manual,MessageInvariants.ServerCurrentRequestValid (well-formedness),unmapped,,
kondo/clientServer/manual,ClientHost.GroupInit (well-formedness),unchanged,False,well-formedness:ClientHostGroupInit:0
kondo/clientServer/manual,ClientHost.NextReceiveStep (well-formedness),unchanged,False,well-formedness:ClientHostNextReceiveStep:0
kondo/clientServer/manual,DistributedSystem.Variables.GetServer (well-formedness),unchanged,False,well-formedness:DistributedSystemVariablesGetServer:0
kondo/clientServer/manual,UtilitiesLibrary.MapRemoveOne (well-formedness),content,True,well-formedness:UtilitiesLibraryMapRemoveOne:0
kondo/clientServer/manual,ClientHost.NextRequestStep (well-formedness),unchanged,False,well-formedness:ClientHostNextRequestStep:0
kondo/clientServer/manual,UtilitiesLibrary.GetIndexForMember (correctness),unchanged,False,correctness:UtilitiesLibraryGetIndexForMember:0
kondo/clientServer/manual,UtilitiesLibrary.SetComprehensionSize (correctness),unchanged,False,correctness:UtilitiesLibrarySetComprehensionSize:0
kondo/clientServer/manual,ServerHost.NextProcessStep (well-formedness),unchanged,False,well-formedness:ServerHostNextProcessStep:0
kondo/clientServer/manual,MonotonicityLibrary.MonotonicMap.SatisfiesMonotonic (well-formedness),unchanged,False,well-formedness:MonotonicityLibraryMonotonicMapSatisfiesMonotonic:0
kondo/clientServer/manual,UtilitiesLibrary.SetsAreSubsetsOfUnion (correctness),unchanged,False,correctness:UtilitiesLibrarySetsAreSubsetsOfUnion:0
kondo/clientServer/manual,UtilitiesLibrary.EachUnionMemberBelongsToASet (correctness),unchanged,False,correctness:UtilitiesLibraryEachUnionMemberBelongsToASet:0
kondo/clientServer/manual,ClientHost.GroupWF (well-formedness),unchanged,False,well-formedness:ClientHostGroupWF:0
kondo/clientServer/manual,DistributedSystem.Constants.GetServer (well-formedness),unchanged,False,well-formedness:DistributedSystemConstantsGetServer:0
kondo/clientServer/manual,UtilitiesLibrary.UnionSeqOfSets (well-formedness),unchanged,False,well-formedness:UtilitiesLibraryUnionSeqOfSets:0
kondo/clientServer/manual,UtilitiesLibrary.SetsAreSubsetsOfUnion (well-formedness),unchanged,False,well-formedness:UtilitiesLibrarySetsAreSubsetsOfUnion:0
kondo/clientServer/manual,UtilitiesLibrary.EachUnionMemberBelongsToASet (well-formedness),unmapped,,
kondo/clientServer/manual,UtilitiesLibrary.GetIndexForMember (well-formedness),unchanged,False,well-formedness:UtilitiesLibraryGetIndexForMember:0
kondo/clientServer/manual,UtilitiesLibrary.UnionIncreasesCardinality (correctness),unchanged,False,correctness:UtilitiesLibraryUnionIncreasesCardinality:0
kondo/clientServer/manual,UtilitiesLibrary.SetIsQuorum (well-formedness),unchanged,False,well-formedness:UtilitiesLibrarySetIsQuorum:0
kondo/clientServer/manual,ServerHost.SendResponseMsg (well-formedness),unchanged,False,well-formedness:ServerHostSendResponseMsg:0
kondo/clientServer/manual,UtilitiesLibrary.StrictOrdering (well-formedness),unchanged,False,well-formedness:UtilitiesLibraryStrictOrdering:0
kondo/clientServer/manual,UtilitiesLibrary.SetContainmentCardinality (correctness),unchanged,False,correctness:UtilitiesLibrarySetContainmentCardinality:0
kondo/clientServer/manual,UtilitiesLibrary.SeqOptionMonotoneIncreasing (well-formedness),unmapped,,
kondo/clientServer/manual,MonotonicityLibrary.MonotonicSeq.SatisfiesMonotonic (well-formedness),unchanged,False,well-formedness:MonotonicityLibraryMonotonicSeqSatisfiesMonotonic:0
kondo/clientServer/manual,ServerHost.GroupWF (well-formedness),unchanged,False,well-formedness:ServerHostGroupWF:0
kondo/clientServer/manual,UtilitiesLibrary.QuorumIntersection (correctness),unchanged,False,correctness:UtilitiesLibraryQuorumIntersection:0
kondo/clientServer/manual,Types.Message.Src (well-formedness),unchanged,False,well-formedness:TypesMessageSrc:0
kondo/clientServer/manual,UtilitiesLibrary.LargerSetIncreasesCardinalityMore (correctness),unchanged,False,correctness:UtilitiesLibraryLargerSetIncreasesCardinalityMore:0
kondo/clientServer/manual,UtilitiesLibrary.SeqIsComplete (well-formedness),unchanged,False,well-formedness:UtilitiesLibrarySeqIsComplete:0
kondo/clientServer/manual,UtilitiesLibrary.Last (well-formedness),unchanged,False,well-formedness:UtilitiesLibraryLast:0
kondo/clientServer/manual,UtilitiesLibrary.Successor (well-formedness),unchanged,False,well-formedness:UtilitiesLibrarySuccessor:0
kondo/clientServer/manual,ClientHost.GroupWFConstants (well-formedness),unchanged,False,well-formedness:ClientHostGroupWFConstants:0
kondo/clientServer/manual,UtilitiesLibrary.StutterSeq (well-formedness),unchanged,False,well-formedness:UtilitiesLibraryStutterSeq:0
kondo/clientServer/manual,UtilitiesLibrary.DisjointSetUnionCardinality (correctness),unchanged,False,correctness:UtilitiesLibraryDisjointSetUnionCardinality:0
kondo/clientServer/manual,MonotonicityLibrary.MonotonicNatOption.SatisfiesMonotonic (well-formedness),unmapped,,
kondo/clientServer/manual,UtilitiesLibrary.SetMonotoneIncreasing (well-formedness),unchanged,False,well-formedness:UtilitiesLibrarySetMonotoneIncreasing:0
kondo/clientServer/manual,UtilitiesLibrary.SeqMonotoneIncreasing (well-formedness),unchanged,False,well-formedness:UtilitiesLibrarySeqMonotoneIncreasing:0
kondo/clientServer/manual,UtilitiesLibrary.IsSeqExtension (well-formedness),unchanged,False,well-formedness:UtilitiesLibraryIsSeqExtension:0
kondo/clientServer/manual,UtilitiesLibrary.SetContainmentCardinalityStrict (correctness),unchanged,False,correctness:UtilitiesLibrarySetContainmentCardinalityStrict:0
kondo/clientServer/manual,UtilitiesLibrary.Predecessor (well-formedness),unchanged,False,well-formedness:UtilitiesLibraryPredecessor:0
kondo/clientServer/sync,ClientServerProof.InvInductive (correctness),unchanged,False,correctness:ClientServerProofInvInductive:0
kondo/clientServer/sync,System.NextServerProcessStep (well-formedness),unchanged,False,well-formedness:SystemNextServerProcessStep:0
kondo/clientServer/sync,System.NextClientRequestStep (well-formedness),unchanged,False,well-formedness:SystemNextClientRequestStep:0
kondo/clientServer/sync,System.Next (well-formedness),unchanged,False,well-formedness:SystemNext:0
kondo/clientServer/sync,System.NextStep (well-formedness),unchanged,False,well-formedness:SystemNextStep:0
kondo/clientServer/sync,UtilitiesLibrary.DropLast (well-formedness),unchanged,False,well-formedness:UtilitiesLibraryDropLast:0
kondo/clientServer/sync,UtilitiesLibrary.max (well-formedness),unchanged,False,well-formedness:UtilitiesLibrarymax:0
kondo/clientServer/sync,ClientServerProof.Inv (well-formedness),unchanged,False,well-formedness:ClientServerProofInv:0
kondo/clientServer/sync,ClientServerProof.InitImpliesInv (correctness),unchanged,False,correctness:ClientServerProofInitImpliesInv:0
kondo/clientServer/sync,ClientServerProof.InvImpliesSafety (well-formedness),unchanged,False,well-formedness:ClientServerProofInvImpliesSafety:0
kondo/clientServer/sync,ClientServerProof.InvImpliesSafety (correctness),unchanged,False,correctness:ClientServerProofInvImpliesSafety:0
kondo/clientServer/sync,Obligations.Safety (well-formedness),unchanged,False,well-formedness:ObligationsSafety:0
kondo/clientServer/sync,ClientServerProof.ServerRequestsValid (well-formedness),unchanged,False,well-formedness:ClientServerProofServerRequestsValid:0
kondo/clientServer/sync,ClientServerProof.ProtocolInv (well-formedness),unchanged,False,well-formedness:ClientServerProofProtocolInv:0
kondo/clientServer/sync,System.Variables.GetServer (well-formedness),unchanged,False,well-formedness:SystemVariablesGetServer:0
kondo/clientServer/sync,ServerHost.NextProcessStep (well-formedness),unchanged,False,well-formedness:ServerHostNextProcessStep:0
kondo/clientServer/sync,UtilitiesLibrary.SetsAreSubsetsOfUnion (well-formedness),unchanged,False,well-formedness:UtilitiesLibrarySetsAreSubsetsOfUnion:0
kondo/clientServer/sync,ClientHost.NextRequestStep (well-formedness),unchanged,False,well-formedness:ClientHostNextRequestStep:0
kondo/clientServer/sync,UtilitiesLibrary.MapRemoveOne (well-formedness),content,True,well-formedness:UtilitiesLibraryMapRemoveOne:0
kondo/clientServer/sync,Types.Message.Src (well-formedness),unchanged,False,well-formedness:TypesMessageSrc:0
kondo/clientServer/sync,ClientHost.NextReceiveStep (well-formedness),unchanged,False,well-formedness:ClientHostNextReceiveStep:0
kondo/clientServer/sync,UtilitiesLibrary.Successor (well-formedness),unchanged,False,well-formedness:UtilitiesLibrarySuccessor:0
kondo/clientServer/sync,UtilitiesLibrary.EachUnionMemberBelongsToASet (correctness),unchanged,False,correctness:UtilitiesLibraryEachUnionMemberBelongsToASet:0
kondo/clientServer/sync,UtilitiesLibrary.SetComprehensionSize (correctness),unchanged,False,correctness:UtilitiesLibrarySetComprehensionSize:0
kondo/clientServer/sync,UtilitiesLibrary.Predecessor (well-formedness),unchanged,False,well-formedness:UtilitiesLibraryPredecessor:0
kondo/clientServer/sync,UtilitiesLibrary.GetIndexForMember (well-formedness),unchanged,False,well-formedness:UtilitiesLibraryGetIndexForMember:0
kondo/clientServer/sync,ClientHost.GroupInit (well-formedness),unchanged,False,well-formedness:ClientHostGroupInit:0
kondo/clientServer/sync,ServerHost.NextReceiveStep (well-formedness),unchanged,False,well-formedness:ServerHostNextReceiveStep:0
kondo/clientServer/sync,UtilitiesLibrary.SetsAreSubsetsOfUnion (correctness),unchanged,False,correctness:UtilitiesLibrarySetsAreSubsetsOfUnion:0
kondo/clientServer/sync,ServerHost.GroupInit (well-formedness),unchanged,False,well-formedness:ServerHostGroupInit:0
kondo/clientServer/sync,System.Constants.GetServer (well-formedness),unchanged,False,well-formedness:SystemConstantsGetServer:0
kondo/clientServer/sync,UtilitiesLibrary.QuorumIntersection (correctness),unchanged,False,correctness:UtilitiesLibraryQuorumIntersection:0
kondo/clientServer/sync,UtilitiesLibrary.GetIndexForMember (correctness),unchanged,False,correctness:UtilitiesLibraryGetIndexForMember:0
kondo/clientServer/sync,UtilitiesLibrary.DisjointSetUnionCardinality (correctness),unchanged,False,correctness:UtilitiesLibraryDisjointSetUnionCardinality:0
kondo/clientServer/sync,ClientHost.GroupWFConstants (well-formedness),unchanged,False,well-formedness:ClientHostGroupWFConstants:0
kondo/clientServer/sync,ClientHost.GroupWF (well-formedness),unchanged,False,well-formedness:ClientHostGroupWF:0
kondo/clientServer/sync,UtilitiesLibrary.UnionSeqOfSets (well-formedness),unchanged,False,well-formedness:UtilitiesLibraryUnionSeqOfSets:0
kondo/clientServer/sync,UtilitiesLibrary.EachUnionMemberBelongsToASet (well-formedness),unmapped,,
kondo/clientServer/sync,UtilitiesLibrary.UnionIncreasesCardinality (correctness),unchanged,False,correctness:UtilitiesLibraryUnionIncreasesCardinality:0
kondo/clientServer/sync,ServerHost.SendResponseMsg (well-formedness),unchanged,False,well-formedness:ServerHostSendResponseMsg:0
kondo/clientServer/sync,UtilitiesLibrary.SetContainmentCardinalityStrict (correctness),unchanged,False,correctness:UtilitiesLibrarySetContainmentCardinalityStrict:0
kondo/clientServer/sync,UtilitiesLibrary.SetContainmentCardinality (correctness),unchanged,False,correctness:UtilitiesLibrarySetContainmentCardinality:0
kondo/clientServer/sync,UtilitiesLibrary.SeqOptionMonotoneIncreasing (well-formedness),unchanged,False,well-formedness:UtilitiesLibrarySeqOptionMonotoneIncreasing:0
kondo/clientServer/sync,UtilitiesLibrary.Last (well-formedness),unchanged,False,well-formedness:UtilitiesLibraryLast:0
kondo/clientServer/sync,ServerHost.GroupWF (well-formedness),unchanged,False,well-formedness:ServerHostGroupWF:0
kondo/clientServer/sync,UtilitiesLibrary.StutterSeq (well-formedness),unchanged,False,well-formedness:UtilitiesLibraryStutterSeq:0
kondo/clientServer/sync,UtilitiesLibrary.SeqIsComplete (well-formedness),unchanged,False,well-formedness:UtilitiesLibrarySeqIsComplete:0
kondo/clientServer/sync,UtilitiesLibrary.LargerSetIncreasesCardinalityMore (correctness),unchanged,False,correctness:UtilitiesLibraryLargerSetIncreasesCardinalityMore:0
kondo/clientServer/sync,UtilitiesLibrary.SetMonotoneIncreasing (well-formedness),unchanged,False,well-formedness:UtilitiesLibrarySetMonotoneIncreasing:0
kondo/clientServer/sync,UtilitiesLibrary.StrictOrdering (well-formedness),unchanged,False,well-formedness:UtilitiesLibraryStrictOrdering:0
kondo/clientServer/sync,UtilitiesLibrary.SeqMonotoneIncreasing (well-formedness),unchanged,False,well-formedness:UtilitiesLibrarySeqMonotoneIncreasing:0
kondo/clientServer/sync,UtilitiesLibrary.SetIsQuorum (well-formedness),unchanged,False,well-formedness:UtilitiesLibrarySetIsQuorum:0
kondo/clientServer/sync,UtilitiesLibrary.IsSeqExtension (well-formedness),unchanged,False,well-formedness:UtilitiesLibraryIsSeqExtension:0
kondo/distributedLock/manual,ToylockProof.InvInductive (correctness),unchanged,False,correctness:ToylockProofInvInductive:0
kondo/distributedLock/manual,UtilitiesLibrary.max (well-formedness),unchanged,False,well-formedness:UtilitiesLibrarymax:0
kondo/distributedLock/manual,UtilitiesLibrary.DropLast (well-formedness),unchanged,False,well-formedness:UtilitiesLibraryDropLast:0
kondo/distributedLock/manual,DistributedSystem.HostAction (well-formedness),unchanged,False,well-formedness:DistributedSystemHostAction:0
kondo/distributedLock/manual,ToylockProof.ProtocolInv (well-formedness),unchanged,False,well-formedness:ToylockProofProtocolInv:0
kondo/distributedLock/manual,ToylockProof.InitImpliesInv (correctness),unchanged,False,correctness:ToylockProofInitImpliesInv:0
kondo/distributedLock/manual,ToylockProof.AtMostOneInFlight (well-formedness),unchanged,False,well-formedness:ToylockProofAtMostOneInFlight:0
kondo/distributedLock/manual,ToylockProof.MsgInFlight (well-formedness),unchanged,False,well-formedness:ToylockProofMsgInFlight:0
kondo/distributedLock/manual,ToylockProof.InvImpliesSafety (correctness),unchanged,False,correctness:ToylockProofInvImpliesSafety:0
kondo/distributedLock/manual,ToylockProof.HasLockImpliesNoneInFlight (well-formedness),unchanged,False,well-formedness:ToylockProofHasLockImpliesNoneInFlight:0
kondo/distributedLock/manual,ToylockProof.Inv (well-formedness),unchanged,False,well-formedness:ToylockProofInv:0
kondo/distributedLock/manual,Host.NextStep (well-formedness),unchanged,False,well-formedness:HostNextStep:0
kondo/distributedLock/manual,ToylockProof.InvImpliesSafety (well-formedness),unchanged,False,well-formedness:ToylockProofInvImpliesSafety:0
kondo/distributedLock/manual,UtilitiesLibrary.MapRemoveOne (well-formedness),content,True,well-formedness:UtilitiesLibraryMapRemoveOne:0
kondo/distributedLock/manual,Host.NextTransmissionStep (well-formedness),unchanged,False,well-formedness:HostNextTransmissionStep:0
kondo/distributedLock/manual,UtilitiesLibrary.SetsAreSubsetsOfUnion (well-formedness),unchanged,False,well-formedness:UtilitiesLibrarySetsAreSubsetsOfUnion:0
kondo/distributedLock/manual,ToylockProof.NoneHasLock (well-formedness),unchanged,False,well-formedness:ToylockProofNoneHasLock:0
kondo/distributedLock/manual,Host.NextReceiveStep (well-formedness),unchanged,False,well-formedness:HostNextReceiveStep:0
kondo/distributedLock/manual,Host.GroupInit (well-formedness),unchanged,False,well-formedness:HostGroupInit:0
kondo/distributedLock/manual,UtilitiesLibrary.SetComprehensionSize (correctness),unchanged,False,correctness:UtilitiesLibrarySetComprehensionSize:0
kondo/distributedLock/manual,UtilitiesLibrary.Predecessor (well-formedness),unchanged,False,well-formedness:UtilitiesLibraryPredecessor:0
kondo/distributedLock/manual,Host.SendGrant (well-formedness),unchanged,False,well-formedness:HostSendGrant:0
kondo/distributedLock/manual,UtilitiesLibrary.EachUnionMemberBelongsToASet (correctness),unchanged,False,correctness:UtilitiesLibraryEachUnionMemberBelongsToASet:0
kondo/distributedLock/manual,UtilitiesLibrary.SetsAreSubsetsOfUnion (correctness),unchanged,False,correctness:UtilitiesLibrarySetsAreSubsetsOfUnion:0
kondo/distributedLock/manual,UtilitiesLibrary.UnionSeqOfSets (well-formedness),unchanged,False,well-formedness:UtilitiesLibraryUnionSeqOfSets:0
kondo/distributedLock/manual,MonotonicityLibrary.MonotonicMap.SatisfiesMonotonic (well-formedness),unmapped,,
kondo/distributedLock/manual,UtilitiesLibrary.GetIndexForMember (correctness),unchanged,False,correctness:UtilitiesLibraryGetIndexForMember:0
kondo/distributedLock/manual,DistributedSystem.Constants.UniqueIds (well-formedness),unchanged,False,well-formedness:DistributedSystemConstantsUniqueIds:0
kondo/distributedLock/manual,Network.Next (well-formedness),unchanged,False,well-formedness:NetworkNext:0
kondo/distributedLock/manual,UtilitiesLibrary.LargerSetIncreasesCardinalityMore (correctness),unchanged,False,correctness:UtilitiesLibraryLargerSetIncreasesCardinalityMore:0
kondo/distributedLock/manual,UtilitiesLibrary.GetIndexForMember (well-formedness),unchanged,False,well-formedness:UtilitiesLibraryGetIndexForMember:0
kondo/distributedLock/manual,Host.Init (well-formedness),unchanged,False,well-formedness:HostInit:0
kondo/distributedLock/manual,UtilitiesLibrary.EachUnionMemberBelongsToASet (well-formedness),unmapped,,
kondo/distributedLock/manual,Host.GroupWF (well-formedness),unchanged,False,well-formedness:HostGroupWF:0
kondo/distributedLock/manual,UtilitiesLibrary.SetMonotoneIncreasing (well-formedness),unchanged,False,well-formedness:UtilitiesLibrarySetMonotoneIncreasing:0
kondo/distributedLock/manual,UtilitiesLibrary.StrictOrdering (well-formedness),unchanged,False,well-formedness:UtilitiesLibraryStrictOrdering:0
kondo/distributedLock/manual,UtilitiesLibrary.UnionIncreasesCardinality (correctness),unchanged,False,correctness:UtilitiesLibraryUnionIncreasesCardinality:0
kondo/distributedLock/manual,UtilitiesLibrary.DisjointSetUnionCardinality (correctness),unchanged,False,correctness:UtilitiesLibraryDisjointSetUnionCardinality:0
kondo/distributedLock/manual,UtilitiesLibrary.SetContainmentCardinality (correctness),unchanged,False,correctness:UtilitiesLibrarySetContainmentCardinality:0
kondo/distributedLock/manual,Host.GroupWFConstants (well-formedness),unchanged,False,well-formedness:HostGroupWFConstants:0
kondo/distributedLock/manual,UtilitiesLibrary.SeqOptionMonotoneIncreasing (well-formedness),unmapped,,
kondo/distributedLock/manual,MonotonicityLibrary.MonotonicSeq.SatisfiesMonotonic (well-formedness),unmapped,,
kondo/distributedLock/manual,UtilitiesLibrary.QuorumIntersection (correctness),unchanged,False,correctness:UtilitiesLibraryQuorumIntersection:0
kondo/distributedLock/manual,UtilitiesLibrary.Last (well-formedness),unchanged,False,well-formedness:UtilitiesLibraryLast:0
kondo/distributedLock/manual,UtilitiesLibrary.SeqIsComplete (well-formedness),unchanged,False,well-formedness:UtilitiesLibrarySeqIsComplete:0
kondo/distributedLock/manual,UtilitiesLibrary.StutterSeq (well-formedness),unchanged,False,well-formedness:UtilitiesLibraryStutterSeq:0
kondo/distributedLock/manual,MonotonicityLibrary.MonotonicNatOption.SatisfiesMonotonic (well-formedness),group,False,well-formedness:MonotonicityLibraryMonotonicNatOptionSatisfiesMonotonic*
kondo/distributedLock/manual,UtilitiesLibrary.SeqMonotoneIncreasing (well-formedness),unchanged,False,well-formedness:UtilitiesLibrarySeqMonotoneIncreasing:0
kondo/distributedLock/manual,UtilitiesLibrary.SetIsQuorum (well-formedness),unchanged,False,well-formedness:UtilitiesLibrarySetIsQuorum:0
kondo/distributedLock/manual,UtilitiesLibrary.Successor (well-formedness),unchanged,False,well-formedness:UtilitiesLibrarySuccessor:0
kondo/distributedLock/manual,UtilitiesLibrary.IsSeqExtension (well-formedness),unchanged,False,well-formedness:UtilitiesLibraryIsSeqExtension:0
kondo/distributedLock/manual,UtilitiesLibrary.SetContainmentCardinalityStrict (correctness),unchanged,False,correctness:UtilitiesLibrarySetContainmentCardinalityStrict:0
kondo/distributedLock/sync,ToylockProof.InvInductive (correctness),unchanged,False,correctness:ToylockProofInvInductive:0
kondo/distributedLock/sync,UtilitiesLibrary.max (well-formedness),unchanged,False,well-formedness:UtilitiesLibrarymax:0
kondo/distributedLock/sync,UtilitiesLibrary.DropLast (well-formedness),unchanged,False,well-formedness:UtilitiesLibraryDropLast:0
kondo/distributedLock/sync,System.NextTransferStep (well-formedness),unchanged,False,well-formedness:SystemNextTransferStep:0
kondo/distributedLock/sync,System.NextStep (well-formedness),unchanged,False,well-formedness:SystemNextStep:0
kondo/distributedLock/sync,System.Next (well-formedness),unchanged,False,well-formedness:SystemNext:0
kondo/distributedLock/sync,ToylockProof.Inv (well-formedness),unchanged,False,well-formedness:ToylockProofInv:0
kondo/distributedLock/sync,Host.GroupInit (well-formedness),unchanged,False,well-formedness:HostGroupInit:0
kondo/distributedLock/sync,System.Constants.UniqueIds (well-formedness),unchanged,False,well-formedness:SystemConstantsUniqueIds:0
kondo/distributedLock/sync,ToylockProof.InvImpliesSafety (well-formedness),unchanged,False,well-formedness:ToylockProofInvImpliesSafety:0
kondo/distributedLock/sync,Host.Init (well-formedness),unchanged,False,well-formedness:HostInit:0
kondo/distributedLock/sync,Host.NextReceiveStep (well-formedness),unchanged,False,well-formedness:HostNextReceiveStep:0
kondo/distributedLock/sync,ToylockProof.InitImpliesInv (correctness),unchanged,False,correctness:ToylockProofInitImpliesInv:0
kondo/distributedLock/sync,Host.NextStep (well-formedness),unchanged,False,well-formedness:HostNextStep:0
kondo/distributedLock/sync,Obligations.Safety (well-formedness),unchanged,False,well-formedness:ObligationsSafety:0
kondo/distributedLock/sync,UtilitiesLibrary.MapRemoveOne (well-formedness),content,True,well-formedness:UtilitiesLibraryMapRemoveOne:0
kondo/distributedLock/sync,ToylockProof.InvImpliesSafety (correctness),unchanged,False,correctness:ToylockProofInvImpliesSafety:0
kondo/distributedLock/sync,Host.NextTransmissionStep (well-formedness),unchanged,False,well-formedness:HostNextTransmissionStep:0
kondo/distributedLock/sync,Host.SendGrant (well-formedness),unchanged,False,well-formedness:HostSendGrant:0
kondo/distributedLock/sync,UtilitiesLibrary.UnionSeqOfSets (well-formedness),unchanged,False,well-formedness:UtilitiesLibraryUnionSeqOfSets:0
kondo/distributedLock/sync,UtilitiesLibrary.GetIndexForMember (correctness),unchanged,False,correctness:UtilitiesLibraryGetIndexForMember:0
kondo/distributedLock/sync,UtilitiesLibrary.SetComprehensionSize (correctness),unchanged,False,correctness:UtilitiesLibrarySetComprehensionSize:0
kondo/distributedLock/sync,UtilitiesLibrary.SetsAreSubsetsOfUnion (correctness),unchanged,False,correctness:UtilitiesLibrarySetsAreSubsetsOfUnion:0
kondo/distributedLock/sync,UtilitiesLibrary.EachUnionMemberBelongsToASet (correctness),unchanged,False,correctness:UtilitiesLibraryEachUnionMemberBelongsToASet:0
kondo/distributedLock/sync,Host.GroupWF (well-formedness),unchanged,False,well-formedness:HostGroupWF:0
kondo/distributedLock/sync,UtilitiesLibrary.UnionIncreasesCardinality (correctness),unchanged,False,correctness:UtilitiesLibraryUnionIncreasesCardinality:0
kondo/distributedLock/sync,UtilitiesLibrary.SetsAreSubsetsOfUnion (well-formedness),unchanged,False,well-formedness:UtilitiesLibrarySetsAreSubsetsOfUnion:0
kondo/distributedLock/sync,UtilitiesLibrary.EachUnionMemberBelongsToASet (well-formedness),unmapped,,
kondo/distributedLock/sync,UtilitiesLibrary.GetIndexForMember (well-formedness),unchanged,False,well-formedness:UtilitiesLibraryGetIndexForMember:0
kondo/distributedLock/sync,Host.GroupWFConstants (well-formedness),unchanged,False,well-formedness:HostGroupWFConstants:0
kondo/distributedLock/sync,UtilitiesLibrary.SeqOptionMonotoneIncreasing (well-formedness),unmapped,,
kondo/distributedLock/sync,UtilitiesLibrary.SetContainmentCardinality (correctness),unchanged,False,correctness:UtilitiesLibrarySetContainmentCardinality:0
kondo/distributedLock/sync,UtilitiesLibrary.QuorumIntersection (correctness),unchanged,False,correctness:UtilitiesLibraryQuorumIntersection:0
kondo/distributedLock/sync,UtilitiesLibrary.StrictOrdering (well-formedness),unchanged,False,well-formedness:UtilitiesLibraryStrictOrdering:0
kondo/distributedLock/sync,UtilitiesLibrary.LargerSetIncreasesCardinalityMore (correctness),unchanged,False,correctness:UtilitiesLibraryLargerSetIncreasesCardinalityMore:0
kondo/distributedLock/sync,UtilitiesLibrary.Last (well-formedness),unchanged,False,well-formedness:UtilitiesLibraryLast:0
kondo/distributedLock/sync,UtilitiesLibrary.Predecessor (well-formedness),unchanged,False,well-formedness:UtilitiesLibraryPredecessor:0
kondo/distributedLock/sync,UtilitiesLibrary.SetIsQuorum (well-formedness),unchanged,False,well-formedness:UtilitiesLibrarySetIsQuorum:0
kondo/distributedLock/sync,Obligations.SuccessorPredecessorRelation (well-formedness),unchanged,False,well-formedness:ObligationsSuccessorPredecessorRelation:0
kondo/distributedLock/sync,UtilitiesLibrary.StutterSeq (well-formedness),unchanged,False,well-formedness:UtilitiesLibraryStutterSeq:0
kondo/distributedLock/sync,UtilitiesLibrary.SeqIsComplete (well-formedness),unchanged,False,well-formedness:UtilitiesLibrarySeqIsComplete:0
kondo/distributedLock/sync,UtilitiesLibrary.DisjointSetUnionCardinality (correctness),unchanged,False,correctness:UtilitiesLibraryDisjointSetUnionCardinality:0
kondo/distributedLock/sync,UtilitiesLibrary.SetMonotoneIncreasing (well-formedness),unchanged,False,well-formedness:UtilitiesLibrarySetMonotoneIncreasing:0
kondo/distributedLock/sync,UtilitiesLibrary.SeqMonotoneIncreasing (well-formedness),unchanged,False,well-formedness:UtilitiesLibrarySeqMonotoneIncreasing:0
kondo/distributedLock/sync,Obligations.SuccessorPredecessorRelation (correctness),unchanged,False,correctness:ObligationsSuccessorPredecessorRelation:0
kondo/distributedLock/sync,UtilitiesLibrary.IsSeqExtension (well-formedness),unchanged,False,well-formedness:UtilitiesLibraryIsSeqExtension:0
kondo/distributedLock/sync,UtilitiesLibrary.SetContainmentCardinalityStrict (correctness),unchanged,False,correctness:UtilitiesLibrarySetContainmentCardinalityStrict:0
kondo/distributedLock/sync,UtilitiesLibrary.Successor (well-formedness),unchanged,False,well-formedness:UtilitiesLibrarySuccessor:0
kondo/flexPaxos/sync,PaxosProof.InvNextLearnerReceivedAcceptImpliesAccepted (correctness),unchanged,False,correctness:PaxosProofInvNextLearnerReceivedAcceptImpliesAccepted:0
kondo/flexPaxos/sync,PaxosProof.InvNextLeaderReceivedPromisesImpliesAcceptorState (correctness),unmapped,,
kondo/flexPaxos/sync,PaxosProof.InvNextChosenImpliesProposingLeaderHearsChosenBallotP2bStep (correctness),group,False,correctness:PaxosProofInvNextChosenImpliesProposingLeaderHearsChosenBallotP2bStep*
kondo/flexPaxos/sync,PaxosProof.InvNextChosenImpliesProposingLeaderHearsChosenBallotP1bStep (correctness),group,False,correctness:PaxosProofInvNextChosenImpliesProposingLeaderHearsChosenBallotP1bStep*
kondo/flexPaxos/sync,PaxosProof.InvNextLeaderHighestHeardToPromisedRangeHasNoAccepts (correctness),unmapped,,
kondo/flexPaxos/sync,PaxosProof.InvNextAcceptorValidBundle (correctness),unchanged,False,correctness:PaxosProofInvNextAcceptorValidBundle:0
kondo/flexPaxos/sync,PaxosProof.InvNextLeaderHearedImpliesProposed (correctness),unchanged,False,correctness:PaxosProofInvNextLeaderHearedImpliesProposed:0
kondo/flexPaxos/sync,PaxosProof.InvNextChosenImpliesProposingLeaderHearsChosenBallot (correctness),unmapped,,
kondo/flexPaxos/sync,PaxosProof.InvNextChosenValImpliesLeaderOnlyHearsVal (correctness),unchanged,False,correctness:PaxosProofInvNextChosenValImpliesLeaderOnlyHearsVal:0
kondo/flexPaxos/sync,PaxosProof.InvNextLearnerReceivedAcceptImpliesProposed (correctness),unchanged,False,correctness:PaxosProofInvNextLearnerReceivedAcceptImpliesProposed:0
kondo/flexPaxos/sync,PaxosProof.InvInductive (correctness),unchanged,False,correctness:PaxosProofInvInductive:0
kondo/flexPaxos/sync,PaxosProof.InvNextChosenValImpliesAcceptorOnlyAcceptsVal (correctness),unchanged,False,correctness:PaxosProofInvNextChosenValImpliesAcceptorOnlyAcceptsVal:0
kondo/flexPaxos/sync,PaxosProof.InvNextLeaderHighestHeardUpperBound (correctness),unchanged,False,correctness:PaxosProofInvNextLeaderHighestHeardUpperBound:0
kondo/flexPaxos/sync,PaxosProof.InvNextLearnerValidReceivedAccepts (correctness),unchanged,False,correctness:PaxosProofInvNextLearnerValidReceivedAccepts:0
kondo/flexPaxos/sync,PaxosProof.InvNextLeaderValidReceivedPromises (correctness),unchanged,False,correctness:PaxosProofInvNextLeaderValidReceivedPromises:0
kondo/flexPaxos/sync,PaxosProof.InitImpliesInv (correctness),unchanged,False,correctness:PaxosProofInitImpliesInv:0
kondo/flexPaxos/sync,PaxosProof.InvNextLearnedImpliesQuorumOfAccepts (correctness),unchanged,False,correctness:PaxosProofInvNextLearnedImpliesQuorumOfAccepts:0
kondo/flexPaxos/sync,PaxosProof.InvNextLearnerValidReceivedAccepts (well-formedness),unchanged,False,well-formedness:PaxosProofInvNextLearnerValidReceivedAccepts:0
kondo/flexPaxos/sync,PaxosProof.ProtocolInv (well-formedness),unchanged,False,well-formedness:PaxosProofProtocolInv:0
kondo/flexPaxos/sync,PaxosProof.InvImpliesAtMostOneChosenVal (correctness),unchanged,False,correctness:PaxosProofInvImpliesAtMostOneChosenVal:0
kondo/flexPaxos/sync,PaxosProof.InvNextLearnedImpliesQuorumOfAccepts (well-formedness),unchanged,False,well-formedness:PaxosProofInvNextLearnedImpliesQuorumOfAccepts:0
kondo/flexPaxos/sync,PaxosProof.InvNextChosenImpliesProposingLeaderHearsChosenBallot (well-formedness),group,False,well-formedness:PaxosProofInvNextChosenImpliesProposingLeaderHearsChosenBa*
kondo/flexPaxos/sync,PaxosProof.InvNextChosenValImpliesLeaderOnlyHearsVal (well-formedness),unmapped,,
kondo/flexPaxos/sync,PaxosProof.InvImpliesSafety (well-formedness),unchanged,False,well-formedness:PaxosProofInvImpliesSafety:0
kondo/flexPaxos/sync,PaxosProof.NewChosenOnlyInP2bStep (correctness),unchanged,False,correctness:PaxosProofNewChosenOnlyInP2bStep:0
kondo/flexPaxos/sync,PaxosProof.InvNextLearnerReceivedAcceptImpliesProposed (well-formedness),group,False,well-formedness:PaxosProofInvNextLearnerReceivedAcceptImpliesProposed*
kondo/flexPaxos/sync,PaxosProof.InvNextLearnerReceivedAcceptImpliesAccepted (well-formedness),group,False,well-formedness:PaxosProofInvNextLearnerReceivedAcceptImpliesAccepted*
kondo/flexPaxos/sync,PaxosProof.InvNextLeaderHighestHeardToPromisedRangeHasNoAccepts (well-formedness),group,False,well-formedness:PaxosProofInvNextLeaderHighestHeardToPromisedRangeHasNoAcc*
kondo/flexPaxos/sync,PaxosProof.Inv (well-formedness),unchanged,False,well-formedness:PaxosProofInv:0
kondo/flexPaxos/sync,PaxosProof.InvNextChosenImpliesProposingLeaderHearsChosenBallotP2bStep (well-formedness),group,False,well-formedness:PaxosProofInvNextChosenImpliesProposingLeaderHearsChosenBa*
kondo/flexPaxos/sync,PaxosProof.InvNextLeaderReceivedPromisesImpliesAcceptorState (well-formedness),group,False,well-formedness:PaxosProofInvNextLeaderReceivedPromisesImpliesAcceptorStat*
kondo/flexPaxos/sync,PaxosProof.InvNextChosenImpliesProposingLeaderHearsChosenBallotP1bStep (well-formedness),group,False,well-formedness:PaxosProofInvNextChosenImpliesProposingLeaderHearsChosenBa*
kondo/flexPaxos/sync,PaxosProof.InvImpliesSafety (correctness),unchanged,False,correctness:PaxosProofInvImpliesSafety:0
kondo/flexPaxos/sync,PaxosProof.InvNextChosenValImpliesAcceptorOnlyAcceptsVal (well-formedness),group,False,well-formedness:PaxosProofInvNextChosenValImpliesAcceptorOnlyAcceptsVa*
kondo/flexPaxos/sync,System.NextStep (well-formedness),unchanged,False,well-formedness:SystemNextStep:0
kondo/flexPaxos/sync,PaxosProof.InvNextLeaderValidReceivedPromises (well-formedness),unchanged,False,well-formedness:PaxosProofInvNextLeaderValidReceivedPromises:0
kondo/flexPaxos/sync,PaxosProof.InvNextLeaderHighestHeardUpperBound (well-formedness),unchanged,False,well-formedness:PaxosProofInvNextLeaderHighestHeardUpperBound:0
kondo/flexPaxos/sync,System.Next (well-formedness),unchanged,False,well-formedness:SystemNext:0
kondo/flexPaxos/sync,PaxosProof.InvNextLeaderHearedImpliesProposed (well-formedness),unchanged,False,well-formedness:PaxosProofInvNextLeaderHearedImpliesProposed:0
kondo/flexPaxos/sync,PaxosProof.InvNextAcceptorValidBundle (well-formedness),unchanged,False,well-formedness:PaxosProofInvNextAcceptorValidBundle:0
kondo/flexPaxos/sync,PaxosProof.NewChosenOnlyInP2bStep (well-formedness),unchanged,False,well-formedness:PaxosProofNewChosenOnlyInP2bStep:0
kondo/flexPaxos/sync,System.NextP1aStep (well-formedness),unchanged,False,well-formedness:SystemNextP1aStep:0
kondo/flexPaxos/sync,System.NextP1bStep (well-formedness),unchanged,False,well-formedness:SystemNextP1bStep:0
kondo/flexPaxos/sync,System.NextP2aStep (well-formedness),unchanged,False,well-formedness:SystemNextP2aStep:0
kondo/flexPaxos/sync,PaxosProof.OneValuePerBallotLeaderAndLearners (well-formedness),unchanged,False,well-formedness:PaxosProofOneValuePerBallotLeaderAndLearners:0
kondo/flexPaxos/sync,PaxosProof.LearnerValidReceivedAccepts (well-formedness),unchanged,False,well-formedness:PaxosProofLearnerValidReceivedAccepts:0
kondo/flexPaxos/sync,System.NextP2bStep (well-formedness),unchanged,False,well-formedness:SystemNextP2bStep:0
kondo/flexPaxos/sync,PaxosProof.ChosenValImpliesLeaderOnlyHearsVal (well-formedness),unchanged,False,well-formedness:PaxosProofChosenValImpliesLeaderOnlyHearsVal:0
kondo/flexPaxos/sync,PaxosProof.ChosenValImpliesAcceptorOnlyAcceptsVal (well-formedness),unmapped,,
kondo/flexPaxos/sync,PaxosProof.LeaderHearedImpliesProposed (well-formedness),unchanged,False,well-formedness:PaxosProofLeaderHearedImpliesProposed:0
kondo/flexPaxos/sync,UtilitiesLibrary.DropLast (well-formedness),unchanged,False,well-formedness:UtilitiesLibraryDropLast:0
kondo/flexPaxos/sync,UtilitiesLibrary.max (well-formedness),unchanged,False,well-formedness:UtilitiesLibrarymax:0
kondo/flexPaxos/sync,PaxosProof.LearnedImpliesQuorumOfAccepts (well-formedness),unchanged,False,well-formedness:PaxosProofLearnedImpliesQuorumOfAccepts:0
kondo/flexPaxos/sync,PaxosProof.LearnerReceivedAcceptImpliesProposed (well-formedness),unchanged,False,well-formedness:PaxosProofLearnerReceivedAcceptImpliesProposed:0
kondo/flexPaxos/sync,PaxosProof.LeaderHighestHeardToPromisedRangeHasNoAccepts (well-formedness),group,False,well-formedness:PaxosProofLeaderHighestHeardToPromisedRangeHasNoAccept*
kondo/flexPaxos/sync,PaxosProof.ChosenImpliesProposingLeaderHearsChosenBallot (well-formedness),group,False,well-formedness:PaxosProofChosenImpliesProposingLeaderHearsChosenBallo*
kondo/flexPaxos/sync,PaxosProof.LeaderHearsDifferentValueFromChosenImpliesFalse (correctness),unchanged,False,correctness:PaxosProofLeaderHearsDifferentValueFromChosenImpliesFalse:0
kondo/flexPaxos/sync,PaxosProof.LearnerReceivedAcceptImpliesAccepted (well-formedness),unchanged,False,well-formedness:PaxosProofLearnerReceivedAcceptImpliesAccepted:0
kondo/flexPaxos/sync,PaxosProof.LeaderHighestHeardUpperBound (well-formedness),unchanged,False,well-formedness:PaxosProofLeaderHighestHeardUpperBound:0
kondo/flexPaxos/sync,PaxosProof.AcceptorAcceptedImpliesProposed (well-formedness),unchanged,False,well-formedness:PaxosProofAcceptorAcceptedImpliesProposed:0
kondo/flexPaxos/sync,System.NextLearnerInternalStep (well-formedness),unchanged,False,well-formedness:SystemNextLearnerInternalStep:0
kondo/flexPaxos/sync,PaxosProof.LeaderReceivedPromisesImpliesAcceptorState (well-formedness),unmapped,,
kondo/flexPaxos/sync,PaxosProof.InvImpliesAtMostOneChosenVal (well-formedness),unchanged,False,well-formedness:PaxosProofInvImpliesAtMostOneChosenVal:0
kondo/flexPaxos/sync,PaxosProof.LeaderHearsDifferentValueFromChosenImpliesFalse (well-formedness),group,False,well-formedness:PaxosProofLeaderHearsDifferentValueFromChosenImpliesFalse*
kondo/flexPaxos/sync,LeaderHost.NextReceivePromiseStep (well-formedness),unchanged,False,well-formedness:LeaderHostNextReceivePromiseStep:0
kondo/flexPaxos/sync,PaxosProof.LeaderValidReceivedPromises (well-formedness),unchanged,False,well-formedness:PaxosProofLeaderValidReceivedPromises:0
kondo/flexPaxos/sync,PaxosProof.GetAcceptorSet (correctness),unchanged,False,correctness:PaxosProofGetAcceptorSet:0
kondo/flexPaxos/sync,PaxosProof.AtMostOneChosenImpliesSafety (correctness),unchanged,False,correctness:PaxosProofAtMostOneChosenImpliesSafety:0
kondo/flexPaxos/sync,LeaderHost.NextPrepareStep (well-formedness),unchanged,False,well-formedness:LeaderHostNextPrepareStep:0
kondo/flexPaxos/sync,PaxosProof.AcceptorValidPromisedAndAccepted (well-formedness),unchanged,False,well-formedness:PaxosProofAcceptorValidPromisedAndAccepted:0
kondo/flexPaxos/sync,Obligations.Safety (well-formedness),unchanged,False,well-formedness:ObligationsSafety:0
kondo/flexPaxos/sync,System.Init (well-formedness),unchanged,False,well-formedness:SystemInit:0
kondo/flexPaxos/sync,PaxosProof.Chosen (well-formedness),unchanged,False,well-formedness:PaxosProofChosen:0
kondo/flexPaxos/sync,PaxosProof.AtMostOneChosenImpliesSafety (well-formedness),unchanged,False,well-formedness:PaxosProofAtMostOneChosenImpliesSafety:0
kondo/flexPaxos/sync,PaxosProof.LearnedImpliesChosen (correctness),unchanged,False,correctness:PaxosProofLearnedImpliesChosen:0
kondo/flexPaxos/sync,PaxosProof.LearnedImpliesChosen (well-formedness),unchanged,False,well-formedness:PaxosProofLearnedImpliesChosen:0
kondo/flexPaxos/sync,PaxosProof.SupportingAcceptorsForChosen (correctness),unchanged,False,correctness:PaxosProofSupportingAcceptorsForChosen:0
kondo/flexPaxos/sync,PaxosProof.SupportingAcceptorsForChosen (well-formedness),unchanged,False,well-formedness:PaxosProofSupportingAcceptorsForChosen:0
kondo/flexPaxos/sync,System.LearnersUnchangedExcept (well-formedness),unchanged,False,well-formedness:SystemLearnersUnchangedExcept:0
kondo/flexPaxos/sync,PaxosProof.ChosenAtLearner (well-formedness),unchanged,False,well-formedness:PaxosProofChosenAtLearner:0
kondo/flexPaxos/sync,System.AcceptorsUnchangedExcept (well-formedness),unchanged,False,well-formedness:SystemAcceptorsUnchangedExcept:0
kondo/flexPaxos/sync,System.Variables.LeaderCanPropose (well-formedness),unchanged,False,well-formedness:SystemVariablesLeaderCanPropose:0
kondo/flexPaxos/sync,PaxosProof.AtMostOneChosenVal (well-formedness),unchanged,False,well-formedness:PaxosProofAtMostOneChosenVal:0
kondo/flexPaxos/sync,System.LeadersUnchangedExcept (well-formedness),unchanged,False,well-formedness:SystemLeadersUnchangedExcept:0
kondo/flexPaxos/sync,System.Constants.UniqueAcceptorIds (well-formedness),unchanged,False,well-formedness:SystemConstantsUniqueAcceptorIds:0
kondo/flexPaxos/sync,System.Constants.UniqueLearnerIds (well-formedness),unchanged,False,well-formedness:SystemConstantsUniqueLearnerIds:0
kondo/flexPaxos/sync,AcceptorHost.UpdateReceiveAcceptedStep (correctness),unchanged,False,correctness:AcceptorHostUpdateReceiveAcceptedStep:0
kondo/flexPaxos/sync,LearnerHost.GroupInit (well-formedness),unchanged,False,well-formedness:LearnerHostGroupInit:0
kondo/flexPaxos/sync,LeaderHost.NextProposeStep (well-formedness),unchanged,False,well-formedness:LeaderHostNextProposeStep:0
kondo/flexPaxos/sync,LearnerHost.NextReceiveAcceptStep (well-formedness),unchanged,False,well-formedness:LearnerHostNextReceiveAcceptStep:0
kondo/flexPaxos/sync,AcceptorHost.NextMaybePromiseStep (well-formedness),unchanged,False,well-formedness:AcceptorHostNextMaybePromiseStep:0
kondo/flexPaxos/sync,LearnerHost.GroupWFConstants (well-formedness),unchanged,False,well-formedness:LearnerHostGroupWFConstants:0
kondo/flexPaxos/sync,AcceptorHost.Variables.HasAcceptedValue (well-formedness),unchanged,False,well-formedness:AcceptorHostVariablesHasAcceptedValue:0
kondo/flexPaxos/sync,AcceptorHost.NextMaybeAcceptStep (well-formedness),unchanged,False,well-formedness:AcceptorHostNextMaybeAcceptStep:0
kondo/flexPaxos/sync,UtilitiesLibrary.MapRemoveOne (well-formedness),content,True,well-formedness:UtilitiesLibraryMapRemoveOne:0
kondo/flexPaxos/sync,AcceptorHost.NextBroadcastAcceptedStep (well-formedness),unchanged,False,well-formedness:AcceptorHostNextBroadcastAcceptedStep:0
kondo/flexPaxos/sync,LearnerHost.ReceiveAccept (well-formedness),unchanged,False,well-formedness:LearnerHostReceiveAccept:0
kondo/flexPaxos/sync,System.Constants.UniqueLeaderIds (well-formedness),unchanged,False,well-formedness:SystemConstantsUniqueLeaderIds:0
kondo/flexPaxos/sync,UtilitiesLibrary.SetsAreSubsetsOfUnion (correctness),unchanged,False,correctness:UtilitiesLibrarySetsAreSubsetsOfUnion:0
kondo/flexPaxos/sync,UtilitiesLibrary.EachUnionMemberBelongsToASet (well-formedness),unchanged,False,well-formedness:UtilitiesLibraryEachUnionMemberBelongsToASet:0
kondo/flexPaxos/sync,UtilitiesLibrary.SetComprehensionSize (correctness),unchanged,False,correctness:UtilitiesLibrarySetComprehensionSize:0
kondo/flexPaxos/sync,AcceptorHost.GroupInit (well-formedness),unchanged,False,well-formedness:AcceptorHostGroupInit:0
kondo/flexPaxos/sync,AcceptorHost.SendAccept (well-formedness),unchanged,False,well-formedness:AcceptorHostSendAccept:0
kondo/flexPaxos/sync,LeaderHost.ReceivePromise (well-formedness),unchanged,False,well-formedness:LeaderHostReceivePromise:0
kondo/flexPaxos/sync,UtilitiesLibrary.IsSeqExtension (well-formedness),unchanged,False,well-formedness:UtilitiesLibraryIsSeqExtension:0
kondo/flexPaxos/sync,AcceptorHost.NextReceivePrepareStep (well-formedness),unchanged,False,well-formedness:AcceptorHostNextReceivePrepareStep:0
kondo/flexPaxos/sync,AcceptorHost.GroupWF (well-formedness),unchanged,False,well-formedness:AcceptorHostGroupWF:0
kondo/flexPaxos/sync,LeaderHost.GroupWFConstants (well-formedness),unchanged,False,well-formedness:LeaderHostGroupWFConstants:0
kondo/flexPaxos/sync,UtilitiesLibrary.StrictOrdering (well-formedness),unchanged,False,well-formedness:UtilitiesLibraryStrictOrdering:0
kondo/flexPaxos/sync,AcceptorHost.SendPromise (well-formedness),unchanged,False,well-formedness:AcceptorHostSendPromise:0
kondo/flexPaxos/sync,UtilitiesLibrary.EachUnionMemberBelongsToASet (correctness),unchanged,False,correctness:UtilitiesLibraryEachUnionMemberBelongsToASet:0
kondo/flexPaxos/sync,LearnerHost.NextLearnStep (well-formedness),unchanged,False,well-formedness:LearnerHostNextLearnStep:0
kondo/flexPaxos/sync,UtilitiesLibrary.GetIndexForMember (correctness),unchanged,False,correctness:UtilitiesLibraryGetIndexForMember:0
kondo/flexPaxos/sync,UtilitiesLibrary.GetIndexForMember (well-formedness),unchanged,False,well-formedness:UtilitiesLibraryGetIndexForMember:0
kondo/flexPaxos/sync,UtilitiesLibrary.SetContainmentCardinality (correctness),unchanged,False,correctness:UtilitiesLibrarySetContainmentCardinality:0
kondo/flexPaxos/sync,LeaderHost.GroupInit (well-formedness),unchanged,False,well-formedness:LeaderHostGroupInit:0
kondo/flexPaxos/sync,UtilitiesLibrary.UnionSeqOfSets (well-formedness),unchanged,False,well-formedness:UtilitiesLibraryUnionSeqOfSets:0
kondo/flexPaxos/sync,UtilitiesLibrary.SetsAreSubsetsOfUnion (well-formedness),unchanged,False,well-formedness:UtilitiesLibrarySetsAreSubsetsOfUnion:0
kondo/flexPaxos/sync,LearnerHost.UpdateReceivedAccepts (well-formedness),unchanged,False,well-formedness:LearnerHostUpdateReceivedAccepts:0
kondo/flexPaxos/sync,UtilitiesLibrary.UnionIncreasesCardinality (correctness),unchanged,False,correctness:UtilitiesLibraryUnionIncreasesCardinality:0
kondo/flexPaxos/sync,UtilitiesLibrary.SeqOptionMonotoneIncreasing (well-formedness),unchanged,False,well-formedness:UtilitiesLibrarySeqOptionMonotoneIncreasing:0
kondo/flexPaxos/sync,UtilitiesLibrary.SeqMonotoneIncreasing (well-formedness),unchanged,False,well-formedness:UtilitiesLibrarySeqMonotoneIncreasing:0
kondo/flexPaxos/sync,UtilitiesLibrary.QuorumIntersection (correctness),unchanged,False,correctness:UtilitiesLibraryQuorumIntersection:0
kondo/flexPaxos/sync,Types.MonotonicReceivedAccepts.SatisfiesMonotonic (well-formedness),unchanged,False,well-formedness:TypesMonotonicReceivedAcceptsSatisfiesMonotonic:0
kondo/flexPaxos/sync,LeaderHost.GroupWF (well-formedness),unchanged,False,well-formedness:LeaderHostGroupWF:0
kondo/flexPaxos/sync,UtilitiesLibrary.StutterSeq (well-formedness),unchanged,False,well-formedness:UtilitiesLibraryStutterSeq:0
kondo/flexPaxos/sync,UtilitiesLibrary.SeqIsComplete (well-formedness),unchanged,False,well-formedness:UtilitiesLibrarySeqIsComplete:0
kondo/flexPaxos/sync,UtilitiesLibrary.DisjointSetUnionCardinality (correctness),unchanged,False,correctness:UtilitiesLibraryDisjointSetUnionCardinality:0
kondo/flexPaxos/sync,LearnerHost.ReceiveAcceptTrigger (well-formedness),unchanged,False,well-formedness:LearnerHostReceiveAcceptTrigger:0
kondo/flexPaxos/sync,UtilitiesLibrary.SetMonotoneIncreasing (well-formedness),unchanged,False,well-formedness:UtilitiesLibrarySetMonotoneIncreasing:0
kondo/flexPaxos/sync,UtilitiesLibrary.Last (well-formedness),unchanged,False,well-formedness:UtilitiesLibraryLast:0
kondo/flexPaxos/sync,UtilitiesLibrary.LargerSetIncreasesCardinalityMore (correctness),unchanged,False,correctness:UtilitiesLibraryLargerSetIncreasesCardinalityMore:0
kondo/flexPaxos/sync,UtilitiesLibrary.Predecessor (well-formedness),unchanged,False,well-formedness:UtilitiesLibraryPredecessor:0
kondo/flexPaxos/sync,AcceptorHost.Variables.WF (well-formedness),unchanged,False,well-formedness:AcceptorHostVariablesWF:0
kondo/flexPaxos/sync,AcceptorHost.Variables.HasPromised (well-formedness),unchanged,False,well-formedness:AcceptorHostVariablesHasPromised:0
kondo/flexPaxos/sync,UtilitiesLibrary.Successor (well-formedness),unchanged,False,well-formedness:UtilitiesLibrarySuccessor:0
kondo/flexPaxos/sync,AcceptorHost.Variables.HasAccepted (well-formedness),unchanged,False,well-formedness:AcceptorHostVariablesHasAccepted:0
kondo/flexPaxos/sync,AcceptorHost.Variables.HasAcceptedAtLeastBal (well-formedness),unchanged,False,well-formedness:AcceptorHostVariablesHasAcceptedAtLeastBal:0
kondo/flexPaxos/sync,UtilitiesLibrary.SetIsQuorum (well-formedness),unchanged,False,well-formedness:UtilitiesLibrarySetIsQuorum:0
kondo/flexPaxos/sync,AcceptorHost.Variables.HasAcceptedAtMostBal (well-formedness),unchanged,False,well-formedness:AcceptorHostVariablesHasAcceptedAtMostBal:0
kondo/flexPaxos/sync,Types.Message.Src (well-formedness),unchanged,False,well-formedness:TypesMessageSrc:0
kondo/flexPaxos/sync,UtilitiesLibrary.SetContainmentCardinalityStrict (correctness),unchanged,False,correctness:UtilitiesLibrarySetContainmentCardinalityStrict:0
kondo/flexPaxos/sync,AcceptorHost.GroupWFConstants (well-formedness),unchanged,False,well-formedness:AcceptorHostGroupWFConstants:0
kondo/flexPaxos/sync,Types.MonotonicVBOption.SatisfiesMonotonic (well-formedness),unchanged,False,well-formedness:TypesMonotonicVBOptionSatisfiesMonotonic:0
kondo/flexPaxos/sync,LeaderHost.Variables.HeardAtLeast (well-formedness),unchanged,False,well-formedness:LeaderHostVariablesHeardAtLeast:0
kondo/flexPaxos/sync,AcceptorHost.Variables.HasPromisedAtLeast (well-formedness),unchanged,False,well-formedness:AcceptorHostVariablesHasPromisedAtLeast:0
kondo/flexPaxos/sync,LeaderHost.Variables.HeardAtMost (well-formedness),unchanged,False,well-formedness:LeaderHostVariablesHeardAtMost:0
kondo/flexPaxos/sync,Types.MonotonicVBOption.ToOption (well-formedness),unchanged,False,well-formedness:TypesMonotonicVBOptionToOption:0
kondo/lockServer/manual,LockServerProof.InvNextHostOwnsLockImpliesNotInFlight (correctness),unchanged,False,correctness:LockServerProofInvNextHostOwnsLockImpliesNotInFlight:0
kondo/lockServer/manual,LockServerProof.InvNextAtMostOneInFlightMessage (correctness),unchanged,False,correctness:LockServerProofInvNextAtMostOneInFlightMessage:0
kondo/lockServer/manual,LockServerProof.InvNextAtMostOneLockHolderClients (correctness),unchanged,False,correctness:LockServerProofInvNextAtMostOneLockHolderClients:0
kondo/lockServer/manual,LockServerProof.InvInductive (correctness),unchanged,False,correctness:LockServerProofInvInductive:0
kondo/lockServer/manual,MessageInvariants.MessageInvInductive (correctness),unchanged,False,correctness:MessageInvariantsMessageInvInductive:0
kondo/lockServer/manual,LockServerProof.InvNextAtMostOneInFlightMessage (well-formedness),unmapped,,
kondo/lockServer/manual,LockServerProof.InvNextAtMostOneLockHolderServers (correctness),unchanged,False,correctness:LockServerProofInvNextAtMostOneLockHolderServers:0
kondo/lockServer/manual,LockServerProof.InvNextServerOwnsLockImpliesNoClientsOwnsLock (correctness),unmapped,,
kondo/lockServer/manual,LockServerProof.InitImpliesInv (correctness),unchanged,False,correctness:LockServerProofInitImpliesInv:0
kondo/lockServer/manual,LockServerProof.InvNextAtMostOneLockHolderClients (well-formedness),unmapped,,
kondo/lockServer/manual,UtilitiesLibrary.max (well-formedness),unchanged,False,well-formedness:UtilitiesLibrarymax:0
kondo/lockServer/manual,LockServerProof.InvNextHostOwnsLockImpliesNotInFlight (well-formedness),group,False,well-formedness:LockServerProofInvNextHostOwnsLockImpliesNotInFligh*
kondo/lockServer/manual,LockServerProof.InvNextAtMostOneLockHolderServers (well-formedness),unmapped,,
kondo/lockServer/manual,UtilitiesLibrary.DropLast (well-formedness),unchanged,False,well-formedness:UtilitiesLibraryDropLast:0
kondo/lockServer/manual,LockServerProof.InvImpliesSafety (well-formedness),unchanged,False,well-formedness:LockServerProofInvImpliesSafety:0
kondo/lockServer/manual,LockServerProof.LockInFlightByMessage (well-formedness),unchanged,False,well-formedness:LockServerProofLockInFlightByMessage:0
kondo/lockServer/manual,LockServerProof.InvNextServerOwnsLockImpliesNoClientsOwnsLock (well-formedness),group,False,well-formedness:LockServerProofInvNextServerOwnsLockImpliesNoClientsOwn*
kondo/lockServer/manual,LockServerProof.Inv (well-formedness),unchanged,False,well-formedness:LockServerProofInv:0
kondo/lockServer/manual,LockServerProof.LockInFlight (well-formedness),unchanged,False,well-formedness:LockServerProofLockInFlight:0
kondo/lockServer/manual,MessageInvariants.InitImpliesMessageInv (correctness),unchanged,False,correctness:MessageInvariantsInitImpliesMessageInv:0
kondo/lockServer/manual,LockServerProof.InvImpliesSafety (correctness),unchanged,False,correctness:LockServerProofInvImpliesSafety:0
kondo/lockServer/manual,LockServerProof.ProtocolInv (well-formedness),unchanged,False,well-formedness:LockServerProofProtocolInv:0
kondo/lockServer/manual,MessageInvariants.MessageInv (well-formedness),unchanged,False,well-formedness:MessageInvariantsMessageInv:0
kondo/lockServer/manual,DistributedSystem.NextClientStep (well-formedness),unchanged,False,well-formedness:DistributedSystemNextClientStep:0
kondo/lockServer/manual,DistributedSystem.NextServerStep (well-formedness),unchanged,False,well-formedness:DistributedSystemNextServerStep:0
kondo/lockServer/manual,DistributedSystem.NextStep (well-formedness),unchanged,False,well-formedness:DistributedSystemNextStep:0
kondo/lockServer/manual,DistributedSystem.Next (well-formedness),unchanged,False,well-formedness:DistributedSystemNext:0
kondo/lockServer/manual,LockServerProof.AtMostOneInFlightMessage (well-formedness),unchanged,False,well-formedness:LockServerProofAtMostOneInFlightMessage:0
kondo/lockServer/manual,LockServerProof.HostOwnsLockImpliesNotInFlight (well-formedness),unmapped,,
kondo/lockServer/manual,LockServerProof.AtMostOneLockHolderClients (well-formedness),unchanged,False,well-formedness:LockServerProofAtMostOneLockHolderClients:0
kondo/lockServer/manual,LockServerProof.NoHostOwnsLock (well-formedness),unchanged,False,well-formedness:LockServerProofNoHostOwnsLock:0
kondo/lockServer/manual,LockServerProof.AtMostOneLockOwnerImpliesSafety (correctness),unchanged,False,correctness:LockServerProofAtMostOneLockOwnerImpliesSafety:0
kondo/lockServer/manual,LockServerProof.NoClientOwnsLock (well-formedness),unchanged,False,well-formedness:LockServerProofNoClientOwnsLock:0
kondo/lockServer/manual,LockServerProof.NoServerOwnsLock (well-formedness),unchanged,False,well-formedness:LockServerProofNoServerOwnsLock:0
kondo/lockServer/manual,LockServerProof.ServerOwnsLockImpliesNoClientsOwnsLock (well-formedness),group,False,well-formedness:LockServerProofServerOwnsLockImpliesNoClientsOwnsLo*
kondo/lockServer/manual,LockServerProof.AtMostOneLockHolderServers (well-formedness),unchanged,False,well-formedness:LockServerProofAtMostOneLockHolderServers:0
kondo/lockServer/manual,LockServerProof.AtMostOneLockOwnerImpliesSafety (well-formedness),unmapped,,
kondo/lockServer/manual,ClientHost.NextReleaseStep (well-formedness),unchanged,False,well-formedness:ClientHostNextReleaseStep:0
kondo/lockServer/manual,DistributedSystem.Variables.WF (well-formedness),unchanged,False,well-formedness:DistributedSystemVariablesWF:0
kondo/lockServer/manual,ClientHost.GroupWF (well-formedness),unchanged,False,well-formedness:ClientHostGroupWF:0
kondo/lockServer/manual,DistributedSystem.InitHosts (well-formedness),unchanged,False,well-formedness:DistributedSystemInitHosts:0
kondo/lockServer/manual,ServerHost.GroupInit (well-formedness),unchanged,False,well-formedness:ServerHostGroupInit:0
kondo/lockServer/manual,UtilitiesLibrary.GetIndexForMember (correctness),unchanged,False,correctness:UtilitiesLibraryGetIndexForMember:0
kondo/lockServer/manual,DistributedSystem.Constants.UniqueIds (well-formedness),unchanged,False,well-formedness:DistributedSystemConstantsUniqueIds:0
kondo/lockServer/manual,ClientHost.NextStep (well-formedness),unchanged,False,well-formedness:ClientHostNextStep:0
kondo/lockServer/manual,UtilitiesLibrary.MapRemoveOne (well-formedness),content,True,well-formedness:UtilitiesLibraryMapRemoveOne:0
kondo/lockServer/manual,ClientHost.GroupInit (well-formedness),unchanged,False,well-formedness:ClientHostGroupInit:0
kondo/lockServer/manual,ClientHost.SendRelease (well-formedness),unchanged,False,well-formedness:ClientHostSendRelease:0
kondo/lockServer/manual,ClientHost.NextReceiveStep (well-formedness),unchanged,False,well-formedness:ClientHostNextReceiveStep:0
kondo/lockServer/manual,ServerHost.NextReceiveStep (well-formedness),unchanged,False,well-formedness:ServerHostNextReceiveStep:0
kondo/lockServer/manual,UtilitiesLibrary.SetIsQuorum (well-formedness),unchanged,False,well-formedness:UtilitiesLibrarySetIsQuorum:0
kondo/lockServer/manual,ServerHost.SendGrant (well-formedness),unchanged,False,well-formedness:ServerHostSendGrant:0
kondo/lockServer/manual,UtilitiesLibrary.SeqOptionMonotoneIncreasing (well-formedness),unchanged,False,well-formedness:UtilitiesLibrarySeqOptionMonotoneIncreasing:0
kondo/lockServer/manual,UtilitiesLibrary.UnionIncreasesCardinality (correctness),unchanged,False,correctness:UtilitiesLibraryUnionIncreasesCardinality:0
kondo/lockServer/manual,UtilitiesLibrary.SetsAreSubsetsOfUnion (correctness),unchanged,False,correctness:UtilitiesLibrarySetsAreSubsetsOfUnion:0
kondo/lockServer/manual,UtilitiesLibrary.SetComprehensionSize (correctness),unchanged,False,correctness:UtilitiesLibrarySetComprehensionSize:0
kondo/lockServer/manual,Network.Next (well-formedness),unchanged,False,well-formedness:NetworkNext:0
kondo/lockServer/manual,ServerHost.NextStep (well-formedness),unchanged,False,well-formedness:ServerHostNextStep:0
kondo/lockServer/manual,UtilitiesLibrary.EachUnionMemberBelongsToASet (correctness),unchanged,False,correctness:UtilitiesLibraryEachUnionMemberBelongsToASet:0
kondo/lockServer/manual,MonotonicityLibrary.MonotonicMap.SatisfiesMonotonic (well-formedness),unchanged,False,well-formedness:MonotonicityLibraryMonotonicMapSatisfiesMonotonic:0
kondo/lockServer/manual,ServerHost.NextGrantStep (well-formedness),unchanged,False,well-formedness:ServerHostNextGrantStep:0
kondo/lockServer/manual,MonotonicityLibrary.MonotonicSeq.SatisfiesMonotonic (well-formedness),unchanged,False,well-formedness:MonotonicityLibraryMonotonicSeqSatisfiesMonotonic:0
kondo/lockServer/manual,UtilitiesLibrary.GetIndexForMember (well-formedness),unchanged,False,well-formedness:UtilitiesLibraryGetIndexForMember:0
kondo/lockServer/manual,UtilitiesLibrary.EachUnionMemberBelongsToASet (well-formedness),unmapped,,
kondo/lockServer/manual,UtilitiesLibrary.UnionSeqOfSets (well-formedness),unchanged,False,well-formedness:UtilitiesLibraryUnionSeqOfSets:0
kondo/lockServer/manual,UtilitiesLibrary.SetsAreSubsetsOfUnion (well-formedness),unchanged,False,well-formedness:UtilitiesLibrarySetsAreSubsetsOfUnion:0
kondo/lockServer/manual,ServerHost.GroupWF (well-formedness),unchanged,False,well-formedness:ServerHostGroupWF:0
kondo/lockServer/manual,UtilitiesLibrary.Last (well-formedness),unchanged,False,well-formedness:UtilitiesLibraryLast:0
kondo/lockServer/manual,UtilitiesLibrary.SetContainmentCardinality (correctness),unchanged,False,correctness:UtilitiesLibrarySetContainmentCardinality:0
kondo/lockServer/manual,ClientHost.GroupWFConstants (well-formedness),unchanged,False,well-formedness:ClientHostGroupWFConstants:0
kondo/lockServer/manual,UtilitiesLibrary.QuorumIntersection (correctness),unchanged,False,correctness:UtilitiesLibraryQuorumIntersection:0
kondo/lockServer/manual,ClientHost.UniqueKeyInFlightForHost (well-formedness),unchanged,False,well-formedness:ClientHostUniqueKeyInFlightForHost:0
kondo/lockServer/manual,UtilitiesLibrary.Predecessor (well-formedness),unchanged,False,well-formedness:UtilitiesLibraryPredecessor:0
kondo/lockServer/manual,UtilitiesLibrary.SeqIsComplete (well-formedness),unchanged,False,well-formedness:UtilitiesLibrarySeqIsComplete:0
kondo/lockServer/manual,UtilitiesLibrary.StutterSeq (well-formedness),unchanged,False,well-formedness:UtilitiesLibraryStutterSeq:0
kondo/lockServer/manual,UtilitiesLibrary.DisjointSetUnionCardinality (correctness),unchanged,False,correctness:UtilitiesLibraryDisjointSetUnionCardinality:0
kondo/lockServer/manual,UtilitiesLibrary.LargerSetIncreasesCardinalityMore (correctness),unchanged,False,correctness:UtilitiesLibraryLargerSetIncreasesCardinalityMore:0
kondo/lockServer/manual,UtilitiesLibrary.SetMonotoneIncreasing (well-formedness),unchanged,False,well-formedness:UtilitiesLibrarySetMonotoneIncreasing:0
kondo/lockServer/manual,MonotonicityLibrary.MonotonicNatOption.SatisfiesMonotonic (well-formedness),unmapped,,
kondo/lockServer/manual,ServerHost.GroupWFConstants (well-formedness),unchanged,False,well-formedness:ServerHostGroupWFConstants:0
kondo/lockServer/manual,UtilitiesLibrary.StrictOrdering (well-formedness),unchanged,False,well-formedness:UtilitiesLibraryStrictOrdering:0
kondo/lockServer/manual,UtilitiesLibrary.SeqMonotoneIncreasing (well-formedness),unchanged,False,well-formedness:UtilitiesLibrarySeqMonotoneIncreasing:0
kondo/lockServer/manual,UtilitiesLibrary.IsSeqExtension (well-formedness),unchanged,False,well-formedness:UtilitiesLibraryIsSeqExtension:0
kondo/lockServer/manual,UtilitiesLibrary.Successor (well-formedness),unchanged,False,well-formedness:UtilitiesLibrarySuccessor:0
kondo/lockServer/manual,Types.Message.Dst (well-formedness),unchanged,False,well-formedness:TypesMessageDst:0
kondo/lockServer/manual,UtilitiesLibrary.SetContainmentCardinalityStrict (correctness),unchanged,False,correctness:UtilitiesLibrarySetContainmentCardinalityStrict:0
kondo/lockServer/sync,LockServerProof.InvInductive (correctness),unchanged,False,correctness:LockServerProofInvInductive:0
kondo/lockServer/sync,System.NextGrantStep (well-formedness),unchanged,False,well-formedness:SystemNextGrantStep:0
kondo/lockServer/sync,LockServerProof.InvNextServerOwnsLockImpliesNoClientsOwnsLock (correctness),unmapped,,
kondo/lockServer/sync,System.NextReleaseStep (well-formedness),unchanged,False,well-formedness:SystemNextReleaseStep:0
kondo/lockServer/sync,LockServerProof.InvNextServerOwnsLockImpliesNoClientsOwnsLock (well-formedness),group,False,well-formedness:LockServerProofInvNextServerOwnsLockImpliesNoClientsOwnsL*
kondo/lockServer/sync,System.NextStep (well-formedness),unchanged,False,well-formedness:SystemNextStep:0
kondo/lockServer/sync,System.Next (well-formedness),unchanged,False,well-formedness:SystemNext:0
kondo/lockServer/sync,UtilitiesLibrary.max (well-formedness),unchanged,False,well-formedness:UtilitiesLibrarymax:0
kondo/lockServer/sync,UtilitiesLibrary.DropLast (well-formedness),unchanged,False,well-formedness:UtilitiesLibraryDropLast:0
kondo/lockServer/sync,LockServerProof.Inv (well-formedness),unchanged,False,well-formedness:LockServerProofInv:0
kondo/lockServer/sync,LockServerProof.InitImpliesInv (correctness),unchanged,False,correctness:LockServerProofInitImpliesInv:0
kondo/lockServer/sync,LockServerProof.InvImpliesSafety (well-formedness),unchanged,False,well-formedness:LockServerProofInvImpliesSafety:0
kondo/lockServer/sync,System.Init (well-formedness),unchanged,False,well-formedness:SystemInit:0
kondo/lockServer/sync,LockServerProof.InvImpliesSafety (correctness),unchanged,False,correctness:LockServerProofInvImpliesSafety:0
kondo/lockServer/sync,LockServerProof.ServerOwnsLockImpliesNoClientsOwnsLock (well-formedness),group,False,well-formedness:LockServerProofServerOwnsLockImpliesNoClientsOwnsLock*
kondo/lockServer/sync,LockServerProof.ProtocolInv (well-formedness),unchanged,False,well-formedness:LockServerProofProtocolInv:0
kondo/lockServer/sync,System.Variables.WF (well-formedness),unchanged,False,well-formedness:SystemVariablesWF:0
kondo/lockServer/sync,ServerHost.NextStep (well-formedness),unchanged,False,well-formedness:ServerHostNextStep:0
kondo/lockServer/sync,ServerHost.GroupInit (well-formedness),unchanged,False,well-formedness:ServerHostGroupInit:0
kondo/lockServer/sync,Obligations.Safety (well-formedness),unchanged,False,well-formedness:ObligationsSafety:0
kondo/lockServer/sync,ServerHost.NextReceiveStep (well-formedness),unchanged,False,well-formedness:ServerHostNextReceiveStep:0
kondo/lockServer/sync,ServerHost.GroupWF (well-formedness),unchanged,False,well-formedness:ServerHostGroupWF:0
kondo/lockServer/sync,ClientHost.NextReceiveStep (well-formedness),unchanged,False,well-formedness:ClientHostNextReceiveStep:0
kondo/lockServer/sync,ClientHost.GroupInit (well-formedness),unchanged,False,well-formedness:ClientHostGroupInit:0
kondo/lockServer/sync,ClientHost.NextStep (well-formedness),unchanged,False,well-formedness:ClientHostNextStep:0
kondo/lockServer/sync,ServerHost.NextGrantStep (well-formedness),unchanged,False,well-formedness:ServerHostNextGrantStep:0
kondo/lockServer/sync,UtilitiesLibrary.MapRemoveOne (well-formedness),content,True,well-formedness:UtilitiesLibraryMapRemoveOne:0
kondo/lockServer/sync,ClientHost.NextReleaseStep (well-formedness),unchanged,False,well-formedness:ClientHostNextReleaseStep:0
kondo/lockServer/sync,UtilitiesLibrary.EachUnionMemberBelongsToASet (correctness),unchanged,False,correctness:UtilitiesLibraryEachUnionMemberBelongsToASet:0
kondo/lockServer/sync,UtilitiesLibrary.SetComprehensionSize (correctness),unchanged,False,correctness:UtilitiesLibrarySetComprehensionSize:0
kondo/lockServer/sync,ClientHost.SendRelease (well-formedness),unchanged,False,well-formedness:ClientHostSendRelease:0
kondo/lockServer/sync,UtilitiesLibrary.GetIndexForMember (correctness),unchanged,False,correctness:UtilitiesLibraryGetIndexForMember:0
kondo/lockServer/sync,UtilitiesLibrary.GetIndexForMember (well-formedness),unchanged,False,well-formedness:UtilitiesLibraryGetIndexForMember:0
kondo/lockServer/sync,ServerHost.SendGrant (well-formedness),unchanged,False,well-formedness:ServerHostSendGrant:0
kondo/lockServer/sync,UtilitiesLibrary.SetsAreSubsetsOfUnion (correctness),unchanged,False,correctness:UtilitiesLibrarySetsAreSubsetsOfUnion:0
kondo/lockServer/sync,Types.Message.Dst (well-formedness),unchanged,False,well-formedness:TypesMessageDst:0
kondo/lockServer/sync,System.Constants.UniqueIds (well-formedness),unchanged,False,well-formedness:SystemConstantsUniqueIds:0
kondo/lockServer/sync,ClientHost.GroupWF (well-formedness),unchanged,False,well-formedness:ClientHostGroupWF:0
kondo/lockServer/sync,UtilitiesLibrary.SeqMonotoneIncreasing (well-formedness),unchanged,False,well-formedness:UtilitiesLibrarySeqMonotoneIncreasing:0
kondo/lockServer/sync,UtilitiesLibrary.UnionSeqOfSets (well-formedness),unchanged,False,well-formedness:UtilitiesLibraryUnionSeqOfSets:0
kondo/lockServer/sync,UtilitiesLibrary.SeqOptionMonotoneIncreasing (well-formedness),unchanged,False,well-formedness:UtilitiesLibrarySeqOptionMonotoneIncreasing:0
kondo/lockServer/sync,UtilitiesLibrary.EachUnionMemberBelongsToASet (well-formedness),unchanged,False,well-formedness:UtilitiesLibraryEachUnionMemberBelongsToASet:0
kondo/lockServer/sync,UtilitiesLibrary.SetContainmentCardinality (correctness),unchanged,False,correctness:UtilitiesLibrarySetContainmentCardinality:0
kondo/lockServer/sync,UtilitiesLibrary.SetsAreSubsetsOfUnion (well-formedness),unchanged,False,well-formedness:UtilitiesLibrarySetsAreSubsetsOfUnion:0
kondo/lockServer/sync,ServerHost.GroupWFConstants (well-formedness),unchanged,False,well-formedness:ServerHostGroupWFConstants:0
kondo/lockServer/sync,UtilitiesLibrary.UnionIncreasesCardinality (correctness),unchanged,False,correctness:UtilitiesLibraryUnionIncreasesCardinality:0
kondo/lockServer/sync,UtilitiesLibrary.QuorumIntersection (correctness),unchanged,False,correctness:UtilitiesLibraryQuorumIntersection:0
kondo/lockServer/sync,ClientHost.GroupWFConstants (well-formedness),unchanged,False,well-formedness:ClientHostGroupWFConstants:0
kondo/lockServer/sync,ClientHost.UniqueKeyInFlightForHost (well-formedness),unchanged,False,well-formedness:ClientHostUniqueKeyInFlightForHost:0
kondo/lockServer/sync,UtilitiesLibrary.Predecessor (well-formedness),unchanged,False,well-formedness:UtilitiesLibraryPredecessor:0
kondo/lockServer/sync,UtilitiesLibrary.Last (well-formedness),unchanged,False,well-formedness:UtilitiesLibraryLast:0
kondo/lockServer/sync,UtilitiesLibrary.SeqIsComplete (well-formedness),unchanged,False,well-formedness:UtilitiesLibrarySeqIsComplete:0
kondo/lockServer/sync,UtilitiesLibrary.StutterSeq (well-formedness),unchanged,False,well-formedness:UtilitiesLibraryStutterSeq:0
kondo/lockServer/sync,UtilitiesLibrary.LargerSetIncreasesCardinalityMore (correctness),unchanged,False,correctness:UtilitiesLibraryLargerSetIncreasesCardinalityMore:0
kondo/lockServer/sync,UtilitiesLibrary.DisjointSetUnionCardinality (correctness),unchanged,False,correctness:UtilitiesLibraryDisjointSetUnionCardinality:0
kondo/lockServer/sync,UtilitiesLibrary.SetMonotoneIncreasing (well-formedness),unchanged,False,well-formedness:UtilitiesLibrarySetMonotoneIncreasing:0
kondo/lockServer/sync,UtilitiesLibrary.StrictOrdering (well-formedness),unchanged,False,well-formedness:UtilitiesLibraryStrictOrdering:0
kondo/lockServer/sync,UtilitiesLibrary.SetIsQuorum (well-formedness),unchanged,False,well-formedness:UtilitiesLibrarySetIsQuorum:0
kondo/lockServer/sync,UtilitiesLibrary.IsSeqExtension (well-formedness),unchanged,False,well-formedness:UtilitiesLibraryIsSeqExtension:0
kondo/lockServer/sync,UtilitiesLibrary.Successor (well-formedness),unchanged,False,well-formedness:UtilitiesLibrarySuccessor:0
kondo/lockServer/sync,UtilitiesLibrary.SetContainmentCardinalityStrict (correctness),unchanged,False,correctness:UtilitiesLibrarySetContainmentCardinalityStrict:0
kondo/paxos/sync,PaxosProof.InvNextAcceptorValidBundle (correctness),unchanged,False,correctness:PaxosProofInvNextAcceptorValidBundle:0
kondo/paxos/sync,PaxosProof.InvNextLeaderReceivedPromisesImpliesAcceptorState (correctness),unchanged,False,correctness:PaxosProofInvNextLeaderReceivedPromisesImpliesAcceptorState:0
kondo/paxos/sync,PaxosProof.InvNextChosenImpliesProposingLeaderHearsChosenBallot (correctness),unmapped,,
kondo/paxos/sync,PaxosProof.InvNextChosenImpliesProposingLeaderHearsChosenBallotP2bStep (correctness),group,False,correctness:PaxosProofInvNextChosenImpliesProposingLeaderHearsChosenBallotP2bStep*
kondo/paxos/sync,PaxosProof.InvNextChosenImpliesProposingLeaderHearsChosenBallotP1bStep (correctness),group,False,correctness:PaxosProofInvNextChosenImpliesProposingLeaderHearsChosenBallotP1bStep*
kondo/paxos/sync,PaxosProof.InvNextLearnerReceivedAcceptImpliesAccepted (correctness),unchanged,False,correctness:PaxosProofInvNextLearnerReceivedAcceptImpliesAccepted:0
kondo/paxos/sync,PaxosProof.InvNextLeaderHighestHeardToPromisedRangeHasNoAccepts (correctness),unmapped,,
kondo/paxos/sync,PaxosProof.InvNextChosenValImpliesLeaderOnlyHearsVal (correctness),unchanged,False,correctness:PaxosProofInvNextChosenValImpliesLeaderOnlyHearsVal:0
kondo/paxos/sync,PaxosProof.InvNextLearnerReceivedAcceptImpliesProposed (correctness),unchanged,False,correctness:PaxosProofInvNextLearnerReceivedAcceptImpliesProposed:0
kondo/paxos/sync,PaxosProof.InvNextLeaderHearedImpliesProposed (correctness),unchanged,False,correctness:PaxosProofInvNextLeaderHearedImpliesProposed:0
kondo/paxos/sync,PaxosProof.InvNextLeaderHighestHeardUpperBound (correctness),unchanged,False,correctness:PaxosProofInvNextLeaderHighestHeardUpperBound:0
kondo/paxos/sync,PaxosProof.InvInductive (correctness),unchanged,False,correctness:PaxosProofInvInductive:0
kondo/paxos/sync,PaxosProof.InvNextChosenValImpliesAcceptorOnlyAcceptsVal (correctness),unchanged,False,correctness:PaxosProofInvNextChosenValImpliesAcceptorOnlyAcceptsVal:0
kondo/paxos/sync,PaxosProof.InvNextLearnerValidReceivedAccepts (correctness),unchanged,False,correctness:PaxosProofInvNextLearnerValidReceivedAccepts:0
kondo/paxos/sync,PaxosProof.InvNextLeaderValidReceivedPromises (correctness),unchanged,False,correctness:PaxosProofInvNextLeaderValidReceivedPromises:0
kondo/paxos/sync,PaxosProof.InvNextLearnedImpliesQuorumOfAccepts (correctness),unchanged,False,correctness:PaxosProofInvNextLearnedImpliesQuorumOfAccepts:0
kondo/paxos/sync,PaxosProof.InitImpliesInv (correctness),unchanged,False,correctness:PaxosProofInitImpliesInv:0
kondo/paxos/sync,PaxosProof.InvNextLearnerValidReceivedAccepts (well-formedness),unchanged,False,well-formedness:PaxosProofInvNextLearnerValidReceivedAccepts:0
kondo/paxos/sync,PaxosProof.InvNextChosenValImpliesLeaderOnlyHearsVal (well-formedness),unmapped,,
kondo/paxos/sync,PaxosProof.InvImpliesAtMostOneChosenVal (correctness),unchanged,False,correctness:PaxosProofInvImpliesAtMostOneChosenVal:0
kondo/paxos/sync,PaxosProof.InvNextLearnedImpliesQuorumOfAccepts (well-formedness),unchanged,False,well-formedness:PaxosProofInvNextLearnedImpliesQuorumOfAccepts:0
kondo/paxos/sync,PaxosProof.ProtocolInv (well-formedness),unchanged,False,well-formedness:PaxosProofProtocolInv:0
kondo/paxos/sync,PaxosProof.InvNextLearnerReceivedAcceptImpliesProposed (well-formedness),unmapped,,
kondo/paxos/sync,PaxosProof.NewChosenOnlyInP2bStep (correctness),unchanged,False,correctness:PaxosProofNewChosenOnlyInP2bStep:0
kondo/paxos/sync,PaxosProof.InvNextLearnerReceivedAcceptImpliesAccepted (well-formedness),unmapped,,
kondo/paxos/sync,PaxosProof.InvNextLeaderHighestHeardToPromisedRangeHasNoAccepts (well-formedness),group,False,well-formedness:PaxosProofInvNextLeaderHighestHeardToPromisedRangeHasNoAccepts*
kondo/paxos/sync,PaxosProof.InvNextLeaderHearedImpliesProposed (well-formedness),unchanged,False,well-formedness:PaxosProofInvNextLeaderHearedImpliesProposed:0
kondo/paxos/sync,PaxosProof.InvNextChosenImpliesProposingLeaderHearsChosenBallot (well-formedness),group,False,well-formedness:PaxosProofInvNextChosenImpliesProposingLeaderHearsChosenBallot*
kondo/paxos/sync,PaxosProof.InvNextChosenImpliesProposingLeaderHearsChosenBallotP2bStep (well-formedness),group,False,well-formedness:PaxosProofInvNextChosenImpliesProposingLeaderHearsChosenBallot*
kondo/paxos/sync,PaxosProof.InvNextChosenImpliesProposingLeaderHearsChosenBallotP1bStep (well-formedness),group,False,well-formedness:PaxosProofInvNextChosenImpliesProposingLeaderHearsChosenBallot*
kondo/paxos/sync,PaxosProof.InvNextChosenValImpliesAcceptorOnlyAcceptsVal (well-formedness),unmapped,,
kondo/paxos/sync,PaxosProof.InvNextLeaderValidReceivedPromises (well-formedness),unchanged,False,well-formedness:PaxosProofInvNextLeaderValidReceivedPromises:0
kondo/paxos/sync,PaxosProof.InvNextLeaderHighestHeardUpperBound (well-formedness),unchanged,False,well-formedness:PaxosProofInvNextLeaderHighestHeardUpperBound:0
kondo/paxos/sync,System.NextStep (well-formedness),unchanged,False,well-formedness:SystemNextStep:0
kondo/paxos/sync,PaxosProof.InvImpliesSafety (correctness),unchanged,False,correctness:PaxosProofInvImpliesSafety:0
kondo/paxos/sync,PaxosProof.InvNextLeaderReceivedPromisesImpliesAcceptorState (well-formedness),group,False,well-formedness:PaxosProofInvNextLeaderReceivedPromisesImpliesAcceptorStat*
kondo/paxos/sync,PaxosProof.InvImpliesSafety (well-formedness),unchanged,False,well-formedness:PaxosProofInvImpliesSafety:0
kondo/paxos/sync,PaxosProof.NewChosenOnlyInP2bStep (well-formedness),unchanged,False,well-formedness:PaxosProofNewChosenOnlyInP2bStep:0
kondo/paxos/sync,PaxosProof.Inv (well-formedness),unchanged,False,well-formedness:PaxosProofInv:0
kondo/paxos/sync,PaxosProof.InvNextAcceptorValidBundle (well-formedness),unchanged,False,well-formedness:PaxosProofInvNextAcceptorValidBundle:0
kondo/paxos/sync,System.Next (well-formedness),unchanged,False,well-formedness:SystemNext:0
kondo/paxos/sync,System.NextP1aStep (well-formedness),unchanged,False,well-formedness:SystemNextP1aStep:0
kondo/paxos/sync,PaxosProof.OneValuePerBallotLeaderAndLearners (well-formedness),unchanged,False,well-formedness:PaxosProofOneValuePerBallotLeaderAndLearners:0
kondo/paxos/sync,System.NextP1bStep (well-formedness),unchanged,False,well-formedness:SystemNextP1bStep:0
kondo/paxos/sync,UtilitiesLibrary.max (well-formedness),unchanged,False,well-formedness:UtilitiesLibrarymax:0
kondo/paxos/sync,PaxosProof.LearnerValidReceivedAccepts (well-formedness),unchanged,False,well-formedness:PaxosProofLearnerValidReceivedAccepts:0
kondo/paxos/sync,System.NextP2aStep (well-formedness),unchanged,False,well-formedness:SystemNextP2aStep:0
kondo/paxos/sync,UtilitiesLibrary.DropLast (well-formedness),unchanged,False,well-formedness:UtilitiesLibraryDropLast:0
kondo/paxos/sync,System.NextP2bStep (well-formedness),unchanged,False,well-formedness:SystemNextP2bStep:0
kondo/paxos/sync,PaxosProof.LearnerReceivedAcceptImpliesProposed (well-formedness),unchanged,False,well-formedness:PaxosProofLearnerReceivedAcceptImpliesProposed:0
kondo/paxos/sync,PaxosProof.LearnedImpliesQuorumOfAccepts (well-formedness),unchanged,False,well-formedness:PaxosProofLearnedImpliesQuorumOfAccepts:0
kondo/paxos/sync,PaxosProof.ChosenImpliesProposingLeaderHearsChosenBallot (well-formedness),unmapped,,
kondo/paxos/sync,PaxosProof.LearnerReceivedAcceptImpliesAccepted (well-formedness),unchanged,False,well-formedness:PaxosProofLearnerReceivedAcceptImpliesAccepted:0
kondo/paxos/sync,PaxosProof.ChosenValImpliesAcceptorOnlyAcceptsVal (well-formedness),unchanged,False,well-formedness:PaxosProofChosenValImpliesAcceptorOnlyAcceptsVal:0
kondo/paxos/sync,System.NextLearnerInternalStep (well-formedness),unchanged,False,well-formedness:SystemNextLearnerInternalStep:0
kondo/paxos/sync,PaxosProof.ChosenValImpliesLeaderOnlyHearsVal (well-formedness),unchanged,False,well-formedness:PaxosProofChosenValImpliesLeaderOnlyHearsVal:0
kondo/paxos/sync,PaxosProof.LeaderHighestHeardToPromisedRangeHasNoAccepts (well-formedness),unmapped,,
kondo/paxos/sync,PaxosProof.InvImpliesAtMostOneChosenVal (well-formedness),unchanged,False,well-formedness:PaxosProofInvImpliesAtMostOneChosenVal:0
kondo/paxos/sync,PaxosProof.GetAcceptorSet (correctness),unchanged,False,correctness:PaxosProofGetAcceptorSet:0
kondo/paxos/sync,PaxosProof.AtMostOneChosenImpliesSafety (correctness),unchanged,False,correctness:PaxosProofAtMostOneChosenImpliesSafety:0
kondo/paxos/sync,PaxosProof.AcceptorAcceptedImpliesProposed (well-formedness),unchanged,False,well-formedness:PaxosProofAcceptorAcceptedImpliesProposed:0
kondo/paxos/sync,PaxosProof.LeaderHearedImpliesProposed (well-formedness),unchanged,False,well-formedness:PaxosProofLeaderHearedImpliesProposed:0
kondo/paxos/sync,PaxosProof.AcceptorValidPromisedAndAccepted (well-formedness),unchanged,False,well-formedness:PaxosProofAcceptorValidPromisedAndAccepted:0
kondo/paxos/sync,PaxosProof.LeaderHighestHeardUpperBound (well-formedness),unchanged,False,well-formedness:PaxosProofLeaderHighestHeardUpperBound:0
kondo/paxos/sync,PaxosProof.LeaderValidReceivedPromises (well-formedness),unchanged,False,well-formedness:PaxosProofLeaderValidReceivedPromises:0
kondo/paxos/sync,System.Variables.LeaderCanPropose (well-formedness),unchanged,False,well-formedness:SystemVariablesLeaderCanPropose:0
kondo/paxos/sync,PaxosProof.LeaderHearsDifferentValueFromChosenImpliesFalse (correctness),unchanged,False,correctness:PaxosProofLeaderHearsDifferentValueFromChosenImpliesFalse:0
kondo/paxos/sync,PaxosProof.LeaderReceivedPromisesImpliesAcceptorState (well-formedness),unmapped,,
kondo/paxos/sync,PaxosProof.LeaderHearsDifferentValueFromChosenImpliesFalse (well-formedness),group,False,well-formedness:PaxosProofLeaderHearsDifferentValueFromChosenImpliesFalse*
kondo/paxos/sync,Obligations.Safety (well-formedness),unchanged,False,well-formedness:ObligationsSafety:0
kondo/paxos/sync,PaxosProof.AtMostOneChosenImpliesSafety (well-formedness),unchanged,False,well-formedness:PaxosProofAtMostOneChosenImpliesSafety:0
kondo/paxos/sync,System.Init (well-formedness),unchanged,False,well-formedness:SystemInit:0
kondo/paxos/sync,PaxosProof.SupportingAcceptorsForChosen (correctness),unchanged,False,correctness:PaxosProofSupportingAcceptorsForChosen:0
kondo/paxos/sync,PaxosProof.LearnedImpliesChosen (well-formedness),unchanged,False,well-formedness:PaxosProofLearnedImpliesChosen:0
kondo/paxos/sync,PaxosProof.AtMostOneChosenVal (well-formedness),unchanged,False,well-formedness:PaxosProofAtMostOneChosenVal:0
kondo/paxos/sync,PaxosProof.SupportingAcceptorsForChosen (well-formedness),unchanged,False,well-formedness:PaxosProofSupportingAcceptorsForChosen:0
kondo/paxos/sync,System.AcceptorsUnchangedExcept (well-formedness),unchanged,False,well-formedness:SystemAcceptorsUnchangedExcept:0
kondo/paxos/sync,PaxosProof.LearnedImpliesChosen (correctness),unchanged,False,correctness:PaxosProofLearnedImpliesChosen:0
kondo/paxos/sync,System.LeadersUnchangedExcept (well-formedness),unchanged,False,well-formedness:SystemLeadersUnchangedExcept:0
kondo/paxos/sync,System.LearnersUnchangedExcept (well-formedness),unchanged,False,well-formedness:SystemLearnersUnchangedExcept:0
kondo/paxos/sync,LearnerHost.NextReceiveAcceptStep (well-formedness),unchanged,False,well-formedness:LearnerHostNextReceiveAcceptStep:0
kondo/paxos/sync,PaxosProof.ChosenAtLearner (well-formedness),unchanged,False,well-formedness:PaxosProofChosenAtLearner:0
kondo/paxos/sync,PaxosProof.Chosen (well-formedness),unchanged,False,well-formedness:PaxosProofChosen:0
kondo/paxos/sync,LeaderHost.GroupInit (well-formedness),unchanged,False,well-formedness:LeaderHostGroupInit:0
kondo/paxos/sync,AcceptorHost.Variables.WF (well-formedness),unchanged,False,well-formedness:AcceptorHostVariablesWF:0
kondo/paxos/sync,AcceptorHost.Variables.HasAccepted (well-formedness),unchanged,False,well-formedness:AcceptorHostVariablesHasAccepted:0
kondo/paxos/sync,AcceptorHost.UpdateReceiveAcceptedStep (correctness),unchanged,False,correctness:AcceptorHostUpdateReceiveAcceptedStep:0
kondo/paxos/sync,Types.Message.Src (well-formedness),unchanged,False,well-formedness:TypesMessageSrc:0
kondo/paxos/sync,LeaderHost.ReceivePromise (well-formedness),unchanged,False,well-formedness:LeaderHostReceivePromise:0
kondo/paxos/sync,LeaderHost.NextReceivePromiseStep (well-formedness),unchanged,False,well-formedness:LeaderHostNextReceivePromiseStep:0
kondo/paxos/sync,UtilitiesLibrary.MapRemoveOne (well-formedness),content,True,well-formedness:UtilitiesLibraryMapRemoveOne:0
kondo/paxos/sync,AcceptorHost.NextMaybePromiseStep (well-formedness),unchanged,False,well-formedness:AcceptorHostNextMaybePromiseStep:0
kondo/paxos/sync,AcceptorHost.SendPromise (well-formedness),unchanged,False,well-formedness:AcceptorHostSendPromise:0
kondo/paxos/sync,LearnerHost.NextLearnStep (well-formedness),unchanged,False,well-formedness:LearnerHostNextLearnStep:0
kondo/paxos/sync,AcceptorHost.NextReceivePrepareStep (well-formedness),unchanged,False,well-formedness:AcceptorHostNextReceivePrepareStep:0
kondo/paxos/sync,System.Constants.UniqueLeaderIds (well-formedness),unchanged,False,well-formedness:SystemConstantsUniqueLeaderIds:0
kondo/paxos/sync,AcceptorHost.GroupInit (well-formedness),unchanged,False,well-formedness:AcceptorHostGroupInit:0
kondo/paxos/sync,System.Constants.UniqueAcceptorIds (well-formedness),unchanged,False,well-formedness:SystemConstantsUniqueAcceptorIds:0
kondo/paxos/sync,AcceptorHost.SendAccept (well-formedness),unchanged,False,well-formedness:AcceptorHostSendAccept:0
kondo/paxos/sync,UtilitiesLibrary.GetIndexForMember (correctness),unchanged,False,correctness:UtilitiesLibraryGetIndexForMember:0
kondo/paxos/sync,AcceptorHost.NextBroadcastAcceptedStep (well-formedness),unchanged,False,well-formedness:AcceptorHostNextBroadcastAcceptedStep:0
kondo/paxos/sync,LeaderHost.NextProposeStep (well-formedness),unchanged,False,well-formedness:LeaderHostNextProposeStep:0
kondo/paxos/sync,UtilitiesLibrary.SetComprehensionSize (correctness),unchanged,False,correctness:UtilitiesLibrarySetComprehensionSize:0
kondo/paxos/sync,UtilitiesLibrary.EachUnionMemberBelongsToASet (correctness),unchanged,False,correctness:UtilitiesLibraryEachUnionMemberBelongsToASet:0
kondo/paxos/sync,AcceptorHost.NextMaybeAcceptStep (well-formedness),unchanged,False,well-formedness:AcceptorHostNextMaybeAcceptStep:0
kondo/paxos/sync,UtilitiesLibrary.SetsAreSubsetsOfUnion (correctness),unchanged,False,correctness:UtilitiesLibrarySetsAreSubsetsOfUnion:0
kondo/paxos/sync,AcceptorHost.Variables.HasPromised (well-formedness),unchanged,False,well-formedness:AcceptorHostVariablesHasPromised:0
kondo/paxos/sync,LeaderHost.NextPrepareStep (well-formedness),unchanged,False,well-formedness:LeaderHostNextPrepareStep:0
kondo/paxos/sync,LearnerHost.ReceiveAcceptTrigger (well-formedness),unchanged,False,well-formedness:LearnerHostReceiveAcceptTrigger:0
kondo/paxos/sync,UtilitiesLibrary.UnionSeqOfSets (well-formedness),unchanged,False,well-formedness:UtilitiesLibraryUnionSeqOfSets:0
kondo/paxos/sync,AcceptorHost.Variables.HasAcceptedAtLeastBal (well-formedness),unchanged,False,well-formedness:AcceptorHostVariablesHasAcceptedAtLeastBal:0
kondo/paxos/sync,LearnerHost.ReceiveAccept (well-formedness),unchanged,False,well-formedness:LearnerHostReceiveAccept:0
kondo/paxos/sync,UtilitiesLibrary.LargerSetIncreasesCardinalityMore (correctness),unchanged,False,correctness:UtilitiesLibraryLargerSetIncreasesCardinalityMore:0
kondo/paxos/sync,UtilitiesLibrary.UnionIncreasesCardinality (correctness),unchanged,False,correctness:UtilitiesLibraryUnionIncreasesCardinality:0
kondo/paxos/sync,UtilitiesLibrary.GetIndexForMember (well-formedness),unchanged,False,well-formedness:UtilitiesLibraryGetIndexForMember:0
kondo/paxos/sync,LearnerHost.GroupInit (well-formedness),unchanged,False,well-formedness:LearnerHostGroupInit:0
kondo/paxos/sync,UtilitiesLibrary.SetContainmentCardinality (correctness),unchanged,False,correctness:UtilitiesLibrarySetContainmentCardinality:0
kondo/paxos/sync,UtilitiesLibrary.SetMonotoneIncreasing (well-formedness),unchanged,False,well-formedness:UtilitiesLibrarySetMonotoneIncreasing:0
kondo/paxos/sync,UtilitiesLibrary.EachUnionMemberBelongsToASet (well-formedness),unchanged,False,well-formedness:UtilitiesLibraryEachUnionMemberBelongsToASet:0
kondo/paxos/sync,UtilitiesLibrary.SetsAreSubsetsOfUnion (well-formedness),unchanged,False,well-formedness:UtilitiesLibrarySetsAreSubsetsOfUnion:0
kondo/paxos/sync,UtilitiesLibrary.SetIsQuorum (well-formedness),unchanged,False,well-formedness:UtilitiesLibrarySetIsQuorum:0
kondo/paxos/sync,UtilitiesLibrary.SeqOptionMonotoneIncreasing (well-formedness),unchanged,False,well-formedness:UtilitiesLibrarySeqOptionMonotoneIncreasing:0
kondo/paxos/sync,AcceptorHost.GroupWF (well-formedness),unchanged,False,well-formedness:AcceptorHostGroupWF:0
kondo/paxos/sync,LearnerHost.UpdateReceivedAccepts (well-formedness),unchanged,False,well-formedness:LearnerHostUpdateReceivedAccepts:0
kondo/paxos/sync,UtilitiesLibrary.QuorumIntersection (correctness),unchanged,False,correctness:UtilitiesLibraryQuorumIntersection:0
kondo/paxos/sync,UtilitiesLibrary.Successor (well-formedness),unchanged,False,well-formedness:UtilitiesLibrarySuccessor:0
kondo/paxos/sync,Types.MonotonicReceivedAccepts.SatisfiesMonotonic (well-formedness),unchanged,False,well-formedness:TypesMonotonicReceivedAcceptsSatisfiesMonotonic:0
kondo/paxos/sync,LeaderHost.GroupWF (well-formedness),unchanged,False,well-formedness:LeaderHostGroupWF:0
kondo/paxos/sync,UtilitiesLibrary.SeqIsComplete (well-formedness),unchanged,False,well-formedness:UtilitiesLibrarySeqIsComplete:0
kondo/paxos/sync,UtilitiesLibrary.Last (well-formedness),unchanged,False,well-formedness:UtilitiesLibraryLast:0
kondo/paxos/sync,System.Constants.UniqueLearnerIds (well-formedness),unchanged,False,well-formedness:SystemConstantsUniqueLearnerIds:0
kondo/paxos/sync,UtilitiesLibrary.StutterSeq (well-formedness),unchanged,False,well-formedness:UtilitiesLibraryStutterSeq:0
kondo/paxos/sync,UtilitiesLibrary.DisjointSetUnionCardinality (correctness),unchanged,False,correctness:UtilitiesLibraryDisjointSetUnionCardinality:0
kondo/paxos/sync,UtilitiesLibrary.Predecessor (well-formedness),unchanged,False,well-formedness:UtilitiesLibraryPredecessor:0
kondo/paxos/sync,UtilitiesLibrary.SeqMonotoneIncreasing (well-formedness),unchanged,False,well-formedness:UtilitiesLibrarySeqMonotoneIncreasing:0
kondo/paxos/sync,UtilitiesLibrary.StrictOrdering (well-formedness),unchanged,False,well-formedness:UtilitiesLibraryStrictOrdering:0
kondo/paxos/sync,UtilitiesLibrary.IsSeqExtension (well-formedness),unchanged,False,well-formedness:UtilitiesLibraryIsSeqExtension:0
kondo/paxos/sync,UtilitiesLibrary.SetContainmentCardinalityStrict (correctness),unchanged,False,correctness:UtilitiesLibrarySetContainmentCardinalityStrict:0
kondo/paxos/sync,AcceptorHost.Variables.HasAcceptedValue (well-formedness),unchanged,False,well-formedness:AcceptorHostVariablesHasAcceptedValue:0
kondo/paxos/sync,AcceptorHost.Variables.HasAcceptedAtMostBal (well-formedness),unchanged,False,well-formedness:AcceptorHostVariablesHasAcceptedAtMostBal:0
kondo/paxos/sync,LeaderHost.GroupWFConstants (well-formedness),unchanged,False,well-formedness:LeaderHostGroupWFConstants:0
kondo/paxos/sync,AcceptorHost.GroupWFConstants (well-formedness),unchanged,False,well-formedness:AcceptorHostGroupWFConstants:0
kondo/paxos/sync,LearnerHost.GroupWFConstants (well-formedness),unchanged,False,well-formedness:LearnerHostGroupWFConstants:0
kondo/paxos/sync,Types.MonotonicVBOption.SatisfiesMonotonic (well-formedness),unchanged,False,well-formedness:TypesMonotonicVBOptionSatisfiesMonotonic:0
kondo/paxos/sync,AcceptorHost.Variables.HasPromisedAtLeast (well-formedness),unchanged,False,well-formedness:AcceptorHostVariablesHasPromisedAtLeast:0
kondo/paxos/sync,Types.MonotonicVBOption.ToOption (well-formedness),unchanged,False,well-formedness:TypesMonotonicVBOptionToOption:0
kondo/paxos/sync,LeaderHost.Variables.HeardAtMost (well-formedness),unchanged,False,well-formedness:LeaderHostVariablesHeardAtMost:0
kondo/paxos/sync,LeaderHost.Variables.HeardAtLeast (well-formedness),unchanged,False,well-formedness:LeaderHostVariablesHeardAtLeast:0
kondo/ringLeaderElection/manual,RingLeaderElectionProof.ChordDominatesInductive (correctness),unchanged,False,correctness:RingLeaderElectionProofChordDominatesInductive:0
kondo/ringLeaderElection/manual,RingLeaderElectionProof.InvInductive (correctness),unchanged,False,correctness:RingLeaderElectionProofInvInductive:0
kondo/ringLeaderElection/manual,RingLeaderElectionProof.MidMustHaveSentSrcHostId (correctness),unmapped,,
kondo/ringLeaderElection/manual,RingLeaderElectionProof.InitImpliesInv (correctness),unchanged,False,correctness:RingLeaderElectionProofInitImpliesInv:0
kondo/ringLeaderElection/manual,RingLeaderElectionProof.ChordDominatesInductive (well-formedness),group,False,well-formedness:RingLeaderElectionProofChordDominatesInductive*
kondo/ringLeaderElection/manual,MessageInvariants.MessageInvInductive (correctness),unchanged,False,correctness:MessageInvariantsMessageInvInductive:0
kondo/ringLeaderElection/manual,RingLeaderElectionProof.ChordDominatesImpliesSafety (correctness),unmapped,,
kondo/ringLeaderElection/manual,UtilitiesLibrary.max (well-formedness),unchanged,False,well-formedness:UtilitiesLibrarymax:0
kondo/ringLeaderElection/manual,UtilitiesLibrary.DropLast (well-formedness),unchanged,False,well-formedness:UtilitiesLibraryDropLast:0
kondo/ringLeaderElection/manual,RingLeaderElectionProof.InvImpliesSafety (well-formedness),unmapped,,
kondo/ringLeaderElection/manual,DistributedSystem.NextStep (well-formedness),unchanged,False,well-formedness:DistributedSystemNextStep:0
kondo/ringLeaderElection/manual,RingLeaderElectionProof.ProtocolInv (well-formedness),unchanged,False,well-formedness:RingLeaderElectionProofProtocolInv:0
kondo/ringLeaderElection/manual,RingLeaderElectionProof.Inv (well-formedness),unchanged,False,well-formedness:RingLeaderElectionProofInv:0
kondo/ringLeaderElection/manual,RingLeaderElectionProof.InvImpliesSafety (correctness),unchanged,False,correctness:RingLeaderElectionProofInvImpliesSafety:0
kondo/ringLeaderElection/manual,DistributedSystem.Next (well-formedness),unchanged,False,well-formedness:DistributedSystemNext:0
kondo/ringLeaderElection/manual,MessageInvariants.ReceiveValidity (well-formedness),unchanged,False,well-formedness:MessageInvariantsReceiveValidity:0
kondo/ringLeaderElection/manual,DistributedSystem.HostAction (well-formedness),unchanged,False,well-formedness:DistributedSystemHostAction:0
kondo/ringLeaderElection/manual,RingLeaderElectionProof.ChordDominates (well-formedness),unmapped,,
kondo/ringLeaderElection/manual,MessageInvariants.InitImpliesMessageInv (correctness),unchanged,False,correctness:MessageInvariantsInitImpliesMessageInv:0
kondo/ringLeaderElection/manual,RingLeaderElectionProof.SentNotMyIdImpliesReceivedId (well-formedness),group,False,well-formedness:RingLeaderElectionProofSentNotMyIdImpliesReceiv*
kondo/ringLeaderElection/manual,Host.NextStep (well-formedness),unchanged,False,well-formedness:HostNextStep:0
kondo/ringLeaderElection/manual,RingLeaderElectionProof.ChordDominatesMsgs (well-formedness),unmapped,,
kondo/ringLeaderElection/manual,RingLeaderElectionProof.MidMustHaveSentSrcHostId (well-formedness),group,False,well-formedness:RingLeaderElectionProofMidMustHaveSentSrcHostId*
kondo/ringLeaderElection/manual,MonotonicityLibrary.MonotonicSeq.SatisfiesMonotonic (well-formedness),unmapped,,
kondo/ringLeaderElection/manual,MessageInvariants.MessageInv (well-formedness),unchanged,False,well-formedness:MessageInvariantsMessageInv:0
kondo/ringLeaderElection/manual,RingLeaderElectionProof.ChordDominatesImpliesSafety (well-formedness),group,False,well-formedness:RingLeaderElectionProofChordDominatesImpliesSaf*
kondo/ringLeaderElection/manual,UtilitiesLibrary.MapRemoveOne (well-formedness),content,True,well-formedness:UtilitiesLibraryMapRemoveOne:0
kondo/ringLeaderElection/manual,RingLeaderElectionProof.PayloadGeqSenderHostId (well-formedness),group,False,well-formedness:RingLeaderElectionProofPayloadGeqSenderHost*
kondo/ringLeaderElection/manual,DistributedSystem.Constants.UniqueIds (well-formedness),unchanged,False,well-formedness:DistributedSystemConstantsUniqueIds:0
kondo/ringLeaderElection/manual,UtilitiesLibrary.SetComprehensionSize (correctness),unchanged,False,correctness:UtilitiesLibrarySetComprehensionSize:0
kondo/ringLeaderElection/manual,UtilitiesLibrary.EachUnionMemberBelongsToASet (correctness),unchanged,False,correctness:UtilitiesLibraryEachUnionMemberBelongsToASet:0
kondo/ringLeaderElection/manual,Host.NextReceiveStep (well-formedness),unchanged,False,well-formedness:HostNextReceiveStep:0
kondo/ringLeaderElection/manual,MonotonicityLibrary.MonotonicMap.SatisfiesMonotonic (well-formedness),unmapped,,
kondo/ringLeaderElection/manual,Host.NextTransmissionStep (well-formedness),unchanged,False,well-formedness:HostNextTransmissionStep:0
kondo/ringLeaderElection/manual,UtilitiesLibrary.SetContainmentCardinality (correctness),unchanged,False,correctness:UtilitiesLibrarySetContainmentCardinality:0
kondo/ringLeaderElection/manual,Host.GroupInit (well-formedness),unchanged,False,well-formedness:HostGroupInit:0
kondo/ringLeaderElection/manual,UtilitiesLibrary.SetsAreSubsetsOfUnion (correctness),unchanged,False,correctness:UtilitiesLibrarySetsAreSubsetsOfUnion:0
kondo/ringLeaderElection/manual,RingLeaderElectionProof.SuccessorDecreasesDistance (well-formedness),group,False,well-formedness:RingLeaderElectionProofSuccessorDecreasesDistan*
kondo/ringLeaderElection/manual,Network.Next (well-formedness),unchanged,False,well-formedness:NetworkNext:0
kondo/ringLeaderElection/manual,UtilitiesLibrary.GetIndexForMember (correctness),unchanged,False,correctness:UtilitiesLibraryGetIndexForMember:0
kondo/ringLeaderElection/manual,Host.ReceiveMsg (well-formedness),unchanged,False,well-formedness:HostReceiveMsg:0
kondo/ringLeaderElection/manual,Host.GroupWF (well-formedness),unchanged,False,well-formedness:HostGroupWF:0
kondo/ringLeaderElection/manual,UtilitiesLibrary.StutterSeq (well-formedness),unchanged,False,well-formedness:UtilitiesLibraryStutterSeq:0
kondo/ringLeaderElection/manual,UtilitiesLibrary.UnionSeqOfSets (well-formedness),unchanged,False,well-formedness:UtilitiesLibraryUnionSeqOfSets:0
kondo/ringLeaderElection/manual,UtilitiesLibrary.EachUnionMemberBelongsToASet (well-formedness),group,False,well-formedness:UtilitiesLibraryEachUnionMemberBelongsToASe*
kondo/ringLeaderElection/manual,UtilitiesLibrary.GetIndexForMember (well-formedness),unchanged,False,well-formedness:UtilitiesLibraryGetIndexForMember:0
kondo/ringLeaderElection/manual,UtilitiesLibrary.SetsAreSubsetsOfUnion (well-formedness),unmapped,,
kondo/ringLeaderElection/manual,Host.GroupWFConstants (well-formedness),unchanged,False,well-formedness:HostGroupWFConstants:0
kondo/ringLeaderElection/manual,UtilitiesLibrary.UnionIncreasesCardinality (correctness),unchanged,False,correctness:UtilitiesLibraryUnionIncreasesCardinality:0
kondo/ringLeaderElection/manual,UtilitiesLibrary.SeqOptionMonotoneIncreasing (well-formedness),group,False,well-formedness:UtilitiesLibrarySeqOptionMonotoneIncreasing*
kondo/ringLeaderElection/manual,UtilitiesLibrary.QuorumIntersection (correctness),unchanged,False,correctness:UtilitiesLibraryQuorumIntersection:0
kondo/ringLeaderElection/manual,UtilitiesLibrary.SeqIsComplete (well-formedness),unchanged,False,well-formedness:UtilitiesLibrarySeqIsComplete:0
kondo/ringLeaderElection/manual,MonotonicityLibrary.MonotonicNatOption.SatisfiesMonotonic (well-formedness),group,False,well-formedness:MonotonicityLibraryMonotonicNatOptionSatisfiesMonotonic*
kondo/ringLeaderElection/manual,UtilitiesLibrary.StrictOrdering (well-formedness),unchanged,False,well-formedness:UtilitiesLibraryStrictOrdering:0
kondo/ringLeaderElection/manual,UtilitiesLibrary.Last (well-formedness),unchanged,False,well-formedness:UtilitiesLibraryLast:0
kondo/ringLeaderElection/manual,UtilitiesLibrary.SeqMonotoneIncreasing (well-formedness),unmapped,,
kondo/ringLeaderElection/manual,UtilitiesLibrary.Predecessor (well-formedness),unchanged,False,well-formedness:UtilitiesLibraryPredecessor:0
kondo/ringLeaderElection/manual,UtilitiesLibrary.LargerSetIncreasesCardinalityMore (correctness),unmapped,,
kondo/ringLeaderElection/manual,UtilitiesLibrary.DisjointSetUnionCardinality (correctness),unchanged,False,correctness:UtilitiesLibraryDisjointSetUnionCardinality:0
kondo/ringLeaderElection/manual,UtilitiesLibrary.SetMonotoneIncreasing (well-formedness),unmapped,,
kondo/ringLeaderElection/manual,UtilitiesLibrary.SetIsQuorum (well-formedness),unchanged,False,well-formedness:UtilitiesLibrarySetIsQuorum:0
kondo/ringLeaderElection/manual,UtilitiesLibrary.IsSeqExtension (well-formedness),unchanged,False,well-formedness:UtilitiesLibraryIsSeqExtension:0
kondo/ringLeaderElection/manual,UtilitiesLibrary.SetContainmentCardinalityStrict (correctness),unmapped,,
kondo/ringLeaderElection/manual,UtilitiesLibrary.Successor (well-formedness),unchanged,False,well-formedness:UtilitiesLibrarySuccessor:0
kondo/ringLeaderElection/manual,RingLeaderElectionProof.SuccessorDecreasesDistance (correctness),unmapped,,
kondo/ringLeaderElection/manual,RingLeaderElectionProof.Distance (well-formedness),unchanged,False,well-formedness:RingLeaderElectionProofDistance:0
kondo/ringLeaderElection/sync,RingLeaderElectionProof.InvInductive (correctness),unchanged,False,correctness:RingLeaderElectionProofInvInductive:0
kondo/ringLeaderElection/sync,UtilitiesLibrary.DropLast (well-formedness),unchanged,False,well-formedness:UtilitiesLibraryDropLast:0
kondo/ringLeaderElection/sync,UtilitiesLibrary.max (well-formedness),unchanged,False,well-formedness:UtilitiesLibrarymax:0
kondo/ringLeaderElection/sync,System.Transmission (well-formedness),unchanged,False,well-formedness:SystemTransmission:0
kondo/ringLeaderElection/sync,Host.NextStep (well-formedness),unchanged,False,well-formedness:HostNextStep:0
kondo/ringLeaderElection/sync,System.NextStep (well-formedness),unchanged,False,well-formedness:SystemNextStep:0
kondo/ringLeaderElection/sync,RingLeaderElectionProof.InitImpliesInv (correctness),unchanged,False,correctness:RingLeaderElectionProofInitImpliesInv:0
kondo/ringLeaderElection/sync,Host.NextTransmissionStep (well-formedness),unchanged,False,well-formedness:HostNextTransmissionStep:0
kondo/ringLeaderElection/sync,System.Next (well-formedness),unchanged,False,well-formedness:SystemNext:0
kondo/ringLeaderElection/sync,RingLeaderElectionProof.InvImpliesSafety (correctness),unchanged,False,correctness:RingLeaderElectionProofInvImpliesSafety:0
kondo/ringLeaderElection/sync,Host.NextReceiveStep (well-formedness),unchanged,False,well-formedness:HostNextReceiveStep:0
kondo/ringLeaderElection/sync,RingLeaderElectionProof.Inv (well-formedness),unchanged,False,well-formedness:RingLeaderElectionProofInv:0
kondo/ringLeaderElection/sync,Host.ReceiveMsg (well-formedness),unchanged,False,well-formedness:HostReceiveMsg:0
kondo/ringLeaderElection/sync,Host.GroupWF (well-formedness),unchanged,False,well-formedness:HostGroupWF:0
kondo/ringLeaderElection/sync,RingLeaderElectionProof.InvImpliesSafety (well-formedness),unmapped,,
kondo/ringLeaderElection/sync,Obligations.IsLeader (well-formedness),unchanged,False,well-formedness:ObligationsIsLeader:0
kondo/ringLeaderElection/sync,RingLeaderElectionProof.ChordDominates (well-formedness),unchanged,False,well-formedness:RingLeaderElectionProofChordDominates:0
kondo/ringLeaderElection/sync,RingLeaderElectionProof.ProtocolInv (well-formedness),unchanged,False,well-formedness:RingLeaderElectionProofProtocolInv:0
kondo/ringLeaderElection/sync,Host.GroupInit (well-formedness),unchanged,False,well-formedness:HostGroupInit:0
kondo/ringLeaderElection/sync,Obligations.Safety (well-formedness),unchanged,False,well-formedness:ObligationsSafety:0
kondo/ringLeaderElection/sync,UtilitiesLibrary.MapRemoveOne (well-formedness),content,True,well-formedness:UtilitiesLibraryMapRemoveOne:0
kondo/ringLeaderElection/sync,UtilitiesLibrary.QuorumIntersection (correctness),unchanged,False,correctness:UtilitiesLibraryQuorumIntersection:0
kondo/ringLeaderElection/sync,UtilitiesLibrary.SetsAreSubsetsOfUnion (well-formedness),unchanged,False,well-formedness:UtilitiesLibrarySetsAreSubsetsOfUnion:0
kondo/ringLeaderElection/sync,UtilitiesLibrary.DisjointSetUnionCardinality (correctness),unchanged,False,correctness:UtilitiesLibraryDisjointSetUnionCardinality:0
kondo/ringLeaderElection/sync,UtilitiesLibrary.SetComprehensionSize (correctness),unchanged,False,correctness:UtilitiesLibrarySetComprehensionSize:0
kondo/ringLeaderElection/sync,UtilitiesLibrary.Successor (well-formedness),unchanged,False,well-formedness:UtilitiesLibrarySuccessor:0
kondo/ringLeaderElection/sync,UtilitiesLibrary.Predecessor (well-formedness),unchanged,False,well-formedness:UtilitiesLibraryPredecessor:0
kondo/ringLeaderElection/sync,UtilitiesLibrary.SetsAreSubsetsOfUnion (correctness),unchanged,False,correctness:UtilitiesLibrarySetsAreSubsetsOfUnion:0
kondo/ringLeaderElection/sync,Host.GroupWFConstants (well-formedness),unchanged,False,well-formedness:HostGroupWFConstants:0
kondo/ringLeaderElection/sync,UtilitiesLibrary.EachUnionMemberBelongsToASet (correctness),unchanged,False,correctness:UtilitiesLibraryEachUnionMemberBelongsToASet:0
kondo/ringLeaderElection/sync,UtilitiesLibrary.GetIndexForMember (correctness),unchanged,False,correctness:UtilitiesLibraryGetIndexForMember:0
kondo/ringLeaderElection/sync,UtilitiesLibrary.UnionSeqOfSets (well-formedness),unchanged,False,well-formedness:UtilitiesLibraryUnionSeqOfSets:0
kondo/ringLeaderElection/sync,UtilitiesLibrary.EachUnionMemberBelongsToASet (well-formedness),group,False,well-formedness:UtilitiesLibraryEachUnionMemberBelongsToASet*
kondo/ringLeaderElection/sync,UtilitiesLibrary.GetIndexForMember (well-formedness),unchanged,False,well-formedness:UtilitiesLibraryGetIndexForMember:0
kondo/ringLeaderElection/sync,System.Constants.UniqueIds (well-formedness),unchanged,False,well-formedness:SystemConstantsUniqueIds:0
kondo/ringLeaderElection/sync,UtilitiesLibrary.UnionIncreasesCardinality (correctness),unchanged,False,correctness:UtilitiesLibraryUnionIncreasesCardinality:0
kondo/ringLeaderElection/sync,UtilitiesLibrary.SetContainmentCardinality (correctness),unchanged,False,correctness:UtilitiesLibrarySetContainmentCardinality:0
kondo/ringLeaderElection/sync,UtilitiesLibrary.SeqOptionMonotoneIncreasing (well-formedness),unmapped,,
kondo/ringLeaderElection/sync,UtilitiesLibrary.Last (well-formedness),unchanged,False,well-formedness:UtilitiesLibraryLast:0
kondo/ringLeaderElection/sync,UtilitiesLibrary.SeqIsComplete (well-formedness),unchanged,False,well-formedness:UtilitiesLibrarySeqIsComplete:0
kondo/ringLeaderElection/sync,UtilitiesLibrary.LargerSetIncreasesCardinalityMore (correctness),unmapped,,
kondo/ringLeaderElection/sync,UtilitiesLibrary.SetIsQuorum (well-formedness),unchanged,False,well-formedness:UtilitiesLibrarySetIsQuorum:0
kondo/ringLeaderElection/sync,UtilitiesLibrary.StutterSeq (well-formedness),unchanged,False,well-formedness:UtilitiesLibraryStutterSeq:0
kondo/ringLeaderElection/sync,UtilitiesLibrary.SetMonotoneIncreasing (well-formedness),unchanged,False,well-formedness:UtilitiesLibrarySetMonotoneIncreasing:0
kondo/ringLeaderElection/sync,UtilitiesLibrary.StrictOrdering (well-formedness),unchanged,False,well-formedness:UtilitiesLibraryStrictOrdering:0
kondo/ringLeaderElection/sync,UtilitiesLibrary.SeqMonotoneIncreasing (well-formedness),unchanged,False,well-formedness:UtilitiesLibrarySeqMonotoneIncreasing:0
kondo/ringLeaderElection/sync,UtilitiesLibrary.IsSeqExtension (well-formedness),unchanged,False,well-formedness:UtilitiesLibraryIsSeqExtension:0
kondo/ringLeaderElection/sync,RingLeaderElectionProof.Distance (well-formedness),unchanged,False,well-formedness:RingLeaderElectionProofDistance:0
kondo/ringLeaderElection/sync,UtilitiesLibrary.SetContainmentCardinalityStrict (correctness),unchanged,False,correctness:UtilitiesLibrarySetContainmentCardinalityStrict:0
kondo/shardedKv/manual,ShardedKVProof.InvNextLiveKeyImpliesNoneInFlight (correctness),content,True,correctness:ShardedKVProofInvNextLiveKeyImpliesNoneInFlight:0
kondo/shardedKv/manual,ShardedKVProof.InvNextAtMostOneInFlight (correctness),content,True,correctness:ShardedKVProofInvNextAtMostOneInFlight:0
kondo/shardedKv/manual,ShardedKVProof.InvNextSafety (correctness),content,True,correctness:ShardedKVProofInvNextSafety:0
kondo/shardedKv/manual,ShardedKVProof.InvNextAtMostOneInFlightHelper (correctness),content,True,correctness:ShardedKVProofInvNextAtMostOneInFlightHelper:0
kondo/shardedKv/manual,ShardedKVProof.InvNextAtMostOneInFlightHelper (well-formedness),content,True,well-formedness:ShardedKVProofInvNextAtMostOneInFlightHelper:0
kondo/shardedKv/manual,ShardedKVProof.AtMostOneHostHasLiveKey (correctness),content,True,correctness:ShardedKVProofAtMostOneHostHasLiveKey:0
kondo/shardedKv/manual,ShardedKVProof.InvInductive (correctness),content,True,correctness:ShardedKVProofInvInductive:0
kondo/shardedKv/manual,ShardedKVProof.InvNextSafety (well-formedness),content,True,well-formedness:ShardedKVProofInvNextSafety:0
kondo/shardedKv/manual,ShardedKVProof.AtMostOneHostHasLiveKey (well-formedness),content,True,well-formedness:ShardedKVProofAtMostOneHostHasLiveKey:0
kondo/shardedKv/manual,ShardedKVProof.InvNextAtMostOneInFlight (well-formedness),content,True,well-formedness:ShardedKVProofInvNextAtMostOneInFlight:0
kondo/shardedKv/manual,ShardedKVProof.InvNextLiveKeyImpliesNoneInFlight (well-formedness),unmapped,,
kondo/shardedKv/manual,ShardedKVProof.InitImpliesInv (correctness),unchanged,False,correctness:ShardedKVProofInitImpliesInv:0
kondo/shardedKv/manual,ShardedKVProof.KeyInFlight (well-formedness),unchanged,False,well-formedness:ShardedKVProofKeyInFlight:0
kondo/shardedKv/manual,UtilitiesLibrary.DropLast (well-formedness),unchanged,False,well-formedness:UtilitiesLibraryDropLast:0
kondo/shardedKv/manual,UtilitiesLibrary.max (well-formedness),unchanged,False,well-formedness:UtilitiesLibrarymax:0
kondo/shardedKv/manual,Host.NextStep (well-formedness),content,True,well-formedness:HostNextStep:0
kondo/shardedKv/manual,Host.GroupInit (well-formedness),unchanged,False,well-formedness:HostGroupInit:0
kondo/shardedKv/manual,ShardedKVProof.InvImpliesSafety (well-formedness),unchanged,False,well-formedness:ShardedKVProofInvImpliesSafety:0
kondo/shardedKv/manual,Host.NextSendStep (well-formedness),content,True,well-formedness:HostNextSendStep:0
kondo/shardedKv/manual,ShardedKVProof.AtMostOneInFlight (well-formedness),unchanged,False,well-formedness:ShardedKVProofAtMostOneInFlight:0
kondo/shardedKv/manual,ShardedKVProof.NoneHasLiveKey (well-formedness),unchanged,False,well-formedness:ShardedKVProofNoneHasLiveKey:0
kondo/shardedKv/manual,ShardedKVProof.Inv (well-formedness),unchanged,False,well-formedness:ShardedKVProofInv:0
kondo/shardedKv/manual,ShardedKVProof.ProtocolInv (well-formedness),unchanged,False,well-formedness:ShardedKVProofProtocolInv:0
kondo/shardedKv/manual,ShardedKVProof.LiveKeyImpliesNoneInFlight (well-formedness),unchanged,False,well-formedness:ShardedKVProofLiveKeyImpliesNoneInFlight:0
kondo/shardedKv/manual,DistributedSystem.HostAction (well-formedness),content,True,well-formedness:DistributedSystemHostAction:0
kondo/shardedKv/manual,ShardedKVProof.InvImpliesSafety (correctness),unchanged,False,correctness:ShardedKVProofInvImpliesSafety:0
kondo/shardedKv/manual,ShardedKVProof.KeyInFlightByMessage (well-formedness),unchanged,False,well-formedness:ShardedKVProofKeyInFlightByMessage:0
kondo/shardedKv/manual,Host.Init (well-formedness),unchanged,False,well-formedness:HostInit:0
kondo/shardedKv/manual,Host.SendReconf (well-formedness),content,True,well-formedness:HostSendReconf:0
kondo/shardedKv/manual,Host.NextReceiveStep (well-formedness),unchanged,False,well-formedness:HostNextReceiveStep:0
kondo/shardedKv/manual,Host.Variables.HasLiveKey (well-formedness),unchanged,False,well-formedness:HostVariablesHasLiveKey:0
kondo/shardedKv/manual,Host.GroupWFConstants (well-formedness),unchanged,False,well-formedness:HostGroupWFConstants:0
kondo/shardedKv/manual,UtilitiesLibrary.MapRemoveOne (well-formedness),content,True,well-formedness:UtilitiesLibraryMapRemoveOne:0
kondo/shardedKv/manual,UtilitiesLibrary.SetComprehensionSize (correctness),unchanged,False,correctness:UtilitiesLibrarySetComprehensionSize:0
kondo/shardedKv/manual,UtilitiesLibrary.SetsAreSubsetsOfUnion (correctness),unchanged,False,correctness:UtilitiesLibrarySetsAreSubsetsOfUnion:0
kondo/shardedKv/manual,UtilitiesLibrary.EachUnionMemberBelongsToASet (well-formedness),unchanged,False,well-formedness:UtilitiesLibraryEachUnionMemberBelongsToASet:0
kondo/shardedKv/manual,Host.GroupWF (well-formedness),unchanged,False,well-formedness:HostGroupWF:0
kondo/shardedKv/manual,Network.Next (well-formedness),unchanged,False,well-formedness:NetworkNext:0
kondo/shardedKv/manual,UtilitiesLibrary.GetIndexForMember (correctness),unchanged,False,correctness:UtilitiesLibraryGetIndexForMember:0
kondo/shardedKv/manual,MonotonicityLibrary.MonotonicMap.SatisfiesMonotonic (well-formedness),unchanged,False,well-formedness:MonotonicityLibraryMonotonicMapSatisfiesMonotonic:0
kondo/shardedKv/manual,Host.UniqueKeyInFlightForHost (well-formedness),unchanged,False,well-formedness:HostUniqueKeyInFlightForHost:0
kondo/shardedKv/manual,UtilitiesLibrary.EachUnionMemberBelongsToASet (correctness),unchanged,False,correctness:UtilitiesLibraryEachUnionMemberBelongsToASet:0
kondo/shardedKv/manual,UtilitiesLibrary.GetIndexForMember (well-formedness),unchanged,False,well-formedness:UtilitiesLibraryGetIndexForMember:0
kondo/shardedKv/manual,UtilitiesLibrary.UnionSeqOfSets (well-formedness),unchanged,False,well-formedness:UtilitiesLibraryUnionSeqOfSets:0
kondo/shardedKv/manual,UtilitiesLibrary.SetsAreSubsetsOfUnion (well-formedness),unchanged,False,well-formedness:UtilitiesLibrarySetsAreSubsetsOfUnion:0
kondo/shardedKv/manual,DistributedSystem.Constants.UniqueIds (well-formedness),unchanged,False,well-formedness:DistributedSystemConstantsUniqueIds:0
kondo/shardedKv/manual,UtilitiesLibrary.UnionIncreasesCardinality (correctness),unchanged,False,correctness:UtilitiesLibraryUnionIncreasesCardinality:0
kondo/shardedKv/manual,UtilitiesLibrary.SeqOptionMonotoneIncreasing (well-formedness),unchanged,False,well-formedness:UtilitiesLibrarySeqOptionMonotoneIncreasing:0
kondo/shardedKv/manual,UtilitiesLibrary.SetContainmentCardinality (correctness),unchanged,False,correctness:UtilitiesLibrarySetContainmentCardinality:0
kondo/shardedKv/manual,MonotonicityLibrary.MonotonicSeq.SatisfiesMonotonic (well-formedness),unchanged,False,well-formedness:MonotonicityLibraryMonotonicSeqSatisfiesMonotonic:0
kondo/shardedKv/manual,MonotonicityLibrary.MonotonicNatOption.SatisfiesMonotonic (well-formedness),unmapped,,
kondo/shardedKv/manual,UtilitiesLibrary.QuorumIntersection (correctness),unchanged,False,correctness:UtilitiesLibraryQuorumIntersection:0
kondo/shardedKv/manual,UtilitiesLibrary.SeqIsComplete (well-formedness),unchanged,False,well-formedness:UtilitiesLibrarySeqIsComplete:0
kondo/shardedKv/manual,UtilitiesLibrary.Successor (well-formedness),unchanged,False,well-formedness:UtilitiesLibrarySuccessor:0
kondo/shardedKv/manual,UtilitiesLibrary.Last (well-formedness),unchanged,False,well-formedness:UtilitiesLibraryLast:0
kondo/shardedKv/manual,UtilitiesLibrary.StrictOrdering (well-formedness),unchanged,False,well-formedness:UtilitiesLibraryStrictOrdering:0
kondo/shardedKv/manual,UtilitiesLibrary.DisjointSetUnionCardinality (correctness),unchanged,False,correctness:UtilitiesLibraryDisjointSetUnionCardinality:0
kondo/shardedKv/manual,UtilitiesLibrary.StutterSeq (well-formedness),unchanged,False,well-formedness:UtilitiesLibraryStutterSeq:0
kondo/shardedKv/manual,UtilitiesLibrary.LargerSetIncreasesCardinalityMore (correctness),unchanged,False,correctness:UtilitiesLibraryLargerSetIncreasesCardinalityMore:0
kondo/shardedKv/manual,UtilitiesLibrary.SetMonotoneIncreasing (well-formedness),unchanged,False,well-formedness:UtilitiesLibrarySetMonotoneIncreasing:0
kondo/shardedKv/manual,UtilitiesLibrary.SetIsQuorum (well-formedness),unchanged,False,well-formedness:UtilitiesLibrarySetIsQuorum:0
kondo/shardedKv/manual,UtilitiesLibrary.SeqMonotoneIncreasing (well-formedness),unchanged,False,well-formedness:UtilitiesLibrarySeqMonotoneIncreasing:0
kondo/shardedKv/manual,UtilitiesLibrary.IsSeqExtension (well-formedness),unchanged,False,well-formedness:UtilitiesLibraryIsSeqExtension:0
kondo/shardedKv/manual,UtilitiesLibrary.Predecessor (well-formedness),unchanged,False,well-formedness:UtilitiesLibraryPredecessor:0
kondo/shardedKv/manual,UtilitiesLibrary.SetContainmentCardinalityStrict (correctness),unchanged,False,correctness:UtilitiesLibrarySetContainmentCardinalityStrict:0
kondo/shardedKv/sync,ShardedKVProof.InvNextSafety (correctness),content,True,correctness:ShardedKVProofInvNextSafety:0
kondo/shardedKv/sync,System.NextTransferStep (well-formedness),content,True,well-formedness:SystemNextTransferStep:0
kondo/shardedKv/sync,UtilitiesLibrary.max (well-formedness),unchanged,False,well-formedness:UtilitiesLibrarymax:0
kondo/shardedKv/sync,UtilitiesLibrary.DropLast (well-formedness),unchanged,False,well-formedness:UtilitiesLibraryDropLast:0
kondo/shardedKv/sync,ShardedKVProof.InvNextSafety (well-formedness),content,True,well-formedness:ShardedKVProofInvNextSafety:0
kondo/shardedKv/sync,ShardedKVProof.InvInductive (correctness),content,True,correctness:ShardedKVProofInvInductive:0
kondo/shardedKv/sync,ShardedKVProof.InitImpliesInv (correctness),unchanged,False,correctness:ShardedKVProofInitImpliesInv:0
kondo/shardedKv/sync,System.NextStep (well-formedness),content,True,well-formedness:SystemNextStep:0
kondo/shardedKv/sync,ShardedKVProof.InvImpliesSafety (well-formedness),unchanged,False,well-formedness:ShardedKVProofInvImpliesSafety:0
kondo/shardedKv/sync,ShardedKVProof.Inv (well-formedness),unchanged,False,well-formedness:ShardedKVProofInv:0
kondo/shardedKv/sync,Host.GroupInit (well-formedness),unchanged,False,well-formedness:HostGroupInit:0
kondo/shardedKv/sync,System.Next (well-formedness),content,True,well-formedness:SystemNext:0
kondo/shardedKv/sync,Host.NextStep (well-formedness),content,True,well-formedness:HostNextStep:0
kondo/shardedKv/sync,ShardedKVProof.InvImpliesSafety (correctness),unchanged,False,correctness:ShardedKVProofInvImpliesSafety:0
kondo/shardedKv/sync,Host.NextSendStep (well-formedness),content,True,well-formedness:HostNextSendStep:0
kondo/shardedKv/sync,Obligations.Safety (well-formedness),unchanged,False,well-formedness:ObligationsSafety:0
kondo/shardedKv/sync,Host.SendReconf (well-formedness),content,True,well-formedness:HostSendReconf:0
kondo/shardedKv/sync,Host.NextReceiveStep (well-formedness),unchanged,False,well-formedness:HostNextReceiveStep:0
kondo/shardedKv/sync,UtilitiesLibrary.MapRemoveOne (well-formedness),content,True,well-formedness:UtilitiesLibraryMapRemoveOne:0
kondo/shardedKv/sync,Host.Init (well-formedness),unchanged,False,well-formedness:HostInit:0
kondo/shardedKv/sync,UtilitiesLibrary.GetIndexForMember (correctness),unchanged,False,correctness:UtilitiesLibraryGetIndexForMember:0
kondo/shardedKv/sync,UtilitiesLibrary.Last (well-formedness),unchanged,False,well-formedness:UtilitiesLibraryLast:0
kondo/shardedKv/sync,UtilitiesLibrary.UnionIncreasesCardinality (correctness),unchanged,False,correctness:UtilitiesLibraryUnionIncreasesCardinality:0
kondo/shardedKv/sync,UtilitiesLibrary.SetsAreSubsetsOfUnion (correctness),unchanged,False,correctness:UtilitiesLibrarySetsAreSubsetsOfUnion:0
kondo/shardedKv/sync,UtilitiesLibrary.QuorumIntersection (correctness),unchanged,False,correctness:UtilitiesLibraryQuorumIntersection:0
kondo/shardedKv/sync,UtilitiesLibrary.SetComprehensionSize (correctness),unchanged,False,correctness:UtilitiesLibrarySetComprehensionSize:0
kondo/shardedKv/sync,UtilitiesLibrary.SeqMonotoneIncreasing (well-formedness),unchanged,False,well-formedness:UtilitiesLibrarySeqMonotoneIncreasing:0
kondo/shardedKv/sync,UtilitiesLibrary.StrictOrdering (well-formedness),unchanged,False,well-formedness:UtilitiesLibraryStrictOrdering:0
kondo/shardedKv/sync,UtilitiesLibrary.SetContainmentCardinalityStrict (correctness),unchanged,False,correctness:UtilitiesLibrarySetContainmentCardinalityStrict:0
kondo/shardedKv/sync,UtilitiesLibrary.SeqOptionMonotoneIncreasing (well-formedness),unchanged,False,well-formedness:UtilitiesLibrarySeqOptionMonotoneIncreasing:0
kondo/shardedKv/sync,UtilitiesLibrary.IsSeqExtension (well-formedness),unchanged,False,well-formedness:UtilitiesLibraryIsSeqExtension:0
kondo/shardedKv/sync,UtilitiesLibrary.SetContainmentCardinality (correctness),unchanged,False,correctness:UtilitiesLibrarySetContainmentCardinality:0
kondo/shardedKv/sync,UtilitiesLibrary.LargerSetIncreasesCardinalityMore (correctness),unchanged,False,correctness:UtilitiesLibraryLargerSetIncreasesCardinalityMore:0
kondo/shardedKv/sync,Host.UniqueKeyInFlightForHost (well-formedness),unchanged,False,well-formedness:HostUniqueKeyInFlightForHost:0
kondo/shardedKv/sync,UtilitiesLibrary.UnionSeqOfSets (well-formedness),unchanged,False,well-formedness:UtilitiesLibraryUnionSeqOfSets:0
kondo/shardedKv/sync,Host.GroupWF (well-formedness),unchanged,False,well-formedness:HostGroupWF:0
kondo/shardedKv/sync,UtilitiesLibrary.EachUnionMemberBelongsToASet (correctness),unchanged,False,correctness:UtilitiesLibraryEachUnionMemberBelongsToASet:0
kondo/shardedKv/sync,Host.Variables.HasLiveKey (well-formedness),unchanged,False,well-formedness:HostVariablesHasLiveKey:0
kondo/shardedKv/sync,UtilitiesLibrary.EachUnionMemberBelongsToASet (well-formedness),unchanged,False,well-formedness:UtilitiesLibraryEachUnionMemberBelongsToASet:0
kondo/shardedKv/sync,UtilitiesLibrary.DisjointSetUnionCardinality (correctness),unchanged,False,correctness:UtilitiesLibraryDisjointSetUnionCardinality:0
kondo/shardedKv/sync,Host.GroupWFConstants (well-formedness),unchanged,False,well-formedness:HostGroupWFConstants:0
kondo/shardedKv/sync,System.Constants.UniqueIds (well-formedness),unchanged,False,well-formedness:SystemConstantsUniqueIds:0
kondo/shardedKv/sync,UtilitiesLibrary.SetsAreSubsetsOfUnion (well-formedness),unchanged,False,well-formedness:UtilitiesLibrarySetsAreSubsetsOfUnion:0
kondo/shardedKv/sync,UtilitiesLibrary.GetIndexForMember (well-formedness),unchanged,False,well-formedness:UtilitiesLibraryGetIndexForMember:0
kondo/shardedKv/sync,UtilitiesLibrary.SetMonotoneIncreasing (well-formedness),unchanged,False,well-formedness:UtilitiesLibrarySetMonotoneIncreasing:0
kondo/shardedKv/sync,UtilitiesLibrary.Successor (well-formedness),unchanged,False,well-formedness:UtilitiesLibrarySuccessor:0
kondo/shardedKv/sync,UtilitiesLibrary.Predecessor (well-formedness),unchanged,False,well-formedness:UtilitiesLibraryPredecessor:0
kondo/shardedKv/sync,UtilitiesLibrary.SeqIsComplete (well-formedness),unchanged,False,well-formedness:UtilitiesLibrarySeqIsComplete:0
kondo/shardedKv/sync,UtilitiesLibrary.StutterSeq (well-formedness),unchanged,False,well-formedness:UtilitiesLibraryStutterSeq:0
kondo/shardedKv/sync,UtilitiesLibrary.SetIsQuorum (well-formedness),unchanged,False,well-formedness:UtilitiesLibrarySetIsQuorum:0
kondo/shardedKvBatched/manual,ShardedKVProof.InvNextLiveKeyImpliesNoneInFlight (correctness),content,True,correctness:ShardedKVProofInvNextLiveKeyImpliesNoneInFlight:0
kondo/shardedKvBatched/manual,ShardedKVProof.InvNextAtMostOneInFlight (correctness),content,True,correctness:ShardedKVProofInvNextAtMostOneInFlight:0
kondo/shardedKvBatched/manual,ShardedKVProof.InvNextSafety (correctness),content,True,correctness:ShardedKVProofInvNextSafety:0
kondo/shardedKvBatched/manual,ShardedKVProof.InvNextAtMostOneInFlightHelper (correctness),content,True,correctness:ShardedKVProofInvNextAtMostOneInFlightHelper:0
kondo/shardedKvBatched/manual,ShardedKVProof.AtMostOneHostHasLiveKey (correctness),content,True,correctness:ShardedKVProofAtMostOneHostHasLiveKey:0
kondo/shardedKvBatched/manual,ShardedKVProof.InvInductive (correctness),content,True,correctness:ShardedKVProofInvInductive:0
kondo/shardedKvBatched/manual,ShardedKVProof.InvNextAtMostOneInFlight (well-formedness),unmapped,,
kondo/shardedKvBatched/manual,ShardedKVProof.InvNextLiveKeyImpliesNoneInFlight (well-formedness),group,True,well-formedness:ShardedKVProofInvNextLiveKeyImpliesNoneInFlig*
kondo/shardedKvBatched/manual,ShardedKVProof.InvNextAtMostOneInFlightHelper (well-formedness),group,True,well-formedness:ShardedKVProofInvNextAtMostOneInFlightHelper*
kondo/shardedKvBatched/manual,ShardedKVProof.AtMostOneHostHasLiveKey (well-formedness),content,True,well-formedness:ShardedKVProofAtMostOneHostHasLiveKey:0
kondo/shardedKvBatched/manual,ShardedKVProof.InvNextSafety (well-formedness),content,True,well-formedness:ShardedKVProofInvNextSafety:0
kondo/shardedKvBatched/manual,ShardedKVProof.InvImpliesSafety (well-formedness),unchanged,False,well-formedness:ShardedKVProofInvImpliesSafety:0
kondo/shardedKvBatched/manual,UtilitiesLibrary.max (well-formedness),unchanged,False,well-formedness:UtilitiesLibrarymax:0
kondo/shardedKvBatched/manual,UtilitiesLibrary.DropLast (well-formedness),unchanged,False,well-formedness:UtilitiesLibraryDropLast:0
kondo/shardedKvBatched/manual,Host.NextStep (well-formedness),content,True,well-formedness:HostNextStep:0
kondo/shardedKvBatched/manual,ShardedKVProof.InitImpliesInv (correctness),unchanged,False,correctness:ShardedKVProofInitImpliesInv:0
kondo/shardedKvBatched/manual,ShardedKVProof.Inv (well-formedness),unchanged,False,well-formedness:ShardedKVProofInv:0
kondo/shardedKvBatched/manual,ShardedKVProof.KeyInFlight (well-formedness),unchanged,False,well-formedness:ShardedKVProofKeyInFlight:0
kondo/shardedKvBatched/manual,Host.GroupInit (well-formedness),unchanged,False,well-formedness:HostGroupInit:0
kondo/shardedKvBatched/manual,ShardedKVProof.LiveKeyImpliesNoneInFlight (well-formedness),unmapped,,
kondo/shardedKvBatched/manual,Host.NextSendStep (well-formedness),content,True,well-formedness:HostNextSendStep:0
kondo/shardedKvBatched/manual,DistributedSystem.HostAction (well-formedness),content,True,well-formedness:DistributedSystemHostAction:0
kondo/shardedKvBatched/manual,ShardedKVProof.ProtocolInv (well-formedness),unchanged,False,well-formedness:ShardedKVProofProtocolInv:0
kondo/shardedKvBatched/manual,ShardedKVProof.AtMostOneInFlight (well-formedness),unchanged,False,well-formedness:ShardedKVProofAtMostOneInFlight:0
kondo/shardedKvBatched/manual,ShardedKVProof.InvImpliesSafety (correctness),unchanged,False,correctness:ShardedKVProofInvImpliesSafety:0
kondo/shardedKvBatched/manual,ShardedKVProof.NoneHasLiveKey (well-formedness),unchanged,False,well-formedness:ShardedKVProofNoneHasLiveKey:0
kondo/shardedKvBatched/manual,ShardedKVProof.KeyInFlightByMessage (well-formedness),unchanged,False,well-formedness:ShardedKVProofKeyInFlightByMessage:0
kondo/shardedKvBatched/manual,Host.SendReconf (well-formedness),content,True,well-formedness:HostSendReconf:0
kondo/shardedKvBatched/manual,Host.NextReceiveStep (well-formedness),content,True,well-formedness:HostNextReceiveStep:0
kondo/shardedKvBatched/manual,Host.Init (well-formedness),unchanged,False,well-formedness:HostInit:0
kondo/shardedKvBatched/manual,UtilitiesLibrary.MapRemoveOne (well-formedness),content,True,well-formedness:UtilitiesLibraryMapRemoveOne:0
kondo/shardedKvBatched/manual,UtilitiesLibrary.SetsAreSubsetsOfUnion (correctness),unchanged,False,correctness:UtilitiesLibrarySetsAreSubsetsOfUnion:0
kondo/shardedKvBatched/manual,Host.GroupWFConstants (well-formedness),unchanged,False,well-formedness:HostGroupWFConstants:0
kondo/shardedKvBatched/manual,DistributedSystem.Constants.UniqueIds (well-formedness),unchanged,False,well-formedness:DistributedSystemConstantsUniqueIds:0
kondo/shardedKvBatched/manual,UtilitiesLibrary.EachUnionMemberBelongsToASet (well-formedness),group,False,well-formedness:UtilitiesLibraryEachUnionMemberBelongsToASet*
kondo/shardedKvBatched/manual,Host.UniqueKeyInFlightForHost (well-formedness),unchanged,False,well-formedness:HostUniqueKeyInFlightForHost:0
kondo/shardedKvBatched/manual,Host.Variables.HasLiveKeySet (well-formedness),unchanged,False,well-formedness:HostVariablesHasLiveKeySet:0
kondo/shardedKvBatched/manual,UtilitiesLibrary.EachUnionMemberBelongsToASet (correctness),unchanged,False,correctness:UtilitiesLibraryEachUnionMemberBelongsToASet:0
kondo/shardedKvBatched/manual,Host.Variables.HasLiveKey (well-formedness),unchanged,False,well-formedness:HostVariablesHasLiveKey:0
kondo/shardedKvBatched/manual,UtilitiesLibrary.SeqIsComplete (well-formedness),unchanged,False,well-formedness:UtilitiesLibrarySeqIsComplete:0
kondo/shardedKvBatched/manual,UtilitiesLibrary.SetComprehensionSize (correctness),unchanged,False,correctness:UtilitiesLibrarySetComprehensionSize:0
kondo/shardedKvBatched/manual,Host.GroupWF (well-formedness),unchanged,False,well-formedness:HostGroupWF:0
kondo/shardedKvBatched/manual,UtilitiesLibrary.StrictOrdering (well-formedness),unchanged,False,well-formedness:UtilitiesLibraryStrictOrdering:0
kondo/shardedKvBatched/manual,Network.Next (well-formedness),unchanged,False,well-formedness:NetworkNext:0
kondo/shardedKvBatched/manual,MonotonicityLibrary.MonotonicMap.SatisfiesMonotonic (well-formedness),unmapped,,
kondo/shardedKvBatched/manual,MonotonicityLibrary.MonotonicSeq.SatisfiesMonotonic (well-formedness),unmapped,,
kondo/shardedKvBatched/manual,UtilitiesLibrary.GetIndexForMember (correctness),unchanged,False,correctness:UtilitiesLibraryGetIndexForMember:0
kondo/shardedKvBatched/manual,UtilitiesLibrary.IsSeqExtension (well-formedness),unchanged,False,well-formedness:UtilitiesLibraryIsSeqExtension:0
kondo/shardedKvBatched/manual,UtilitiesLibrary.GetIndexForMember (well-formedness),unchanged,False,well-formedness:UtilitiesLibraryGetIndexForMember:0
kondo/shardedKvBatched/manual,UtilitiesLibrary.UnionSeqOfSets (well-formedness),unchanged,False,well-formedness:UtilitiesLibraryUnionSeqOfSets:0
kondo/shardedKvBatched/manual,UtilitiesLibrary.SetsAreSubsetsOfUnion (well-formedness),unchanged,False,well-formedness:UtilitiesLibrarySetsAreSubsetsOfUnion:0
kondo/shardedKvBatched/manual,UtilitiesLibrary.UnionIncreasesCardinality (correctness),unchanged,False,correctness:UtilitiesLibraryUnionIncreasesCardinality:0
kondo/shardedKvBatched/manual,UtilitiesLibrary.SetMonotoneIncreasing (well-formedness),unchanged,False,well-formedness:UtilitiesLibrarySetMonotoneIncreasing:0
kondo/shardedKvBatched/manual,UtilitiesLibrary.Successor (well-formedness),unchanged,False,well-formedness:UtilitiesLibrarySuccessor:0
kondo/shardedKvBatched/manual,UtilitiesLibrary.SetContainmentCardinality (correctness),unchanged,False,correctness:UtilitiesLibrarySetContainmentCardinality:0
kondo/shardedKvBatched/manual,UtilitiesLibrary.SeqOptionMonotoneIncreasing (well-formedness),unmapped,,
kondo/shardedKvBatched/manual,UtilitiesLibrary.QuorumIntersection (correctness),unchanged,False,correctness:UtilitiesLibraryQuorumIntersection:0
kondo/shardedKvBatched/manual,UtilitiesLibrary.Last (well-formedness),unchanged,False,well-formedness:UtilitiesLibraryLast:0
kondo/shardedKvBatched/manual,UtilitiesLibrary.LargerSetIncreasesCardinalityMore (correctness),unmapped,,
kondo/shardedKvBatched/manual,UtilitiesLibrary.Predecessor (well-formedness),unchanged,False,well-formedness:UtilitiesLibraryPredecessor:0
kondo/shardedKvBatched/manual,UtilitiesLibrary.DisjointSetUnionCardinality (correctness),unchanged,False,correctness:UtilitiesLibraryDisjointSetUnionCardinality:0
kondo/shardedKvBatched/manual,UtilitiesLibrary.StutterSeq (well-formedness),unchanged,False,well-formedness:UtilitiesLibraryStutterSeq:0
kondo/shardedKvBatched/manual,MonotonicityLibrary.MonotonicNatOption.SatisfiesMonotonic (well-formedness),group,False,well-formedness:MonotonicityLibraryMonotonicNatOptionSatisfiesMonotoni*
kondo/shardedKvBatched/manual,UtilitiesLibrary.SeqMonotoneIncreasing (well-formedness),unchanged,False,well-formedness:UtilitiesLibrarySeqMonotoneIncreasing:0
kondo/shardedKvBatched/manual,UtilitiesLibrary.SetIsQuorum (well-formedness),unchanged,False,well-formedness:UtilitiesLibrarySetIsQuorum:0
kondo/shardedKvBatched/manual,UtilitiesLibrary.SetContainmentCardinalityStrict (correctness),unchanged,False,correctness:UtilitiesLibrarySetContainmentCardinalityStrict:0
kondo/shardedKvBatched/sync,ShardedKVBatchedProof.InvInductive (correctness),content,True,correctness:ShardedKVBatchedProofInvInductive:0
kondo/shardedKvBatched/sync,UtilitiesLibrary.max (well-formedness),unchanged,False,well-formedness:UtilitiesLibrarymax:0
kondo/shardedKvBatched/sync,UtilitiesLibrary.DropLast (well-formedness),unchanged,False,well-formedness:UtilitiesLibraryDropLast:0
kondo/shardedKvBatched/sync,System.NextStep (well-formedness),content,True,well-formedness:SystemNextStep:0
kondo/shardedKvBatched/sync,System.NextTransferStep (well-formedness),content,True,well-formedness:SystemNextTransferStep:0
kondo/shardedKvBatched/sync,ShardedKVBatchedProof.InitImpliesInv (correctness),unchanged,False,correctness:ShardedKVBatchedProofInitImpliesInv:0
kondo/shardedKvBatched/sync,Host.GroupInit (well-formedness),unchanged,False,well-formedness:HostGroupInit:0
kondo/shardedKvBatched/sync,Host.NextStep (well-formedness),content,True,well-formedness:HostNextStep:0
kondo/shardedKvBatched/sync,ShardedKVBatchedProof.InvImpliesSafety (correctness),unchanged,False,correctness:ShardedKVBatchedProofInvImpliesSafety:0
kondo/shardedKvBatched/sync,System.Next (well-formedness),content,True,well-formedness:SystemNext:0
kondo/shardedKvBatched/sync,ShardedKVBatchedProof.Inv (well-formedness),unchanged,False,well-formedness:ShardedKVBatchedProofInv:0
kondo/shardedKvBatched/sync,Host.Init (well-formedness),unchanged,False,well-formedness:HostInit:0
kondo/shardedKvBatched/sync,Host.SendReconf (well-formedness),content,True,well-formedness:HostSendReconf:0
kondo/shardedKvBatched/sync,Host.NextReceiveStep (well-formedness),content,True,well-formedness:HostNextReceiveStep:0
kondo/shardedKvBatched/sync,ShardedKVBatchedProof.InvImpliesSafety (well-formedness),unchanged,False,well-formedness:ShardedKVBatchedProofInvImpliesSafety:0
kondo/shardedKvBatched/sync,Obligations.Safety (well-formedness),unchanged,False,well-formedness:ObligationsSafety:0
kondo/shardedKvBatched/sync,Host.NextSendStep (well-formedness),content,True,well-formedness:HostNextSendStep:0
kondo/shardedKvBatched/sync,Host.Variables.HasLiveKeySet (well-formedness),unchanged,False,well-formedness:HostVariablesHasLiveKeySet:0
kondo/shardedKvBatched/sync,Host.GroupWFConstants (well-formedness),unchanged,False,well-formedness:HostGroupWFConstants:0
kondo/shardedKvBatched/sync,System.Constants.UniqueIds (well-formedness),unchanged,False,well-formedness:SystemConstantsUniqueIds:0
kondo/shardedKvBatched/sync,UtilitiesLibrary.MapRemoveOne (well-formedness),content,True,well-formedness:UtilitiesLibraryMapRemoveOne:0
kondo/shardedKvBatched/sync,UtilitiesLibrary.GetIndexForMember (correctness),unchanged,False,correctness:UtilitiesLibraryGetIndexForMember:0
kondo/shardedKvBatched/sync,Host.GroupWF (well-formedness),unchanged,False,well-formedness:HostGroupWF:0
kondo/shardedKvBatched/sync,UtilitiesLibrary.SetComprehensionSize (correctness),unchanged,False,correctness:UtilitiesLibrarySetComprehensionSize:0
kondo/shardedKvBatched/sync,UtilitiesLibrary.UnionSeqOfSets (well-formedness),unchanged,False,well-formedness:UtilitiesLibraryUnionSeqOfSets:0
kondo/shardedKvBatched/sync,Host.Variables.HasLiveKey (well-formedness),unchanged,False,well-formedness:HostVariablesHasLiveKey:0
kondo/shardedKvBatched/sync,Host.UniqueKeyInFlightForHost (well-formedness),unchanged,False,well-formedness:HostUniqueKeyInFlightForHost:0
kondo/shardedKvBatched/sync,UtilitiesLibrary.LargerSetIncreasesCardinalityMore (correctness),unchanged,False,correctness:UtilitiesLibraryLargerSetIncreasesCardinalityMore:0
kondo/shardedKvBatched/sync,UtilitiesLibrary.EachUnionMemberBelongsToASet (correctness),unchanged,False,correctness:UtilitiesLibraryEachUnionMemberBelongsToASet:0
kondo/shardedKvBatched/sync,UtilitiesLibrary.SetsAreSubsetsOfUnion (correctness),unchanged,False,correctness:UtilitiesLibrarySetsAreSubsetsOfUnion:0
kondo/shardedKvBatched/sync,UtilitiesLibrary.SetIsQuorum (well-formedness),unchanged,False,well-formedness:UtilitiesLibrarySetIsQuorum:0
kondo/shardedKvBatched/sync,UtilitiesLibrary.SeqOptionMonotoneIncreasing (well-formedness),unmapped,,
kondo/shardedKvBatched/sync,UtilitiesLibrary.UnionIncreasesCardinality (correctness),unchanged,False,correctness:UtilitiesLibraryUnionIncreasesCardinality:0
kondo/shardedKvBatched/sync,UtilitiesLibrary.SetsAreSubsetsOfUnion (well-formedness),unchanged,False,well-formedness:UtilitiesLibrarySetsAreSubsetsOfUnion:0
kondo/shardedKvBatched/sync,UtilitiesLibrary.EachUnionMemberBelongsToASet (well-formedness),unmapped,,
kondo/shardedKvBatched/sync,UtilitiesLibrary.GetIndexForMember (well-formedness),unchanged,False,well-formedness:UtilitiesLibraryGetIndexForMember:0
kondo/shardedKvBatched/sync,UtilitiesLibrary.SetContainmentCardinality (correctness),unchanged,False,correctness:UtilitiesLibrarySetContainmentCardinality:0
kondo/shardedKvBatched/sync,UtilitiesLibrary.Last (well-formedness),unchanged,False,well-formedness:UtilitiesLibraryLast:0
kondo/shardedKvBatched/sync,UtilitiesLibrary.QuorumIntersection (correctness),unchanged,False,correctness:UtilitiesLibraryQuorumIntersection:0
kondo/shardedKvBatched/sync,UtilitiesLibrary.Predecessor (well-formedness),unchanged,False,well-formedness:UtilitiesLibraryPredecessor:0
kondo/shardedKvBatched/sync,UtilitiesLibrary.StutterSeq (well-formedness),unchanged,False,well-formedness:UtilitiesLibraryStutterSeq:0
kondo/shardedKvBatched/sync,UtilitiesLibrary.SeqIsComplete (well-formedness),unchanged,False,well-formedness:UtilitiesLibrarySeqIsComplete:0
kondo/shardedKvBatched/sync,UtilitiesLibrary.DisjointSetUnionCardinality (correctness),unchanged,False,correctness:UtilitiesLibraryDisjointSetUnionCardinality:0
kondo/shardedKvBatched/sync,UtilitiesLibrary.SetMonotoneIncreasing (well-formedness),unchanged,False,well-formedness:UtilitiesLibrarySetMonotoneIncreasing:0
kondo/shardedKvBatched/sync,UtilitiesLibrary.SeqMonotoneIncreasing (well-formedness),unchanged,False,well-formedness:UtilitiesLibrarySeqMonotoneIncreasing:0
kondo/shardedKvBatched/sync,UtilitiesLibrary.StrictOrdering (well-formedness),unchanged,False,well-formedness:UtilitiesLibraryStrictOrdering:0
kondo/shardedKvBatched/sync,UtilitiesLibrary.IsSeqExtension (well-formedness),unchanged,False,well-formedness:UtilitiesLibraryIsSeqExtension:0
kondo/shardedKvBatched/sync,UtilitiesLibrary.SetContainmentCardinalityStrict (correctness),unchanged,False,correctness:UtilitiesLibrarySetContainmentCardinalityStrict:0
kondo/shardedKvBatched/sync,UtilitiesLibrary.Successor (well-formedness),unchanged,False,well-formedness:UtilitiesLibrarySuccessor:0
kondo/simplifiedLeaderElection/manual,ToyLeaderElectionProof.SafetyProof (correctness),unchanged,False,correctness:ToyLeaderElectionProofSafetyProof:0
kondo/simplifiedLeaderElection/manual,ToyLeaderElectionProof.InvInductive (correctness),unchanged,False,correctness:ToyLeaderElectionProofInvInductive:0
kondo/simplifiedLeaderElection/manual,MessageInvariants.MessageInvInductive (correctness),unchanged,False,correctness:MessageInvariantsMessageInvInductive:0
kondo/simplifiedLeaderElection/manual,UtilitiesLibrary.DropLast (well-formedness),unchanged,False,well-formedness:UtilitiesLibraryDropLast:0
kondo/simplifiedLeaderElection/manual,MessageInvariants.MessageInv (well-formedness),unchanged,False,well-formedness:MessageInvariantsMessageInv:0
kondo/simplifiedLeaderElection/manual,UtilitiesLibrary.max (well-formedness),unchanged,False,well-formedness:UtilitiesLibrarymax:0
kondo/simplifiedLeaderElection/manual,DistributedSystem.HostAction (well-formedness),unchanged,False,well-formedness:DistributedSystemHostAction:0
kondo/simplifiedLeaderElection/manual,ToyLeaderElectionProof.InitImpliesInv (correctness),unchanged,False,correctness:ToyLeaderElectionProofInitImpliesInv:0
kondo/simplifiedLeaderElection/manual,ToyLeaderElectionProof.Inv (well-formedness),unchanged,False,well-formedness:ToyLeaderElectionProofInv:0
kondo/simplifiedLeaderElection/manual,ToyLeaderElectionProof.SafetyProof (well-formedness),unmapped,,
kondo/simplifiedLeaderElection/manual,ToyLeaderElectionProof.InvImpliesSafety (correctness),unchanged,False,correctness:ToyLeaderElectionProofInvImpliesSafety:0
kondo/simplifiedLeaderElection/manual,ToyLeaderElectionProof.InvImpliesSafety (well-formedness),group,False,well-formedness:ToyLeaderElectionProofInvImpliesSafet*
kondo/simplifiedLeaderElection/manual,MessageInvariants.InitImpliesMessageInv (correctness),unchanged,False,correctness:MessageInvariantsInitImpliesMessageInv:0
kondo/simplifiedLeaderElection/manual,ToyLeaderElectionProof.ProtocolInv (well-formedness),unmapped,,
kondo/simplifiedLeaderElection/manual,Host.GroupInit (well-formedness),unchanged,False,well-formedness:HostGroupInit:0
kondo/simplifiedLeaderElection/manual,Host.NextHostSendVoteReqStep (well-formedness),unchanged,False,well-formedness:HostNextHostSendVoteReqStep:0
kondo/simplifiedLeaderElection/manual,MessageInvariants.VoteMsgImpliesNominee (well-formedness),group,False,well-formedness:MessageInvariantsVoteMsgImpliesNomine*
kondo/simplifiedLeaderElection/manual,Host.NextHostSendVoteStep (well-formedness),unchanged,False,well-formedness:HostNextHostSendVoteStep:0
kondo/simplifiedLeaderElection/manual,ToyLeaderElectionProof.ReceivedVotesValid (well-formedness),group,False,well-formedness:ToyLeaderElectionProofReceivedVotesValid*
kondo/simplifiedLeaderElection/manual,MonotonicityLibrary.MonotonicSeq.SatisfiesMonotonic (well-formedness),group,False,well-formedness:MonotonicityLibraryMonotonicSeqSatisfiesMonotonic*
kondo/simplifiedLeaderElection/manual,MessageInvariants.ReceivedVotesValidity (well-formedness),group,False,well-formedness:MessageInvariantsReceivedVotesValidit*
kondo/simplifiedLeaderElection/manual,MonotonicityLibrary.MonotonicMap.SatisfiesMonotonic (well-formedness),group,False,well-formedness:MonotonicityLibraryMonotonicMapSatisfiesMonotonic*
kondo/simplifiedLeaderElection/manual,UtilitiesLibrary.EachUnionMemberBelongsToASet (correctness),unmapped,,
kondo/simplifiedLeaderElection/manual,ToyLeaderElectionProof.HasVoteImpliesVoterNominates (well-formedness),group,False,well-formedness:ToyLeaderElectionProofHasVoteImpliesVoter*
kondo/simplifiedLeaderElection/manual,Host.NextHostRecvVoteStep (well-formedness),unchanged,False,well-formedness:HostNextHostRecvVoteStep:0
kondo/simplifiedLeaderElection/manual,Host.SendVote (well-formedness),unchanged,False,well-formedness:HostSendVote:0
kondo/simplifiedLeaderElection/manual,UtilitiesLibrary.SetComprehensionSize (correctness),unchanged,False,correctness:UtilitiesLibrarySetComprehensionSize:0
kondo/simplifiedLeaderElection/manual,UtilitiesLibrary.MapRemoveOne (well-formedness),content,True,well-formedness:UtilitiesLibraryMapRemoveOne:0
kondo/simplifiedLeaderElection/manual,UtilitiesLibrary.GetIndexForMember (well-formedness),unmapped,,
kondo/simplifiedLeaderElection/manual,ToyLeaderElectionProof.IsLeaderImpliesHasQuorum (well-formedness),group,False,well-formedness:ToyLeaderElectionProofIsLeaderImpliesHasQ*
kondo/simplifiedLeaderElection/manual,Host.NextHostRecvVoteReqStep (well-formedness),unchanged,False,well-formedness:HostNextHostRecvVoteReqStep:0
kondo/simplifiedLeaderElection/manual,MessageInvariants.ValidMessages (well-formedness),unmapped,,
kondo/simplifiedLeaderElection/manual,MessageInvariants.ValidMessages2 (well-formedness),unmapped,,
kondo/simplifiedLeaderElection/manual,Network.Next (well-formedness),unchanged,False,well-formedness:NetworkNext:0
kondo/simplifiedLeaderElection/manual,Host.SendVoteReq (well-formedness),unchanged,False,well-formedness:HostSendVoteReq:0
kondo/simplifiedLeaderElection/manual,DistributedSystem.Variables.IsLeader (well-formedness),unchanged,False,well-formedness:DistributedSystemVariablesIsLeader:0
kondo/simplifiedLeaderElection/manual,Host.GroupWFConstants (well-formedness),unchanged,False,well-formedness:HostGroupWFConstants:0
kondo/simplifiedLeaderElection/manual,UtilitiesLibrary.SetsAreSubsetsOfUnion (correctness),unchanged,False,correctness:UtilitiesLibrarySetsAreSubsetsOfUnion:0
kondo/simplifiedLeaderElection/manual,Host.VoteRecvFunc (well-formedness),unchanged,False,well-formedness:HostVoteRecvFunc:0
kondo/simplifiedLeaderElection/manual,UtilitiesLibrary.GetIndexForMember (correctness),unchanged,False,correctness:UtilitiesLibraryGetIndexForMember:0
kondo/simplifiedLeaderElection/manual,UtilitiesLibrary.SeqMonotoneIncreasing (well-formedness),group,False,well-formedness:UtilitiesLibrarySeqMonotoneIncreasing*
kondo/simplifiedLeaderElection/manual,UtilitiesLibrary.SetsAreSubsetsOfUnion (well-formedness),group,False,well-formedness:UtilitiesLibrarySetsAreSubsetsOfUnion*
kondo/simplifiedLeaderElection/manual,UtilitiesLibrary.UnionSeqOfSets (well-formedness),unmapped,,
kondo/simplifiedLeaderElection/manual,UtilitiesLibrary.SetContainmentCardinality (correctness),unmapped,,
kondo/simplifiedLeaderElection/manual,UtilitiesLibrary.EachUnionMemberBelongsToASet (well-formedness),group,False,well-formedness:UtilitiesLibraryEachUnionMemberBelongsToA*
kondo/simplifiedLeaderElection/manual,UtilitiesLibrary.UnionIncreasesCardinality (correctness),unmapped,,
kondo/simplifiedLeaderElection/manual,UtilitiesLibrary.Successor (well-formedness),unchanged,False,well-formedness:UtilitiesLibrarySuccessor:0
kondo/simplifiedLeaderElection/manual,DistributedSystem.Constants.UniqueIds (well-formedness),unchanged,False,well-formedness:DistributedSystemConstantsUniqueIds:0
kondo/simplifiedLeaderElection/manual,UtilitiesLibrary.SeqOptionMonotoneIncreasing (well-formedness),group,False,well-formedness:UtilitiesLibrarySeqOptionMonotoneIncreasi*
kondo/simplifiedLeaderElection/manual,MonotonicityLibrary.MonotonicNatOption.SatisfiesMonotonic (well-formedness),group,False,well-formedness:MonotonicityLibraryMonotonicNatOptionSatisfiesMono*
kondo/simplifiedLeaderElection/manual,UtilitiesLibrary.QuorumIntersection (correctness),unchanged,False,correctness:UtilitiesLibraryQuorumIntersection:0
kondo/simplifiedLeaderElection/manual,UtilitiesLibrary.Predecessor (well-formedness),unchanged,False,well-formedness:UtilitiesLibraryPredecessor:0
kondo/simplifiedLeaderElection/manual,UtilitiesLibrary.Last (well-formedness),unchanged,False,well-formedness:UtilitiesLibraryLast:0
kondo/simplifiedLeaderElection/manual,UtilitiesLibrary.SeqIsComplete (well-formedness),unchanged,False,well-formedness:UtilitiesLibrarySeqIsComplete:0
kondo/simplifiedLeaderElection/manual,UtilitiesLibrary.StutterSeq (well-formedness),unchanged,False,well-formedness:UtilitiesLibraryStutterSeq:0
kondo/simplifiedLeaderElection/manual,UtilitiesLibrary.LargerSetIncreasesCardinalityMore (correctness),group,False,correctness:UtilitiesLibraryLargerSetIncreasesCardinalityMor*
kondo/simplifiedLeaderElection/manual,UtilitiesLibrary.DisjointSetUnionCardinality (correctness),unmapped,,
kondo/simplifiedLeaderElection/manual,UtilitiesLibrary.StrictOrdering (well-formedness),unmapped,,
kondo/simplifiedLeaderElection/manual,UtilitiesLibrary.SetMonotoneIncreasing (well-formedness),group,False,well-formedness:UtilitiesLibrarySetMonotoneIncreasing*
kondo/simplifiedLeaderElection/manual,UtilitiesLibrary.SetIsQuorum (well-formedness),unchanged,False,well-formedness:UtilitiesLibrarySetIsQuorum:0
kondo/simplifiedLeaderElection/manual,UtilitiesLibrary.IsSeqExtension (well-formedness),unmapped,,
kondo/simplifiedLeaderElection/manual,UtilitiesLibrary.SetContainmentCardinalityStrict (correctness),group,False,correctness:UtilitiesLibrarySetContainmentCardinalityStrict*
kondo/simplifiedLeaderElection/sync,ToyLeaderElectionProof.InvNextHasVoteImpliesVoterNominates (correctness),group,False,correctness:ToyLeaderElectionProofInvNextHasVoteImpliesVoterNomina*
kondo/simplifiedLeaderElection/sync,ToyLeaderElectionProof.InvNextReceivedVotesValid (correctness),unmapped,,
kondo/simplifiedLeaderElection/sync,ToyLeaderElectionProof.InvNextIsLeaderImpliesHasQuorum (correctness),group,False,correctness:ToyLeaderElectionProofInvNextIsLeaderImpliesHasQuorum*
kondo/simplifiedLeaderElection/sync,ToyLeaderElectionProof.InvInductive (correctness),unchanged,False,correctness:ToyLeaderElectionProofInvInductive:0
kondo/simplifiedLeaderElection/sync,ToyLeaderElectionProof.InvNextIsLeaderImpliesHasQuorum (well-formedness),group,False,well-formedness:ToyLeaderElectionProofInvNextIsLeaderImplie*
kondo/simplifiedLeaderElection/sync,ToyLeaderElectionProof.InvNextHasVoteImpliesVoterNominates (well-formedness),group,False,well-formedness:ToyLeaderElectionProofInvNextHasVoteImplies*
kondo/simplifiedLeaderElection/sync,ToyLeaderElectionProof.InvNextReceivedVotesValid (well-formedness),group,False,well-formedness:ToyLeaderElectionProofInvNextReceivedVotesV*
kondo/simplifiedLeaderElection/sync,UtilitiesLibrary.DropLast (well-formedness),unchanged,False,well-formedness:UtilitiesLibraryDropLast:0
kondo/simplifiedLeaderElection/sync,UtilitiesLibrary.max (well-formedness),unchanged,False,well-formedness:UtilitiesLibrarymax:0
kondo/simplifiedLeaderElection/sync,ToyLeaderElectionProof.SafetyProof (correctness),unchanged,False,correctness:ToyLeaderElectionProofSafetyProof:0
kondo/simplifiedLeaderElection/sync,ToyLeaderElectionProof.InitImpliesInv (correctness),unchanged,False,correctness:ToyLeaderElectionProofInitImpliesInv:0
kondo/simplifiedLeaderElection/sync,System.NextStep (well-formedness),unchanged,False,well-formedness:SystemNextStep:0
kondo/simplifiedLeaderElection/sync,System.NextHostLocalStep (well-formedness),unchanged,False,well-formedness:SystemNextHostLocalStep:0
kondo/simplifiedLeaderElection/sync,System.Next (well-formedness),unchanged,False,well-formedness:SystemNext:0
kondo/simplifiedLeaderElection/sync,ToyLeaderElectionProof.ReceivedVotesValid (well-formedness),group,False,well-formedness:ToyLeaderElectionProofReceivedVotesVali*
kondo/simplifiedLeaderElection/sync,System.NextVoteStep (well-formedness),unchanged,False,well-formedness:SystemNextVoteStep:0
kondo/simplifiedLeaderElection/sync,System.NextVoteReqStep (well-formedness),unchanged,False,well-formedness:SystemNextVoteReqStep:0
kondo/simplifiedLeaderElection/sync,ToyLeaderElectionProof.InvImpliesSafety (correctness),unchanged,False,correctness:ToyLeaderElectionProofInvImpliesSafety:0
kondo/simplifiedLeaderElection/sync,ToyLeaderElectionProof.Inv (well-formedness),unchanged,False,well-formedness:ToyLeaderElectionProofInv:0
kondo/simplifiedLeaderElection/sync,ToyLeaderElectionProof.InvImpliesSafety (well-formedness),group,False,well-formedness:ToyLeaderElectionProofInvImpliesSafety*
kondo/simplifiedLeaderElection/sync,Obligations.Safety (well-formedness),unchanged,False,well-formedness:ObligationsSafety:0
kondo/simplifiedLeaderElection/sync,ToyLeaderElectionProof.SafetyProof (well-formedness),unmapped,,
kondo/simplifiedLeaderElection/sync,ToyLeaderElectionProof.IsLeaderImpliesHasQuorum (well-formedness),group,False,well-formedness:ToyLeaderElectionProofIsLeaderImpliesHasQuo*
kondo/simplifiedLeaderElection/sync,ToyLeaderElectionProof.ProtocolInv (well-formedness),unmapped,,
kondo/simplifiedLeaderElection/sync,ToyLeaderElectionProof.HasVoteImpliesVoterNominates (well-formedness),group,False,well-formedness:ToyLeaderElectionProofHasVoteImpliesVoterNo*
kondo/simplifiedLeaderElection/sync,Host.NextHostRecvVoteStep (well-formedness),unchanged,False,well-formedness:HostNextHostRecvVoteStep:0
kondo/simplifiedLeaderElection/sync,System.Variables.IsLeader (well-formedness),unchanged,False,well-formedness:SystemVariablesIsLeader:0
kondo/simplifiedLeaderElection/sync,UtilitiesLibrary.EachUnionMemberBelongsToASet (correctness),unmapped,,
kondo/simplifiedLeaderElection/sync,UtilitiesLibrary.GetIndexForMember (well-formedness),unmapped,,
kondo/simplifiedLeaderElection/sync,UtilitiesLibrary.MapRemoveOne (well-formedness),content,True,well-formedness:UtilitiesLibraryMapRemoveOne:0
kondo/simplifiedLeaderElection/sync,System.Constants.ValidHostId (well-formedness),unchanged,False,well-formedness:SystemConstantsValidHostId:0
kondo/simplifiedLeaderElection/sync,UtilitiesLibrary.SetComprehensionSize (correctness),unchanged,False,correctness:UtilitiesLibrarySetComprehensionSize:0
kondo/simplifiedLeaderElection/sync,Host.SendVoteReq (well-formedness),unchanged,False,well-formedness:HostSendVoteReq:0
kondo/simplifiedLeaderElection/sync,Host.SendVote (well-formedness),unchanged,False,well-formedness:HostSendVote:0
kondo/simplifiedLeaderElection/sync,UtilitiesLibrary.EachUnionMemberBelongsToASet (well-formedness),group,False,well-formedness:UtilitiesLibraryEachUnionMemberBelongsToASe*
kondo/simplifiedLeaderElection/sync,Host.GroupInit (well-formedness),unchanged,False,well-formedness:HostGroupInit:0
kondo/simplifiedLeaderElection/sync,UtilitiesLibrary.SetContainmentCardinalityStrict (correctness),unmapped,,
kondo/simplifiedLeaderElection/sync,UtilitiesLibrary.SetsAreSubsetsOfUnion (correctness),unchanged,False,correctness:UtilitiesLibrarySetsAreSubsetsOfUnion:0
kondo/simplifiedLeaderElection/sync,Host.NextHostSendVoteReqStep (well-formedness),unchanged,False,well-formedness:HostNextHostSendVoteReqStep:0
kondo/simplifiedLeaderElection/sync,UtilitiesLibrary.GetIndexForMember (correctness),unchanged,False,correctness:UtilitiesLibraryGetIndexForMember:0
kondo/simplifiedLeaderElection/sync,Host.NextHostSendVoteStep (well-formedness),unchanged,False,well-formedness:HostNextHostSendVoteStep:0
kondo/simplifiedLeaderElection/sync,Host.NextHostRecvVoteReqStep (well-formedness),unchanged,False,well-formedness:HostNextHostRecvVoteReqStep:0
kondo/simplifiedLeaderElection/sync,UtilitiesLibrary.UnionSeqOfSets (well-formedness),unchanged,False,well-formedness:UtilitiesLibraryUnionSeqOfSets:0
kondo/simplifiedLeaderElection/sync,UtilitiesLibrary.SetContainmentCardinality (correctness),unchanged,False,correctness:UtilitiesLibrarySetContainmentCardinality:0
kondo/simplifiedLeaderElection/sync,UtilitiesLibrary.SetsAreSubsetsOfUnion (well-formedness),unmapped,,
kondo/simplifiedLeaderElection/sync,UtilitiesLibrary.UnionIncreasesCardinality (correctness),unchanged,False,correctness:UtilitiesLibraryUnionIncreasesCardinality:0
kondo/simplifiedLeaderElection/sync,UtilitiesLibrary.QuorumIntersection (correctness),unchanged,False,correctness:UtilitiesLibraryQuorumIntersection:0
kondo/simplifiedLeaderElection/sync,UtilitiesLibrary.SeqMonotoneIncreasing (well-formedness),unmapped,,
kondo/simplifiedLeaderElection/sync,UtilitiesLibrary.SeqOptionMonotoneIncreasing (well-formedness),group,False,well-formedness:UtilitiesLibrarySeqOptionMonotoneIncreasing*
kondo/simplifiedLeaderElection/sync,Host.VoteRecvFunc (well-formedness),unchanged,False,well-formedness:HostVoteRecvFunc:0
kondo/simplifiedLeaderElection/sync,UtilitiesLibrary.SetMonotoneIncreasing (well-formedness),unmapped,,
kondo/simplifiedLeaderElection/sync,UtilitiesLibrary.DisjointSetUnionCardinality (correctness),unmapped,,
kondo/simplifiedLeaderElection/sync,UtilitiesLibrary.Last (well-formedness),unchanged,False,well-formedness:UtilitiesLibraryLast:0
kondo/simplifiedLeaderElection/sync,UtilitiesLibrary.Successor (well-formedness),unchanged,False,well-formedness:UtilitiesLibrarySuccessor:0
kondo/simplifiedLeaderElection/sync,UtilitiesLibrary.SeqIsComplete (well-formedness),unchanged,False,well-formedness:UtilitiesLibrarySeqIsComplete:0
kondo/simplifiedLeaderElection/sync,UtilitiesLibrary.StutterSeq (well-formedness),unchanged,False,well-formedness:UtilitiesLibraryStutterSeq:0
kondo/simplifiedLeaderElection/sync,UtilitiesLibrary.StrictOrdering (well-formedness),unchanged,False,well-formedness:UtilitiesLibraryStrictOrdering:0
kondo/simplifiedLeaderElection/sync,UtilitiesLibrary.LargerSetIncreasesCardinalityMore (correctness),group,False,correctness:UtilitiesLibraryLargerSetIncreasesCardinalityMore*
kondo/simplifiedLeaderElection/sync,UtilitiesLibrary.IsSeqExtension (well-formedness),unchanged,False,well-formedness:UtilitiesLibraryIsSeqExtension:0
kondo/simplifiedLeaderElection/sync,UtilitiesLibrary.SetIsQuorum (well-formedness),unchanged,False,well-formedness:UtilitiesLibrarySetIsQuorum:0
kondo/simplifiedLeaderElection/sync,Host.GroupWFConstants (well-formedness),unchanged,False,well-formedness:HostGroupWFConstants:0
kondo/simplifiedLeaderElection/sync,UtilitiesLibrary.Predecessor (well-formedness),unchanged,False,well-formedness:UtilitiesLibraryPredecessor:0
kondo/twoPhaseCommit/manual,TwoPCInvariantProof.InvInductive (correctness),unchanged,False,correctness:TwoPCInvariantProofInvInductive:0
kondo/twoPhaseCommit/manual,MessageInvariants.MessageInvInductive (correctness),unchanged,False,correctness:MessageInvariantsMessageInvInductive:0
kondo/twoPhaseCommit/manual,TwoPCInvariantProof.AC3Proof (correctness),unchanged,False,correctness:TwoPCInvariantProofAC3Proof:0
kondo/twoPhaseCommit/manual,TwoPCInvariantProof.InvNextLeaderVotesValid (correctness),unchanged,False,correctness:TwoPCInvariantProofInvNextLeaderVotesValid:0
kondo/twoPhaseCommit/manual,TwoPCInvariantProof.LeaderTallyReflectsPreferencesInductive (correctness),group,False,correctness:TwoPCInvariantProofLeaderTallyReflectsPreferencesInductive*
kondo/twoPhaseCommit/manual,TwoPCInvariantProof.InvNextLeaderVotesValid (well-formedness),unmapped,,
kondo/twoPhaseCommit/manual,TwoPCInvariantProof.LeaderTallyReflectsPreferencesInductive (well-formedness),group,False,well-formedness:TwoPCInvariantProofLeaderTallyReflectsPreferencesIn*
kondo/twoPhaseCommit/manual,TwoPCInvariantProof.AC3Proof (well-formedness),unchanged,False,well-formedness:TwoPCInvariantProofAC3Proof:0
kondo/twoPhaseCommit/manual,TwoPCInvariantProof.ProtocolInv (well-formedness),unchanged,False,well-formedness:TwoPCInvariantProofProtocolInv:0
kondo/twoPhaseCommit/manual,TwoPCInvariantProof.InitImpliesInv (correctness),unchanged,False,correctness:TwoPCInvariantProofInitImpliesInv:0
kondo/twoPhaseCommit/manual,TwoPCInvariantProof.Inv (well-formedness),unchanged,False,well-formedness:TwoPCInvariantProofInv:0
kondo/twoPhaseCommit/manual,TwoPCInvariantProof.InvImpliesSafety (correctness),unchanged,False,correctness:TwoPCInvariantProofInvImpliesSafety:0
kondo/twoPhaseCommit/manual,UtilitiesLibrary.DropLast (well-formedness),unchanged,False,well-formedness:UtilitiesLibraryDropLast:0
kondo/twoPhaseCommit/manual,UtilitiesLibrary.max (well-formedness),unchanged,False,well-formedness:UtilitiesLibrarymax:0
kondo/twoPhaseCommit/manual,DistributedSystem.CoordinatorAction (well-formedness),unchanged,False,well-formedness:DistributedSystemCoordinatorAction:0
kondo/twoPhaseCommit/manual,TwoPCInvariantProof.InvImpliesSafety (well-formedness),unchanged,False,well-formedness:TwoPCInvariantProofInvImpliesSafety:0
kondo/twoPhaseCommit/manual,TwoPCInvariantProof.YesVotesContainsAllParticipantsWhenFull (correctness),group,False,correctness:TwoPCInvariantProofYesVotesContainsAllParticipantsWhenFull*
kondo/twoPhaseCommit/manual,TwoPCInvariantProof.YesVotesContainsAllParticipantsWhenFull (well-formedness),group,False,well-formedness:TwoPCInvariantProofYesVotesContainsAllParticipantsW*
kondo/twoPhaseCommit/manual,MessageInvariants.InitImpliesMessageInv (correctness),unchanged,False,correctness:MessageInvariantsInitImpliesMessageInv:0
kondo/twoPhaseCommit/manual,MessageInvariants.DecisionMsgsAgreeWithLeader2 (well-formedness),unmapped,,
kondo/twoPhaseCommit/manual,TwoPCInvariantProof.LeaderTallyReflectsPreferences1 (well-formedness),group,False,well-formedness:TwoPCInvariantProofLeaderTallyReflectsPreferences1*
kondo/twoPhaseCommit/manual,TwoPCInvariantProof.CommitImpliesAllPreferYes (well-formedness),unmapped,,
kondo/twoPhaseCommit/manual,DistributedSystem.NextStep (well-formedness),unchanged,False,well-formedness:DistributedSystemNextStep:0
kondo/twoPhaseCommit/manual,MessageInvariants.MessageInv (well-formedness),unchanged,False,well-formedness:MessageInvariantsMessageInv:0
kondo/twoPhaseCommit/manual,DistributedSystem.ParticipantAction (well-formedness),unchanged,False,well-formedness:DistributedSystemParticipantAction:0
kondo/twoPhaseCommit/manual,TwoPCInvariantProof.LeaderVotesValid1 (well-formedness),unchanged,False,well-formedness:TwoPCInvariantProofLeaderVotesValid1:0
kondo/twoPhaseCommit/manual,MessageInvariants.VoteMsgAgreeWithVoter (well-formedness),unchanged,False,well-formedness:MessageInvariantsVoteMsgAgreeWithVoter:0
kondo/twoPhaseCommit/manual,MessageInvariants.DecisionMsgsAgreeWithLeader1 (well-formedness),unmapped,,
kondo/twoPhaseCommit/manual,MessageInvariants.VoteMsgValidSrc (well-formedness),unchanged,False,well-formedness:MessageInvariantsVoteMsgValidSrc:0
kondo/twoPhaseCommit/manual,MessageInvariants.ParticipantsDecisionImpliesDecideMsg1 (well-formedness),group,False,well-formedness:MessageInvariantsParticipantsDecisionImpliesDecideM*
kondo/twoPhaseCommit/manual,CoordinatorHost.GroupWF (well-formedness),unchanged,False,well-formedness:CoordinatorHostGroupWF:0
kondo/twoPhaseCommit/manual,CoordinatorHost.NextReceiveStep (well-formedness),unchanged,False,well-formedness:CoordinatorHostNextReceiveStep:0
kondo/twoPhaseCommit/manual,CoordinatorHost.NextDecisionStep (well-formedness),unchanged,False,well-formedness:CoordinatorHostNextDecisionStep:0
kondo/twoPhaseCommit/manual,CoordinatorHost.ReceiveVote (well-formedness),unchanged,False,well-formedness:CoordinatorHostReceiveVote:0
kondo/twoPhaseCommit/manual,DistributedSystem.Variables.GetCoordinator (well-formedness),unchanged,False,well-formedness:DistributedSystemVariablesGetCoordinator:0
kondo/twoPhaseCommit/manual,UtilitiesLibrary.SetsAreSubsetsOfUnion (correctness),unchanged,False,correctness:UtilitiesLibrarySetsAreSubsetsOfUnion:0
kondo/twoPhaseCommit/manual,MonotonicityLibrary.MonotonicMap.SatisfiesMonotonic (well-formedness),unmapped,,
kondo/twoPhaseCommit/manual,CoordinatorHost.NextVoteReqStep (well-formedness),unchanged,False,well-formedness:CoordinatorHostNextVoteReqStep:0
kondo/twoPhaseCommit/manual,UtilitiesLibrary.MapRemoveOne (well-formedness),content,True,well-formedness:UtilitiesLibraryMapRemoveOne:0
kondo/twoPhaseCommit/manual,DistributedSystem.Constants.WF (well-formedness),unchanged,False,well-formedness:DistributedSystemConstantsWF:0
kondo/twoPhaseCommit/manual,ParticipantHost.GroupWF (well-formedness),unchanged,False,well-formedness:ParticipantHostGroupWF:0
kondo/twoPhaseCommit/manual,DistributedSystem.Constants.ValidParticipantId (well-formedness),unchanged,False,well-formedness:DistributedSystemConstantsValidParticipantId:0
kondo/twoPhaseCommit/manual,CoordinatorHost.GroupInit (well-formedness),unchanged,False,well-formedness:CoordinatorHostGroupInit:0
kondo/twoPhaseCommit/manual,ParticipantHost.GroupWFConstants (well-formedness),unchanged,False,well-formedness:ParticipantHostGroupWFConstants:0
kondo/twoPhaseCommit/manual,UtilitiesLibrary.SetComprehensionSize (correctness),unchanged,False,correctness:UtilitiesLibrarySetComprehensionSize:0
kondo/twoPhaseCommit/manual,Network.Next (well-formedness),unchanged,False,well-formedness:NetworkNext:0
kondo/twoPhaseCommit/manual,TwoPCInvariantProof.SetLemma (well-formedness),unchanged,False,well-formedness:TwoPCInvariantProofSetLemma:0
kondo/twoPhaseCommit/manual,ParticipantHost.NextReceiveDecisionStep (well-formedness),content,False,well-formedness:ParticipantHostNextReceiveDecisionStep:0
kondo/twoPhaseCommit/manual,DistributedSystem.Variables.WF (well-formedness),unchanged,False,well-formedness:DistributedSystemVariablesWF:0
kondo/twoPhaseCommit/manual,UtilitiesLibrary.EachUnionMemberBelongsToASet (correctness),unchanged,False,correctness:UtilitiesLibraryEachUnionMemberBelongsToASet:0
kondo/twoPhaseCommit/manual,UtilitiesLibrary.GetIndexForMember (correctness),unchanged,False,correctness:UtilitiesLibraryGetIndexForMember:0
kondo/twoPhaseCommit/manual,ParticipantHost.NextReceiveDecisionStepRecvFunc (well-formedness),group,False,well-formedness:ParticipantHostNextReceiveDecisionStepRecvFunc*
kondo/twoPhaseCommit/manual,UtilitiesLibrary.UnionSeqOfSets (well-formedness),unchanged,False,well-formedness:UtilitiesLibraryUnionSeqOfSets:0
kondo/twoPhaseCommit/manual,ParticipantHost.NextSendVoteStep (well-formedness),unchanged,False,well-formedness:ParticipantHostNextSendVoteStep:0
kondo/twoPhaseCommit/manual,UtilitiesLibrary.SetsAreSubsetsOfUnion (well-formedness),unchanged,False,well-formedness:UtilitiesLibrarySetsAreSubsetsOfUnion:0
kondo/twoPhaseCommit/manual,UtilitiesLibrary.EachUnionMemberBelongsToASet (well-formedness),unmapped,,
kondo/twoPhaseCommit/manual,UtilitiesLibrary.GetIndexForMember (well-formedness),unchanged,False,well-formedness:UtilitiesLibraryGetIndexForMember:0
kondo/twoPhaseCommit/manual,UtilitiesLibrary.UnionIncreasesCardinality (correctness),unchanged,False,correctness:UtilitiesLibraryUnionIncreasesCardinality:0
kondo/twoPhaseCommit/manual,ParticipantHost.GroupInit (well-formedness),unchanged,False,well-formedness:ParticipantHostGroupInit:0
kondo/twoPhaseCommit/manual,UtilitiesLibrary.QuorumIntersection (correctness),unchanged,False,correctness:UtilitiesLibraryQuorumIntersection:0
kondo/twoPhaseCommit/manual,UtilitiesLibrary.IsSeqExtension (well-formedness),unchanged,False,well-formedness:UtilitiesLibraryIsSeqExtension:0
kondo/twoPhaseCommit/manual,CoordinatorHost.GroupWFConstants (well-formedness),unchanged,False,well-formedness:CoordinatorHostGroupWFConstants:0
kondo/twoPhaseCommit/manual,UtilitiesLibrary.SeqIsComplete (well-formedness),unchanged,False,well-formedness:UtilitiesLibrarySeqIsComplete:0
kondo/twoPhaseCommit/manual,MonotonicityLibrary.MonotonicSeq.SatisfiesMonotonic (well-formedness),unmapped,,
kondo/twoPhaseCommit/manual,ParticipantHost.NextReceiveVoteReqStep (well-formedness),unchanged,False,well-formedness:ParticipantHostNextReceiveVoteReqStep:0
kondo/twoPhaseCommit/manual,UtilitiesLibrary.SetContainmentCardinality (correctness),unchanged,False,correctness:UtilitiesLibrarySetContainmentCardinality:0
kondo/twoPhaseCommit/manual,UtilitiesLibrary.Last (well-formedness),unchanged,False,well-formedness:UtilitiesLibraryLast:0
kondo/twoPhaseCommit/manual,UtilitiesLibrary.SeqOptionMonotoneIncreasing (well-formedness),unmapped,,
kondo/twoPhaseCommit/manual,DistributedSystem.Constants.GetCoordinator (well-formedness),unchanged,False,well-formedness:DistributedSystemConstantsGetCoordinator:0
kondo/twoPhaseCommit/manual,UtilitiesLibrary.SetIsQuorum (well-formedness),unchanged,False,well-formedness:UtilitiesLibrarySetIsQuorum:0
kondo/twoPhaseCommit/manual,MonotonicityLibrary.MonotonicNatOption.SatisfiesMonotonic (well-formedness),group,False,well-formedness:MonotonicityLibraryMonotonicNatOptionSatisfiesMonotonic*
kondo/twoPhaseCommit/manual,UtilitiesLibrary.DisjointSetUnionCardinality (correctness),unchanged,False,correctness:UtilitiesLibraryDisjointSetUnionCardinality:0
kondo/twoPhaseCommit/manual,TwoPCInvariantProof.SetLemma (correctness),unchanged,False,correctness:TwoPCInvariantProofSetLemma:0
kondo/twoPhaseCommit/manual,UtilitiesLibrary.SetMonotoneIncreasing (well-formedness),unchanged,False,well-formedness:UtilitiesLibrarySetMonotoneIncreasing:0
kondo/twoPhaseCommit/manual,UtilitiesLibrary.Predecessor (well-formedness),unchanged,False,well-formedness:UtilitiesLibraryPredecessor:0
kondo/twoPhaseCommit/manual,UtilitiesLibrary.StutterSeq (well-formedness),unchanged,False,well-formedness:UtilitiesLibraryStutterSeq:0
kondo/twoPhaseCommit/manual,UtilitiesLibrary.LargerSetIncreasesCardinalityMore (correctness),unchanged,False,correctness:UtilitiesLibraryLargerSetIncreasesCardinalityMore:0
kondo/twoPhaseCommit/manual,Types.Message.Src (well-formedness),unchanged,False,well-formedness:TypesMessageSrc:0
kondo/twoPhaseCommit/manual,UtilitiesLibrary.SeqMonotoneIncreasing (well-formedness),unchanged,False,well-formedness:UtilitiesLibrarySeqMonotoneIncreasing:0
kondo/twoPhaseCommit/manual,UtilitiesLibrary.StrictOrdering (well-formedness),unchanged,False,well-formedness:UtilitiesLibraryStrictOrdering:0
kondo/twoPhaseCommit/manual,UtilitiesLibrary.Successor (well-formedness),unchanged,False,well-formedness:UtilitiesLibrarySuccessor:0
kondo/twoPhaseCommit/manual,UtilitiesLibrary.SetContainmentCardinalityStrict (correctness),unchanged,False,correctness:UtilitiesLibrarySetContainmentCardinalityStrict:0
kondo/twoPhaseCommit/paper-version,TwoPCInvariantProof.InvInductive (correctness),unchanged,False,correctness:TwoPCInvariantProofInvInductive:0
kondo/twoPhaseCommit/paper-version,MessageInvariants.MessageInvInductive (correctness),unchanged,False,correctness:MessageInvariantsMessageInvInductive:0
kondo/twoPhaseCommit/paper-version,TwoPCInvariantProof.InvNextLeaderVotesValid (correctness),unchanged,False,correctness:TwoPCInvariantProofInvNextLeaderVotesValid:0
kondo/twoPhaseCommit/paper-version,TwoPCInvariantProof.AC3Proof (correctness),unchanged,False,correctness:TwoPCInvariantProofAC3Proof:0
kondo/twoPhaseCommit/paper-version,TwoPCInvariantProof.LeaderTallyReflectsPreferencesInductive (correctness),group,False,correctness:TwoPCInvariantProofLeaderTallyReflectsPreferencesInduct*
kondo/twoPhaseCommit/paper-version,TwoPCInvariantProof.InvNextLeaderVotesValid (well-formedness),group,False,well-formedness:TwoPCInvariantProofInvNextLeaderVotesVal*
kondo/twoPhaseCommit/paper-version,TwoPCInvariantProof.LeaderTallyReflectsPreferencesInductive (well-formedness),group,False,well-formedness:TwoPCInvariantProofLeaderTallyReflectsPrefer*
kondo/twoPhaseCommit/paper-version,TwoPCInvariantProof.ProtocolInv (well-formedness),unchanged,False,well-formedness:TwoPCInvariantProofProtocolInv:0
kondo/twoPhaseCommit/paper-version,TwoPCInvariantProof.AC3Proof (well-formedness),unchanged,False,well-formedness:TwoPCInvariantProofAC3Proof:0
kondo/twoPhaseCommit/paper-version,TwoPCInvariantProof.InitImpliesInv (correctness),unchanged,False,correctness:TwoPCInvariantProofInitImpliesInv:0
kondo/twoPhaseCommit/paper-version,TwoPCInvariantProof.LeaderVotesValid1 (well-formedness),unmapped,,
kondo/twoPhaseCommit/paper-version,DistributedSystem.CoordinatorAction (well-formedness),unmapped,,
kondo/twoPhaseCommit/paper-version,TwoPCInvariantProof.YesVotesContainsAllParticipantsWhenFull (well-formedness),group,False,well-formedness:TwoPCInvariantProofYesVotesContainsAllPartic*
kondo/twoPhaseCommit/paper-version,UtilitiesLibrary.max (well-formedness),unchanged,False,well-formedness:UtilitiesLibrarymax:0
kondo/twoPhaseCommit/paper-version,UtilitiesLibrary.DropLast (well-formedness),unchanged,False,well-formedness:UtilitiesLibraryDropLast:0
kondo/twoPhaseCommit/paper-version,TwoPCInvariantProof.InvImpliesSafety (correctness),unchanged,False,correctness:TwoPCInvariantProofInvImpliesSafety:0
kondo/twoPhaseCommit/paper-version,TwoPCInvariantProof.Inv (well-formedness),unchanged,False,well-formedness:TwoPCInvariantProofInv:0
kondo/twoPhaseCommit/paper-version,MessageInvariants.InitImpliesMessageInv (correctness),unchanged,False,correctness:MessageInvariantsInitImpliesMessageInv:0
kondo/twoPhaseCommit/paper-version,MessageInvariants.MessageInv (well-formedness),unchanged,False,well-formedness:MessageInvariantsMessageInv:0
kondo/twoPhaseCommit/paper-version,TwoPCInvariantProof.YesVotesContainsAllParticipantsWhenFull (correctness),group,False,correctness:TwoPCInvariantProofYesVotesContainsAllParticipantsWhenF*
kondo/twoPhaseCommit/paper-version,TwoPCInvariantProof.InvImpliesSafety (well-formedness),unmapped,,
kondo/twoPhaseCommit/paper-version,MessageInvariants.VoteMsgAgreeWithVoter (well-formedness),unmapped,,
kondo/twoPhaseCommit/paper-version,DistributedSystem.NextStep (well-formedness),unchanged,False,well-formedness:DistributedSystemNextStep:0
kondo/twoPhaseCommit/paper-version,DistributedSystem.ParticipantAction (well-formedness),unmapped,,
kondo/twoPhaseCommit/paper-version,MessageInvariants.VoteMsgValidSrc (well-formedness),unchanged,False,well-formedness:MessageInvariantsVoteMsgValidSrc:0
kondo/twoPhaseCommit/paper-version,MessageInvariants.ParticipantsDecisionImpliesDecideMsg (well-formedness),group,False,well-formedness:MessageInvariantsParticipantsDecisionImplies*
kondo/twoPhaseCommit/paper-version,MessageInvariants.DecisionMsgsAgreeWithLeader (well-formedness),group,False,well-formedness:MessageInvariantsDecisionMsgsAgreeWithLeader*
kondo/twoPhaseCommit/paper-version,TwoPCInvariantProof.CommitImpliesAllPreferYes (well-formedness),group,False,well-formedness:TwoPCInvariantProofCommitImpliesAllPreferYes*
kondo/twoPhaseCommit/paper-version,Obligations.SafetyAC3 (well-formedness),unchanged,False,well-formedness:ObligationsSafetyAC3:0
kondo/twoPhaseCommit/paper-version,Obligations.Safety (well-formedness),unchanged,False,well-formedness:ObligationsSafety:0
kondo/twoPhaseCommit/paper-version,CoordinatorHost.GroupWF (well-formedness),unchanged,False,well-formedness:CoordinatorHostGroupWF:0
kondo/twoPhaseCommit/paper-version,TwoPCInvariantProof.LeaderTallyReflectsPreferences1 (well-formedness),group,False,well-formedness:TwoPCInvariantProofLeaderTallyReflectsPrefer*
kondo/twoPhaseCommit/paper-version,CoordinatorHost.NextReceiveStep (well-formedness),unchanged,False,well-formedness:CoordinatorHostNextReceiveStep:0
kondo/twoPhaseCommit/paper-version,Network.Next (well-formedness),unchanged,False,well-formedness:NetworkNext:0
kondo/twoPhaseCommit/paper-version,Obligations.CoordinatorDecidedCommit (well-formedness),unmapped,,
kondo/twoPhaseCommit/paper-version,DistributedSystem.Variables.GetCoordinator (well-formedness),unchanged,False,well-formedness:DistributedSystemVariablesGetCoordinator:0
kondo/twoPhaseCommit/paper-version,CoordinatorHost.ReceiveVote (well-formedness),unchanged,False,well-formedness:CoordinatorHostReceiveVote:0
kondo/twoPhaseCommit/paper-version,UtilitiesLibrary.MapRemoveOne (well-formedness),content,True,well-formedness:UtilitiesLibraryMapRemoveOne:0
kondo/twoPhaseCommit/paper-version,CoordinatorHost.NextDecisionStep (well-formedness),unchanged,False,well-formedness:CoordinatorHostNextDecisionStep:0
kondo/twoPhaseCommit/paper-version,UtilitiesLibrary.SetsAreSubsetsOfUnion (correctness),unchanged,False,correctness:UtilitiesLibrarySetsAreSubsetsOfUnion:0
kondo/twoPhaseCommit/paper-version,Obligations.ParticipantDecidedCommit (well-formedness),unmapped,,
kondo/twoPhaseCommit/paper-version,Obligations.PartipantHasDecided (well-formedness),unchanged,False,well-formedness:ObligationsPartipantHasDecided:0
kondo/twoPhaseCommit/paper-version,ParticipantHost.GroupInit (well-formedness),unchanged,False,well-formedness:ParticipantHostGroupInit:0
kondo/twoPhaseCommit/paper-version,UtilitiesLibrary.SeqIsComplete (well-formedness),unchanged,False,well-formedness:UtilitiesLibrarySeqIsComplete:0
kondo/twoPhaseCommit/paper-version,CoordinatorHost.NextVoteReqStep (well-formedness),unchanged,False,well-formedness:CoordinatorHostNextVoteReqStep:0
kondo/twoPhaseCommit/paper-version,Obligations.GetParticipantPreference (well-formedness),unmapped,,
kondo/twoPhaseCommit/paper-version,UtilitiesLibrary.Last (well-formedness),unchanged,False,well-formedness:UtilitiesLibraryLast:0
kondo/twoPhaseCommit/paper-version,CoordinatorHost.GroupInit (well-formedness),unchanged,False,well-formedness:CoordinatorHostGroupInit:0
kondo/twoPhaseCommit/paper-version,Obligations.CoordinatorHasDecided (well-formedness),unchanged,False,well-formedness:ObligationsCoordinatorHasDecided:0
kondo/twoPhaseCommit/paper-version,UtilitiesLibrary.SetComprehensionSize (correctness),unchanged,False,correctness:UtilitiesLibrarySetComprehensionSize:0
kondo/twoPhaseCommit/paper-version,DistributedSystem.Variables.WF (well-formedness),unchanged,False,well-formedness:DistributedSystemVariablesWF:0
kondo/twoPhaseCommit/paper-version,UtilitiesLibrary.UnionIncreasesCardinality (correctness),unchanged,False,correctness:UtilitiesLibraryUnionIncreasesCardinality:0
kondo/twoPhaseCommit/paper-version,MonotonicityLibrary.MonotonicMap.SatisfiesMonotonic (well-formedness),group,False,well-formedness:MonotonicityLibraryMonotonicMapSatisfiesMonotonic*
kondo/twoPhaseCommit/paper-version,UtilitiesLibrary.StrictOrdering (well-formedness),unchanged,False,well-formedness:UtilitiesLibraryStrictOrdering:0
kondo/twoPhaseCommit/paper-version,UtilitiesLibrary.EachUnionMemberBelongsToASet (correctness),unmapped,,
kondo/twoPhaseCommit/paper-version,UtilitiesLibrary.GetIndexForMember (correctness),unchanged,False,correctness:UtilitiesLibraryGetIndexForMember:0
kondo/twoPhaseCommit/paper-version,UtilitiesLibrary.GetIndexForMember (well-formedness),unmapped,,
kondo/twoPhaseCommit/paper-version,ParticipantHost.NextSendVoteStep (well-formedness),unchanged,False,well-formedness:ParticipantHostNextSendVoteStep:0
kondo/twoPhaseCommit/paper-version,UtilitiesLibrary.UnionSeqOfSets (well-formedness),unchanged,False,well-formedness:UtilitiesLibraryUnionSeqOfSets:0
kondo/twoPhaseCommit/paper-version,ParticipantHost.NextReceiveDecisionStep (well-formedness),unmapped,,
kondo/twoPhaseCommit/paper-version,UtilitiesLibrary.EachUnionMemberBelongsToASet (well-formedness),group,False,well-formedness:UtilitiesLibraryEachUnionMemberBelongsToASet*
kondo/twoPhaseCommit/paper-version,Obligations.AllPreferYes (well-formedness),unchanged,False,well-formedness:ObligationsAllPreferYes:0
kondo/twoPhaseCommit/paper-version,UtilitiesLibrary.SetsAreSubsetsOfUnion (well-formedness),unmapped,,
kondo/twoPhaseCommit/paper-version,DistributedSystem.Constants.GetCoordinator (well-formedness),unchanged,False,well-formedness:DistributedSystemConstantsGetCoordinator:0
kondo/twoPhaseCommit/paper-version,DistributedSystem.Constants.WF (well-formedness),unchanged,False,well-formedness:DistributedSystemConstantsWF:0
kondo/twoPhaseCommit/paper-version,ParticipantHost.NextReceiveVoteReqStep (well-formedness),unmapped,,
kondo/twoPhaseCommit/paper-version,CoordinatorHost.GroupWFConstants (well-formedness),unchanged,False,well-formedness:CoordinatorHostGroupWFConstants:0
kondo/twoPhaseCommit/paper-version,UtilitiesLibrary.SetContainmentCardinality (correctness),unchanged,False,correctness:UtilitiesLibrarySetContainmentCardinality:0
kondo/twoPhaseCommit/paper-version,UtilitiesLibrary.QuorumIntersection (correctness),unchanged,False,correctness:UtilitiesLibraryQuorumIntersection:0
kondo/twoPhaseCommit/paper-version,UtilitiesLibrary.SeqOptionMonotoneIncreasing (well-formedness),group,False,well-formedness:UtilitiesLibrarySeqOptionMonotoneIncreasing*
kondo/twoPhaseCommit/paper-version,MonotonicityLibrary.MonotonicSeq.SatisfiesMonotonic (well-formedness),group,False,well-formedness:MonotonicityLibraryMonotonicSeqSatisfiesMonotonic*
kondo/twoPhaseCommit/paper-version,UtilitiesLibrary.Successor (well-formedness),unchanged,False,well-formedness:UtilitiesLibrarySuccessor:0
kondo/twoPhaseCommit/paper-version,UtilitiesLibrary.DisjointSetUnionCardinality (correctness),unchanged,False,correctness:UtilitiesLibraryDisjointSetUnionCardinality:0
kondo/twoPhaseCommit/paper-version,TwoPCInvariantProof.SetLemma (correctness),unchanged,False,correctness:TwoPCInvariantProofSetLemma:0
kondo/twoPhaseCommit/paper-version,ParticipantHost.NextReceiveDecisionStepRecvFunc (well-formedness),group,False,well-formedness:ParticipantHostNextReceiveDecisionStepRecvFu*
kondo/twoPhaseCommit/paper-version,UtilitiesLibrary.StutterSeq (well-formedness),unchanged,False,well-formedness:UtilitiesLibraryStutterSeq:0
kondo/twoPhaseCommit/paper-version,ParticipantHost.GroupWF (well-formedness),unchanged,False,well-formedness:ParticipantHostGroupWF:0
kondo/twoPhaseCommit/paper-version,Types.Message.Src (well-formedness),unchanged,False,well-formedness:TypesMessageSrc:0
kondo/twoPhaseCommit/paper-version,UtilitiesLibrary.LargerSetIncreasesCardinalityMore (correctness),unmapped,,
kondo/twoPhaseCommit/paper-version,MonotonicityLibrary.MonotonicNatOption.SatisfiesMonotonic (well-formedness),group,False,well-formedness:MonotonicityLibraryMonotonicNatOptionSatisfiesMonoton*
kondo/twoPhaseCommit/paper-version,UtilitiesLibrary.SetMonotoneIncreasing (well-formedness),unmapped,,
kondo/twoPhaseCommit/paper-version,UtilitiesLibrary.SeqMonotoneIncreasing (well-formedness),unmapped,,
kondo/twoPhaseCommit/paper-version,UtilitiesLibrary.SetIsQuorum (well-formedness),unchanged,False,well-formedness:UtilitiesLibrarySetIsQuorum:0
kondo/twoPhaseCommit/paper-version,ParticipantHost.GroupWFConstants (well-formedness),unchanged,False,well-formedness:ParticipantHostGroupWFConstants:0
kondo/twoPhaseCommit/paper-version,UtilitiesLibrary.IsSeqExtension (well-formedness),unchanged,False,well-formedness:UtilitiesLibraryIsSeqExtension:0
kondo/twoPhaseCommit/paper-version,DistributedSystem.Constants.ValidParticipantId (well-formedness),unmapped,,
kondo/twoPhaseCommit/paper-version,TwoPCInvariantProof.SetLemma (well-formedness),unchanged,False,well-formedness:TwoPCInvariantProofSetLemma:0
kondo/twoPhaseCommit/paper-version,UtilitiesLibrary.SetContainmentCardinalityStrict (correctness),unmapped,,
kondo/twoPhaseCommit/paper-version,UtilitiesLibrary.Predecessor (well-formedness),unchanged,False,well-formedness:UtilitiesLibraryPredecessor:0
kondo/twoPhaseCommit/sync,TwoPCInvariantProof.InvNextLeaderTallyReflectsPreferences (correctness),unmapped,,
kondo/twoPhaseCommit/sync,TwoPCInvariantProof.InvNextAC3 (correctness),unchanged,False,correctness:TwoPCInvariantProofInvNextAC3:0
kondo/twoPhaseCommit/sync,TwoPCInvariantProof.InvNextAC1 (correctness),unchanged,False,correctness:TwoPCInvariantProofInvNextAC1:0
kondo/twoPhaseCommit/sync,TwoPCInvariantProof.InvInductive (correctness),unchanged,False,correctness:TwoPCInvariantProofInvInductive:0
kondo/twoPhaseCommit/sync,TwoPCInvariantProof.InvNextAC4 (correctness),unchanged,False,correctness:TwoPCInvariantProofInvNextAC4:0
kondo/twoPhaseCommit/sync,TwoPCInvariantProof.InvNextLeaderTallyReflectsPreferences (well-formedness),group,False,well-formedness:TwoPCInvariantProofInvNextLeaderTallyReflectsPreferen*
kondo/twoPhaseCommit/sync,TwoPCInvariantProof.InvNextAC1 (well-formedness),unchanged,False,well-formedness:TwoPCInvariantProofInvNextAC1:0
kondo/twoPhaseCommit/sync,TwoPCInvariantProof.InvNextAC4 (well-formedness),unchanged,False,well-formedness:TwoPCInvariantProofInvNextAC4:0
kondo/twoPhaseCommit/sync,TwoPCInvariantProof.InvNextAC3 (well-formedness),unchanged,False,well-formedness:TwoPCInvariantProofInvNextAC3:0
kondo/twoPhaseCommit/sync,TwoPCInvariantProof.InitImpliesInv (correctness),unchanged,False,correctness:TwoPCInvariantProofInitImpliesInv:0
kondo/twoPhaseCommit/sync,UtilitiesLibrary.max (well-formedness),unchanged,False,well-formedness:UtilitiesLibrarymax:0
kondo/twoPhaseCommit/sync,UtilitiesLibrary.DropLast (well-formedness),unchanged,False,well-formedness:UtilitiesLibraryDropLast:0
kondo/twoPhaseCommit/sync,TwoPCInvariantProof.ProtocolInv (well-formedness),unchanged,False,well-formedness:TwoPCInvariantProofProtocolInv:0
kondo/twoPhaseCommit/sync,System.NextStep (well-formedness),unchanged,False,well-formedness:SystemNextStep:0
kondo/twoPhaseCommit/sync,System.NextVoteReqStep (well-formedness),unchanged,False,well-formedness:SystemNextVoteReqStep:0
kondo/twoPhaseCommit/sync,TwoPCInvariantProof.Inv (well-formedness),unchanged,False,well-formedness:TwoPCInvariantProofInv:0
kondo/twoPhaseCommit/sync,System.NextDecideStep (well-formedness),unchanged,False,well-formedness:SystemNextDecideStep:0
kondo/twoPhaseCommit/sync,TwoPCInvariantProof.LeaderVotesValid1 (well-formedness),unchanged,False,well-formedness:TwoPCInvariantProofLeaderVotesValid1:0
kondo/twoPhaseCommit/sync,TwoPCInvariantProof.InvImpliesSafety (well-formedness),unchanged,False,well-formedness:TwoPCInvariantProofInvImpliesSafety:0
kondo/twoPhaseCommit/sync,System.NextSendVoteStep (well-formedness),unchanged,False,well-formedness:SystemNextSendVoteStep:0
kondo/twoPhaseCommit/sync,System.Next (well-formedness),unchanged,False,well-formedness:SystemNext:0
kondo/twoPhaseCommit/sync,TwoPCInvariantProof.InvImpliesSafety (correctness),unchanged,False,correctness:TwoPCInvariantProofInvImpliesSafety:0
kondo/twoPhaseCommit/sync,TwoPCInvariantProof.AC3ContraposLemma (well-formedness),unchanged,False,well-formedness:TwoPCInvariantProofAC3ContraposLemma:0
kondo/twoPhaseCommit/sync,TwoPCInvariantProof.YesVotesContainsAllParticipantsWhenFull (well-formedness),group,False,well-formedness:TwoPCInvariantProofYesVotesContainsAllParticipantsWhe*
kondo/twoPhaseCommit/sync,TwoPCInvariantProof.AC3ContraposLemma (correctness),unchanged,False,correctness:TwoPCInvariantProofAC3ContraposLemma:0
kondo/twoPhaseCommit/sync,TwoPCInvariantProof.YesVotesContainsAllParticipantsWhenFull (correctness),unmapped,,
kondo/twoPhaseCommit/sync,TwoPCInvariantProof.LeaderTallyReflectsPreferences1 (well-formedness),group,False,well-formedness:TwoPCInvariantProofLeaderTallyReflectsPreferences*
kondo/twoPhaseCommit/sync,TwoPCInvariantProof.LeaderTallyReflectsPreferences2 (well-formedness),group,False,well-formedness:TwoPCInvariantProofLeaderTallyReflectsPreferences*
kondo/twoPhaseCommit/sync,TwoPCInvariantProof.LeaderVotesValid2 (well-formedness),unchanged,False,well-formedness:TwoPCInvariantProofLeaderVotesValid2:0
kondo/twoPhaseCommit/sync,Obligations.SafetyAC4 (well-formedness),unchanged,False,well-formedness:ObligationsSafetyAC4:0
kondo/twoPhaseCommit/sync,Obligations.AC3Contrapos (well-formedness),unchanged,False,well-formedness:ObligationsAC3Contrapos:0
kondo/twoPhaseCommit/sync,Obligations.SafetyAC3 (well-formedness),unchanged,False,well-formedness:ObligationsSafetyAC3:0
kondo/twoPhaseCommit/sync,System.Variables.WF (well-formedness),unchanged,False,well-formedness:SystemVariablesWF:0
kondo/twoPhaseCommit/sync,Obligations.SafetyAC1 (well-formedness),unchanged,False,well-formedness:ObligationsSafetyAC1:0
kondo/twoPhaseCommit/sync,Obligations.Safety (well-formedness),unchanged,False,well-formedness:ObligationsSafety:0
kondo/twoPhaseCommit/sync,CoordinatorHost.NextReceiveStep (well-formedness),unchanged,False,well-formedness:CoordinatorHostNextReceiveStep:0
kondo/twoPhaseCommit/sync,System.Constants.GetCoordinator (well-formedness),unchanged,False,well-formedness:SystemConstantsGetCoordinator:0
kondo/twoPhaseCommit/sync,CoordinatorHost.NextDecisionStep (well-formedness),unchanged,False,well-formedness:CoordinatorHostNextDecisionStep:0
kondo/twoPhaseCommit/sync,UtilitiesLibrary.EachUnionMemberBelongsToASet (well-formedness),unmapped,,
kondo/twoPhaseCommit/sync,UtilitiesLibrary.MapRemoveOne (well-formedness),content,True,well-formedness:UtilitiesLibraryMapRemoveOne:0
kondo/twoPhaseCommit/sync,Obligations.CoordinatorDecidedAbort (well-formedness),unchanged,False,well-formedness:ObligationsCoordinatorDecidedAbort:0
kondo/twoPhaseCommit/sync,UtilitiesLibrary.SetsAreSubsetsOfUnion (correctness),unchanged,False,correctness:UtilitiesLibrarySetsAreSubsetsOfUnion:0
kondo/twoPhaseCommit/sync,ParticipantHost.NextSendVoteStep (well-formedness),unchanged,False,well-formedness:ParticipantHostNextSendVoteStep:0
kondo/twoPhaseCommit/sync,Obligations.PartipantHasDecided (well-formedness),unchanged,False,well-formedness:ObligationsPartipantHasDecided:0
kondo/twoPhaseCommit/sync,CoordinatorHost.NextVoteReqStep (well-formedness),unchanged,False,well-formedness:CoordinatorHostNextVoteReqStep:0
kondo/twoPhaseCommit/sync,ParticipantHost.GroupInit (well-formedness),unchanged,False,well-formedness:ParticipantHostGroupInit:0
kondo/twoPhaseCommit/sync,Obligations.CoordinatorHasDecided (well-formedness),unchanged,False,well-formedness:ObligationsCoordinatorHasDecided:0
kondo/twoPhaseCommit/sync,Obligations.ParticipantDecidedAbort (well-formedness),unchanged,False,well-formedness:ObligationsParticipantDecidedAbort:0
kondo/twoPhaseCommit/sync,System.Variables.GetCoordinator (well-formedness),unchanged,False,well-formedness:SystemVariablesGetCoordinator:0
kondo/twoPhaseCommit/sync,ParticipantHost.GroupWF (well-formedness),unchanged,False,well-formedness:ParticipantHostGroupWF:0
kondo/twoPhaseCommit/sync,Obligations.ParticipantDecidedCommit (well-formedness),unchanged,False,well-formedness:ObligationsParticipantDecidedCommit:0
kondo/twoPhaseCommit/sync,Obligations.CoordinatorDecidedCommit (well-formedness),unchanged,False,well-formedness:ObligationsCoordinatorDecidedCommit:0
kondo/twoPhaseCommit/sync,UtilitiesLibrary.SetComprehensionSize (correctness),unchanged,False,correctness:UtilitiesLibrarySetComprehensionSize:0
kondo/twoPhaseCommit/sync,Types.Message.Src (well-formedness),unchanged,False,well-formedness:TypesMessageSrc:0
kondo/twoPhaseCommit/sync,UtilitiesLibrary.EachUnionMemberBelongsToASet (correctness),unchanged,False,correctness:UtilitiesLibraryEachUnionMemberBelongsToASet:0
kondo/twoPhaseCommit/sync,UtilitiesLibrary.GetIndexForMember (correctness),unchanged,False,correctness:UtilitiesLibraryGetIndexForMember:0
kondo/twoPhaseCommit/sync,UtilitiesLibrary.QuorumIntersection (correctness),unchanged,False,correctness:UtilitiesLibraryQuorumIntersection:0
kondo/twoPhaseCommit/sync,UtilitiesLibrary.IsSeqExtension (well-formedness),unchanged,False,well-formedness:UtilitiesLibraryIsSeqExtension:0
kondo/twoPhaseCommit/sync,UtilitiesLibrary.SeqOptionMonotoneIncreasing (well-formedness),unmapped,,
kondo/twoPhaseCommit/sync,UtilitiesLibrary.UnionSeqOfSets (well-formedness),unchanged,False,well-formedness:UtilitiesLibraryUnionSeqOfSets:0
kondo/twoPhaseCommit/sync,ParticipantHost.NextReceiveDecisionStep (well-formedness),unchanged,False,well-formedness:ParticipantHostNextReceiveDecisionStep:0
kondo/twoPhaseCommit/sync,UtilitiesLibrary.Predecessor (well-formedness),unchanged,False,well-formedness:UtilitiesLibraryPredecessor:0
kondo/twoPhaseCommit/sync,UtilitiesLibrary.UnionIncreasesCardinality (correctness),unchanged,False,correctness:UtilitiesLibraryUnionIncreasesCardinality:0
kondo/twoPhaseCommit/sync,UtilitiesLibrary.SetsAreSubsetsOfUnion (well-formedness),unchanged,False,well-formedness:UtilitiesLibrarySetsAreSubsetsOfUnion:0
kondo/twoPhaseCommit/sync,Obligations.AllPreferYes (well-formedness),unchanged,False,well-formedness:ObligationsAllPreferYes:0
kondo/twoPhaseCommit/sync,UtilitiesLibrary.GetIndexForMember (well-formedness),unchanged,False,well-formedness:UtilitiesLibraryGetIndexForMember:0
kondo/twoPhaseCommit/sync,ParticipantHost.NextReceiveVoteReqStep (well-formedness),unchanged,False,well-formedness:ParticipantHostNextReceiveVoteReqStep:0
kondo/twoPhaseCommit/sync,CoordinatorHost.ReceiveVote (well-formedness),unchanged,False,well-formedness:CoordinatorHostReceiveVote:0
kondo/twoPhaseCommit/sync,UtilitiesLibrary.SetContainmentCardinality (correctness),unchanged,False,correctness:UtilitiesLibrarySetContainmentCardinality:0
kondo/twoPhaseCommit/sync,CoordinatorHost.GroupInit (well-formedness),unchanged,False,well-formedness:CoordinatorHostGroupInit:0
kondo/twoPhaseCommit/sync,TwoPCInvariantProof.SetLemma (correctness),unchanged,False,correctness:TwoPCInvariantProofSetLemma:0
kondo/twoPhaseCommit/sync,Obligations.GetParticipantPreference (well-formedness),unchanged,False,well-formedness:ObligationsGetParticipantPreference:0
kondo/twoPhaseCommit/sync,System.Constants.WF (well-formedness),unchanged,False,well-formedness:SystemConstantsWF:0
kondo/twoPhaseCommit/sync,CoordinatorHost.GroupWF (well-formedness),unchanged,False,well-formedness:CoordinatorHostGroupWF:0
kondo/twoPhaseCommit/sync,TwoPCInvariantProof.SetLemma (well-formedness),unchanged,False,well-formedness:TwoPCInvariantProofSetLemma:0
kondo/twoPhaseCommit/sync,UtilitiesLibrary.DisjointSetUnionCardinality (correctness),unchanged,False,correctness:UtilitiesLibraryDisjointSetUnionCardinality:0
kondo/twoPhaseCommit/sync,UtilitiesLibrary.SetContainmentCardinalityStrict (correctness),unchanged,False,correctness:UtilitiesLibrarySetContainmentCardinalityStrict:0
kondo/twoPhaseCommit/sync,UtilitiesLibrary.Last (well-formedness),unchanged,False,well-formedness:UtilitiesLibraryLast:0
kondo/twoPhaseCommit/sync,UtilitiesLibrary.StutterSeq (well-formedness),unchanged,False,well-formedness:UtilitiesLibraryStutterSeq:0
kondo/twoPhaseCommit/sync,UtilitiesLibrary.SeqIsComplete (well-formedness),unchanged,False,well-formedness:UtilitiesLibrarySeqIsComplete:0
kondo/twoPhaseCommit/sync,ParticipantHost.NextReceiveDecisionStepRecvFunc (well-formedness),unmapped,,
kondo/twoPhaseCommit/sync,UtilitiesLibrary.LargerSetIncreasesCardinalityMore (correctness),unchanged,False,correctness:UtilitiesLibraryLargerSetIncreasesCardinalityMore:0
kondo/twoPhaseCommit/sync,UtilitiesLibrary.SetMonotoneIncreasing (well-formedness),unchanged,False,well-formedness:UtilitiesLibrarySetMonotoneIncreasing:0
kondo/twoPhaseCommit/sync,UtilitiesLibrary.StrictOrdering (well-formedness),unchanged,False,well-formedness:UtilitiesLibraryStrictOrdering:0
kondo/twoPhaseCommit/sync,UtilitiesLibrary.SeqMonotoneIncreasing (well-formedness),unchanged,False,well-formedness:UtilitiesLibrarySeqMonotoneIncreasing:0
kondo/twoPhaseCommit/sync,ParticipantHost.GroupWFConstants (well-formedness),unchanged,False,well-formedness:ParticipantHostGroupWFConstants:0
kondo/twoPhaseCommit/sync,UtilitiesLibrary.SetIsQuorum (well-formedness),unchanged,False,well-formedness:UtilitiesLibrarySetIsQuorum:0
kondo/twoPhaseCommit/sync,CoordinatorHost.GroupWFConstants (well-formedness),unchanged,False,well-formedness:CoordinatorHostGroupWFConstants:0
kondo/twoPhaseCommit/sync,System.Constants.ValidParticipantId (well-formedness),unchanged,False,well-formedness:SystemConstantsValidParticipantId:0
kondo/twoPhaseCommit/sync,UtilitiesLibrary.Successor (well-formedness),unchanged,False,well-formedness:UtilitiesLibrarySuccessor:0
