job,vc,class,marker,key
lit/VSI-Benchmarks/b4.dfy:refresh,Map.RemoveNonFirst (correctness),content,True,correctness:MapRemoveNonFirst:0
lit/VSI-Benchmarks/b4.dfy:refresh,Map.Add (correctness),unchanged,False,correctness:MapAdd:0
lit/VSI-Benchmarks/b4.dfy:refresh,Map.RemoveFirst (correctness),content,True,correctness:MapRemoveFirst:0
lit/VSI-Benchmarks/b4.dfy:refresh,Map.Valid (well-formedness),unchanged,False,well-formedness:MapValid:0
lit/VSI-Benchmarks/b4.dfy:refresh,Map.SpineValid (well-formedness),unchanged,False,well-formedness:MapSpineValid:0
lit/VSI-Benchmarks/b4.dfy:refresh,Map.Remove (correctness) (assertion batch 12),content,True,correctness:MapRemove:11
lit/VSI-Benchmarks/b4.dfy:refresh,Map.Remove (correctness) (assertion batch 15),content,True,correctness:MapRemove:14
lit/VSI-Benchmarks/b4.dfy:refresh,Map.Remove (correctness) (assertion batch 11),content,True,correctness:MapRemove:10
lit/VSI-Benchmarks/b4.dfy:refresh,Map.Remove (correctness) (assertion batch 13),content,True,correctness:MapRemove:12
lit/VSI-Benchmarks/b4.dfy:refresh,Map.Init (correctness),unchanged,False,correctness:MapInit:0
lit/VSI-Benchmarks/b4.dfy:refresh,Map.FindIndex (well-formedness),unchanged,False,well-formedness:MapFindIndex:0
lit/VSI-Benchmarks/b4.dfy:refresh,Map.Remove (correctness) (assertion batch 14),content,True,correctness:MapRemove:13
lit/VSI-Benchmarks/b4.dfy:refresh,Map.FindIndex (correctness),unchanged,False,correctness:MapFindIndex:0
lit/VSI-Benchmarks/b4.dfy:refresh,Map.Remove (correctness) (assertion batch 4),unchanged,False,correctness:MapRemove:3
lit/VSI-Benchmarks/b4.dfy:refresh,Map.Add (well-formedness),unchanged,False,well-formedness:MapAdd:0
lit/VSI-Benchmarks/b4.dfy:refresh,Map.Remove (correctness) (assertion batch 9),content,True,correctness:MapRemove:8
lit/VSI-Benchmarks/b4.dfy:refresh,Map.Remove (correctness) (assertion batch 16),content,True,correctness:MapRemove:15
lit/VSI-Benchmarks/b4.dfy:refresh,Map.Find (well-formedness),unchanged,False,well-formedness:MapFind:0
lit/VSI-Benchmarks/b4.dfy:refresh,Map.Remove (well-formedness) (assertion batch 4),unchanged,False,well-formedness:MapRemove:3
lit/VSI-Benchmarks/b4.dfy:refresh,Map.Remove (correctness) (assertion batch 27),unchanged,False,correctness:MapRemove:26
lit/VSI-Benchmarks/b4.dfy:refresh,Map.Remove (correctness) (assertion batch 17),content,True,correctness:MapRemove:16
lit/VSI-Benchmarks/b4.dfy:refresh,Map.Remove (correctness) (assertion batch 6),unchanged,False,correctness:MapRemove:5
lit/VSI-Benchmarks/b4.dfy:refresh,Map.Remove (correctness) (assertion batch 36),unchanged,False,correctness:MapRemove:35
lit/VSI-Benchmarks/b4.dfy:refresh,Map.Remove (correctness) (assertion batch 29),unchanged,False,correctness:MapRemove:28
lit/VSI-Benchmarks/b4.dfy:refresh,Map.Remove (correctness) (assertion batch 10),content,True,correctness:MapRemove:9
lit/VSI-Benchmarks/b4.dfy:refresh,Map.Find (correctness),unchanged,False,correctness:MapFind:0
lit/VSI-Benchmarks/b4.dfy:refresh,Map.RemoveFirst (well-formedness),content,True,well-formedness:MapRemoveFirst:0
lit/VSI-Benchmarks/b4.dfy:refresh,Map.Remove (correctness) (assertion batch 7),unchanged,False,correctness:MapRemove:6
lit/VSI-Benchmarks/b4.dfy:refresh,Map.Remove (well-formedness) (assertion batch 2),unchanged,False,well-formedness:MapRemove:1
lit/VSI-Benchmarks/b4.dfy:refresh,Map.Remove (correctness) (assertion batch 24),unchanged,False,correctness:MapRemove:23
lit/VSI-Benchmarks/b4.dfy:refresh,Map.Remove (correctness) (assertion batch 30),unchanged,False,correctness:MapRemove:29
lit/VSI-Benchmarks/b4.dfy:refresh,Map.Remove (correctness) (assertion batch 33),unchanged,False,correctness:MapRemove:32
lit/VSI-Benchmarks/b4.dfy:refresh,Map.Remove (correctness) (assertion batch 45),unchanged,False,correctness:MapRemove:44
lit/VSI-Benchmarks/b4.dfy:refresh,Map.Remove (correctness) (assertion batch 42),unchanged,False,correctness:MapRemove:41
lit/VSI-Benchmarks/b4.dfy:refresh,Map.RemoveNonFirst (well-formedness),content,True,well-formedness:MapRemoveNonFirst:0
lit/VSI-Benchmarks/b4.dfy:refresh,Map.Remove (correctness) (assertion batch 49),unchanged,False,correctness:MapRemove:48
lit/VSI-Benchmarks/b4.dfy:refresh,Map.Remove (correctness) (assertion batch 26),unchanged,False,correctness:MapRemove:25
lit/VSI-Benchmarks/b4.dfy:refresh,Map.SpineValidSplit (correctness),unchanged,False,correctness:MapSpineValidSplit:0
lit/VSI-Benchmarks/b4.dfy:refresh,Map.SpineValid_One (well-formedness),unchanged,False,well-formedness:MapSpineValidOne:0
lit/VSI-Benchmarks/b4.dfy:refresh,Map.SpineValidSplit (well-formedness),unchanged,False,well-formedness:MapSpineValidSplit:0
lit/VSI-Benchmarks/b4.dfy:refresh,Map.Remove (well-formedness) (assertion batch 3),unchanged,False,well-formedness:MapRemove:2
lit/VSI-Benchmarks/b4.dfy:refresh,Map.Remove (correctness) (assertion batch 37),unchanged,False,correctness:MapRemove:36
lit/VSI-Benchmarks/b4.dfy:refresh,Map.Remove (correctness) (assertion batch 43),unchanged,False,correctness:MapRemove:42
lit/VSI-Benchmarks/b4.dfy:refresh,Map.Remove (correctness) (assertion batch 3),unchanged,False,correctness:MapRemove:2
lit/VSI-Benchmarks/b4.dfy:refresh,Map.Remove (correctness) (assertion batch 48),unchanged,False,correctness:MapRemove:47
lit/VSI-Benchmarks/b4.dfy:refresh,Map.Remove (correctness) (assertion batch 21),unchanged,False,correctness:MapRemove:20
lit/VSI-Benchmarks/b4.dfy:refresh,Map.Remove (correctness) (assertion batch 39),unchanged,False,correctness:MapRemove:38
lit/VSI-Benchmarks/b4.dfy:refresh,Map.Remove (correctness) (assertion batch 18),content,True,correctness:MapRemove:17
lit/VSI-Benchmarks/b4.dfy:refresh,Map.Remove (correctness) (assertion batch 44),unchanged,False,correctness:MapRemove:43
lit/VSI-Benchmarks/b4.dfy:refresh,Map.Remove (well-formedness) (assertion batch 1),unchanged,False,well-formedness:MapRemove:0
lit/VSI-Benchmarks/b4.dfy:refresh,Map.Remove (correctness) (assertion batch 40),unchanged,False,correctness:MapRemove:39
lit/VSI-Benchmarks/b4.dfy:refresh,Map.Remove (correctness) (assertion batch 32),unchanged,False,correctness:MapRemove:31
lit/VSI-Benchmarks/b4.dfy:refresh,Map.Remove (correctness) (assertion batch 25),unchanged,False,correctness:MapRemove:24
lit/VSI-Benchmarks/b4.dfy:refresh,Map.Remove (correctness) (assertion batch 28),unchanged,False,correctness:MapRemove:27
lit/VSI-Benchmarks/b4.dfy:refresh,Map.Remove (correctness) (assertion batch 8),unchanged,False,correctness:MapRemove:7
lit/VSI-Benchmarks/b4.dfy:refresh,Map.Remove (correctness) (assertion batch 5),unchanged,False,correctness:MapRemove:4
lit/VSI-Benchmarks/b4.dfy:refresh,Map.SpineValidCombine (well-formedness),unchanged,False,well-formedness:MapSpineValidCombine:0
lit/VSI-Benchmarks/b4.dfy:refresh,Map.Remove (correctness) (assertion batch 35),unchanged,False,correctness:MapRemove:34
lit/VSI-Benchmarks/b4.dfy:refresh,Map.Remove (correctness) (assertion batch 31),unchanged,False,correctness:MapRemove:30
lit/VSI-Benchmarks/b4.dfy:refresh,Map.Remove (correctness) (assertion batch 2),unchanged,False,correctness:MapRemove:1
lit/VSI-Benchmarks/b4.dfy:refresh,Map.Remove (correctness) (assertion batch 19),unchanged,False,correctness:MapRemove:18
lit/VSI-Benchmarks/b4.dfy:refresh,Map.Remove (correctness) (assertion batch 23),unchanged,False,correctness:MapRemove:22
lit/VSI-Benchmarks/b4.dfy:refresh,Map.Remove (correctness) (assertion batch 47),unchanged,False,correctness:MapRemove:46
lit/VSI-Benchmarks/b4.dfy:refresh,Map.SpineValidCombine (correctness),unchanged,False,correctness:MapSpineValidCombine:0
lit/VSI-Benchmarks/b4.dfy:refresh,Map.Remove (correctness) (assertion batch 46),unchanged,False,correctness:MapRemove:45
lit/VSI-Benchmarks/b4.dfy:refresh,Map.Remove (correctness) (assertion batch 34),unchanged,False,correctness:MapRemove:33
lit/VSI-Benchmarks/b4.dfy:refresh,Map.Remove (correctness) (assertion batch 22),unchanged,False,correctness:MapRemove:21
lit/VSI-Benchmarks/b4.dfy:refresh,Map.Remove (correctness) (assertion batch 20),unchanged,False,correctness:MapRemove:19
lit/VSI-Benchmarks/b4.dfy:refresh,Map.Remove (correctness) (assertion batch 38),unchanged,False,correctness:MapRemove:37
lit/VSI-Benchmarks/b4.dfy:refresh,Map.Remove (correctness) (assertion batch 41),unchanged,False,correctness:MapRemove:40
lit/VSI-Benchmarks/b4.dfy:refresh,Map.Remove (correctness) (assertion batch 1),unchanged,False,correctness:MapRemove:0
lit/VSI-Benchmarks/b4.dfy:refresh,Node._ctor (correctness),unchanged,False,correctness:Nodector:0
lit/VSI-Benchmarks/b4.dfy:legacy,Map.RemoveNonFirst (correctness),content,True,correctness:MapRemoveNonFirst:0
lit/VSI-Benchmarks/b4.dfy:legacy,Map.Add (correctness),unchanged,False,correctness:MapAdd:0
lit/VSI-Benchmarks/b4.dfy:legacy,Map.Valid (well-formedness),unchanged,False,well-formedness:MapValid:0
lit/VSI-Benchmarks/b4.dfy:legacy,Map.RemoveFirst (correctness),content,True,correctness:MapRemoveFirst:0
lit/VSI-Benchmarks/b4.dfy:legacy,Map.FindIndex (correctness),unchanged,False,correctness:MapFindIndex:0
lit/VSI-Benchmarks/b4.dfy:legacy,Map.SpineValid (well-formedness),unchanged,False,well-formedness:MapSpineValid:0
lit/VSI-Benchmarks/b4.dfy:legacy,Map.Remove (correctness) (assertion batch 12),content,True,correctness:MapRemove:11
lit/VSI-Benchmarks/b4.dfy:legacy,Map.Remove (correctness) (assertion batch 10),content,True,correctness:MapRemove:9
lit/VSI-Benchmarks/b4.dfy:legacy,Map.Remove (correctness) (assertion batch 14),content,True,correctness:MapRemove:13
lit/VSI-Benchmarks/b4.dfy:legacy,Map.Remove (correctness) (assertion batch 9),content,True,correctness:MapRemove:8
lit/VSI-Benchmarks/b4.dfy:legacy,Map.Remove (correctness) (assertion batch 13),content,True,correctness:MapRemove:12
lit/VSI-Benchmarks/b4.dfy:legacy,Map.Find (correctness),unchanged,False,correctness:MapFind:0
lit/VSI-Benchmarks/b4.dfy:legacy,Map.Remove (correctness) (assertion batch 15),content,True,correctness:MapRemove:14
lit/VSI-Benchmarks/b4.dfy:legacy,Map.Remove (correctness) (assertion batch 17),content,True,correctness:MapRemove:16
lit/VSI-Benchmarks/b4.dfy:legacy,Map.Init (correctness),unchanged,False,correctness:MapInit:0
lit/VSI-Benchmarks/b4.dfy:legacy,Map.SpineValidSplit (well-formedness),unchanged,False,well-formedness:MapSpineValidSplit:0
lit/VSI-Benchmarks/b4.dfy:legacy,Map.Remove (correctness) (assertion batch 18),content,True,correctness:MapRemove:17
lit/VSI-Benchmarks/b4.dfy:legacy,Map.Remove (correctness) (assertion batch 4),unchanged,False,correctness:MapRemove:3
lit/VSI-Benchmarks/b4.dfy:legacy,Map.Remove (correctness) (assertion batch 11),content,True,correctness:MapRemove:10
lit/VSI-Benchmarks/b4.dfy:legacy,Map.Remove (well-formedness) (assertion batch 1),unchanged,False,well-formedness:MapRemove:0
lit/VSI-Benchmarks/b4.dfy:legacy,Map.Remove (correctness) (assertion batch 16),content,True,correctness:MapRemove:15
lit/VSI-Benchmarks/b4.dfy:legacy,Map.Remove (correctness) (assertion batch 1),unchanged,False,correctness:MapRemove:0
lit/VSI-Benchmarks/b4.dfy:legacy,Map.Remove (well-formedness) (assertion batch 2),unchanged,False,well-formedness:MapRemove:1
lit/VSI-Benchmarks/b4.dfy:legacy,Map.Remove (correctness) (assertion batch 5),unchanged,False,correctness:MapRemove:4
lit/VSI-Benchmarks/b4.dfy:legacy,Map.Remove (correctness) (assertion batch 7),unchanged,False,correctness:MapRemove:6
lit/VSI-Benchmarks/b4.dfy:legacy,Map.Remove (correctness) (assertion batch 45),unchanged,False,correctness:MapRemove:44
lit/VSI-Benchmarks/b4.dfy:legacy,Map.Remove (correctness) (assertion batch 27),unchanged,False,correctness:MapRemove:26
lit/VSI-Benchmarks/b4.dfy:legacy,Map.Find (well-formedness),unchanged,False,well-formedness:MapFind:0
lit/VSI-Benchmarks/b4.dfy:legacy,Map.Remove (correctness) (assertion batch 29),unchanged,False,correctness:MapRemove:28
lit/VSI-Benchmarks/b4.dfy:legacy,Map.Remove (correctness) (assertion batch 6),unchanged,False,correctness:MapRemove:5
lit/VSI-Benchmarks/b4.dfy:legacy,Map.Remove (correctness) (assertion batch 44),unchanged,False,correctness:MapRemove:43
lit/VSI-Benchmarks/b4.dfy:legacy,Map.Remove (well-formedness) (assertion batch 4),unchanged,False,well-formedness:MapRemove:3
lit/VSI-Benchmarks/b4.dfy:legacy,Map.Remove (correctness) (assertion batch 40),unchanged,False,correctness:MapRemove:39
lit/VSI-Benchmarks/b4.dfy:legacy,Map.Remove (correctness) (assertion batch 41),unchanged,False,correctness:MapRemove:40
lit/VSI-Benchmarks/b4.dfy:legacy,Map.Remove (correctness) (assertion batch 35),unchanged,False,correctness:MapRemove:34
lit/VSI-Benchmarks/b4.dfy:legacy,Map.Remove (correctness) (assertion batch 22),unchanged,False,correctness:MapRemove:21
lit/VSI-Benchmarks/b4.dfy:legacy,Map.Remove (correctness) (assertion batch 28),unchanged,False,correctness:MapRemove:27
lit/VSI-Benchmarks/b4.dfy:legacy,Map.Remove (correctness) (assertion batch 3),unchanged,False,correctness:MapRemove:2
lit/VSI-Benchmarks/b4.dfy:legacy,Map.FindIndex (well-formedness),unchanged,False,well-formedness:MapFindIndex:0
lit/VSI-Benchmarks/b4.dfy:legacy,Map.Remove (correctness) (assertion batch 21),unchanged,False,correctness:MapRemove:20
lit/VSI-Benchmarks/b4.dfy:legacy,Map.Remove (correctness) (assertion batch 20),unchanged,False,correctness:MapRemove:19
lit/VSI-Benchmarks/b4.dfy:legacy,Map.RemoveFirst (well-formedness),content,True,well-formedness:MapRemoveFirst:0
lit/VSI-Benchmarks/b4.dfy:legacy,Map.Remove (correctness) (assertion batch 2),unchanged,False,correctness:MapRemove:1
lit/VSI-Benchmarks/b4.dfy:legacy,Map.Remove (correctness) (assertion batch 24),unchanged,False,correctness:MapRemove:23
lit/VSI-Benchmarks/b4.dfy:legacy,Map.RemoveNonFirst (well-formedness),content,True,well-formedness:MapRemoveNonFirst:0
lit/VSI-Benchmarks/b4.dfy:legacy,Map.Remove (correctness) (assertion batch 34),unchanged,False,correctness:MapRemove:33
lit/VSI-Benchmarks/b4.dfy:legacy,Map.Remove (correctness) (assertion batch 25),unchanged,False,correctness:MapRemove:24
lit/VSI-Benchmarks/b4.dfy:legacy,Map.SpineValidSplit (correctness),unchanged,False,correctness:MapSpineValidSplit:0
lit/VSI-Benchmarks/b4.dfy:legacy,Map.Remove (correctness) (assertion batch 39),unchanged,False,correctness:MapRemove:38
lit/VSI-Benchmarks/b4.dfy:legacy,Map.Remove (correctness) (assertion batch 31),unchanged,False,correctness:MapRemove:30
lit/VSI-Benchmarks/b4.dfy:legacy,Map.Add (well-formedness),unchanged,False,well-formedness:MapAdd:0
lit/VSI-Benchmarks/b4.dfy:legacy,Map.Remove (well-formedness) (assertion batch 3),unchanged,False,well-formedness:MapRemove:2
lit/VSI-Benchmarks/b4.dfy:legacy,Map.Remove (correctness) (assertion batch 8),unchanged,False,correctness:MapRemove:7
lit/VSI-Benchmarks/b4.dfy:legacy,Map.SpineValidCombine (correctness),unchanged,False,correctness:MapSpineValidCombine:0
lit/VSI-Benchmarks/b4.dfy:legacy,Map.Remove (correctness) (assertion batch 26),unchanged,False,correctness:MapRemove:25
lit/VSI-Benchmarks/b4.dfy:legacy,Map.Remove (correctness) (assertion batch 46),unchanged,False,correctness:MapRemove:45
lit/VSI-Benchmarks/b4.dfy:legacy,Map.Remove (correctness) (assertion batch 47),unchanged,False,correctness:MapRemove:46
lit/VSI-Benchmarks/b4.dfy:legacy,Map.Remove (correctness) (assertion batch 36),unchanged,False,correctness:MapRemove:35
lit/VSI-Benchmarks/b4.dfy:legacy,Map.Remove (correctness) (assertion batch 49),unchanged,False,correctness:MapRemove:48
lit/VSI-Benchmarks/b4.dfy:legacy,Map.Remove (correctness) (assertion batch 33),unchanged,False,correctness:MapRemove:32
lit/VSI-Benchmarks/b4.dfy:legacy,Map.Remove (correctness) (assertion batch 23),unchanged,False,correctness:MapRemove:22
lit/VSI-Benchmarks/b4.dfy:legacy,Map.Remove (correctness) (assertion batch 30),unchanged,False,correctness:MapRemove:29
lit/VSI-Benchmarks/b4.dfy:legacy,Map.SpineValid_One (well-formedness),unchanged,False,well-formedness:MapSpineValidOne:0
lit/VSI-Benchmarks/b4.dfy:legacy,Map.Remove (correctness) (assertion batch 32),unchanged,False,correctness:MapRemove:31
lit/VSI-Benchmarks/b4.dfy:legacy,Map.Remove (correctness) (assertion batch 48),unchanged,False,correctness:MapRemove:47
lit/VSI-Benchmarks/b4.dfy:legacy,Map.Remove (correctness) (assertion batch 43),unchanged,False,correctness:MapRemove:42
lit/VSI-Benchmarks/b4.dfy:legacy,Map.Remove (correctness) (assertion batch 19),unchanged,False,correctness:MapRemove:18
lit/VSI-Benchmarks/b4.dfy:legacy,Map.SpineValidCombine (well-formedness),unchanged,False,well-formedness:MapSpineValidCombine:0
lit/VSI-Benchmarks/b4.dfy:legacy,Map.Remove (correctness) (assertion batch 42),unchanged,False,correctness:MapRemove:41
lit/VSI-Benchmarks/b4.dfy:legacy,Map.Remove (correctness) (assertion batch 37),unchanged,False,correctness:MapRemove:36
lit/VSI-Benchmarks/b4.dfy:legacy,Node._ctor (correctness),unchanged,False,correctness:Nodector:0
lit/VSI-Benchmarks/b4.dfy:legacy,Map.Remove (correctness) (assertion batch 38),unchanged,False,correctness:MapRemove:37
lit/cloudmake/CloudMake-ParallelBuilds.dfy:refresh,M2.ExecOneProperty (correctness),content,True,correctness:M2ExecOneProperty:0
lit/cloudmake/CloudMake-ParallelBuilds.dfy:refresh,M0.EvalLemma (correctness),unchanged,False,correctness:M0EvalLemma:0
lit/cloudmake/CloudMake-ParallelBuilds.dfy:refresh,M2.CollectRestrict_Lemma (correctness),content,True,correctness:M2CollectRestrictLemma:0
lit/cloudmake/CloudMake-ParallelBuilds.dfy:refresh,M2.Collect_CertificateInsensitivity (correctness),content,True,correctness:M2CollectCertificateInsensitivity:0
lit/cloudmake/CloudMake-ParallelBuilds.dfy:refresh,M2.CollectProperty (correctness),content,True,correctness:M2CollectProperty:0
lit/cloudmake/CloudMake-ParallelBuilds.dfy:refresh,M0.BuildLemma (well-formedness),unchanged,False,well-formedness:M0BuildLemma:0
lit/cloudmake/CloudMake-ParallelBuilds.dfy:refresh,M0.Union (well-formedness),unchanged,False,well-formedness:M0Union:0
lit/cloudmake/CloudMake-ParallelBuilds.dfy:refresh,M0.DoLemma (correctness),unchanged,False,correctness:M0DoLemma:0
lit/cloudmake/CloudMake-ParallelBuilds.dfy:refresh,M1.Main (correctness),unchanged,False,correctness:M1Main:0
lit/cloudmake/CloudMake-ParallelBuilds.dfy:refresh,M0.build (well-formedness),unchanged,False,well-formedness:M0build:0
lit/cloudmake/CloudMake-ParallelBuilds.dfy:refresh,M0.ParallelBuildsTheorem (correctness),unchanged,False,correctness:M0ParallelBuildsTheorem:0
lit/cloudmake/CloudMake-ParallelBuilds.dfy:refresh,M0.EvalArgsLemma (well-formedness),unchanged,False,well-formedness:M0EvalArgsLemma:0
lit/cloudmake/CloudMake-ParallelBuilds.dfy:refresh,M0.EvalLemma (well-formedness),unchanged,False,well-formedness:M0EvalLemma:0
lit/cloudmake/CloudMake-ParallelBuilds.dfy:refresh,M0.DoLemma (well-formedness),unchanged,False,well-formedness:M0DoLemma:0
lit/cloudmake/CloudMake-ParallelBuilds.dfy:refresh,M0.ParallelBuildsTheorem (well-formedness),unchanged,False,well-formedness:M0ParallelBuildsTheorem:0
lit/cloudmake/CloudMake-ParallelBuilds.dfy:refresh,M0.eval (well-formedness),unchanged,False,well-formedness:M0eval:0
lit/cloudmake/CloudMake-ParallelBuilds.dfy:refresh,M0.Compatible (well-formedness),unchanged,False,well-formedness:M0Compatible:0
lit/cloudmake/CloudMake-ParallelBuilds.dfy:refresh,M0.evalArgs (well-formedness),unchanged,False,well-formedness:M0evalArgs:0
lit/cloudmake/CloudMake-ParallelBuilds.dfy:refresh,M0.Lemma_Combine (correctness),unchanged,False,correctness:M0LemmaCombine:0
lit/cloudmake/CloudMake-ParallelBuilds.dfy:refresh,M0.BuildLemma (correctness),unchanged,False,correctness:M0BuildLemma:0
lit/cloudmake/CloudMake-ParallelBuilds.dfy:refresh,M2.ExecProperty (correctness),content,True,correctness:M2ExecProperty:0
lit/cloudmake/CloudMake-ParallelBuilds.dfy:refresh,M0.EvalArgsLemma (correctness),unchanged,False,correctness:M0EvalArgsLemma:0
lit/cloudmake/CloudMake-ParallelBuilds.dfy:refresh,M0.do (well-formedness),unchanged,False,well-formedness:M0do:0
lit/cloudmake/CloudMake-ParallelBuilds.dfy:refresh,M0.ValidArgs (well-formedness),unchanged,False,well-formedness:M0ValidArgs:0
lit/cloudmake/CloudMake-ParallelBuilds.dfy:refresh,M2.OracleWF_CertificateInsensitivity (correctness),content,True,correctness:M2OracleWFCertificateInsensitivity:0
lit/cloudmake/CloudMake-ParallelBuilds.dfy:refresh,M2.Oracle (well-formedness),content,True,well-formedness:M2Oracle:0
lit/cloudmake/CloudMake-ParallelBuilds.dfy:refresh,M0.SetEnv (well-formedness),unchanged,False,well-formedness:M0SetEnv:0
lit/cloudmake/CloudMake-ParallelBuilds.dfy:refresh,M2.RestrictMonotonicity (correctness),content,True,correctness:M2RestrictMonotonicity:0
lit/cloudmake/CloudMake-ParallelBuilds.dfy:refresh,M2.Restrict (well-formedness),content,True,well-formedness:M2Restrict:0
lit/cloudmake/CloudMake-ParallelBuilds.dfy:refresh,M2.OracleWF_Property (correctness),content,True,correctness:M2OracleWFProperty:0
lit/cloudmake/CloudMake-ParallelBuilds.dfy:refresh,M2.CollectDependencies (well-formedness),content,True,well-formedness:M2CollectDependencies:0
lit/cloudmake/CloudMake-ParallelBuilds.dfy:refresh,M2.CollectProperty (well-formedness),content,True,well-formedness:M2CollectProperty:0
lit/cloudmake/CloudMake-ParallelBuilds.dfy:refresh,M2.Collect_CertificateInsensitivity (well-formedness),content,True,well-formedness:M2CollectCertificateInsensitivity:0
lit/cloudmake/CloudMake-ParallelBuilds.dfy:refresh,M2.OracleWF_Property (well-formedness),content,True,well-formedness:M2OracleWFProperty:0
lit/cloudmake/CloudMake-ParallelBuilds.dfy:refresh,M3.Union (well-formedness),content,True,well-formedness:M3Union:0
lit/cloudmake/CloudMake-ParallelBuilds.dfy:refresh,M2.execOne (well-formedness),unchanged,False,well-formedness:M2execOne:0
lit/cloudmake/CloudMake-ParallelBuilds.dfy:refresh,M2.OracleProperty (correctness),content,True,correctness:M2OracleProperty:0
lit/cloudmake/CloudMake-ParallelBuilds.dfy:refresh,M2.CollectRestrict_Lemma (well-formedness),content,True,well-formedness:M2CollectRestrictLemma:0
lit/cloudmake/CloudMake-ParallelBuilds.dfy:refresh,M2.CheckWellFounded (well-formedness),unchanged,False,well-formedness:M2CheckWellFounded:0
lit/cloudmake/CloudMake-ParallelBuilds.dfy:refresh,M2.ExecOne_Lemma0 (correctness),unchanged,False,correctness:M2ExecOneLemma0:0
lit/cloudmake/CloudMake-ParallelBuilds.dfy:refresh,M3.EmptyEnv (well-formedness),unchanged,False,well-formedness:M3EmptyEnv:0
lit/cloudmake/CloudMake-ParallelBuilds.dfy:refresh,M3.GetEnv (well-formedness),unchanged,False,well-formedness:M3GetEnv:0
lit/cloudmake/CloudMake-ParallelBuilds.dfy:refresh,M2.OracleArbitrary (well-formedness),unchanged,False,well-formedness:M2OracleArbitrary:0
lit/cloudmake/CloudMake-ParallelBuilds.dfy:refresh,M0.GetEnv (well-formedness),unchanged,False,well-formedness:M0GetEnv:0
lit/cloudmake/CloudMake-ParallelBuilds.dfy:refresh,M3.LocInv_Exp (well-formedness),unchanged,False,well-formedness:M3LocInvExp:0
lit/cloudmake/CloudMake-ParallelBuilds.dfy:refresh,M2.OracleWF_CertificateInsensitivity (well-formedness),content,True,well-formedness:M2OracleWFCertificateInsensitivity:0
lit/cloudmake/CloudMake-ParallelBuilds.dfy:refresh,M1.DomSt (well-formedness),content,False,well-formedness:M1DomSt:0
lit/cloudmake/CloudMake-ParallelBuilds.dfy:refresh,M0.Lemma_Combine (well-formedness),unchanged,False,well-formedness:M0LemmaCombine:0
lit/cloudmake/CloudMake-ParallelBuilds.dfy:refresh,M2.PickOne (well-formedness),unchanged,False,well-formedness:M2PickOne:0
lit/cloudmake/CloudMake-ParallelBuilds.dfy:refresh,M3.ValidEnv (well-formedness),unchanged,False,well-formedness:M3ValidEnv:0
lit/cloudmake/CloudMake-ParallelBuilds.dfy:refresh,M3.RunTool (well-formedness),unchanged,False,well-formedness:M3RunTool:0
lit/cloudmake/CloudMake-ParallelBuilds.dfy:refresh,M1.GetSt (well-formedness),unchanged,False,well-formedness:M1GetSt:0
lit/cloudmake/CloudMake-ParallelBuilds.dfy:refresh,M0.Post (well-formedness),unchanged,False,well-formedness:M0Post:0
lit/cloudmake/CloudMake-ParallelBuilds.dfy:refresh,M0.EmptyEnv (well-formedness),unchanged,False,well-formedness:M0EmptyEnv:0
lit/cloudmake/CloudMake-ParallelBuilds.dfy:refresh,M3.SetEnv (well-formedness),unchanged,False,well-formedness:M3SetEnv:0
lit/cloudmake/CloudMake-ParallelBuilds.dfy:refresh,M0.Extends (well-formedness),unchanged,False,well-formedness:M0Extends:0
lit/cloudmake/CloudMake-ParallelBuilds.dfy:refresh,M3.LocInv_Cmd (well-formedness),unchanged,False,well-formedness:M3LocInvCmd:0
lit/cloudmake/CloudMake-ParallelBuilds.dfy:refresh,M3.LocInjectivity (correctness),unchanged,False,correctness:M3LocInjectivity:0
lit/cloudmake/CloudMake-ParallelBuilds.dfy:refresh,M0.Combine (well-formedness),unchanged,False,well-formedness:M0Combine:0
lit/cloudmake/CloudMake-ParallelBuilds.dfy:refresh,M2.GetCert (well-formedness),unchanged,False,well-formedness:M2GetCert:0
lit/cloudmake/CloudMake-ParallelBuilds.dfy:refresh,M0.Pre (well-formedness),unchanged,False,well-formedness:M0Pre:0
lit/cloudmake/CloudMake-ParallelBuilds.dfy:refresh,M2.FindCert (well-formedness),unchanged,False,well-formedness:M2FindCert:0
lit/cloudmake/CloudMake-ParallelBuilds.dfy:refresh,M2.OracleWF (well-formedness),content,True,well-formedness:M2OracleWF:0
lit/cloudmake/CloudMake-ParallelBuilds.dfy:refresh,M0.Lemma_ExtendsTransitive (correctness),unchanged,False,correctness:M0LemmaExtendsTransitive:0
lit/cloudmake/CloudMake-ParallelBuilds.dfy:refresh,M0.Arity (well-formedness),unchanged,False,well-formedness:M0Arity:0
lit/cloudmake/CloudMake-ParallelBuilds.dfy:refresh,M3.LocInv_Deps (well-formedness),unchanged,False,well-formedness:M3LocInvDeps:0
lit/cloudmake/CloudMake-ParallelBuilds.dfy:legacy,M2.ExecOneProperty (correctness),content,True,correctness:M2ExecOneProperty:0
lit/cloudmake/CloudMake-ParallelBuilds.dfy:legacy,M2.CollectRestrict_Lemma (correctness),content,True,correctness:M2CollectRestrictLemma:0
lit/cloudmake/CloudMake-ParallelBuilds.dfy:legacy,M2.CollectProperty (correctness),content,True,correctness:M2CollectProperty:0
lit/cloudmake/CloudMake-ParallelBuilds.dfy:legacy,M0.EvalLemma (correctness),unchanged,False,correctness:M0EvalLemma:0
lit/cloudmake/CloudMake-ParallelBuilds.dfy:legacy,M2.Collect_CertificateInsensitivity (correctness),content,True,correctness:M2CollectCertificateInsensitivity:0
lit/cloudmake/CloudMake-ParallelBuilds.dfy:legacy,M0.Union (well-formedness),unchanged,False,well-formedness:M0Union:0
lit/cloudmake/CloudMake-ParallelBuilds.dfy:legacy,M0.ParallelBuildsTheorem (correctness),unchanged,False,correctness:M0ParallelBuildsTheorem:0
lit/cloudmake/CloudMake-ParallelBuilds.dfy:legacy,M0.BuildLemma (correctness),unchanged,False,correctness:M0BuildLemma:0
lit/cloudmake/CloudMake-ParallelBuilds.dfy:legacy,M0.Compatible (well-formedness),unchanged,False,well-formedness:M0Compatible:0
lit/cloudmake/CloudMake-ParallelBuilds.dfy:legacy,M0.BuildLemma (well-formedness),unchanged,False,well-formedness:M0BuildLemma:0
lit/cloudmake/CloudMake-ParallelBuilds.dfy:legacy,M0.EvalArgsLemma (well-formedness),unchanged,False,well-formedness:M0EvalArgsLemma:0
lit/cloudmake/CloudMake-ParallelBuilds.dfy:legacy,M0.evalArgs (well-formedness),unchanged,False,well-formedness:M0evalArgs:0
lit/cloudmake/CloudMake-ParallelBuilds.dfy:legacy,M0.build (well-formedness),unchanged,False,well-formedness:M0build:0
lit/cloudmake/CloudMake-ParallelBuilds.dfy:legacy,M0.ParallelBuildsTheorem (well-formedness),unchanged,False,well-formedness:M0ParallelBuildsTheorem:0
lit/cloudmake/CloudMake-ParallelBuilds.dfy:legacy,M0.DoLemma (correctness),unchanged,False,correctness:M0DoLemma:0
lit/cloudmake/CloudMake-ParallelBuilds.dfy:legacy,M0.EvalLemma (well-formedness),unchanged,False,well-formedness:M0EvalLemma:0
lit/cloudmake/CloudMake-ParallelBuilds.dfy:legacy,M0.eval (well-formedness),unchanged,False,well-formedness:M0eval:0
lit/cloudmake/CloudMake-ParallelBuilds.dfy:legacy,M0.DoLemma (well-formedness),unchanged,False,well-formedness:M0DoLemma:0
lit/cloudmake/CloudMake-ParallelBuilds.dfy:legacy,M0.EvalArgsLemma (correctness),unchanged,False,correctness:M0EvalArgsLemma:0
lit/cloudmake/CloudMake-ParallelBuilds.dfy:legacy,M0.Lemma_Combine (correctness),unchanged,False,correctness:M0LemmaCombine:0
lit/cloudmake/CloudMake-ParallelBuilds.dfy:legacy,M1.Main (correctness),unchanged,False,correctness:M1Main:0
lit/cloudmake/CloudMake-ParallelBuilds.dfy:legacy,M0.ValidArgs (well-formedness),unchanged,False,well-formedness:M0ValidArgs:0
lit/cloudmake/CloudMake-ParallelBuilds.dfy:legacy,M0.do (well-formedness),unchanged,False,well-formedness:M0do:0
lit/cloudmake/CloudMake-ParallelBuilds.dfy:legacy,M0.SetEnv (well-formedness),unchanged,False,well-formedness:M0SetEnv:0
lit/cloudmake/CloudMake-ParallelBuilds.dfy:legacy,M2.RestrictMonotonicity (correctness),content,True,correctness:M2RestrictMonotonicity:0
lit/cloudmake/CloudMake-ParallelBuilds.dfy:legacy,M2.OracleProperty (correctness),content,True,correctness:M2OracleProperty:0
lit/cloudmake/CloudMake-ParallelBuilds.dfy:legacy,M2.CollectDependencies (well-formedness),content,True,well-formedness:M2CollectDependencies:0
lit/cloudmake/CloudMake-ParallelBuilds.dfy:legacy,M0.GetEnv (well-formedness),unchanged,False,well-formedness:M0GetEnv:0
lit/cloudmake/CloudMake-ParallelBuilds.dfy:legacy,M0.Pre (well-formedness),unchanged,False,well-formedness:M0Pre:0
lit/cloudmake/CloudMake-ParallelBuilds.dfy:legacy,M0.Lemma_ExtendsTransitive (correctness),unchanged,False,correctness:M0LemmaExtendsTransitive:0
lit/cloudmake/CloudMake-ParallelBuilds.dfy:legacy,M2.ExecProperty (correctness),content,True,correctness:M2ExecProperty:0
lit/cloudmake/CloudMake-ParallelBuilds.dfy:legacy,M2.OracleWF_Property (correctness),content,True,correctness:M2OracleWFProperty:0
lit/cloudmake/CloudMake-ParallelBuilds.dfy:legacy,M2.execOne (well-formedness),unchanged,False,well-formedness:M2execOne:0
lit/cloudmake/CloudMake-ParallelBuilds.dfy:legacy,M3.EmptyEnv (well-formedness),unchanged,False,well-formedness:M3EmptyEnv:0
lit/cloudmake/CloudMake-ParallelBuilds.dfy:legacy,M2.OracleWF_Property (well-formedness),content,True,well-formedness:M2OracleWFProperty:0
lit/cloudmake/CloudMake-ParallelBuilds.dfy:legacy,M2.Restrict (well-formedness),content,True,well-formedness:M2Restrict:0
lit/cloudmake/CloudMake-ParallelBuilds.dfy:legacy,M0.Combine (well-formedness),unchanged,False,well-formedness:M0Combine:0
lit/cloudmake/CloudMake-ParallelBuilds.dfy:legacy,M3.GetEnv (well-formedness),unchanged,False,well-formedness:M3GetEnv:0
lit/cloudmake/CloudMake-ParallelBuilds.dfy:legacy,M0.EmptyEnv (well-formedness),unchanged,False,well-formedness:M0EmptyEnv:0
lit/cloudmake/CloudMake-ParallelBuilds.dfy:legacy,M2.OracleWF_CertificateInsensitivity (well-formedness),content,True,well-formedness:M2OracleWFCertificateInsensitivity:0
lit/cloudmake/CloudMake-ParallelBuilds.dfy:legacy,M2.Oracle (well-formedness),content,True,well-formedness:M2Oracle:0
lit/cloudmake/CloudMake-ParallelBuilds.dfy:legacy,M2.Collect_CertificateInsensitivity (well-formedness),content,True,well-formedness:M2CollectCertificateInsensitivity:0
lit/cloudmake/CloudMake-ParallelBuilds.dfy:legacy,M2.CollectRestrict_Lemma (well-formedness),content,True,well-formedness:M2CollectRestrictLemma:0
lit/cloudmake/CloudMake-ParallelBuilds.dfy:legacy,M2.GetCert (well-formedness),unchanged,False,well-formedness:M2GetCert:0
lit/cloudmake/CloudMake-ParallelBuilds.dfy:legacy,M3.Union (well-formedness),content,True,well-formedness:M3Union:0
lit/cloudmake/CloudMake-ParallelBuilds.dfy:legacy,M0.Extends (well-formedness),unchanged,False,well-formedness:M0Extends:0
lit/cloudmake/CloudMake-ParallelBuilds.dfy:legacy,M2.CollectProperty (well-formedness),content,True,well-formedness:M2CollectProperty:0
lit/cloudmake/CloudMake-ParallelBuilds.dfy:legacy,M2.OracleArbitrary (well-formedness),unchanged,False,well-formedness:M2OracleArbitrary:0
lit/cloudmake/CloudMake-ParallelBuilds.dfy:legacy,M1.DomSt (well-formedness),unchanged,False,well-formedness:M1DomSt:0
lit/cloudmake/CloudMake-ParallelBuilds.dfy:legacy,M1.GetSt (well-formedness),unchanged,False,well-formedness:M1GetSt:0
lit/cloudmake/CloudMake-ParallelBuilds.dfy:legacy,M2.ExecOne_Lemma0 (correctness),unchanged,False,correctness:M2ExecOneLemma0:0
lit/cloudmake/CloudMake-ParallelBuilds.dfy:legacy,M2.OracleWF_CertificateInsensitivity (correctness),content,True,correctness:M2OracleWFCertificateInsensitivity:0
lit/cloudmake/CloudMake-ParallelBuilds.dfy:legacy,M3.LocInjectivity (correctness),unchanged,False,correctness:M3LocInjectivity:0
lit/cloudmake/CloudMake-ParallelBuilds.dfy:legacy,M2.OracleWF (well-formedness),content,True,well-formedness:M2OracleWF:0
lit/cloudmake/CloudMake-ParallelBuilds.dfy:legacy,M3.SetEnv (well-formedness),unchanged,False,well-formedness:M3SetEnv:0
lit/cloudmake/CloudMake-ParallelBuilds.dfy:legacy,M3.RunTool (well-formedness),unchanged,False,well-formedness:M3RunTool:0
lit/cloudmake/CloudMake-ParallelBuilds.dfy:legacy,M0.Lemma_Combine (well-formedness),unchanged,False,well-formedness:M0LemmaCombine:0
lit/cloudmake/CloudMake-ParallelBuilds.dfy:legacy,M2.FindCert (well-formedness),unchanged,False,well-formedness:M2FindCert:0
lit/cloudmake/CloudMake-ParallelBuilds.dfy:legacy,M0.Arity (well-formedness),unchanged,False,well-formedness:M0Arity:0
lit/cloudmake/CloudMake-ParallelBuilds.dfy:legacy,M3.ValidEnv (well-formedness),unchanged,False,well-formedness:M3ValidEnv:0
lit/cloudmake/CloudMake-ParallelBuilds.dfy:legacy,M0.Post (well-formedness),unchanged,False,well-formedness:M0Post:0
lit/cloudmake/CloudMake-ParallelBuilds.dfy:legacy,M2.CheckWellFounded (well-formedness),unchanged,False,well-formedness:M2CheckWellFounded:0
lit/cloudmake/CloudMake-ParallelBuilds.dfy:legacy,M3.LocInv_Cmd (well-formedness),unchanged,False,well-formedness:M3LocInvCmd:0
lit/cloudmake/CloudMake-ParallelBuilds.dfy:legacy,M3.LocInv_Deps (well-formedness),unchanged,False,well-formedness:M3LocInvDeps:0
lit/cloudmake/CloudMake-ParallelBuilds.dfy:legacy,M3.LocInv_Exp (well-formedness),unchanged,False,well-formedness:M3LocInvExp:0
lit/cloudmake/CloudMake-ParallelBuilds.dfy:legacy,M2.PickOne (well-formedness),unchanged,False,well-formedness:M2PickOne:0
lit/comp/Calls.dfy:refresh,Main (correctness),unchanged,False,correctness:Main:0
lit/comp/Calls.dfy:refresh,FunctionValues.Test (correctness),unchanged,False,correctness:FunctionValuesTest:0
lit/comp/Calls.dfy:refresh,VariableCapture.Test (correctness),unchanged,False,correctness:VariableCaptureTest:0
lit/comp/Calls.dfy:refresh,VariableCapture.MapToSeq (correctness),content,True,correctness:VariableCaptureMapToSeq:0
lit/comp/Calls.dfy:refresh,FunctionValues.NT (well-formedness),unchanged,False,well-formedness:FunctionValuesNT:0
lit/comp/Calls.dfy:refresh,VariableCapture.SetToSeq (correctness),unchanged,False,correctness:VariableCaptureSetToSeq:0
lit/comp/Calls.dfy:legacy,Main (correctness),unchanged,False,correctness:Main:0
lit/comp/Calls.dfy:legacy,VariableCapture.Test (correctness),unchanged,False,correctness:VariableCaptureTest:0
lit/comp/Calls.dfy:legacy,FunctionValues.Test (correctness),unchanged,False,correctness:FunctionValuesTest:0
lit/comp/Calls.dfy:legacy,VariableCapture.MapToSeq (correctness),content,True,correctness:VariableCaptureMapToSeq:0
lit/comp/Calls.dfy:legacy,VariableCapture.SetToSeq (correctness),unchanged,False,correctness:VariableCaptureSetToSeq:0
lit/comp/Calls.dfy:legacy,FunctionValues.NT (well-formedness),unchanged,False,well-formedness:FunctionValuesNT:0
lit/comp/Comprehensions.dfy:refresh,Main (correctness),unchanged,False,correctness:Main:0
lit/comp/Comprehensions.dfy:refresh,Even (well-formedness),unchanged,False,well-formedness:Even:0
lit/comp/Comprehensions.dfy:refresh,LetSuchThat (correctness),unchanged,False,correctness:LetSuchThat:0
lit/comp/Comprehensions.dfy:refresh,EnumerationRegression.Test (correctness),content,False,correctness:EnumerationRegressionTest:0
lit/comp/Comprehensions.dfy:refresh,AltControlFlow (correctness),unchanged,False,correctness:AltControlFlow:0
lit/comp/Comprehensions.dfy:refresh,Enumerations (correctness),content,True,correctness:Enumerations:0
lit/comp/Comprehensions.dfy:refresh,EnumerationsMaybeNull (correctness),content,True,correctness:EnumerationsMaybeNull:0
lit/comp/Comprehensions.dfy:refresh,FindRange (well-formedness),unchanged,False,well-formedness:FindRange:0
lit/comp/Comprehensions.dfy:refresh,AssignSuchThat (correctness),unchanged,False,correctness:AssignSuchThat:0
lit/comp/Comprehensions.dfy:refresh,TestImplicitTypeTests.Test (correctness),unchanged,False,correctness:TestImplicitTypeTestsTest:0
lit/comp/Comprehensions.dfy:refresh,NewtypeRangeRegression.Test (correctness),unchanged,False,correctness:NewtypeRangeRegressionTest:0
lit/comp/Comprehensions.dfy:refresh,FindRangeIf (well-formedness),unchanged,False,well-formedness:FindRangeIf:0
lit/comp/Comprehensions.dfy:refresh,MapComprehension (correctness),content,True,correctness:MapComprehension:0
lit/comp/Comprehensions.dfy:refresh,EnumerationRegression.Long (well-formedness),unchanged,False,well-formedness:EnumerationRegressionLong:0
lit/comp/Comprehensions.dfy:refresh,FindRangeIf (correctness),unchanged,False,correctness:FindRangeIf:0
lit/comp/Comprehensions.dfy:refresh,EnumerationRegression.ToSeq (correctness),unchanged,False,correctness:EnumerationRegressionToSeq:0
lit/comp/Comprehensions.dfy:refresh,ObjectTests.Test (correctness),unchanged,False,correctness:ObjectTestsTest:0
lit/comp/Comprehensions.dfy:refresh,Sequences (correctness),unchanged,False,correctness:Sequences:0
lit/comp/Comprehensions.dfy:refresh,FindRange (correctness),unchanged,False,correctness:FindRange:0
lit/comp/Comprehensions.dfy:refresh,FindRangeBindingGuardAlt (correctness),unchanged,False,correctness:FindRangeBindingGuardAlt:0
lit/comp/Comprehensions.dfy:refresh,FindRangeBindingGuard (correctness),unchanged,False,correctness:FindRangeBindingGuard:0
lit/comp/Comprehensions.dfy:refresh,TestCollectionEmptiness (correctness),unchanged,False,correctness:TestCollectionEmptiness:0
lit/comp/Comprehensions.dfy:refresh,GoNil (correctness),unchanged,False,correctness:GoNil:0
lit/comp/Comprehensions.dfy:refresh,SetComprehension1 (correctness),unchanged,False,correctness:SetComprehension1:0
lit/comp/Comprehensions.dfy:refresh,SetComprehension2 (correctness),unchanged,False,correctness:SetComprehension2:0
lit/comp/Comprehensions.dfy:refresh,EnumerationRegression.AlsoLong (well-formedness),unchanged,False,well-formedness:EnumerationRegressionAlsoLong:0
lit/comp/Comprehensions.dfy:refresh,SetComprehension0 (correctness),unchanged,False,correctness:SetComprehension0:0
lit/comp/Comprehensions.dfy:refresh,SetComprehension (correctness),unchanged,False,correctness:SetComprehension:0
lit/comp/Comprehensions.dfy:refresh,EnumerationRegression.Digit (well-formedness),content,False,well-formedness:EnumerationRegressionDigit:0
lit/comp/Comprehensions.dfy:refresh,FindRangeBindingGuardAlt (well-formedness),unchanged,False,well-formedness:FindRangeBindingGuardAlt:0
lit/comp/Comprehensions.dfy:refresh,OutParamsUnderLambdas (correctness),unchanged,False,correctness:OutParamsUnderLambdas:0
lit/comp/Comprehensions.dfy:refresh,FindRangeBindingGuard (well-formedness),unchanged,False,well-formedness:FindRangeBindingGuard:0
lit/comp/Comprehensions.dfy:legacy,Main (correctness),unchanged,False,correctness:Main:0
lit/comp/Comprehensions.dfy:legacy,Even (well-formedness),unchanged,False,well-formedness:Even:0
lit/comp/Comprehensions.dfy:legacy,LetSuchThat (correctness),unchanged,False,correctness:LetSuchThat:0
lit/comp/Comprehensions.dfy:legacy,EnumerationsMaybeNull (correctness),content,True,correctness:EnumerationsMaybeNull:0
lit/comp/Comprehensions.dfy:legacy,Enumerations (correctness),content,True,correctness:Enumerations:0
lit/comp/Comprehensions.dfy:legacy,AssignSuchThat (correctness),unchanged,False,correctness:AssignSuchThat:0
lit/comp/Comprehensions.dfy:legacy,SetComprehension0 (correctness),unchanged,False,correctness:SetComprehension0:0
lit/comp/Comprehensions.dfy:legacy,AltControlFlow (correctness),unchanged,False,correctness:AltControlFlow:0
lit/comp/Comprehensions.dfy:legacy,EnumerationRegression.Test (correctness),content,False,correctness:EnumerationRegressionTest:0
lit/comp/Comprehensions.dfy:legacy,EnumerationRegression.ToSeq (correctness),unchanged,False,correctness:EnumerationRegressionToSeq:0
lit/comp/Comprehensions.dfy:legacy,SetComprehension1 (correctness),unchanged,False,correctness:SetComprehension1:0
lit/comp/Comprehensions.dfy:legacy,TestImplicitTypeTests.Test (correctness),unchanged,False,correctness:TestImplicitTypeTestsTest:0
lit/comp/Comprehensions.dfy:legacy,FindRangeBindingGuardAlt (correctness),unchanged,False,correctness:FindRangeBindingGuardAlt:0
lit/comp/Comprehensions.dfy:legacy,FindRangeIf (correctness),unchanged,False,correctness:FindRangeIf:0
lit/comp/Comprehensions.dfy:legacy,Sequences (correctness),unchanged,False,correctness:Sequences:0
lit/comp/Comprehensions.dfy:legacy,MapComprehension (correctness),content,True,correctness:MapComprehension:0
lit/comp/Comprehensions.dfy:legacy,EnumerationRegression.Long (well-formedness),unchanged,False,well-formedness:EnumerationRegressionLong:0
lit/comp/Comprehensions.dfy:legacy,TestCollectionEmptiness (correctness),unchanged,False,correctness:TestCollectionEmptiness:0
lit/comp/Comprehensions.dfy:legacy,FindRange (correctness),unchanged,False,correctness:FindRange:0
lit/comp/Comprehensions.dfy:legacy,EnumerationRegression.AlsoLong (well-formedness),content,False,well-formedness:EnumerationRegressionAlsoLong:0
lit/comp/Comprehensions.dfy:legacy,FindRangeBindingGuard (correctness),unchanged,False,correctness:FindRangeBindingGuard:0
lit/comp/Comprehensions.dfy:legacy,FindRangeBindingGuardAlt (well-formedness),unchanged,False,well-formedness:FindRangeBindingGuardAlt:0
lit/comp/Comprehensions.dfy:legacy,NewtypeRangeRegression.Test (correctness),unchanged,False,correctness:NewtypeRangeRegressionTest:0
lit/comp/Comprehensions.dfy:legacy,FindRangeIf (well-formedness),unchanged,False,well-formedness:FindRangeIf:0
lit/comp/Comprehensions.dfy:legacy,EnumerationRegression.Digit (well-formedness),content,False,well-formedness:EnumerationRegressionDigit:0
lit/comp/Comprehensions.dfy:legacy,GoNil (correctness),unchanged,False,correctness:GoNil:0
lit/comp/Comprehensions.dfy:legacy,FindRange (well-formedness),unchanged,False,well-formedness:FindRange:0
lit/comp/Comprehensions.dfy:legacy,ObjectTests.Test (correctness),unchanged,False,correctness:ObjectTestsTest:0
lit/comp/Comprehensions.dfy:legacy,SetComprehension2 (correctness),unchanged,False,correctness:SetComprehension2:0
lit/comp/Comprehensions.dfy:legacy,FindRangeBindingGuard (well-formedness),unchanged,False,well-formedness:FindRangeBindingGuard:0
lit/comp/Comprehensions.dfy:legacy,OutParamsUnderLambdas (correctness),unchanged,False,correctness:OutParamsUnderLambdas:0
lit/comp/Comprehensions.dfy:legacy,SetComprehension (correctness),unchanged,False,correctness:SetComprehension:0
lit/comp/ComprehensionsNewSyntax.dfy:refresh,EnumerationsMaybeNull (correctness),content,True,correctness:EnumerationsMaybeNull:0
lit/comp/ComprehensionsNewSyntax.dfy:refresh,Enumerations (correctness),content,True,correctness:Enumerations:0
lit/comp/ComprehensionsNewSyntax.dfy:refresh,MapComprehension (correctness),content,True,correctness:MapComprehension:0
lit/comp/ComprehensionsNewSyntax.dfy:refresh,Main (correctness),unchanged,False,correctness:Main:0
lit/comp/ComprehensionsNewSyntax.dfy:refresh,TestImplicitTypeTests.Test (correctness),unchanged,False,correctness:TestImplicitTypeTestsTest:0
lit/comp/ComprehensionsNewSyntax.dfy:refresh,SetComprehension0 (correctness),unchanged,False,correctness:SetComprehension0:0
lit/comp/ComprehensionsNewSyntax.dfy:refresh,SetComprehension (correctness),unchanged,False,correctness:SetComprehension:0
lit/comp/ComprehensionsNewSyntax.dfy:refresh,SetComprehension2 (correctness),unchanged,False,correctness:SetComprehension2:0
lit/comp/ComprehensionsNewSyntax.dfy:refresh,OutParamsUnderLambdas (correctness),unchanged,False,correctness:OutParamsUnderLambdas:0
lit/comp/ComprehensionsNewSyntax.dfy:refresh,SetComprehension1 (correctness),unchanged,False,correctness:SetComprehension1:0
lit/comp/ComprehensionsNewSyntax.dfy:legacy,MapComprehension (correctness),content,True,correctness:MapComprehension:0
lit/comp/ComprehensionsNewSyntax.dfy:legacy,Main (correctness),unchanged,False,correctness:Main:0
lit/comp/ComprehensionsNewSyntax.dfy:legacy,EnumerationsMaybeNull (correctness),content,True,correctness:EnumerationsMaybeNull:0
lit/comp/ComprehensionsNewSyntax.dfy:legacy,TestImplicitTypeTests.Test (correctness),unchanged,False,correctness:TestImplicitTypeTestsTest:0
lit/comp/ComprehensionsNewSyntax.dfy:legacy,SetComprehension1 (correctness),unchanged,False,correctness:SetComprehension1:0
lit/comp/ComprehensionsNewSyntax.dfy:legacy,SetComprehension2 (correctness),unchanged,False,correctness:SetComprehension2:0
lit/comp/ComprehensionsNewSyntax.dfy:legacy,Enumerations (correctness),content,True,correctness:Enumerations:0
lit/comp/ComprehensionsNewSyntax.dfy:legacy,SetComprehension (correctness),unchanged,False,correctness:SetComprehension:0
lit/comp/ComprehensionsNewSyntax.dfy:legacy,SetComprehension0 (correctness),unchanged,False,correctness:SetComprehension0:0
lit/comp/ComprehensionsNewSyntax.dfy:legacy,OutParamsUnderLambdas (correctness),unchanged,False,correctness:OutParamsUnderLambdas:0
lit/comp/CovariantCollections.dfy:pinned,Sequences (correctness),unchanged,False,correctness:Sequences:0
lit/comp/CovariantCollections.dfy:pinned,Integer.Print (override check),unmapped,,
lit/comp/CovariantCollections.dfy:pinned,Main (correctness),unchanged,False,correctness:Main:0
lit/comp/CovariantCollections.dfy:pinned,PrintMap (correctness),unchanged,False,correctness:PrintMap:0
lit/comp/CovariantCollections.dfy:pinned,Downcasts (correctness),unchanged,False,correctness:Downcasts:0
lit/comp/CovariantCollections.dfy:pinned,ThereIsASmallestInMultiset (correctness),unchanged,False,correctness:ThereIsASmallestInMultiset:0
lit/comp/CovariantCollections.dfy:pinned,HeapAssignmentDowncasts (correctness),unchanged,False,correctness:HeapAssignmentDowncasts:0
lit/comp/CovariantCollections.dfy:pinned,PrintSet (correctness),unchanged,False,correctness:PrintSet:0
lit/comp/CovariantCollections.dfy:pinned,DeepDowncast (correctness),unchanged,False,correctness:DeepDowncast:0
lit/comp/CovariantCollections.dfy:pinned,Create (correctness),unchanged,False,correctness:Create:0
lit/comp/CovariantCollections.dfy:pinned,PrintMultiset (correctness),unchanged,False,correctness:PrintMultiset:0
lit/comp/CovariantCollections.dfy:pinned,Maps (correctness),content,True,correctness:Maps:0
lit/comp/CovariantCollections.dfy:pinned,Sets (correctness),unchanged,False,correctness:Sets:0
lit/comp/CovariantCollections.dfy:pinned,Multisets (correctness),unchanged,False,correctness:Multisets:0
lit/comp/CovariantCollections.dfy:pinned,PrintSeq (correctness),unchanged,False,correctness:PrintSeq:0
lit/comp/CovariantCollections.dfy:pinned,ThereIsASmallest (correctness),unchanged,False,correctness:ThereIsASmallest:0
lit/comp/CovariantCollections.dfy:pinned,CovarianceRegressions.Test (correctness),unchanged,False,correctness:CovarianceRegressionsTest:0
lit/comp/CovariantCollections.dfy:pinned,DowncastM (correctness),unchanged,False,correctness:DowncastM:0
lit/comp/CovariantCollections.dfy:pinned,ThereIsASmallestInMultiset (well-formedness),unchanged,False,well-formedness:ThereIsASmallestInMultiset:0
lit/comp/CovariantCollections.dfy:pinned,ThereIsASmallest (well-formedness),unchanged,False,well-formedness:ThereIsASmallest:0
lit/comp/CovariantCollections.dfy:pinned,TailRecursiveMethod (correctness),unchanged,False,correctness:TailRecursiveMethod:0
lit/comp/CovariantCollections.dfy:pinned,DowncastFunction (well-formedness),unchanged,False,well-formedness:DowncastFunction:0
lit/comp/CovariantCollections.dfy:pinned,TailRecursiveFunction (well-formedness),unchanged,False,well-formedness:TailRecursiveFunction:0
lit/comp/CovariantCollections.dfy:pinned,MId2 (correctness),unchanged,False,correctness:MId2:0
lit/comp/CovariantCollections.dfy:pinned,MId (correctness),unchanged,False,correctness:MId:0
lit/comp/CovariantCollections.dfy:pinned,DowncastM2 (correctness),unchanged,False,correctness:DowncastM2:0
lit/comp/firstSteps/6_Calls-VariableCapture.dfy:refresh,VariableCapture.Test (correctness),unchanged,False,correctness:VariableCaptureTest:0
lit/comp/firstSteps/6_Calls-VariableCapture.dfy:refresh,Main (correctness),unchanged,False,correctness:Main:0
lit/comp/firstSteps/6_Calls-VariableCapture.dfy:refresh,VariableCapture.SetToSeq (correctness),unchanged,False,correctness:VariableCaptureSetToSeq:0
lit/comp/firstSteps/6_Calls-VariableCapture.dfy:refresh,VariableCapture.MapToSeq (correctness),content,True,correctness:VariableCaptureMapToSeq:0
lit/comp/firstSteps/6_Calls-VariableCapture.dfy:legacy,Main (correctness),unchanged,False,correctness:Main:0
lit/comp/firstSteps/6_Calls-VariableCapture.dfy:legacy,VariableCapture.MapToSeq (correctness),content,True,correctness:VariableCaptureMapToSeq:0
lit/comp/firstSteps/6_Calls-VariableCapture.dfy:legacy,VariableCapture.SetToSeq (correctness),unchanged,False,correctness:VariableCaptureSetToSeq:0
lit/comp/firstSteps/6_Calls-VariableCapture.dfy:legacy,VariableCapture.Test (correctness),unchanged,False,correctness:VariableCaptureTest:0
lit/comp/rust/loops.dfy:refresh,Main (correctness) (assertion batch 2),content,True,correctness:Main:1
lit/comp/rust/loops.dfy:refresh,Main (correctness) (assertion batch 1),content,True,correctness:Main:0
lit/comp/rust/loops.dfy:refresh,Main (correctness) (assertion batch 3),content,True,correctness:Main:2
lit/comp/rust/loops.dfy:refresh,ToSet (correctness),unchanged,False,correctness:ToSet:0
lit/comp/rust/loops.dfy:refresh,u8 (well-formedness),unchanged,False,well-formedness:u8:0
lit/comp/rust/loops.dfy:refresh,Remap (correctness),content,True,correctness:Remap:0
lit/comp/rust/loops.dfy:refresh,U8 (well-formedness),unchanged,False,well-formedness:U8:0
lit/comp/rust/loops.dfy:refresh,ZeroContainer._ctor (correctness),unchanged,False,correctness:ZeroContainerctor:0
lit/comp/rust/loops.dfy:legacy,Main (correctness) (assertion batch 2),content,True,correctness:Main:1
lit/comp/rust/loops.dfy:legacy,Main (correctness) (assertion batch 1),content,True,correctness:Main:0
lit/comp/rust/loops.dfy:legacy,Main (correctness) (assertion batch 3),content,True,correctness:Main:2
lit/comp/rust/loops.dfy:legacy,u8 (well-formedness),unchanged,False,well-formedness:u8:0
lit/comp/rust/loops.dfy:legacy,ToSet (correctness),unchanged,False,correctness:ToSet:0
lit/comp/rust/loops.dfy:legacy,Remap (correctness),content,True,correctness:Remap:0
lit/comp/rust/loops.dfy:legacy,U8 (well-formedness),unchanged,False,well-formedness:U8:0
lit/comp/rust/loops.dfy:legacy,ZeroContainer._ctor (correctness),unchanged,False,correctness:ZeroContainerctor:0
lit/comp/rust/operators.dfy:refresh,Main (correctness),content,True,correctness:Main:0
lit/comp/rust/operators.dfy:refresh,TestU128 (correctness),reordered,False,correctness:TestU128:0
lit/comp/rust/operators.dfy:refresh,TestU64 (correctness),reordered,False,correctness:TestU64:0
lit/comp/rust/operators.dfy:refresh,uint16 (well-formedness),unchanged,False,well-formedness:uint16:0
lit/comp/rust/operators.dfy:refresh,uint8 (well-formedness),unchanged,False,well-formedness:uint8:0
lit/comp/rust/operators.dfy:refresh,uint64 (well-formedness),reordered,False,well-formedness:uint64:0
lit/comp/rust/operators.dfy:refresh,int8 (well-formedness),unchanged,False,well-formedness:int8:0
lit/comp/rust/operators.dfy:refresh,int32 (well-formedness),unchanged,False,well-formedness:int32:0
lit/comp/rust/operators.dfy:refresh,TestU32 (correctness),reordered,False,correctness:TestU32:0
lit/comp/rust/operators.dfy:refresh,TestI128 (correctness),unchanged,False,correctness:TestI128:0
lit/comp/rust/operators.dfy:refresh,TestU16 (correctness),unchanged,False,correctness:TestU16:0
lit/comp/rust/operators.dfy:refresh,uint128 (well-formedness),unchanged,False,well-formedness:uint128:0
lit/comp/rust/operators.dfy:refresh,int16 (well-formedness),unchanged,False,well-formedness:int16:0
lit/comp/rust/operators.dfy:refresh,TestI8 (correctness),unchanged,False,correctness:TestI8:0
lit/comp/rust/operators.dfy:refresh,TestU8 (correctness),unchanged,False,correctness:TestU8:0
lit/comp/rust/operators.dfy:refresh,TestI16 (correctness),unchanged,False,correctness:TestI16:0
lit/comp/rust/operators.dfy:refresh,TestI64 (correctness),unchanged,False,correctness:TestI64:0
lit/comp/rust/operators.dfy:refresh,TestI32 (correctness),unchanged,False,correctness:TestI32:0
lit/comp/rust/operators.dfy:refresh,TestLessEq (correctness),reordered,False,correctness:TestLessEq:0
lit/comp/rust/operators.dfy:refresh,uint32 (well-formedness),reordered,False,well-formedness:uint32:0
lit/comp/rust/operators.dfy:refresh,int128 (well-formedness),unchanged,False,well-formedness:int128:0
lit/comp/rust/operators.dfy:refresh,int64 (well-formedness),unchanged,False,well-formedness:int64:0
lit/comp/rust/operators.dfy:legacy,Main (correctness),content,True,correctness:Main:0
lit/comp/rust/operators.dfy:legacy,TestU128 (correctness),unchanged,False,correctness:TestU128:0
lit/comp/rust/operators.dfy:legacy,uint8 (well-formedness),unchanged,False,well-formedness:uint8:0
lit/comp/rust/operators.dfy:legacy,TestU32 (correctness),reordered,False,correctness:TestU32:0
lit/comp/rust/operators.dfy:legacy,TestU64 (correctness),reordered,False,correctness:TestU64:0
lit/comp/rust/operators.dfy:legacy,uint16 (well-formedness),unchanged,False,well-formedness:uint16:0
lit/comp/rust/operators.dfy:legacy,uint32 (well-formedness),reordered,False,well-formedness:uint32:0
lit/comp/rust/operators.dfy:legacy,TestU8 (correctness),unchanged,False,correctness:TestU8:0
lit/comp/rust/operators.dfy:legacy,TestU16 (correctness),unchanged,False,correctness:TestU16:0
lit/comp/rust/operators.dfy:legacy,TestLessEq (correctness),reordered,False,correctness:TestLessEq:0
lit/comp/rust/operators.dfy:legacy,TestI32 (correctness),unchanged,False,correctness:TestI32:0
lit/comp/rust/operators.dfy:legacy,TestI128 (correctness),unchanged,False,correctness:TestI128:0
lit/comp/rust/operators.dfy:legacy,uint64 (well-formedness),reordered,False,well-formedness:uint64:0
lit/comp/rust/operators.dfy:legacy,TestI64 (correctness),unchanged,False,correctness:TestI64:0
lit/comp/rust/operators.dfy:legacy,TestI16 (correctness),unchanged,False,correctness:TestI16:0
lit/comp/rust/operators.dfy:legacy,uint128 (well-formedness),unchanged,False,well-formedness:uint128:0
lit/comp/rust/operators.dfy:legacy,int64 (well-formedness),unchanged,False,well-formedness:int64:0
lit/comp/rust/operators.dfy:legacy,int16 (well-formedness),unchanged,False,well-formedness:int16:0
lit/comp/rust/operators.dfy:legacy,int128 (well-formedness),unchanged,False,well-formedness:int128:0
lit/comp/rust/operators.dfy:legacy,TestI8 (correctness),unchanged,False,correctness:TestI8:0
lit/comp/rust/operators.dfy:legacy,int8 (well-formedness),unchanged,False,well-formedness:int8:0
lit/comp/rust/operators.dfy:legacy,int32 (well-formedness),unchanged,False,well-formedness:int32:0
lit/dafny0/Compilation.legacy.dfy:pinned,Caller (correctness),unchanged,False,correctness:Caller:0
lit/dafny0/Compilation.legacy.dfy:pinned,GhostLetExpr.M (correctness),unchanged,False,correctness:GhostLetExprM:0
lit/dafny0/Compilation.legacy.dfy:pinned,CoRecursion.TestMain (correctness),unchanged,False,correctness:CoRecursionTestMain:0
lit/dafny0/Compilation.legacy.dfy:pinned,NotMain (correctness),unchanged,False,correctness:NotMain:0
lit/dafny0/Compilation.legacy.dfy:pinned,TailRecursionWhereTypeParametersChange.Compute (correctness),unchanged,False,correctness:TailRecursionWhereTypeParametersChangeCompute:0
lit/dafny0/Compilation.legacy.dfy:pinned,DigitUnderscore_Names_Functions_and_Methods.Another (correctness),unchanged,False,correctness:DigitUnderscoreNamesFunctionsandMethodsAnother:0
lit/dafny0/Compilation.legacy.dfy:pinned,CoRecursion.Prefix (well-formedness),unchanged,False,well-formedness:CoRecursionPrefix:0
lit/dafny0/Compilation.legacy.dfy:pinned,TypeInstantiations.GenCl.Mi (correctness),unchanged,False,correctness:TypeInstantiationsGenClMi:0
lit/dafny0/Compilation.legacy.dfy:pinned,TypeInstantiations.GenCl.Ms (correctness),unchanged,False,correctness:TypeInstantiationsGenClMs:0
lit/dafny0/Compilation.legacy.dfy:pinned,GeneralMaps.Test (correctness),content,True,correctness:GeneralMapsTest:0
lit/dafny0/Compilation.legacy.dfy:pinned,N (correctness),unchanged,False,correctness:N:0
lit/dafny0/Compilation.legacy.dfy:pinned,CoRecursion.OneLess (correctness),unchanged,False,correctness:CoRecursionOneLess:0
lit/dafny0/Compilation.legacy.dfy:pinned,DigitUnderscore_Names_Functions_and_Methods.567 (correctness),unchanged,False,correctness:DigitUnderscoreNamesFunctionsandMethods567:0
lit/dafny0/Compilation.legacy.dfy:pinned,DigitsClass.M (correctness),unchanged,False,correctness:DigitsClassM:0
lit/dafny0/Compilation.legacy.dfy:pinned,f_nobody (well-formedness),unchanged,False,well-formedness:fnobody:0
lit/dafny0/Compilation.legacy.dfy:pinned,TypeInstantiations.TestMain (correctness),unchanged,False,correctness:TypeInstantiationsTestMain:0
lit/dafny0/Compilation.legacy.dfy:pinned,hidden_test (correctness),unchanged,False,correctness:hiddentest:0
lit/dafny0/Compilation.legacy.dfy:pinned,DigitUnderscore_Names_Functions_and_Methods.5_0_0# (correctness),unmapped,,
lit/dafny0/Compilation.legacy.dfy:pinned,A1.run (correctness),unchanged,False,correctness:A1run:0
lit/dafny0/Compilation.legacy.dfy:pinned,DigitUnderscore_Names.M (correctness),unchanged,False,correctness:DigitUnderscoreNamesM:0
lit/dafny0/Compilation.legacy.dfy:pinned,DigitUnderscore_Names_Functions_and_Methods.120 (correctness),unchanged,False,correctness:DigitUnderscoreNamesFunctionsandMethods120:0
lit/dafny0/Compilation.legacy.dfy:pinned,DigitUnderscore_Names_Functions_and_Methods.Regression (correctness),unchanged,False,correctness:DigitUnderscoreNamesFunctionsandMethodsRegression:0
lit/dafny0/Compilation.legacy.dfy:pinned,Main (correctness),unchanged,False,correctness:Main:0
lit/dafny0/Compilation.legacy.dfy:pinned,TypeInstantiations.N (correctness),unchanged,False,correctness:TypeInstantiationsN:0
lit/dafny0/Compilation.legacy.dfy:pinned,EqualityTests.TestMain (correctness),unchanged,False,correctness:EqualityTestsTestMain:0
lit/dafny0/Compilation.legacy.dfy:pinned,GhostLetExpr.G (well-formedness),unchanged,False,well-formedness:GhostLetExprG:0
lit/dafny0/Compilation.legacy.dfy:pinned,EqualityTests.ArrayTests (correctness),unchanged,False,correctness:EqualityTestsArrayTests:0
lit/dafny0/Compilation.legacy.dfy:pinned,CoRecursion.OneLess' (correctness),unchanged,False,correctness:CoRecursionOneLessk:0
lit/dafny0/Compilation.legacy.dfy:pinned,DigitUnderscore_Names_Functions_and_Methods.498 (correctness),unchanged,False,correctness:DigitUnderscoreNamesFunctionsandMethods498:0
lit/dafny0/Compilation.legacy.dfy:pinned,A.run (correctness),unchanged,False,correctness:Arun:0
lit/dafny0/Compilation.legacy.dfy:pinned,DigitUnderscore_Names_Functions_and_Methods.20_0 (correctness),unchanged,False,correctness:DigitUnderscoreNamesFunctionsandMethods200:0
lit/dafny0/Compilation.legacy.dfy:pinned,AltLoop.Test (correctness),unchanged,False,correctness:AltLoopTest:0
lit/dafny0/Compilation.legacy.dfy:pinned,TypeInstantiations.M (correctness),unchanged,False,correctness:TypeInstantiationsM:0
lit/dafny0/Compilation.legacy.dfy:pinned,TailRecursionWhereTypeParametersChange.TestMain (correctness),unchanged,False,correctness:TailRecursionWhereTypeParametersChangeTestMain:0
lit/dafny0/DiscoverBounds.dfy:refresh,NT (well-formedness),unchanged,False,well-formedness:NT:0
lit/dafny0/DiscoverBounds.dfy:refresh,UT (well-formedness),unchanged,False,well-formedness:UT:0
lit/dafny0/DiscoverBounds.dfy:refresh,OtherEq (correctness),content,False,correctness:OtherEq:0
lit/dafny0/DiscoverBounds.dfy:refresh,Main (correctness),unchanged,False,correctness:Main:0
lit/dafny0/DiscoverBounds.dfy:refresh,EnumerateOverInfiniteCollections (correctness),content,True,correctness:EnumerateOverInfiniteCollections:0
lit/dafny0/DiscoverBounds.dfy:refresh,Upper (well-formedness),unchanged,False,well-formedness:Upper:0
lit/dafny0/DiscoverBounds.dfy:refresh,Casts (correctness),unchanged,False,correctness:Casts:0
lit/dafny0/DiscoverBounds.dfy:refresh,Lower (well-formedness),unchanged,False,well-formedness:Lower:0
lit/dafny0/DiscoverBounds.dfy:refresh,Q (well-formedness),unchanged,False,well-formedness:Q:0
lit/dafny0/DiscoverBounds.dfy:refresh,NR (well-formedness),unchanged,False,well-formedness:NR:0
lit/dafny0/DiscoverBounds.dfy:legacy,Main (correctness),unchanged,False,correctness:Main:0
lit/dafny0/DiscoverBounds.dfy:legacy,OtherEq (correctness),content,False,correctness:OtherEq:0
lit/dafny0/DiscoverBounds.dfy:legacy,NT (well-formedness),unchanged,False,well-formedness:NT:0
lit/dafny0/DiscoverBounds.dfy:legacy,UT (well-formedness),unchanged,False,well-formedness:UT:0
lit/dafny0/DiscoverBounds.dfy:legacy,Lower (well-formedness),unchanged,False,well-formedness:Lower:0
lit/dafny0/DiscoverBounds.dfy:legacy,Casts (correctness),unchanged,False,correctness:Casts:0
lit/dafny0/DiscoverBounds.dfy:legacy,Upper (well-formedness),unchanged,False,well-formedness:Upper:0
lit/dafny0/DiscoverBounds.dfy:legacy,EnumerateOverInfiniteCollections (correctness),content,True,correctness:EnumerateOverInfiniteCollections:0
lit/dafny0/DiscoverBounds.dfy:legacy,NR (well-formedness),unchanged,False,well-formedness:NR:0
lit/dafny0/DiscoverBounds.dfy:legacy,Q (well-formedness),unchanged,False,well-formedness:Q:0
lit/dafny0/GeneralNewtypeCollections.dfy:pinned,Main (correctness),unchanged,False,correctness:Main:0
lit/dafny0/GeneralNewtypeCollections.dfy:pinned,Seq.Test (correctness),unchanged,False,correctness:SeqTest:0
lit/dafny0/GeneralNewtypeCollections.dfy:pinned,Frames.CallEm (correctness),unchanged,False,correctness:FramesCallEm:0
lit/dafny0/GeneralNewtypeCollections.dfy:pinned,SeqToMultisetConversion.TestFromSeq (correctness),unchanged,False,correctness:SeqToMultisetConversionTestFromSeq:0
lit/dafny0/GeneralNewtypeCollections.dfy:pinned,Set.Test (correctness),unchanged,False,correctness:SetTest:0
lit/dafny0/GeneralNewtypeCollections.dfy:pinned,Frames.F (well-formedness),unchanged,False,well-formedness:FramesF:0
lit/dafny0/GeneralNewtypeCollections.dfy:pinned,Seq.IntSeq (well-formedness),unchanged,False,well-formedness:SeqIntSeq:0
lit/dafny0/GeneralNewtypeCollections.dfy:pinned,Imap.Test (correctness),unchanged,False,correctness:ImapTest:0
lit/dafny0/GeneralNewtypeCollections.dfy:pinned,Set.Trait.FFF (well-formedness),unchanged,False,well-formedness:SetTraitFFF:0
lit/dafny0/GeneralNewtypeCollections.dfy:pinned,Decreases.A (correctness),unchanged,False,correctness:DecreasesA:0
lit/dafny0/GeneralNewtypeCollections.dfy:pinned,Map.IntMap (well-formedness),unchanged,False,well-formedness:MapIntMap:0
lit/dafny0/GeneralNewtypeCollections.dfy:pinned,Map.TestComprehensions (correctness),content,True,correctness:MapTestComprehensions:0
lit/dafny0/GeneralNewtypeCollections.dfy:pinned,Frames.M (correctness),unchanged,False,correctness:FramesM:0
lit/dafny0/GeneralNewtypeCollections.dfy:pinned,Multiset.IntMultiset (well-formedness),unchanged,False,well-formedness:MultisetIntMultiset:0
lit/dafny0/GeneralNewtypeCollections.dfy:pinned,Set.IntSet (well-formedness),unchanged,False,well-formedness:SetIntSet:0
lit/dafny0/GeneralNewtypeCollections.dfy:pinned,Frames.ObjectSet (well-formedness),unchanged,False,well-formedness:FramesObjectSet:0
lit/dafny0/GeneralNewtypeCollections.dfy:pinned,Frames.ObjectMultiset (well-formedness),unchanged,False,well-formedness:FramesObjectMultiset:0
lit/dafny0/GeneralNewtypeCollections.dfy:pinned,Frames.P2 (well-formedness),unchanged,False,well-formedness:FramesP2:0
lit/dafny0/GeneralNewtypeCollections.dfy:pinned,Frames.ObjectSeq (well-formedness),unchanged,False,well-formedness:FramesObjectSeq:0
lit/dafny0/GeneralNewtypeCollections.dfy:pinned,Imap.IntSet (well-formedness),unchanged,False,well-formedness:ImapIntSet:0
lit/dafny0/GeneralNewtypeCollections.dfy:pinned,Seq.SubSequences (correctness),unchanged,False,correctness:SeqSubSequences:0
lit/dafny0/GeneralNewtypeCollections.dfy:pinned,Frames.R (well-formedness),unchanged,False,well-formedness:FramesR:0
lit/dafny0/GeneralNewtypeCollections.dfy:pinned,Imap.TestComprehensions (correctness),content,True,correctness:ImapTestComprehensions:0
lit/dafny0/GeneralNewtypeCollections.dfy:pinned,Multiset.Test (correctness),unchanged,False,correctness:MultisetTest:0
lit/dafny0/GeneralNewtypeCollections.dfy:pinned,Frames.ObjectISet (well-formedness),unchanged,False,well-formedness:FramesObjectISet:0
lit/dafny0/GeneralNewtypeCollections.dfy:pinned,Iset.Test (correctness),unchanged,False,correctness:IsetTest:0
lit/dafny0/GeneralNewtypeCollections.dfy:pinned,Set.TestSpecialCase (correctness),unchanged,False,correctness:SetTestSpecialCase:0
lit/dafny0/GeneralNewtypeCollections.dfy:pinned,Decreases.C (correctness),unchanged,False,correctness:DecreasesC:0
lit/dafny0/GeneralNewtypeCollections.dfy:pinned,Map.Test (correctness),unchanged,False,correctness:MapTest:0
lit/dafny0/GeneralNewtypeCollections.dfy:pinned,Iset.IntIset (well-formedness),unchanged,False,well-formedness:IsetIntIset:0
lit/dafny0/GeneralNewtypeCollections.dfy:pinned,Imap.IntImap (well-formedness),unchanged,False,well-formedness:ImapIntImap:0
lit/dafny0/GeneralNewtypeCollections.dfy:pinned,Map.IntSet (well-formedness),unchanged,False,well-formedness:MapIntSet:0
lit/dafny0/GeneralNewtypeCollections.dfy:pinned,SeqToMultisetConversion.XMultiset (well-formedness),unchanged,False,well-formedness:SeqToMultisetConversionXMultiset:0
lit/dafny0/GeneralNewtypeCollections.dfy:pinned,SeqToMultisetConversion.Test (correctness),unchanged,False,correctness:SeqToMultisetConversionTest:0
lit/dafny0/GeneralNewtypeCollections.dfy:pinned,Decreases.BoolSet (well-formedness),unchanged,False,well-formedness:DecreasesBoolSet:0
lit/dafny0/GeneralNewtypeCollections.dfy:pinned,Decreases.Test (correctness),unchanged,False,correctness:DecreasesTest:0
lit/dafny0/GeneralNewtypeCollections.dfy:pinned,SeqToMultisetConversion.TestFromSet (correctness),unchanged,False,correctness:SeqToMultisetConversionTestFromSet:0
lit/dafny0/GeneralNewtypeCollections.dfy:pinned,Decreases.K (correctness),unchanged,False,correctness:DecreasesK:0
lit/dafny0/GeneralNewtypeCollections.dfy:pinned,SeqToMultisetConversion.XSeq (well-formedness),unchanged,False,well-formedness:SeqToMultisetConversionXSeq:0
lit/dafny0/GeneralNewtypeCollections.dfy:pinned,Decreases.L (correctness),unchanged,False,correctness:DecreasesL:0
lit/dafny0/GeneralNewtypeCollections.dfy:pinned,Decreases.BoundedInt (well-formedness),unchanged,False,well-formedness:DecreasesBoundedInt:0
lit/dafny0/GeneralNewtypeCollections.dfy:pinned,Decreases.B (correctness),unchanged,False,correctness:DecreasesB:0
lit/dafny0/GeneralNewtypeCollections.dfy:pinned,Decreases.L (well-formedness),unchanged,False,well-formedness:DecreasesL:0
lit/dafny0/GeneralNewtypeCollections.dfy:pinned,SeqToMultisetConversion.XSet (well-formedness),unchanged,False,well-formedness:SeqToMultisetConversionXSet:0
lit/dafny0/GeneralNewtypeCollectionsGeneric.dfy:pinned,Main (correctness),unchanged,False,correctness:Main:0
lit/dafny0/GeneralNewtypeCollectionsGeneric.dfy:pinned,Map.Test (correctness),unchanged,False,correctness:MapTest:0
lit/dafny0/GeneralNewtypeCollectionsGeneric.dfy:pinned,SeqToMultisetConversion.TestFromSeq (correctness),unchanged,False,correctness:SeqToMultisetConversionTestFromSeq:0
lit/dafny0/GeneralNewtypeCollectionsGeneric.dfy:pinned,Seq.Test (correctness),unchanged,False,correctness:SeqTest:0
lit/dafny0/GeneralNewtypeCollectionsGeneric.dfy:pinned,Imap.Test (correctness),unchanged,False,correctness:ImapTest:0
lit/dafny0/GeneralNewtypeCollectionsGeneric.dfy:pinned,Frames.M (correctness),unchanged,False,correctness:FramesM:0
lit/dafny0/GeneralNewtypeCollectionsGeneric.dfy:pinned,Frames.ObjectMultiset (well-formedness),unchanged,False,well-formedness:FramesObjectMultiset:0
lit/dafny0/GeneralNewtypeCollectionsGeneric.dfy:pinned,Frames.ObjectSeq (well-formedness),unchanged,False,well-formedness:FramesObjectSeq:0
lit/dafny0/GeneralNewtypeCollectionsGeneric.dfy:pinned,Set.Trait.FFF (well-formedness),unchanged,False,well-formedness:SetTraitFFF:0
lit/dafny0/GeneralNewtypeCollectionsGeneric.dfy:pinned,Multiset.Test (correctness),content,False,correctness:MultisetTest:0
lit/dafny0/GeneralNewtypeCollectionsGeneric.dfy:pinned,Frames.CallEm (correctness),unchanged,False,correctness:FramesCallEm:0
lit/dafny0/GeneralNewtypeCollectionsGeneric.dfy:pinned,Seq.SubSequences (correctness),unchanged,False,correctness:SeqSubSequences:0
lit/dafny0/GeneralNewtypeCollectionsGeneric.dfy:pinned,SeqToMultisetConversion.Test (correctness),unchanged,False,correctness:SeqToMultisetConversionTest:0
lit/dafny0/GeneralNewtypeCollectionsGeneric.dfy:pinned,Imap.TestComprehensions (correctness),content,True,correctness:ImapTestComprehensions:0
lit/dafny0/GeneralNewtypeCollectionsGeneric.dfy:pinned,Set.Test (correctness),unchanged,False,correctness:SetTest:0
lit/dafny0/GeneralNewtypeCollectionsGeneric.dfy:pinned,Iset.Test (correctness),unchanged,False,correctness:IsetTest:0
lit/dafny0/GeneralNewtypeCollectionsGeneric.dfy:pinned,SeqToMultisetConversion.TestFromSet (correctness),unchanged,False,correctness:SeqToMultisetConversionTestFromSet:0
lit/dafny0/GeneralNewtypeCollectionsGeneric.dfy:pinned,Map.TestComprehensions (correctness),content,True,correctness:MapTestComprehensions:0
lit/dafny0/GeneralNewtypeCollectionsGeneric.dfy:pinned,Imap.IntImap (well-formedness),unchanged,False,well-formedness:ImapIntImap:0
lit/dafny0/GeneralNewtypeCollectionsGeneric.dfy:pinned,Frames.ObjectISet (well-formedness),unchanged,False,well-formedness:FramesObjectISet:0
lit/dafny0/GeneralNewtypeCollectionsGeneric.dfy:pinned,Frames.P2 (well-formedness),unchanged,False,well-formedness:FramesP2:0
lit/dafny0/GeneralNewtypeCollectionsGeneric.dfy:pinned,Set.TestSpecialCase (correctness),unchanged,False,correctness:SetTestSpecialCase:0
lit/dafny0/GeneralNewtypeCollectionsGeneric.dfy:pinned,Frames.F (well-formedness),unchanged,False,well-formedness:FramesF:0
lit/dafny0/GeneralNewtypeCollectionsGeneric.dfy:pinned,Decreases.B (correctness),unchanged,False,correctness:DecreasesB:0
lit/dafny0/GeneralNewtypeCollectionsGeneric.dfy:pinned,Frames.ObjectSet (well-formedness),unchanged,False,well-formedness:FramesObjectSet:0
lit/dafny0/GeneralNewtypeCollectionsGeneric.dfy:pinned,Set.IntSet (well-formedness),unchanged,False,well-formedness:SetIntSet:0
lit/dafny0/GeneralNewtypeCollectionsGeneric.dfy:pinned,Seq.IntSeq (well-formedness),unchanged,False,well-formedness:SeqIntSeq:0
lit/dafny0/GeneralNewtypeCollectionsGeneric.dfy:pinned,Multiset.IntMultiset (well-formedness),unchanged,False,well-formedness:MultisetIntMultiset:0
lit/dafny0/GeneralNewtypeCollectionsGeneric.dfy:pinned,Frames.R (well-formedness),unchanged,False,well-formedness:FramesR:0
lit/dafny0/GeneralNewtypeCollectionsGeneric.dfy:pinned,Decreases.L (correctness),unchanged,False,correctness:DecreasesL:0
lit/dafny0/GeneralNewtypeCollectionsGeneric.dfy:pinned,SeqToMultisetConversion.XSet (well-formedness),unchanged,False,well-formedness:SeqToMultisetConversionXSet:0
lit/dafny0/GeneralNewtypeCollectionsGeneric.dfy:pinned,Decreases.BoolSet (well-formedness),unchanged,False,well-formedness:DecreasesBoolSet:0
lit/dafny0/GeneralNewtypeCollectionsGeneric.dfy:pinned,Decreases.K (correctness),unchanged,False,correctness:DecreasesK:0
lit/dafny0/GeneralNewtypeCollectionsGeneric.dfy:pinned,Decreases.C (correctness),unchanged,False,correctness:DecreasesC:0
lit/dafny0/GeneralNewtypeCollectionsGeneric.dfy:pinned,Iset.IntIset (well-formedness),unchanged,False,well-formedness:IsetIntIset:0
lit/dafny0/GeneralNewtypeCollectionsGeneric.dfy:pinned,Decreases.Test (correctness),unchanged,False,correctness:DecreasesTest:0
lit/dafny0/GeneralNewtypeCollectionsGeneric.dfy:pinned,Decreases.A (correctness),unchanged,False,correctness:DecreasesA:0
lit/dafny0/GeneralNewtypeCollectionsGeneric.dfy:pinned,Map.IntMap (well-formedness),unchanged,False,well-formedness:MapIntMap:0
lit/dafny0/GeneralNewtypeCollectionsGeneric.dfy:pinned,SeqToMultisetConversion.XSeq (well-formedness),unchanged,False,well-formedness:SeqToMultisetConversionXSeq:0
lit/dafny0/GeneralNewtypeCollectionsGeneric.dfy:pinned,Decreases.L (well-formedness),unchanged,False,well-formedness:DecreasesL:0
lit/dafny0/GeneralNewtypeCollectionsGeneric.dfy:pinned,Map.IntSet (well-formedness),unchanged,False,well-formedness:MapIntSet:0
lit/dafny0/GeneralNewtypeCollectionsGeneric.dfy:pinned,Decreases.BoundedInt (well-formedness),unchanged,False,well-formedness:DecreasesBoundedInt:0
lit/dafny0/GeneralNewtypeCollectionsGeneric.dfy:pinned,SeqToMultisetConversion.XMultiset (well-formedness),unchanged,False,well-formedness:SeqToMultisetConversionXMultiset:0
lit/dafny0/GeneralNewtypeCollectionsGeneric.dfy:pinned,Imap.IntSet (well-formedness),unchanged,False,well-formedness:ImapIntSet:0
lit/dafny0/GeneralNewtypeMemberCompile.dfy:pinned,Main (correctness),unchanged,False,correctness:Main:0
lit/dafny0/GeneralNewtypeMemberCompile.dfy:pinned,Members.BoolBool (well-formedness),unchanged,False,well-formedness:MembersBoolBool:0
lit/dafny0/GeneralNewtypeMemberCompile.dfy:pinned,Members.Test (correctness),unchanged,False,correctness:MembersTest:0
lit/dafny0/GeneralNewtypeMemberCompile.dfy:pinned,Members.TestConst (correctness),unchanged,False,correctness:MembersTestConst:0
lit/dafny0/GeneralNewtypeMemberCompile.dfy:pinned,Members.Map.Test (correctness),content,True,correctness:MembersMapTest:0
lit/dafny0/GeneralNewtypeMemberCompile.dfy:pinned,Members.TestFunction (correctness),unchanged,False,correctness:MembersTestFunction:0
lit/dafny0/GeneralNewtypeMemberCompile.dfy:pinned,Members.Map.M (correctness),unchanged,False,correctness:MembersMapM:0
lit/dafny0/GeneralNewtypeMemberCompile.dfy:pinned,Members.Bv (well-formedness),unchanged,False,well-formedness:MembersBv:0
lit/dafny0/GeneralNewtypeMemberCompile.dfy:pinned,Members.TooReal.M (correctness),unchanged,False,correctness:MembersTooRealM:0
lit/dafny0/GeneralNewtypeMemberCompile.dfy:pinned,Members.BoolBool.G (well-formedness),unchanged,False,well-formedness:MembersBoolBoolG:0
lit/dafny0/GeneralNewtypeMemberCompile.dfy:pinned,Members.TestBoolBool (correctness),unchanged,False,correctness:MembersTestBoolBool:0
lit/dafny0/GeneralNewtypeMemberCompile.dfy:pinned,Members.Bv.M (well-formedness),unchanged,False,well-formedness:MembersBvM:0
lit/dafny0/GeneralNewtypeMemberCompile.dfy:pinned,Members.Bv.M (correctness),unchanged,False,correctness:MembersBvM:0
lit/dafny0/GeneralNewtypeMemberCompile.dfy:pinned,Members.Real.M (correctness),unchanged,False,correctness:MembersRealM:0
lit/dafny0/GeneralNewtypeMemberCompile.dfy:pinned,Members.TooReal (well-formedness),unchanged,False,well-formedness:MembersTooReal:0
lit/dafny0/IMaps.dfy:refresh,m8 (correctness),content,True,correctness:m8:0
lit/dafny0/IMaps.dfy:refresh,m4 (correctness),content,True,correctness:m4:0
lit/dafny0/IMaps.dfy:refresh,M (correctness),unchanged,False,correctness:M:0
lit/dafny0/IMaps.dfy:refresh,m (correctness),content,True,correctness:m:0
lit/dafny0/IMaps.dfy:refresh,m12 (correctness),content,True,correctness:m12:0
lit/dafny0/IMaps.dfy:refresh,m7 (correctness),unchanged,False,correctness:m7:0
lit/dafny0/IMaps.dfy:refresh,m2 (well-formedness),unchanged,False,well-formedness:m2:0
lit/dafny0/IMaps.dfy:refresh,m2 (correctness),unchanged,False,correctness:m2:0
lit/dafny0/IMaps.dfy:refresh,m3 (well-formedness),unchanged,False,well-formedness:m3:0
lit/dafny0/IMaps.dfy:refresh,m15 (correctness),content,True,correctness:m15:0
lit/dafny0/IMaps.dfy:refresh,Update (well-formedness),content,True,well-formedness:Update:0
lit/dafny0/IMaps.dfy:refresh,minf (correctness),content,True,correctness:minf:0
lit/dafny0/IMaps.dfy:refresh,m5 (correctness),unchanged,False,correctness:m5:0
lit/dafny0/IMaps.dfy:refresh,m3 (correctness),unchanged,False,correctness:m3:0
lit/dafny0/IMaps.dfy:refresh,m13 (correctness),content,True,correctness:m13:0
lit/dafny0/IMaps.dfy:legacy,m8 (correctness),content,True,correctness:m8:0
lit/dafny0/IMaps.dfy:legacy,m4 (correctness),content,True,correctness:m4:0
lit/dafny0/IMaps.dfy:legacy,M (correctness),unchanged,False,correctness:M:0
lit/dafny0/IMaps.dfy:legacy,m (correctness),content,True,correctness:m:0
lit/dafny0/IMaps.dfy:legacy,m13 (correctness),content,True,correctness:m13:0
lit/dafny0/IMaps.dfy:legacy,m7 (correctness),unchanged,False,correctness:m7:0
lit/dafny0/IMaps.dfy:legacy,m12 (correctness),content,True,correctness:m12:0
lit/dafny0/IMaps.dfy:legacy,m5 (correctness),unchanged,False,correctness:m5:0
lit/dafny0/IMaps.dfy:legacy,m2 (correctness),unchanged,False,correctness:m2:0
lit/dafny0/IMaps.dfy:legacy,m15 (correctness),content,True,correctness:m15:0
lit/dafny0/IMaps.dfy:legacy,m2 (well-formedness),unchanged,False,well-formedness:m2:0
lit/dafny0/IMaps.dfy:legacy,Update (well-formedness),content,True,well-formedness:Update:0
lit/dafny0/IMaps.dfy:legacy,m3 (correctness),unchanged,False,correctness:m3:0
lit/dafny0/IMaps.dfy:legacy,minf (correctness),content,True,correctness:minf:0
lit/dafny0/IMaps.dfy:legacy,m3 (well-formedness),unchanged,False,well-formedness:m3:0
lit/dafny0/ISets.dfy:refresh,M (correctness),unchanged,False,correctness:M:0
lit/dafny0/ISets.dfy:refresh,m1 (correctness),content,True,correctness:m1:0
lit/dafny0/ISets.dfy:legacy,m1 (correctness),content,True,correctness:m1:0
lit/dafny0/ISets.dfy:legacy,M (correctness),unchanged,False,correctness:M:0
lit/dafny0/Maps.dfy:refresh,GeneralMaps3 (correctness),content,True,correctness:GeneralMaps3:0
lit/dafny0/Maps.dfy:refresh,GeneralMaps2 (correctness),content,True,correctness:GeneralMaps2:0
lit/dafny0/Maps.dfy:refresh,FailingIMapOperations (correctness),unchanged,False,correctness:FailingIMapOperations:0
lit/dafny0/Maps.dfy:refresh,FailingMapOperations (correctness),unchanged,False,correctness:FailingMapOperations:0
lit/dafny0/Maps.dfy:refresh,GeneralMaps1 (correctness),content,True,correctness:GeneralMaps1:0
lit/dafny0/Maps.dfy:refresh,UpdateValidityMap (correctness),unchanged,False,correctness:UpdateValidityMap:0
lit/dafny0/Maps.dfy:refresh,IMapCommonUseCase1 (correctness),unchanged,False,correctness:IMapCommonUseCase1:0
lit/dafny0/Maps.dfy:refresh,IMapCommonUseCase0 (correctness),unchanged,False,correctness:IMapCommonUseCase0:0
lit/dafny0/Maps.dfy:refresh,UpdateValidityMapNull (correctness),unchanged,False,correctness:UpdateValidityMapNull:0
lit/dafny0/Maps.dfy:refresh,GeneralMaps5 (correctness),content,True,correctness:GeneralMaps5:0
lit/dafny0/Maps.dfy:refresh,UpdateValiditySeqNull (correctness),unchanged,False,correctness:UpdateValiditySeqNull:0
lit/dafny0/Maps.dfy:refresh,UpdateValidityMultiset (correctness),unchanged,False,correctness:UpdateValidityMultiset:0
lit/dafny0/Maps.dfy:refresh,UpdateValiditySeq (correctness),unchanged,False,correctness:UpdateValiditySeq:0
lit/dafny0/Maps.dfy:refresh,UpdateValidityMultisetNull (correctness),unchanged,False,correctness:UpdateValidityMultisetNull:0
lit/dafny0/Maps.dfy:refresh,Main (correctness),unchanged,False,correctness:Main:0
lit/dafny0/Maps.dfy:refresh,m (correctness),unchanged,False,correctness:m:0
lit/dafny0/Maps.dfy:refresh,m14 (correctness),content,True,correctness:m14:0
lit/dafny0/Maps.dfy:refresh,m4 (correctness),unchanged,False,correctness:m4:0
lit/dafny0/Maps.dfy:refresh,m9 (correctness),unchanged,False,correctness:m9:0
lit/dafny0/Maps.dfy:refresh,TestMapPropertyCardinality2 (correctness),unchanged,False,correctness:TestMapPropertyCardinality2:0
lit/dafny0/Maps.dfy:refresh,GeneralMaps4 (correctness),content,True,correctness:GeneralMaps4:0
lit/dafny0/Maps.dfy:refresh,m3 (well-formedness),unchanged,False,well-formedness:m3:0
lit/dafny0/Maps.dfy:refresh,union (well-formedness),content,True,well-formedness:union:0
lit/dafny0/Maps.dfy:refresh,TestMapPropertyCardinality1 (correctness),unchanged,False,correctness:TestMapPropertyCardinality1:0
lit/dafny0/Maps.dfy:refresh,UnboxTest (well-formedness),content,True,well-formedness:UnboxTest:0
lit/dafny0/Maps.dfy:refresh,GeneralMaps0 (correctness),content,True,correctness:GeneralMaps0:0
lit/dafny0/Maps.dfy:refresh,IMapCommonUseCase2 (correctness),unchanged,False,correctness:IMapCommonUseCase2:0
lit/dafny0/Maps.dfy:refresh,TestMapPropertyNonempty (correctness),unchanged,False,correctness:TestMapPropertyNonempty:0
lit/dafny0/Maps.dfy:refresh,TestIMapSubtraction (correctness),unchanged,False,correctness:TestIMapSubtraction:0
lit/dafny0/Maps.dfy:refresh,GeneralMaps7 (correctness),content,True,correctness:GeneralMaps7:0
lit/dafny0/Maps.dfy:refresh,GeneralMaps8 (correctness),content,True,correctness:GeneralMaps8:0
lit/dafny0/Maps.dfy:refresh,TestMapPropertyMembership0 (correctness),unchanged,False,correctness:TestMapPropertyMembership0:0
lit/dafny0/Maps.dfy:refresh,m6 (correctness),unchanged,False,correctness:m6:0
lit/dafny0/Maps.dfy:refresh,TestMapPropertyMembership1 (correctness),unchanged,False,correctness:TestMapPropertyMembership1:0
lit/dafny0/Maps.dfy:refresh,CommonUseCase1 (correctness),unchanged,False,correctness:CommonUseCase1:0
lit/dafny0/Maps.dfy:refresh,TestMapPropertyCardinality0 (correctness),unchanged,False,correctness:TestMapPropertyCardinality0:0
lit/dafny0/Maps.dfy:refresh,TestIMapPropertyMembership0 (correctness),unchanged,False,correctness:TestIMapPropertyMembership0:0
lit/dafny0/Maps.dfy:refresh,CommonUseCase2 (correctness),unchanged,False,correctness:CommonUseCase2:0
lit/dafny0/Maps.dfy:refresh,m10 (correctness),unchanged,False,correctness:m10:0
lit/dafny0/Maps.dfy:refresh,m8 (correctness),unchanged,False,correctness:m8:0
lit/dafny0/Maps.dfy:refresh,GeneralMaps8'' (correctness),content,True,correctness:GeneralMaps8kk:0
lit/dafny0/Maps.dfy:refresh,TestIMapPropertyMembership2 (correctness),unchanged,False,correctness:TestIMapPropertyMembership2:0
lit/dafny0/Maps.dfy:refresh,domain (well-formedness),unchanged,False,well-formedness:domain:0
lit/dafny0/Maps.dfy:refresh,UpdateValidityMapNull (well-formedness),unchanged,False,well-formedness:UpdateValidityMapNull:0
lit/dafny0/Maps.dfy:refresh,m2 (correctness),unchanged,False,correctness:m2:0
lit/dafny0/Maps.dfy:refresh,m2 (well-formedness),unchanged,False,well-formedness:m2:0
lit/dafny0/Maps.dfy:refresh,TestIMapUnion (correctness),unchanged,False,correctness:TestIMapUnion:0
lit/dafny0/Maps.dfy:refresh,m3 (correctness),unchanged,False,correctness:m3:0
lit/dafny0/Maps.dfy:refresh,GeneralMaps8' (correctness),content,True,correctness:GeneralMaps8k:0
lit/dafny0/Maps.dfy:refresh,m13 (correctness),content,True,correctness:m13:0
lit/dafny0/Maps.dfy:refresh,CommonUseCase0 (correctness),unchanged,False,correctness:CommonUseCase0:0
lit/dafny0/Maps.dfy:refresh,m12 (correctness),content,True,correctness:m12:0
lit/dafny0/Maps.dfy:refresh,TestIMapPropertyMembership1 (correctness),unchanged,False,correctness:TestIMapPropertyMembership1:0
lit/dafny0/Maps.dfy:refresh,m5 (correctness),unchanged,False,correctness:m5:0
lit/dafny0/Maps.dfy:refresh,TestIMapPropertyMembership3 (correctness),unchanged,False,correctness:TestIMapPropertyMembership3:0
lit/dafny0/Maps.dfy:refresh,GeneralMaps6 (correctness),content,True,correctness:GeneralMaps6:0
lit/dafny0/Maps.dfy:refresh,m15 (correctness),content,True,correctness:m15:0
lit/dafny0/Maps.dfy:refresh,Odd (well-formedness),unchanged,False,well-formedness:Odd:0
lit/dafny0/Maps.dfy:refresh,m7 (correctness),unchanged,False,correctness:m7:0
lit/dafny0/Maps.dfy:refresh,TestMapPropertyCardinality3 (correctness),unchanged,False,correctness:TestMapPropertyCardinality3:0
lit/dafny0/Maps.dfy:refresh,UpdateValidityMap (well-formedness),unchanged,False,well-formedness:UpdateValidityMap:0
lit/dafny0/Maps.dfy:refresh,TestIMapPropertyNonempty (correctness),unchanged,False,correctness:TestIMapPropertyNonempty:0
lit/dafny0/Maps.dfy:refresh,TestMapSubtraction (correctness),unchanged,False,correctness:TestMapSubtraction:0
lit/dafny0/Maps.dfy:refresh,TestMapUnion (correctness),unchanged,False,correctness:TestMapUnion:0
lit/dafny0/Maps.dfy:refresh,m11 (correctness),unchanged,False,correctness:m11:0
lit/dafny0/Maps.dfy:refresh,TestMapPropertyMembership2 (correctness),unchanged,False,correctness:TestMapPropertyMembership2:0
lit/dafny0/Maps.dfy:refresh,TestMapPropertyMembership3 (correctness),unchanged,False,correctness:TestMapPropertyMembership3:0
lit/dafny0/Maps.dfy:legacy,FailingIMapOperations (correctness),unchanged,False,correctness:FailingIMapOperations:0
lit/dafny0/Maps.dfy:legacy,FailingMapOperations (correctness),unchanged,False,correctness:FailingMapOperations:0
lit/dafny0/Maps.dfy:legacy,GeneralMaps2 (correctness),content,True,correctness:GeneralMaps2:0
lit/dafny0/Maps.dfy:legacy,GeneralMaps1 (correctness),content,True,correctness:GeneralMaps1:0
lit/dafny0/Maps.dfy:legacy,GeneralMaps3 (correctness),content,True,correctness:GeneralMaps3:0
lit/dafny0/Maps.dfy:legacy,IMapCommonUseCase0 (correctness),unchanged,False,correctness:IMapCommonUseCase0:0
lit/dafny0/Maps.dfy:legacy,GeneralMaps5 (correctness),content,True,correctness:GeneralMaps5:0
lit/dafny0/Maps.dfy:legacy,IMapCommonUseCase1 (correctness),unchanged,False,correctness:IMapCommonUseCase1:0
lit/dafny0/Maps.dfy:legacy,m4 (correctness),unchanged,False,correctness:m4:0
lit/dafny0/Maps.dfy:legacy,UpdateValidityMultisetNull (correctness),unchanged,False,correctness:UpdateValidityMultisetNull:0
lit/dafny0/Maps.dfy:legacy,Main (correctness),unchanged,False,correctness:Main:0
lit/dafny0/Maps.dfy:legacy,m (correctness),unchanged,False,correctness:m:0
lit/dafny0/Maps.dfy:legacy,UpdateValidityMultiset (correctness),unchanged,False,correctness:UpdateValidityMultiset:0
lit/dafny0/Maps.dfy:legacy,m9 (correctness),unchanged,False,correctness:m9:0
lit/dafny0/Maps.dfy:legacy,UpdateValiditySeq (correctness),unchanged,False,correctness:UpdateValiditySeq:0
lit/dafny0/Maps.dfy:legacy,TestMapPropertyCardinality1 (correctness),unchanged,False,correctness:TestMapPropertyCardinality1:0
lit/dafny0/Maps.dfy:legacy,UpdateValidityMapNull (correctness),unchanged,False,correctness:UpdateValidityMapNull:0
lit/dafny0/Maps.dfy:legacy,UpdateValidityMap (correctness),unchanged,False,correctness:UpdateValidityMap:0
lit/dafny0/Maps.dfy:legacy,m14 (correctness),content,True,correctness:m14:0
lit/dafny0/Maps.dfy:legacy,UpdateValiditySeqNull (correctness),unchanged,False,correctness:UpdateValiditySeqNull:0
lit/dafny0/Maps.dfy:legacy,union (well-formedness),content,True,well-formedness:union:0
lit/dafny0/Maps.dfy:legacy,IMapCommonUseCase2 (correctness),unchanged,False,correctness:IMapCommonUseCase2:0
lit/dafny0/Maps.dfy:legacy,m2 (well-formedness),unchanged,False,well-formedness:m2:0
lit/dafny0/Maps.dfy:legacy,CommonUseCase1 (correctness),unchanged,False,correctness:CommonUseCase1:0
lit/dafny0/Maps.dfy:legacy,GeneralMaps4 (correctness),content,True,correctness:GeneralMaps4:0
lit/dafny0/Maps.dfy:legacy,TestMapPropertyCardinality2 (correctness),unchanged,False,correctness:TestMapPropertyCardinality2:0
lit/dafny0/Maps.dfy:legacy,GeneralMaps0 (correctness),content,True,correctness:GeneralMaps0:0
lit/dafny0/Maps.dfy:legacy,CommonUseCase2 (correctness),unchanged,False,correctness:CommonUseCase2:0
lit/dafny0/Maps.dfy:legacy,TestIMapPropertyNonempty (correctness),unchanged,False,correctness:TestIMapPropertyNonempty:0
lit/dafny0/Maps.dfy:legacy,TestMapPropertyMembership1 (correctness),unchanged,False,correctness:TestMapPropertyMembership1:0
lit/dafny0/Maps.dfy:legacy,m3 (correctness),unchanged,False,correctness:m3:0
lit/dafny0/Maps.dfy:legacy,CommonUseCase0 (correctness),unchanged,False,correctness:CommonUseCase0:0
lit/dafny0/Maps.dfy:legacy,m2 (correctness),unchanged,False,correctness:m2:0
lit/dafny0/Maps.dfy:legacy,TestIMapPropertyMembership0 (correctness),unchanged,False,correctness:TestIMapPropertyMembership0:0
lit/dafny0/Maps.dfy:legacy,domain (well-formedness),unchanged,False,well-formedness:domain:0
lit/dafny0/Maps.dfy:legacy,m12 (correctness),content,True,correctness:m12:0
lit/dafny0/Maps.dfy:legacy,m13 (correctness),content,True,correctness:m13:0
lit/dafny0/Maps.dfy:legacy,TestIMapPropertyMembership2 (correctness),unchanged,False,correctness:TestIMapPropertyMembership2:0
lit/dafny0/Maps.dfy:legacy,UnboxTest (well-formedness),content,True,well-formedness:UnboxTest:0
lit/dafny0/Maps.dfy:legacy,TestMapPropertyMembership2 (correctness),unchanged,False,correctness:TestMapPropertyMembership2:0
lit/dafny0/Maps.dfy:legacy,m6 (correctness),unchanged,False,correctness:m6:0
lit/dafny0/Maps.dfy:legacy,m10 (correctness),unchanged,False,correctness:m10:0
lit/dafny0/Maps.dfy:legacy,m7 (correctness),unchanged,False,correctness:m7:0
lit/dafny0/Maps.dfy:legacy,TestIMapPropertyMembership1 (correctness),unchanged,False,correctness:TestIMapPropertyMembership1:0
lit/dafny0/Maps.dfy:legacy,TestIMapUnion (correctness),unchanged,False,correctness:TestIMapUnion:0
lit/dafny0/Maps.dfy:legacy,TestIMapPropertyMembership3 (correctness),unchanged,False,correctness:TestIMapPropertyMembership3:0
lit/dafny0/Maps.dfy:legacy,m3 (well-formedness),unchanged,False,well-formedness:m3:0
lit/dafny0/Maps.dfy:legacy,TestMapUnion (correctness),unchanged,False,correctness:TestMapUnion:0
lit/dafny0/Maps.dfy:legacy,m8 (correctness),unchanged,False,correctness:m8:0
lit/dafny0/Maps.dfy:legacy,TestIMapSubtraction (correctness),unchanged,False,correctness:TestIMapSubtraction:0
lit/dafny0/Maps.dfy:legacy,TestMapPropertyMembership0 (correctness),unchanged,False,correctness:TestMapPropertyMembership0:0
lit/dafny0/Maps.dfy:legacy,m15 (correctness),content,True,correctness:m15:0
lit/dafny0/Maps.dfy:legacy,TestMapSubtraction (correctness),unchanged,False,correctness:TestMapSubtraction:0
lit/dafny0/Maps.dfy:legacy,Odd (well-formedness),unchanged,False,well-formedness:Odd:0
lit/dafny0/Maps.dfy:legacy,TestMapPropertyCardinality0 (correctness),unchanged,False,correctness:TestMapPropertyCardinality0:0
lit/dafny0/Maps.dfy:legacy,m11 (correctness),unchanged,False,correctness:m11:0
lit/dafny0/Maps.dfy:legacy,GeneralMaps6 (correctness),content,True,correctness:GeneralMaps6:0
lit/dafny0/Maps.dfy:legacy,GeneralMaps8'' (correctness),content,True,correctness:GeneralMaps8kk:0
lit/dafny0/Maps.dfy:legacy,GeneralMaps8 (correctness),content,True,correctness:GeneralMaps8:0
lit/dafny0/Maps.dfy:legacy,m5 (correctness),unchanged,False,correctness:m5:0
lit/dafny0/Maps.dfy:legacy,GeneralMaps7 (correctness),content,True,correctness:GeneralMaps7:0
lit/dafny0/Maps.dfy:legacy,TestMapPropertyMembership3 (correctness),unchanged,False,correctness:TestMapPropertyMembership3:0
lit/dafny0/Maps.dfy:legacy,UpdateValidityMapNull (well-formedness),unchanged,False,well-formedness:UpdateValidityMapNull:0
lit/dafny0/Maps.dfy:legacy,GeneralMaps8' (correctness),content,True,correctness:GeneralMaps8k:0
lit/dafny0/Maps.dfy:legacy,TestMapPropertyCardinality3 (correctness),unchanged,False,correctness:TestMapPropertyCardinality3:0
lit/dafny0/Maps.dfy:legacy,UpdateValidityMap (well-formedness),unchanged,False,well-formedness:UpdateValidityMap:0
lit/dafny0/Maps.dfy:legacy,TestMapPropertyNonempty (correctness),unchanged,False,correctness:TestMapPropertyNonempty:0
lit/dafny0/TypeAdjustments.dfy:pinned,Comprehensions.Maps1 (correctness),content,True,correctness:ComprehensionsMaps1:0
lit/dafny0/TypeAdjustments.dfy:pinned,M0 (correctness),unchanged,False,correctness:M0:0
lit/dafny0/TypeAdjustments.dfy:pinned,M5 (correctness),unchanged,False,correctness:M5:0
lit/dafny0/TypeAdjustments.dfy:pinned,M4 (correctness),unchanged,False,correctness:M4:0
lit/dafny0/TypeAdjustments.dfy:pinned,BinaryExpressions.BadMinusOther (correctness),unchanged,False,correctness:BinaryExpressionsBadMinusOther:0
lit/dafny0/TypeAdjustments.dfy:pinned,BinaryExpressions.BadPlusOther0 (correctness),unchanged,False,correctness:BinaryExpressionsBadPlusOther0:0
lit/dafny0/TypeAdjustments.dfy:pinned,Arrows.TestGeneralArrow (correctness),unchanged,False,correctness:ArrowsTestGeneralArrow:0
lit/dafny0/TypeAdjustments.dfy:pinned,BinaryExpressions.BadPlusOther1 (correctness),unchanged,False,correctness:BinaryExpressionsBadPlusOther1:0
lit/dafny0/TypeAdjustments.dfy:pinned,M6 (correctness),unchanged,False,correctness:M6:0
lit/dafny0/TypeAdjustments.dfy:pinned,TypeParameters.M (correctness),unchanged,False,correctness:TypeParametersM:0
lit/dafny0/TypeAdjustments.dfy:pinned,Comprehensions.Sets (correctness),unchanged,False,correctness:ComprehensionsSets:0
lit/dafny0/TypeAdjustments.dfy:pinned,BinaryExpressions.BadTimes1 (correctness),unchanged,False,correctness:BinaryExpressionsBadTimes1:0
lit/dafny0/TypeAdjustments.dfy:pinned,TypeParameters.F (correctness),unchanged,False,correctness:TypeParametersF:0
lit/dafny0/TypeAdjustments.dfy:pinned,BinaryExpressions.BadPlusSets1 (correctness),unchanged,False,correctness:BinaryExpressionsBadPlusSets1:0
lit/dafny0/TypeAdjustments.dfy:pinned,Even (well-formedness),unchanged,False,well-formedness:Even:0
lit/dafny0/TypeAdjustments.dfy:pinned,M9 (correctness),unchanged,False,correctness:M9:0
lit/dafny0/TypeAdjustments.dfy:pinned,Arrows.TestPartialArrow (correctness),unchanged,False,correctness:ArrowsTestPartialArrow:0
lit/dafny0/TypeAdjustments.dfy:pinned,BinaryExpressions.BadPlusSets0 (correctness),unchanged,False,correctness:BinaryExpressionsBadPlusSets0:0
lit/dafny0/TypeAdjustments.dfy:pinned,BinaryExpressions.BadMinusSets1 (correctness),unchanged,False,correctness:BinaryExpressionsBadMinusSets1:0
lit/dafny0/TypeAdjustments.dfy:pinned,BinaryExpressions.BadTimes0 (correctness),unchanged,False,correctness:BinaryExpressionsBadTimes0:0
lit/dafny0/TypeAdjustments.dfy:pinned,M8 (correctness),unchanged,False,correctness:M8:0
lit/dafny0/TypeAdjustments.dfy:pinned,M7 (correctness),unchanged,False,correctness:M7:0
lit/dafny0/TypeAdjustments.dfy:pinned,M1 (correctness),unchanged,False,correctness:M1:0
lit/dafny0/TypeAdjustments.dfy:pinned,BinaryExpressions.Minus (correctness),unchanged,False,correctness:BinaryExpressionsMinus:0
lit/dafny0/TypeAdjustments.dfy:pinned,BinaryExpressions.Plus (correctness),unchanged,False,correctness:BinaryExpressionsPlus:0
lit/dafny0/TypeAdjustments.dfy:pinned,M2 (correctness),unchanged,False,correctness:M2:0
lit/dafny0/TypeAdjustments.dfy:pinned,TypeParameters.Tuples (correctness),unchanged,False,correctness:TypeParametersTuples:0
lit/dafny0/TypeAdjustments.dfy:pinned,BinaryExpressions.Times (correctness),unchanged,False,correctness:BinaryExpressionsTimes:0
lit/dafny0/TypeAdjustments.dfy:pinned,Arrows.TestTotalArrow (correctness),unchanged,False,correctness:ArrowsTestTotalArrow:0
lit/dafny0/TypeAdjustments.dfy:pinned,Comprehensions.Maps0 (correctness),content,True,correctness:ComprehensionsMaps0:0
lit/dafny0/TypeAdjustments.dfy:pinned,M3 (well-formedness),unchanged,False,well-formedness:M3:0
lit/dafny0/TypeAdjustments.dfy:pinned,MoreTrickySubsetType.Nat (well-formedness),unchanged,False,well-formedness:MoreTrickySubsetTypeNat:0
lit/dafny0/TypeAdjustments.dfy:pinned,Let.XYZ (correctness),unchanged,False,correctness:LetXYZ:0
lit/dafny0/TypeAdjustments.dfy:pinned,M3 (correctness),unchanged,False,correctness:M3:0
lit/dafny0/TypeAdjustments.dfy:pinned,CellX._ctor (correctness),unchanged,False,correctness:CellXctor:0
lit/dafny0/TypeAdjustments.dfy:pinned,Cell.F (well-formedness),unchanged,False,well-formedness:CellF:0
lit/dafny0/TypeAdjustments.dfy:pinned,TypeParameters.MFitToAnything (correctness),unchanged,False,correctness:TypeParametersMFitToAnything:0
lit/dafny0/TypeAdjustments.dfy:pinned,CellX.M (correctness),unchanged,False,correctness:CellXM:0
lit/dafny0/TypeAdjustments.dfy:pinned,TrickyProvides0.BBB.Empty (well-formedness),unchanged,False,well-formedness:TrickyProvides0BBBEmpty:0
lit/dafny0/TypeAdjustments.dfy:pinned,TrickyProvides1.BBB.Empty (well-formedness),unchanged,False,well-formedness:TrickyProvides1BBBEmpty:0
lit/dafny0/TypeAdjustments.dfy:pinned,BinaryExpressions.BadMinusSets0 (correctness),unchanged,False,correctness:BinaryExpressionsBadMinusSets0:0
lit/dafny4/Bug108.dfy:refresh,Main (correctness),content,True,correctness:Main:0
lit/dafny4/Bug108.dfy:legacy,Main (correctness),content,True,correctness:Main:0
lit/dafny4/Bug114.dfy:refresh,M (correctness),content,True,correctness:M:0
lit/dafny4/Bug114.dfy:legacy,M (correctness),content,True,correctness:M:0
lit/dafny4/Bug54.dfy:refresh,H (well-formedness),unchanged,False,well-formedness:H:0
lit/dafny4/Bug54.dfy:refresh,G (well-formedness),unchanged,False,well-formedness:G:0
lit/dafny4/Bug54.dfy:refresh,P2 (well-formedness),content,True,well-formedness:P2:0
lit/dafny4/Bug54.dfy:refresh,P1 (well-formedness),unchanged,False,well-formedness:P1:0
lit/dafny4/Bug54.dfy:legacy,H (well-formedness),unchanged,False,well-formedness:H:0
lit/dafny4/Bug54.dfy:legacy,G (well-formedness),unchanged,False,well-formedness:G:0
lit/dafny4/Bug54.dfy:legacy,P1 (well-formedness),unchanged,False,well-formedness:P1:0
lit/dafny4/Bug54.dfy:legacy,P2 (well-formedness),content,True,well-formedness:P2:0
lit/dafny4/Bug58.dfy:refresh,M2 (well-formedness),content,True,well-formedness:M2:0
lit/dafny4/Bug58.dfy:refresh,L (well-formedness),content,True,well-formedness:L:0
lit/dafny4/Bug58.dfy:refresh,L (correctness),content,True,correctness:L:0
lit/dafny4/Bug58.dfy:legacy,M2 (well-formedness),content,True,well-formedness:M2:0
lit/dafny4/Bug58.dfy:legacy,L (well-formedness),content,True,well-formedness:L:0
lit/dafny4/Bug58.dfy:legacy,L (correctness),content,True,correctness:L:0
lit/dafny4/KozenSilva.dfy:refresh,Theorem1_LexLess_Is_Transitive# (correctness),unchanged,False,correctness:Theorem1LexLessIsTransitiveh:0
lit/dafny4/KozenSilva.dfy:refresh,Theorem1_LexLess_Is_Transitive_Automatic# (correctness),unchanged,False,correctness:Theorem1LexLessIsTransitiveAutomatich:0
lit/dafny4/KozenSilva.dfy:refresh,Theorem5_ClosureConversion_Is_Monotone# (correctness),content,True,correctness:Theorem5ClosureConversionIsMonotoneh:0
lit/dafny4/KozenSilva.dfy:refresh,ValBelow (well-formedness),unchanged,False,well-formedness:ValBelow:0
lit/dafny4/KozenSilva.dfy:refresh,ClEnvBelow (well-formedness),unchanged,False,well-formedness:ClEnvBelow:0
lit/dafny4/KozenSilva.dfy:refresh,CapsuleEnvironmentBelow (well-formedness),unchanged,False,well-formedness:CapsuleEnvironmentBelow:0
lit/dafny4/KozenSilva.dfy:refresh,Theorem4b_ValBelow_Is_Transitive# (correctness),unchanged,False,correctness:Theorem4bValBelowIsTransitiveh:0
lit/dafny4/KozenSilva.dfy:refresh,Theorem7_Merge_Is_Left_Inverse_Of_Split_Bisim# (correctness),unchanged,False,correctness:Theorem7MergeIsLeftInverseOfSplitBisimh:0
lit/dafny4/KozenSilva.dfy:refresh,EquivalenceTheorem (correctness),unchanged,False,correctness:EquivalenceTheorem:0
lit/dafny4/KozenSilva.dfy:refresh,EquivalenceTheorem1 (correctness),unchanged,False,correctness:EquivalenceTheorem1:0
lit/dafny4/KozenSilva.dfy:refresh,NotLexLess' (well-formedness),unchanged,False,well-formedness:NotLexLessk:0
lit/dafny4/KozenSilva.dfy:refresh,Theorem4a_ClEnvBelow_Is_Transitive# (correctness),unchanged,False,correctness:Theorem4aClEnvBelowIsTransitiveh:0
lit/dafny4/KozenSilva.dfy:refresh,EquivalenceTheorem0_Lemma (correctness),unchanged,False,correctness:EquivalenceTheorem0Lemma:0
lit/dafny4/KozenSilva.dfy:refresh,Theorem3_Subtype_Is_Transitive# (correctness),unchanged,False,correctness:Theorem3SubtypeIsTransitiveh:0
lit/dafny4/KozenSilva.dfy:refresh,SplitRight (well-formedness),unchanged,False,well-formedness:SplitRight:0
lit/dafny4/KozenSilva.dfy:refresh,ClosureConversion (well-formedness),content,True,well-formedness:ClosureConversion:0
lit/dafny4/KozenSilva.dfy:refresh,Theorem2_Pointwise_Addition_Is_Monotone# (correctness),unchanged,False,correctness:Theorem2PointwiseAdditionIsMonotoneh:0
lit/dafny4/KozenSilva.dfy:refresh,Theorem7_Merge_Is_Left_Inverse_Of_Split_Equal# (correctness),unchanged,False,correctness:Theorem7MergeIsLeftInverseOfSplitEqualh:0
lit/dafny4/KozenSilva.dfy:refresh,Theorem1_Alt_Lemma (correctness),unchanged,False,correctness:Theorem1AltLemma:0
lit/dafny4/KozenSilva.dfy:refresh,ClosureConvertedMap (well-formedness),content,True,well-formedness:ClosureConvertedMap:0
lit/dafny4/KozenSilva.dfy:refresh,Subtype (well-formedness),unchanged,False,well-formedness:Subtype:0
lit/dafny4/KozenSilva.dfy:refresh,Theorem1_Alt (correctness),unchanged,False,correctness:Theorem1Alt:0
lit/dafny4/KozenSilva.dfy:refresh,EquivalenceTheorem0# (correctness),unchanged,False,correctness:EquivalenceTheorem0h:0
lit/dafny4/KozenSilva.dfy:refresh,EquivalenceTheorem1_Lemma (correctness),unchanged,False,correctness:EquivalenceTheorem1Lemma:0
lit/dafny4/KozenSilva.dfy:refresh,Theorem6_Bisim_Is_Symmetric# (correctness),unchanged,False,correctness:Theorem6BisimIsSymmetrich:0
lit/dafny4/KozenSilva.dfy:legacy,Theorem1_LexLess_Is_Transitive# (correctness),unchanged,False,correctness:Theorem1LexLessIsTransitiveh:0
lit/dafny4/KozenSilva.dfy:legacy,Theorem1_LexLess_Is_Transitive_Automatic# (correctness),unchanged,False,correctness:Theorem1LexLessIsTransitiveAutomatich:0
lit/dafny4/KozenSilva.dfy:legacy,Theorem7_Merge_Is_Left_Inverse_Of_Split_Equal# (correctness),unchanged,False,correctness:Theorem7MergeIsLeftInverseOfSplitEqualh:0
lit/dafny4/KozenSilva.dfy:legacy,Theorem4b_ValBelow_Is_Transitive# (correctness),unchanged,False,correctness:Theorem4bValBelowIsTransitiveh:0
lit/dafny4/KozenSilva.dfy:legacy,Theorem4a_ClEnvBelow_Is_Transitive# (correctness),unchanged,False,correctness:Theorem4aClEnvBelowIsTransitiveh:0
lit/dafny4/KozenSilva.dfy:legacy,Theorem7_Merge_Is_Left_Inverse_Of_Split_Bisim# (correctness),unchanged,False,correctness:Theorem7MergeIsLeftInverseOfSplitBisimh:0
lit/dafny4/KozenSilva.dfy:legacy,Theorem5_ClosureConversion_Is_Monotone# (correctness),content,True,correctness:Theorem5ClosureConversionIsMonotoneh:0
lit/dafny4/KozenSilva.dfy:legacy,ClEnvBelow (well-formedness),unchanged,False,well-formedness:ClEnvBelow:0
lit/dafny4/KozenSilva.dfy:legacy,ValBelow (well-formedness),unchanged,False,well-formedness:ValBelow:0
lit/dafny4/KozenSilva.dfy:legacy,Theorem6_Bisim_Is_Symmetric# (correctness),unchanged,False,correctness:Theorem6BisimIsSymmetrich:0
lit/dafny4/KozenSilva.dfy:legacy,NotLexLess' (well-formedness),unchanged,False,well-formedness:NotLexLessk:0
lit/dafny4/KozenSilva.dfy:legacy,Theorem1_Alt (correctness),unchanged,False,correctness:Theorem1Alt:0
lit/dafny4/KozenSilva.dfy:legacy,Subtype (well-formedness),unchanged,False,well-formedness:Subtype:0
lit/dafny4/KozenSilva.dfy:legacy,EquivalenceTheorem (correctness),unchanged,False,correctness:EquivalenceTheorem:0
lit/dafny4/KozenSilva.dfy:legacy,CapsuleEnvironmentBelow (well-formedness),unchanged,False,well-formedness:CapsuleEnvironmentBelow:0
lit/dafny4/KozenSilva.dfy:legacy,EquivalenceTheorem0_Lemma (correctness),unchanged,False,correctness:EquivalenceTheorem0Lemma:0
lit/dafny4/KozenSilva.dfy:legacy,Theorem3_Subtype_Is_Transitive# (correctness),unchanged,False,correctness:Theorem3SubtypeIsTransitiveh:0
lit/dafny4/KozenSilva.dfy:legacy,ClosureConversion (well-formedness),content,True,well-formedness:ClosureConversion:0
lit/dafny4/KozenSilva.dfy:legacy,ClosureConvertedMap (well-formedness),content,True,well-formedness:ClosureConvertedMap:0
lit/dafny4/KozenSilva.dfy:legacy,EquivalenceTheorem0# (correctness),unchanged,False,correctness:EquivalenceTheorem0h:0
lit/dafny4/KozenSilva.dfy:legacy,SplitRight (well-formedness),unchanged,False,well-formedness:SplitRight:0
lit/dafny4/KozenSilva.dfy:legacy,Theorem2_Pointwise_Addition_Is_Monotone# (correctness),unchanged,False,correctness:Theorem2PointwiseAdditionIsMonotoneh:0
lit/dafny4/KozenSilva.dfy:legacy,EquivalenceTheorem1 (correctness),unchanged,False,correctness:EquivalenceTheorem1:0
lit/dafny4/KozenSilva.dfy:legacy,EquivalenceTheorem1_Lemma (correctness),unchanged,False,correctness:EquivalenceTheorem1Lemma:0
lit/dafny4/KozenSilva.dfy:legacy,Theorem1_Alt_Lemma (correctness),unchanged,False,correctness:Theorem1AltLemma:0
lit/dafny4/Regression19.dfy:refresh,NonemptySet (correctness),unchanged,False,correctness:NonemptySet:0
lit/dafny4/Regression19.dfy:refresh,NonemptyMap (correctness),unchanged,False,correctness:NonemptyMap:0
lit/dafny4/Regression19.dfy:refresh,M (correctness),content,True,correctness:M:0
lit/dafny4/Regression19.dfy:legacy,NonemptySet (correctness),unchanged,False,correctness:NonemptySet:0
lit/dafny4/Regression19.dfy:legacy,NonemptyMap (correctness),unchanged,False,correctness:NonemptyMap:0
lit/dafny4/Regression19.dfy:legacy,M (correctness),content,True,correctness:M:0
lit/dafny4/UnionFind.dfy:refresh,M2.UnionFind.FindAux (correctness),content,True,correctness:M2UnionFindFindAux:0
lit/dafny4/UnionFind.dfy:refresh,M1.UnionFind.New (correctness),content,True,correctness:M1UnionFindNew:0
lit/dafny4/UnionFind.dfy:refresh,M3.UnionFind.Join (correctness) (assertion batch 93),content,True,correctness:M3UnionFindJoin:92
lit/dafny4/UnionFind.dfy:refresh,M3.UnionFind.Join (correctness) (assertion batch 148),content,True,correctness:M3UnionFindJoin:147
lit/dafny4/UnionFind.dfy:refresh,M3.UnionFind.JoinMaintainsReaches1 (correctness),unchanged,False,correctness:M3UnionFindJoinMaintainsReaches1:0
lit/dafny4/UnionFind.dfy:refresh,M1.UnionFind.Union (correctness),content,True,correctness:M1UnionFindUnion:0
lit/dafny4/UnionFind.dfy:refresh,M3.UnionFind.Join (correctness) (assertion batch 48),content,True,correctness:M3UnionFindJoin:47
lit/dafny4/UnionFind.dfy:refresh,M3.UnionFind.Join (correctness) (assertion batch 123),content,True,correctness:M3UnionFindJoin:122
lit/dafny4/UnionFind.dfy:refresh,M3.UnionFind.Join (correctness) (assertion batch 40),content,True,correctness:M3UnionFindJoin:39
lit/dafny4/UnionFind.dfy:refresh,M3.UnionFind.Join (correctness) (assertion batch 168),content,True,correctness:M3UnionFindJoin:167
lit/dafny4/UnionFind.dfy:refresh,M3.UnionFind.Join (correctness) (assertion batch 113),content,True,correctness:M3UnionFindJoin:112
lit/dafny4/UnionFind.dfy:refresh,M3.UnionFind.Join (correctness) (assertion batch 128),content,True,correctness:M3UnionFindJoin:127
lit/dafny4/UnionFind.dfy:refresh,M3.UnionFind.Join (correctness) (assertion batch 112),content,True,correctness:M3UnionFindJoin:111
lit/dafny4/UnionFind.dfy:refresh,M3.UnionFind.Join (correctness) (assertion batch 67),content,True,correctness:M3UnionFindJoin:66
lit/dafny4/UnionFind.dfy:refresh,M3.UnionFind.Join (correctness) (assertion batch 111),content,True,correctness:M3UnionFindJoin:110
lit/dafny4/UnionFind.dfy:refresh,M3.UnionFind.Join (correctness) (assertion batch 35),content,True,correctness:M3UnionFindJoin:34
lit/dafny4/UnionFind.dfy:refresh,M3.UnionFind.Join (correctness) (assertion batch 110),content,True,correctness:M3UnionFindJoin:109
lit/dafny4/UnionFind.dfy:refresh,M3.UnionFind.Join (correctness) (assertion batch 166),content,True,correctness:M3UnionFindJoin:165
lit/dafny4/UnionFind.dfy:refresh,M3.UnionFind.Join (correctness) (assertion batch 124),content,True,correctness:M3UnionFindJoin:123
lit/dafny4/UnionFind.dfy:refresh,M3.UnionFind.Join (correctness) (assertion batch 122),content,True,correctness:M3UnionFindJoin:121
lit/dafny4/UnionFind.dfy:refresh,M3.UnionFind.Join (correctness) (assertion batch 167),content,True,correctness:M3UnionFindJoin:166
lit/dafny4/UnionFind.dfy:refresh,M3.UnionFind.Join (correctness) (assertion batch 27),content,True,correctness:M3UnionFindJoin:26
lit/dafny4/UnionFind.dfy:refresh,M3.UnionFind.Join (correctness) (assertion batch 86),content,True,correctness:M3UnionFindJoin:85
lit/dafny4/UnionFind.dfy:refresh,M3.UnionFind.Join (correctness) (assertion batch 65),content,True,correctness:M3UnionFindJoin:64
lit/dafny4/UnionFind.dfy:refresh,M3.UnionFind.Join (correctness) (assertion batch 141),content,True,correctness:M3UnionFindJoin:140
lit/dafny4/UnionFind.dfy:refresh,Main (correctness) (assertion batch 80),content,True,correctness:Main:79
lit/dafny4/UnionFind.dfy:refresh,M3.UnionFind.Join (correctness) (assertion batch 81),content,True,correctness:M3UnionFindJoin:80
lit/dafny4/UnionFind.dfy:refresh,M3.UnionFind.Join (correctness) (assertion batch 66),content,True,correctness:M3UnionFindJoin:65
lit/dafny4/UnionFind.dfy:refresh,M3.UnionFind.Join (correctness) (assertion batch 165),content,True,correctness:M3UnionFindJoin:164
lit/dafny4/UnionFind.dfy:refresh,Main (correctness) (assertion batch 1),content,True,correctness:Main:0
lit/dafny4/UnionFind.dfy:refresh,M3.UnionFind.Join (correctness) (assertion batch 68),content,True,correctness:M3UnionFindJoin:67
lit/dafny4/UnionFind.dfy:refresh,Main (correctness) (assertion batch 2),content,True,correctness:Main:1
lit/dafny4/UnionFind.dfy:refresh,M1.UnionFind.ValidM1 (well-formedness),content,True,well-formedness:M1UnionFindValidM1:0
lit/dafny4/UnionFind.dfy:refresh,M3.UnionFind.Join (correctness) (assertion batch 136),content,True,correctness:M3UnionFindJoin:135
lit/dafny4/UnionFind.dfy:refresh,Main (correctness) (assertion batch 70),content,True,correctness:Main:69
lit/dafny4/UnionFind.dfy:refresh,Main (correctness) (assertion batch 49),content,True,correctness:Main:48
lit/dafny4/UnionFind.dfy:refresh,M3.UnionFind.Join (correctness) (assertion batch 73),content,True,correctness:M3UnionFindJoin:72
lit/dafny4/UnionFind.dfy:refresh,Main (correctness) (assertion batch 29),content,True,correctness:Main:28
lit/dafny4/UnionFind.dfy:refresh,Main (correctness) (assertion batch 43),content,True,correctness:Main:42
lit/dafny4/UnionFind.dfy:refresh,Main (correctness) (assertion batch 3),content,True,correctness:Main:2
lit/dafny4/UnionFind.dfy:refresh,Main (correctness) (assertion batch 61),content,True,correctness:Main:60
lit/dafny4/UnionFind.dfy:refresh,Main (correctness) (assertion batch 79),content,True,correctness:Main:78
lit/dafny4/UnionFind.dfy:refresh,M3.UnionFind.Join (correctness) (assertion batch 119),content,True,correctness:M3UnionFindJoin:118
lit/dafny4/UnionFind.dfy:refresh,Main (correctness) (assertion batch 5),content,True,correctness:Main:4
lit/dafny4/UnionFind.dfy:refresh,Main (correctness) (assertion batch 28),content,True,correctness:Main:27
lit/dafny4/UnionFind.dfy:refresh,M3.UnionFind.Join (correctness) (assertion batch 174),content,True,correctness:M3UnionFindJoin:173
lit/dafny4/UnionFind.dfy:refresh,M3.UnionFind.Join (correctness) (assertion batch 121),content,True,correctness:M3UnionFindJoin:120
lit/dafny4/UnionFind.dfy:refresh,M3.UnionFind.Join (correctness) (assertion batch 184),content,True,correctness:M3UnionFindJoin:183
lit/dafny4/UnionFind.dfy:refresh,Main (correctness) (assertion batch 41),content,True,correctness:Main:40
lit/dafny4/UnionFind.dfy:refresh,Main (correctness) (assertion batch 38),content,True,correctness:Main:37
lit/dafny4/UnionFind.dfy:refresh,Main (correctness) (assertion batch 47),content,True,correctness:Main:46
lit/dafny4/UnionFind.dfy:refresh,Main (correctness) (assertion batch 60),content,True,correctness:Main:59
lit/dafny4/UnionFind.dfy:refresh,Main (correctness) (assertion batch 20),content,True,correctness:Main:19
lit/dafny4/UnionFind.dfy:refresh,M3.UnionFind.Join (correctness) (assertion batch 118),content,True,correctness:M3UnionFindJoin:117
lit/dafny4/UnionFind.dfy:refresh,Main (correctness) (assertion batch 78),content,True,correctness:Main:77
lit/dafny4/UnionFind.dfy:refresh,Main (correctness) (assertion batch 36),content,True,correctness:Main:35
lit/dafny4/UnionFind.dfy:refresh,Main (correctness) (assertion batch 33),content,True,correctness:Main:32
lit/dafny4/UnionFind.dfy:refresh,Main (correctness) (assertion batch 23),content,True,correctness:Main:22
lit/dafny4/UnionFind.dfy:refresh,M3.UnionFind.Join (correctness) (assertion batch 107),content,True,correctness:M3UnionFindJoin:106
lit/dafny4/UnionFind.dfy:refresh,Main (correctness) (assertion batch 68),content,True,correctness:Main:67
lit/dafny4/UnionFind.dfy:refresh,Main (correctness) (assertion batch 40),content,True,correctness:Main:39
lit/dafny4/UnionFind.dfy:refresh,Main (correctness) (assertion batch 52),content,True,correctness:Main:51
lit/dafny4/UnionFind.dfy:refresh,Main (correctness) (assertion batch 32),content,True,correctness:Main:31
lit/dafny4/UnionFind.dfy:refresh,M2.UnionFind.Find (correctness),content,True,correctness:M2UnionFindFind:0
lit/dafny4/UnionFind.dfy:refresh,Main (correctness) (assertion batch 77),content,True,correctness:Main:76
lit/dafny4/UnionFind.dfy:refresh,Main (correctness) (assertion batch 44),content,True,correctness:Main:43
lit/dafny4/UnionFind.dfy:refresh,Main (correctness) (assertion batch 35),content,True,correctness:Main:34
lit/dafny4/UnionFind.dfy:refresh,Main (correctness) (assertion batch 75),content,True,correctness:Main:74
lit/dafny4/UnionFind.dfy:refresh,Main (correctness) (assertion batch 19),content,True,correctness:Main:18
lit/dafny4/UnionFind.dfy:refresh,Main (correctness) (assertion batch 87),content,True,correctness:Main:86
lit/dafny4/UnionFind.dfy:refresh,Main (correctness) (assertion batch 86),content,True,correctness:Main:85
lit/dafny4/UnionFind.dfy:refresh,Main (correctness) (assertion batch 88),content,True,correctness:Main:87
lit/dafny4/UnionFind.dfy:refresh,Main (correctness) (assertion batch 69),content,True,correctness:Main:68
lit/dafny4/UnionFind.dfy:refresh,Main (correctness) (assertion batch 8),content,True,correctness:Main:7
lit/dafny4/UnionFind.dfy:refresh,Main (correctness) (assertion batch 58),content,True,correctness:Main:57
lit/dafny4/UnionFind.dfy:refresh,Main (correctness) (assertion batch 16),content,True,correctness:Main:15
lit/dafny4/UnionFind.dfy:refresh,Main (correctness) (assertion batch 6),content,True,correctness:Main:5
lit/dafny4/UnionFind.dfy:refresh,Main (correctness) (assertion batch 72),content,True,correctness:Main:71
lit/dafny4/UnionFind.dfy:refresh,Main (correctness) (assertion batch 37),content,True,correctness:Main:36
lit/dafny4/UnionFind.dfy:refresh,M3.UnionFind.Join (correctness) (assertion batch 102),content,True,correctness:M3UnionFindJoin:101
lit/dafny4/UnionFind.dfy:refresh,Main (correctness) (assertion batch 21),content,True,correctness:Main:20
lit/dafny4/UnionFind.dfy:refresh,Main (correctness) (assertion batch 85),content,True,correctness:Main:84
lit/dafny4/UnionFind.dfy:refresh,Main (correctness) (assertion batch 25),content,True,correctness:Main:24
lit/dafny4/UnionFind.dfy:refresh,Main (correctness) (assertion batch 26),content,True,correctness:Main:25
lit/dafny4/UnionFind.dfy:refresh,Main (correctness) (assertion batch 24),content,True,correctness:Main:23
lit/dafny4/UnionFind.dfy:refresh,Main (correctness) (assertion batch 46),content,True,correctness:Main:45
lit/dafny4/UnionFind.dfy:refresh,Main (correctness) (assertion batch 14),content,True,correctness:Main:13
lit/dafny4/UnionFind.dfy:refresh,Main (correctness) (assertion batch 4),content,True,correctness:Main:3
lit/dafny4/UnionFind.dfy:refresh,Main (correctness) (assertion batch 45),content,True,correctness:Main:44
lit/dafny4/UnionFind.dfy:refresh,Main (correctness) (assertion batch 74),content,True,correctness:Main:73
lit/dafny4/UnionFind.dfy:refresh,M3.UnionFind.Join (correctness) (assertion batch 120),content,True,correctness:M3UnionFindJoin:119
lit/dafny4/UnionFind.dfy:refresh,Main (correctness) (assertion batch 59),content,True,correctness:Main:58
lit/dafny4/UnionFind.dfy:refresh,Main (correctness) (assertion batch 42),content,True,correctness:Main:41
lit/dafny4/UnionFind.dfy:refresh,M3.UnionFind.Join (correctness) (assertion batch 173),content,True,correctness:M3UnionFindJoin:172
lit/dafny4/UnionFind.dfy:refresh,Main (correctness) (assertion batch 76),content,True,correctness:Main:75
lit/dafny4/UnionFind.dfy:refresh,Main (correctness) (assertion batch 64),content,True,correctness:Main:63
lit/dafny4/UnionFind.dfy:refresh,Main (correctness) (assertion batch 67),content,True,correctness:Main:66
lit/dafny4/UnionFind.dfy:refresh,Main (correctness) (assertion batch 17),content,True,correctness:Main:16
lit/dafny4/UnionFind.dfy:refresh,Main (correctness) (assertion batch 55),content,True,correctness:Main:54
lit/dafny4/UnionFind.dfy:refresh,M3.UnionFind.Join (correctness) (assertion batch 176),content,True,correctness:M3UnionFindJoin:175
lit/dafny4/UnionFind.dfy:refresh,M3.UnionFind.Join (correctness) (assertion batch 153),content,True,correctness:M3UnionFindJoin:152
lit/dafny4/UnionFind.dfy:refresh,M3.UnionFind.Join (correctness) (assertion batch 108),content,True,correctness:M3UnionFindJoin:107
lit/dafny4/UnionFind.dfy:refresh,Main (correctness) (assertion batch 54),content,True,correctness:Main:53
lit/dafny4/UnionFind.dfy:refresh,M3.UnionFind.JoinMaintainsReaches0 (correctness),unchanged,False,correctness:M3UnionFindJoinMaintainsReaches0:0
lit/dafny4/UnionFind.dfy:refresh,Main (correctness) (assertion batch 7),content,True,correctness:Main:6
lit/dafny4/UnionFind.dfy:refresh,M3.UnionFind.Join (correctness) (assertion batch 126),content,True,correctness:M3UnionFindJoin:125
lit/dafny4/UnionFind.dfy:refresh,Main (correctness) (assertion batch 22),content,True,correctness:Main:21
lit/dafny4/UnionFind.dfy:refresh,Main (correctness) (assertion batch 84),content,True,correctness:Main:83
lit/dafny4/UnionFind.dfy:refresh,Main (correctness) (assertion batch 18),content,True,correctness:Main:17
lit/dafny4/UnionFind.dfy:refresh,Main (correctness) (assertion batch 51),content,True,correctness:Main:50
lit/dafny4/UnionFind.dfy:refresh,M3.UnionFind.Join (correctness) (assertion batch 109),content,True,correctness:M3UnionFindJoin:108
lit/dafny4/UnionFind.dfy:refresh,Main (correctness) (assertion batch 50),content,True,correctness:Main:49
lit/dafny4/UnionFind.dfy:refresh,Main (correctness) (assertion batch 30),content,True,correctness:Main:29
lit/dafny4/UnionFind.dfy:refresh,Main (correctness) (assertion batch 71),content,True,correctness:Main:70
lit/dafny4/UnionFind.dfy:refresh,Main (correctness) (assertion batch 65),content,True,correctness:Main:64
lit/dafny4/UnionFind.dfy:refresh,Main (correctness) (assertion batch 63),content,True,correctness:Main:62
lit/dafny4/UnionFind.dfy:refresh,M2.UnionFind.UpdateMaintainsReaches (correctness),unchanged,False,correctness:M2UnionFindUpdateMaintainsReaches:0
lit/dafny4/UnionFind.dfy:refresh,Main (correctness) (assertion batch 82),content,True,correctness:Main:81
lit/dafny4/UnionFind.dfy:refresh,Main (correctness) (assertion batch 48),content,True,correctness:Main:47
lit/dafny4/UnionFind.dfy:refresh,M3.UnionFind.Join (correctness) (assertion batch 64),content,True,correctness:M3UnionFindJoin:63
lit/dafny4/UnionFind.dfy:refresh,Main (correctness) (assertion batch 66),content,True,correctness:Main:65
lit/dafny4/UnionFind.dfy:refresh,Main (correctness) (assertion batch 11),content,True,correctness:Main:10
lit/dafny4/UnionFind.dfy:refresh,M2.UnionFind.NextReachesSame (correctness),content,True,correctness:M2UnionFindNextReachesSame:0
lit/dafny4/UnionFind.dfy:refresh,Main (correctness) (assertion batch 9),content,True,correctness:Main:8
lit/dafny4/UnionFind.dfy:refresh,Main (correctness) (assertion batch 34),content,True,correctness:Main:33
lit/dafny4/UnionFind.dfy:refresh,Main (correctness) (assertion batch 13),content,True,correctness:Main:12
lit/dafny4/UnionFind.dfy:refresh,M3.UnionFind.Join (correctness) (assertion batch 117),content,True,correctness:M3UnionFindJoin:116
lit/dafny4/UnionFind.dfy:refresh,M3.UnionFind.Join (correctness) (assertion batch 100),content,True,correctness:M3UnionFindJoin:99
lit/dafny4/UnionFind.dfy:refresh,M3.UnionFind.Join (correctness) (assertion batch 151),content,True,correctness:M3UnionFindJoin:150
lit/dafny4/UnionFind.dfy:refresh,Main (correctness) (assertion batch 15),content,True,correctness:Main:14
lit/dafny4/UnionFind.dfy:refresh,Main (correctness) (assertion batch 10),content,True,correctness:Main:9
lit/dafny4/UnionFind.dfy:refresh,M3.UnionFind.ExtendedReach (correctness),unchanged,False,correctness:M3UnionFindExtendedReach:0
lit/dafny4/UnionFind.dfy:refresh,Main (correctness) (assertion batch 62),content,True,correctness:Main:61
lit/dafny4/UnionFind.dfy:refresh,M3.UnionFind.Join (correctness) (assertion batch 26),content,True,correctness:M3UnionFindJoin:25
lit/dafny4/UnionFind.dfy:refresh,M3.UnionFind.Join (correctness) (assertion batch 43),content,True,correctness:M3UnionFindJoin:42
lit/dafny4/UnionFind.dfy:refresh,M3.UnionFind.ReachUnaffectedByChangeFromRoot' (correctness),unchanged,False,correctness:M3UnionFindReachUnaffectedByChangeFromRootk:0
lit/dafny4/UnionFind.dfy:refresh,M3.UnionFind.Join (correctness) (assertion batch 179),content,True,correctness:M3UnionFindJoin:178
lit/dafny4/UnionFind.dfy:refresh,M3.UnionFind.Join (correctness) (assertion batch 60),content,True,correctness:M3UnionFindJoin:59
lit/dafny4/UnionFind.dfy:refresh,M3.UnionFind.Join (correctness) (assertion batch 105),content,True,correctness:M3UnionFindJoin:104
lit/dafny4/UnionFind.dfy:refresh,Main (correctness) (assertion batch 73),content,True,correctness:Main:72
lit/dafny4/UnionFind.dfy:refresh,M3.UnionFind.Join (correctness) (assertion batch 125),content,True,correctness:M3UnionFindJoin:124
lit/dafny4/UnionFind.dfy:refresh,M3.UnionFind.Join (correctness) (assertion batch 72),content,True,correctness:M3UnionFindJoin:71
lit/dafny4/UnionFind.dfy:refresh,Main (correctness) (assertion batch 83),content,True,correctness:Main:82
lit/dafny4/UnionFind.dfy:refresh,Main (correctness) (assertion batch 81),content,True,correctness:Main:80
lit/dafny4/UnionFind.dfy:refresh,M3.UnionFind.Join (correctness) (assertion batch 142),content,True,correctness:M3UnionFindJoin:141
lit/dafny4/UnionFind.dfy:refresh,M1.UnionFind.Union (well-formedness),content,True,well-formedness:M1UnionFindUnion:0
lit/dafny4/UnionFind.dfy:refresh,Main (correctness) (assertion batch 53),content,True,correctness:Main:52
lit/dafny4/UnionFind.dfy:refresh,M3.UnionFind.Join (correctness) (assertion batch 28),content,True,correctness:M3UnionFindJoin:27
lit/dafny4/UnionFind.dfy:refresh,M3.UnionFind.Join (correctness) (assertion batch 96),content,True,correctness:M3UnionFindJoin:95
lit/dafny4/UnionFind.dfy:refresh,M3.UnionFind.Join (correctness) (assertion batch 106),content,True,correctness:M3UnionFindJoin:105
lit/dafny4/UnionFind.dfy:refresh,M3.UnionFind.Join (correctness) (assertion batch 175),content,True,correctness:M3UnionFindJoin:174
lit/dafny4/UnionFind.dfy:refresh,Main (correctness) (assertion batch 57),content,True,correctness:Main:56
lit/dafny4/UnionFind.dfy:refresh,M3.UnionFind.Join (correctness) (assertion batch 146),content,True,correctness:M3UnionFindJoin:145
lit/dafny4/UnionFind.dfy:refresh,M3.UnionFind.Join (correctness) (assertion batch 169),content,True,correctness:M3UnionFindJoin:168
lit/dafny4/UnionFind.dfy:refresh,Main (correctness) (assertion batch 31),content,True,correctness:Main:30
lit/dafny4/UnionFind.dfy:refresh,M3.UnionFind.Join (correctness) (assertion batch 114),content,True,correctness:M3UnionFindJoin:113
lit/dafny4/UnionFind.dfy:refresh,M2.UnionFind.FindAux (well-formedness),content,True,well-formedness:M2UnionFindFindAux:0
lit/dafny4/UnionFind.dfy:refresh,M0.UnionFind.New (well-formedness),unchanged,False,well-formedness:M0UnionFindNew:0
lit/dafny4/UnionFind.dfy:refresh,M3.UnionFind.Join (correctness) (assertion batch 82),content,True,correctness:M3UnionFindJoin:81
lit/dafny4/UnionFind.dfy:refresh,M3.UnionFind.Join (correctness) (assertion batch 46),content,True,correctness:M3UnionFindJoin:45
lit/dafny4/UnionFind.dfy:refresh,M3.UnionFind.Join (correctness) (assertion batch 127),content,True,correctness:M3UnionFindJoin:126
lit/dafny4/UnionFind.dfy:refresh,M3.UnionFind.ExtendedReach' (correctness),unchanged,False,correctness:M3UnionFindExtendedReachk:0
lit/dafny4/UnionFind.dfy:refresh,M3.UnionFind.Join (correctness) (assertion batch 171),content,True,correctness:M3UnionFindJoin:170
lit/dafny4/UnionFind.dfy:refresh,M0.UnionFind._ctor (correctness),unchanged,False,correctness:M0UnionFindctor:0
lit/dafny4/UnionFind.dfy:refresh,M3.UnionFind.Join (correctness) (assertion batch 104),content,True,correctness:M3UnionFindJoin:103
lit/dafny4/UnionFind.dfy:refresh,M3.UnionFind.Join (correctness) (assertion batch 17),content,True,correctness:M3UnionFindJoin:16
lit/dafny4/UnionFind.dfy:refresh,M3.UnionFind.Join (correctness) (assertion batch 8),content,True,correctness:M3UnionFindJoin:7
lit/dafny4/UnionFind.dfy:refresh,Main (correctness) (assertion batch 56),content,True,correctness:Main:55
lit/dafny4/UnionFind.dfy:refresh,M1.GoodCMap (well-formedness),unchanged,False,well-formedness:M1GoodCMap:0
lit/dafny4/UnionFind.dfy:refresh,M3.UnionFind.Join (correctness) (assertion batch 45),content,True,correctness:M3UnionFindJoin:44
lit/dafny4/UnionFind.dfy:refresh,M3.UnionFind.Join (correctness) (assertion batch 103),content,True,correctness:M3UnionFindJoin:102
lit/dafny4/UnionFind.dfy:refresh,M3.UnionFind.ReachUnaffectedByChangeFromRoot' (well-formedness),unchanged,False,well-formedness:M3UnionFindReachUnaffectedByChangeFromRootk:0
lit/dafny4/UnionFind.dfy:refresh,Main (correctness) (assertion batch 39),content,True,correctness:Main:38
lit/dafny4/UnionFind.dfy:refresh,M3.UnionFind.Join (correctness) (assertion batch 172),content,True,correctness:M3UnionFindJoin:171
lit/dafny4/UnionFind.dfy:refresh,Main (correctness) (assertion batch 27),content,True,correctness:Main:26
lit/dafny4/UnionFind.dfy:refresh,M1.UnionFind.Collect (well-formedness),content,True,well-formedness:M1UnionFindCollect:0
lit/dafny4/UnionFind.dfy:refresh,M3.UnionFind.Join (correctness) (assertion batch 61),content,True,correctness:M3UnionFindJoin:60
lit/dafny4/UnionFind.dfy:refresh,M3.UnionFind.Join (correctness) (assertion batch 99),content,True,correctness:M3UnionFindJoin:98
lit/dafny4/UnionFind.dfy:refresh,M1.UnionFind.Reaches (well-formedness),unchanged,False,well-formedness:M1UnionFindReaches:0
lit/dafny4/UnionFind.dfy:refresh,M3.UnionFind.Join (correctness) (assertion batch 97),content,True,correctness:M3UnionFindJoin:96
lit/dafny4/UnionFind.dfy:refresh,M3.UnionFind.Join (correctness) (assertion batch 55),content,True,correctness:M3UnionFindJoin:54
lit/dafny4/UnionFind.dfy:refresh,M2.UnionFind.Find (well-formedness),content,True,well-formedness:M2UnionFindFind:0
lit/dafny4/UnionFind.dfy:refresh,M3.UnionFind.Join (correctness) (assertion batch 10),content,True,correctness:M3UnionFindJoin:9
lit/dafny4/UnionFind.dfy:refresh,M3.UnionFind.Join (correctness) (assertion batch 52),content,True,correctness:M3UnionFindJoin:51
lit/dafny4/UnionFind.dfy:refresh,M3.UnionFind.Join (correctness) (assertion batch 115),content,True,correctness:M3UnionFindJoin:114
lit/dafny4/UnionFind.dfy:refresh,M3.UnionFind.Join (correctness) (assertion batch 157),content,True,correctness:M3UnionFindJoin:156
lit/dafny4/UnionFind.dfy:refresh,M1.UnionFind.Reaches_Monotonic (well-formedness),unchanged,False,well-formedness:M1UnionFindReachesMonotonic:0
lit/dafny4/UnionFind.dfy:refresh,M3.UnionFind.Join (correctness) (assertion batch 30),content,True,correctness:M3UnionFindJoin:29
lit/dafny4/UnionFind.dfy:refresh,M3.UnionFind.Join (correctness) (assertion batch 84),content,True,correctness:M3UnionFindJoin:83
lit/dafny4/UnionFind.dfy:refresh,M3.UnionFind.ReachUnaffectedByChangeFromRoot (correctness),unchanged,False,correctness:M3UnionFindReachUnaffectedByChangeFromRoot:0
lit/dafny4/UnionFind.dfy:refresh,M3.UnionFind.Join (correctness) (assertion batch 77),content,True,correctness:M3UnionFindJoin:76
lit/dafny4/UnionFind.dfy:refresh,M2.UnionFind.ConstructReach (correctness),unchanged,False,correctness:M2UnionFindConstructReach:0
lit/dafny4/UnionFind.dfy:refresh,M3.UnionFind.Join (correctness) (assertion batch 42),content,True,correctness:M3UnionFindJoin:41
lit/dafny4/UnionFind.dfy:refresh,M3.UnionFind.Join (correctness) (assertion batch 170),content,True,correctness:M3UnionFindJoin:169
lit/dafny4/UnionFind.dfy:refresh,M3.UnionFind.Join (correctness) (assertion batch 33),content,True,correctness:M3UnionFindJoin:32
lit/dafny4/UnionFind.dfy:refresh,M3.UnionFind.Join (correctness) (assertion batch 164),content,True,correctness:M3UnionFindJoin:163
lit/dafny4/UnionFind.dfy:refresh,M3.UnionFind.Join (correctness) (assertion batch 16),content,True,correctness:M3UnionFindJoin:15
lit/dafny4/UnionFind.dfy:refresh,M3.UnionFind.Join (correctness) (assertion batch 98),content,True,correctness:M3UnionFindJoin:97
lit/dafny4/UnionFind.dfy:refresh,M3.UnionFind.Join (correctness) (assertion batch 34),content,True,correctness:M3UnionFindJoin:33
lit/dafny4/UnionFind.dfy:refresh,M3.UnionFind.Join (correctness) (assertion batch 7),content,True,correctness:M3UnionFindJoin:6
lit/dafny4/UnionFind.dfy:refresh,M3.UnionFind.Join (correctness) (assertion batch 178),content,True,correctness:M3UnionFindJoin:177
lit/dafny4/UnionFind.dfy:refresh,M3.UnionFind.Join (correctness) (assertion batch 80),content,True,correctness:M3UnionFindJoin:79
lit/dafny4/UnionFind.dfy:refresh,M3.UnionFind.Join (correctness) (assertion batch 41),content,True,correctness:M3UnionFindJoin:40
lit/dafny4/UnionFind.dfy:refresh,M3.UnionFind.Join (correctness) (assertion batch 51),content,True,correctness:M3UnionFindJoin:50
lit/dafny4/UnionFind.dfy:refresh,M3.UnionFind.ExtendedReach (well-formedness),unchanged,False,well-formedness:M3UnionFindExtendedReach:0
lit/dafny4/UnionFind.dfy:refresh,M3.UnionFind.Join (correctness) (assertion batch 140),content,True,correctness:M3UnionFindJoin:139
lit/dafny4/UnionFind.dfy:refresh,M3.UnionFind.Join (correctness) (assertion batch 14),content,True,correctness:M3UnionFindJoin:13
lit/dafny4/UnionFind.dfy:refresh,M3.UnionFind.Join (correctness) (assertion batch 24),content,True,correctness:M3UnionFindJoin:23
lit/dafny4/UnionFind.dfy:refresh,M3.UnionFind.Join (correctness) (assertion batch 149),content,True,correctness:M3UnionFindJoin:148
lit/dafny4/UnionFind.dfy:refresh,Main (correctness) (assertion batch 12),content,True,correctness:Main:11
lit/dafny4/UnionFind.dfy:refresh,M3.UnionFind.Join (correctness) (assertion batch 36),content,True,correctness:M3UnionFindJoin:35
lit/dafny4/UnionFind.dfy:refresh,M3.UnionFind.Join (correctness) (assertion batch 63),content,True,correctness:M3UnionFindJoin:62
lit/dafny4/UnionFind.dfy:refresh,M0.UnionFind.ValidM1 (well-formedness),unchanged,False,well-formedness:M0UnionFindValidM1:0
lit/dafny4/UnionFind.dfy:refresh,M3.UnionFind.Join (correctness) (assertion batch 79),content,True,correctness:M3UnionFindJoin:78
lit/dafny4/UnionFind.dfy:refresh,M3.UnionFind.Join (correctness) (assertion batch 83),content,True,correctness:M3UnionFindJoin:82
lit/dafny4/UnionFind.dfy:refresh,M3.UnionFind.Join (correctness) (assertion batch 54),content,True,correctness:M3UnionFindJoin:53
lit/dafny4/UnionFind.dfy:refresh,M3.UnionFind.Join (correctness) (assertion batch 29),content,True,correctness:M3UnionFindJoin:28
lit/dafny4/UnionFind.dfy:refresh,M3.UnionFind.ExtendedReach' (well-formedness),unchanged,False,well-formedness:M3UnionFindExtendedReachk:0
lit/dafny4/UnionFind.dfy:refresh,M3.UnionFind.Join (correctness) (assertion batch 131),content,True,correctness:M3UnionFindJoin:130
lit/dafny4/UnionFind.dfy:refresh,M3.UnionFind.Join (correctness) (assertion batch 78),content,True,correctness:M3UnionFindJoin:77
lit/dafny4/UnionFind.dfy:refresh,M3.UnionFind.Join (correctness) (assertion batch 182),content,True,correctness:M3UnionFindJoin:181
lit/dafny4/UnionFind.dfy:refresh,M3.UnionFind.JoinMaintainsReaches1 (well-formedness),unchanged,False,well-formedness:M3UnionFindJoinMaintainsReaches1:0
lit/dafny4/UnionFind.dfy:refresh,M3.UnionFind.Join (correctness) (assertion batch 53),content,True,correctness:M3UnionFindJoin:52
lit/dafny4/UnionFind.dfy:refresh,M0.UnionFind.Find (well-formedness),unchanged,False,well-formedness:M0UnionFindFind:0
lit/dafny4/UnionFind.dfy:refresh,M3.UnionFind.Join (correctness) (assertion batch 181),content,True,correctness:M3UnionFindJoin:180
lit/dafny4/UnionFind.dfy:refresh,M3.UnionFind.Join (correctness) (assertion batch 147),content,True,correctness:M3UnionFindJoin:146
lit/dafny4/UnionFind.dfy:refresh,M1.MapsEqual (well-formedness),unchanged,False,well-formedness:M1MapsEqual:0
lit/dafny4/UnionFind.dfy:refresh,M3.UnionFind.Join (correctness) (assertion batch 88),content,True,correctness:M3UnionFindJoin:87
lit/dafny4/UnionFind.dfy:refresh,M3.UnionFind.Join (correctness) (assertion batch 4),content,True,correctness:M3UnionFindJoin:3
lit/dafny4/UnionFind.dfy:refresh,M3.UnionFind.Join (correctness) (assertion batch 162),content,True,correctness:M3UnionFindJoin:161
lit/dafny4/UnionFind.dfy:refresh,M3.UnionFind.Join (correctness) (assertion batch 138),content,True,correctness:M3UnionFindJoin:137
lit/dafny4/UnionFind.dfy:refresh,M3.UnionFind.Join (correctness) (assertion batch 32),content,True,correctness:M3UnionFindJoin:31
lit/dafny4/UnionFind.dfy:refresh,M3.UnionFind.Join (correctness) (assertion batch 95),content,True,correctness:M3UnionFindJoin:94
lit/dafny4/UnionFind.dfy:refresh,M2.UnionFind.Reaches_SinkIsFunctionOfStart (correctness),unchanged,False,correctness:M2UnionFindReachesSinkIsFunctionOfStart:0
lit/dafny4/UnionFind.dfy:refresh,M3.UnionFind.Join (correctness) (assertion batch 163),content,True,correctness:M3UnionFindJoin:162
lit/dafny4/UnionFind.dfy:refresh,M3.UnionFind.Join (correctness) (assertion batch 39),content,True,correctness:M3UnionFindJoin:38
lit/dafny4/UnionFind.dfy:refresh,M2.UnionFind.NextReachesSame (well-formedness),content,True,well-formedness:M2UnionFindNextReachesSame:0
lit/dafny4/UnionFind.dfy:refresh,M3.UnionFind.Join (correctness) (assertion batch 116),content,True,correctness:M3UnionFindJoin:115
lit/dafny4/UnionFind.dfy:refresh,M3.UnionFind.Join (correctness) (assertion batch 89),content,True,correctness:M3UnionFindJoin:88
lit/dafny4/UnionFind.dfy:refresh,M3.UnionFind.Join (correctness) (assertion batch 101),content,True,correctness:M3UnionFindJoin:100
lit/dafny4/UnionFind.dfy:refresh,M3.UnionFind.Join (correctness) (assertion batch 21),content,True,correctness:M3UnionFindJoin:20
lit/dafny4/UnionFind.dfy:refresh,M3.UnionFind.Join (correctness) (assertion batch 13),content,True,correctness:M3UnionFindJoin:12
lit/dafny4/UnionFind.dfy:refresh,M3.UnionFind.Join (correctness) (assertion batch 152),content,True,correctness:M3UnionFindJoin:151
lit/dafny4/UnionFind.dfy:refresh,M3.UnionFind.Join (correctness) (assertion batch 71),content,True,correctness:M3UnionFindJoin:70
lit/dafny4/UnionFind.dfy:refresh,M3.UnionFind.Join (correctness) (assertion batch 31),content,True,correctness:M3UnionFindJoin:30
lit/dafny4/UnionFind.dfy:refresh,M3.UnionFind.Join (correctness) (assertion batch 12),content,True,correctness:M3UnionFindJoin:11
lit/dafny4/UnionFind.dfy:refresh,M3.UnionFind.Join (correctness) (assertion batch 59),content,True,correctness:M3UnionFindJoin:58
lit/dafny4/UnionFind.dfy:refresh,M3.UnionFind.Join (correctness) (assertion batch 156),content,True,correctness:M3UnionFindJoin:155
lit/dafny4/UnionFind.dfy:refresh,M3.UnionFind.Join (correctness) (assertion batch 70),content,True,correctness:M3UnionFindJoin:69
lit/dafny4/UnionFind.dfy:refresh,M3.UnionFind.Join (correctness) (assertion batch 25),content,True,correctness:M3UnionFindJoin:24
lit/dafny4/UnionFind.dfy:refresh,M3.UnionFind.Join (correctness) (assertion batch 58),content,True,correctness:M3UnionFindJoin:57
lit/dafny4/UnionFind.dfy:refresh,M1.UnionFind.Join (well-formedness),content,True,well-formedness:M1UnionFindJoin:0
lit/dafny4/UnionFind.dfy:refresh,M2.UnionFind.ConstructReach (well-formedness),unchanged,False,well-formedness:M2UnionFindConstructReach:0
lit/dafny4/UnionFind.dfy:refresh,M0.UnionFind.Valid (well-formedness),unchanged,False,well-formedness:M0UnionFindValid:0
lit/dafny4/UnionFind.dfy:refresh,M3.UnionFind.Join (correctness) (assertion batch 22),content,True,correctness:M3UnionFindJoin:21
lit/dafny4/UnionFind.dfy:refresh,M3.UnionFind.Join (correctness) (assertion batch 15),content,True,correctness:M3UnionFindJoin:14
lit/dafny4/UnionFind.dfy:refresh,M3.UnionFind.Join (correctness) (assertion batch 44),content,True,correctness:M3UnionFindJoin:43
lit/dafny4/UnionFind.dfy:refresh,M3.UnionFind.Join (correctness) (assertion batch 85),content,True,correctness:M3UnionFindJoin:84
lit/dafny4/UnionFind.dfy:refresh,M3.UnionFind.Join (correctness) (assertion batch 90),content,True,correctness:M3UnionFindJoin:89
lit/dafny4/UnionFind.dfy:refresh,M3.UnionFind.Join (correctness) (assertion batch 154),content,True,correctness:M3UnionFindJoin:153
lit/dafny4/UnionFind.dfy:refresh,M3.UnionFind.Join (correctness) (assertion batch 20),content,True,correctness:M3UnionFindJoin:19
lit/dafny4/UnionFind.dfy:refresh,M3.UnionFind.Join (correctness) (assertion batch 135),content,True,correctness:M3UnionFindJoin:134
lit/dafny4/UnionFind.dfy:refresh,M3.UnionFind.Join (correctness) (assertion batch 129),content,True,correctness:M3UnionFindJoin:128
lit/dafny4/UnionFind.dfy:refresh,M3.UnionFind.Join (correctness) (assertion batch 19),content,True,correctness:M3UnionFindJoin:18
lit/dafny4/UnionFind.dfy:refresh,M3.UnionFind.Join (correctness) (assertion batch 57),content,True,correctness:M3UnionFindJoin:56
lit/dafny4/UnionFind.dfy:refresh,M3.UnionFind.Join (correctness) (assertion batch 145),content,True,correctness:M3UnionFindJoin:144
lit/dafny4/UnionFind.dfy:refresh,M2.UnionFind.Reaches_SinkIsFunctionOfStart (well-formedness),unchanged,False,well-formedness:M2UnionFindReachesSinkIsFunctionOfStart:0
lit/dafny4/UnionFind.dfy:refresh,M3.UnionFind.Join (correctness) (assertion batch 69),content,True,correctness:M3UnionFindJoin:68
lit/dafny4/UnionFind.dfy:refresh,M3.UnionFind.Join (correctness) (assertion batch 6),content,True,correctness:M3UnionFindJoin:5
lit/dafny4/UnionFind.dfy:refresh,M3.UnionFind.Join (correctness) (assertion batch 62),content,True,correctness:M3UnionFindJoin:61
lit/dafny4/UnionFind.dfy:refresh,M3.UnionFind.Join (correctness) (assertion batch 92),content,True,correctness:M3UnionFindJoin:91
lit/dafny4/UnionFind.dfy:refresh,M3.UnionFind.Join (correctness) (assertion batch 94),content,True,correctness:M3UnionFindJoin:93
lit/dafny4/UnionFind.dfy:refresh,M3.UnionFind.Join (correctness) (assertion batch 56),content,True,correctness:M3UnionFindJoin:55
lit/dafny4/UnionFind.dfy:refresh,M1.UnionFind.Reaches_Monotonic (correctness),unchanged,False,correctness:M1UnionFindReachesMonotonic:0
lit/dafny4/UnionFind.dfy:refresh,M3.UnionFind.Join (correctness) (assertion batch 91),content,True,correctness:M3UnionFindJoin:90
lit/dafny4/UnionFind.dfy:refresh,M2.UnionFind.UpdateMaintainsReaches (well-formedness),unchanged,False,well-formedness:M2UnionFindUpdateMaintainsReaches:0
lit/dafny4/UnionFind.dfy:refresh,M0.UnionFind.Union (well-formedness),content,True,well-formedness:M0UnionFindUnion:0
lit/dafny4/UnionFind.dfy:refresh,M3.UnionFind.Join (correctness) (assertion batch 177),content,True,correctness:M3UnionFindJoin:176
lit/dafny4/UnionFind.dfy:refresh,M3.UnionFind.Join (correctness) (assertion batch 87),content,True,correctness:M3UnionFindJoin:86
lit/dafny4/UnionFind.dfy:refresh,M3.UnionFind.Join (correctness) (assertion batch 133),content,True,correctness:M3UnionFindJoin:132
lit/dafny4/UnionFind.dfy:refresh,M3.UnionFind.Join (correctness) (assertion batch 18),content,True,correctness:M3UnionFindJoin:17
lit/dafny4/UnionFind.dfy:refresh,M3.UnionFind.Join (correctness) (assertion batch 183),content,True,correctness:M3UnionFindJoin:182
lit/dafny4/UnionFind.dfy:refresh,M3.UnionFind.Join (correctness) (assertion batch 139),content,True,correctness:M3UnionFindJoin:138
lit/dafny4/UnionFind.dfy:refresh,M3.UnionFind.Join (correctness) (assertion batch 74),content,True,correctness:M3UnionFindJoin:73
lit/dafny4/UnionFind.dfy:refresh,M3.UnionFind.Join (correctness) (assertion batch 137),content,True,correctness:M3UnionFindJoin:136
lit/dafny4/UnionFind.dfy:refresh,M3.UnionFind.Join (correctness) (assertion batch 150),content,True,correctness:M3UnionFindJoin:149
lit/dafny4/UnionFind.dfy:refresh,M3.UnionFind.Join (well-formedness) (assertion batch 5),content,True,well-formedness:M3UnionFindJoin:4
lit/dafny4/UnionFind.dfy:refresh,M3.UnionFind.Join (correctness) (assertion batch 11),content,True,correctness:M3UnionFindJoin:10
lit/dafny4/UnionFind.dfy:refresh,M3.UnionFind.Join (correctness) (assertion batch 160),content,True,correctness:M3UnionFindJoin:159
lit/dafny4/UnionFind.dfy:refresh,M3.UnionFind.Join (well-formedness) (assertion batch 6),content,True,well-formedness:M3UnionFindJoin:5
lit/dafny4/UnionFind.dfy:refresh,M3.UnionFind.Join (well-formedness) (assertion batch 8),content,True,well-formedness:M3UnionFindJoin:7
lit/dafny4/UnionFind.dfy:refresh,M3.UnionFind.Join (correctness) (assertion batch 130),content,True,correctness:M3UnionFindJoin:129
lit/dafny4/UnionFind.dfy:refresh,M3.UnionFind.Join (well-formedness) (assertion batch 1),content,True,well-formedness:M3UnionFindJoin:0
lit/dafny4/UnionFind.dfy:refresh,M3.UnionFind.Join (correctness) (assertion batch 143),content,True,correctness:M3UnionFindJoin:142
lit/dafny4/UnionFind.dfy:refresh,M1.UnionFind.New (well-formedness),content,True,well-formedness:M1UnionFindNew:0
lit/dafny4/UnionFind.dfy:refresh,M3.UnionFind.Join (correctness) (assertion batch 5),content,True,correctness:M3UnionFindJoin:4
lit/dafny4/UnionFind.dfy:refresh,M3.UnionFind.Join (correctness) (assertion batch 37),content,True,correctness:M3UnionFindJoin:36
lit/dafny4/UnionFind.dfy:refresh,M3.UnionFind.Join (correctness) (assertion batch 132),content,True,correctness:M3UnionFindJoin:131
lit/dafny4/UnionFind.dfy:refresh,M3.UnionFind.Join (correctness) (assertion batch 161),content,True,correctness:M3UnionFindJoin:160
lit/dafny4/UnionFind.dfy:refresh,M3.UnionFind.Join (correctness) (assertion batch 155),content,True,correctness:M3UnionFindJoin:154
lit/dafny4/UnionFind.dfy:refresh,M3.UnionFind.Join (correctness) (assertion batch 180),content,True,correctness:M3UnionFindJoin:179
lit/dafny4/UnionFind.dfy:refresh,M3.UnionFind.Join (correctness) (assertion batch 47),content,True,correctness:M3UnionFindJoin:46
lit/dafny4/UnionFind.dfy:refresh,M3.UnionFind.Join (correctness) (assertion batch 158),content,True,correctness:M3UnionFindJoin:157
lit/dafny4/UnionFind.dfy:refresh,M3.UnionFind.ReachUnaffectedByChangeFromRoot (well-formedness),unchanged,False,well-formedness:M3UnionFindReachUnaffectedByChangeFromRoot:0
lit/dafny4/UnionFind.dfy:refresh,M3.UnionFind.Join (correctness) (assertion batch 75),content,True,correctness:M3UnionFindJoin:74
lit/dafny4/UnionFind.dfy:refresh,M3.UnionFind.Join (correctness) (assertion batch 134),content,True,correctness:M3UnionFindJoin:133
lit/dafny4/UnionFind.dfy:refresh,M3.UnionFind.Join (well-formedness) (assertion batch 2),content,True,well-formedness:M3UnionFindJoin:1
lit/dafny4/UnionFind.dfy:refresh,M3.UnionFind.Join (correctness) (assertion batch 76),content,True,correctness:M3UnionFindJoin:75
lit/dafny4/UnionFind.dfy:refresh,M3.UnionFind.Join (correctness) (assertion batch 3),content,True,correctness:M3UnionFindJoin:2
lit/dafny4/UnionFind.dfy:refresh,M3.UnionFind.Join (correctness) (assertion batch 23),content,True,correctness:M3UnionFindJoin:22
lit/dafny4/UnionFind.dfy:refresh,M3.UnionFind.Join (correctness) (assertion batch 9),content,True,correctness:M3UnionFindJoin:8
lit/dafny4/UnionFind.dfy:refresh,M1.MapsEqual (correctness),unchanged,False,correctness:M1MapsEqual:0
lit/dafny4/UnionFind.dfy:refresh,M3.UnionFind.Join (well-formedness) (assertion batch 4),content,True,well-formedness:M3UnionFindJoin:3
lit/dafny4/UnionFind.dfy:refresh,M3.UnionFind.Join (well-formedness) (assertion batch 7),content,True,well-formedness:M3UnionFindJoin:6
lit/dafny4/UnionFind.dfy:refresh,M3.UnionFind.Join (correctness) (assertion batch 49),content,True,correctness:M3UnionFindJoin:48
lit/dafny4/UnionFind.dfy:refresh,M3.UnionFind.Join (correctness) (assertion batch 144),content,True,correctness:M3UnionFindJoin:143
lit/dafny4/UnionFind.dfy:refresh,M3.UnionFind.Join (correctness) (assertion batch 1),content,True,correctness:M3UnionFindJoin:0
lit/dafny4/UnionFind.dfy:refresh,M3.UnionFind.Join (correctness) (assertion batch 50),content,True,correctness:M3UnionFindJoin:49
lit/dafny4/UnionFind.dfy:refresh,M3.UnionFind.Join (correctness) (assertion batch 159),content,True,correctness:M3UnionFindJoin:158
lit/dafny4/UnionFind.dfy:refresh,M3.UnionFind.Join (correctness) (assertion batch 38),content,True,correctness:M3UnionFindJoin:37
lit/dafny4/UnionFind.dfy:refresh,M3.UnionFind.Join (correctness) (assertion batch 2),content,True,correctness:M3UnionFindJoin:1
lit/dafny4/UnionFind.dfy:refresh,M3.UnionFind.Join (well-formedness) (assertion batch 3),content,True,well-formedness:M3UnionFindJoin:2
lit/dafny4/UnionFind.dfy:refresh,M3.UnionFind.JoinMaintainsReaches0 (well-formedness),unchanged,False,well-formedness:M3UnionFindJoinMaintainsReaches0:0
lit/dafny4/UnionFind.dfy:legacy,M2.UnionFind.FindAux (correctness),content,True,correctness:M2UnionFindFindAux:0
lit/dafny4/UnionFind.dfy:legacy,M3.UnionFind.Join (correctness) (assertion batch 124),content,True,correctness:M3UnionFindJoin:123
lit/dafny4/UnionFind.dfy:legacy,M1.UnionFind.New (correctness),content,True,correctness:M1UnionFindNew:0
lit/dafny4/UnionFind.dfy:legacy,M3.UnionFind.Join (correctness) (assertion batch 143),content,True,correctness:M3UnionFindJoin:142
lit/dafny4/UnionFind.dfy:legacy,M3.UnionFind.Join (correctness) (assertion batch 119),content,True,correctness:M3UnionFindJoin:118
lit/dafny4/UnionFind.dfy:legacy,M3.UnionFind.JoinMaintainsReaches1 (correctness),unchanged,False,correctness:M3UnionFindJoinMaintainsReaches1:0
lit/dafny4/UnionFind.dfy:legacy,M3.UnionFind.Join (correctness) (assertion batch 90),content,True,correctness:M3UnionFindJoin:89
lit/dafny4/UnionFind.dfy:legacy,M3.UnionFind.Join (correctness) (assertion batch 47),content,True,correctness:M3UnionFindJoin:46
lit/dafny4/UnionFind.dfy:legacy,M1.UnionFind.Union (correctness),content,True,correctness:M1UnionFindUnion:0
lit/dafny4/UnionFind.dfy:legacy,M3.UnionFind.Join (correctness) (assertion batch 65),content,True,correctness:M3UnionFindJoin:64
lit/dafny4/UnionFind.dfy:legacy,M3.UnionFind.Join (correctness) (assertion batch 34),content,True,correctness:M3UnionFindJoin:33
lit/dafny4/UnionFind.dfy:legacy,M3.UnionFind.Join (correctness) (assertion batch 109),content,True,correctness:M3UnionFindJoin:108
lit/dafny4/UnionFind.dfy:legacy,M3.UnionFind.Join (correctness) (assertion batch 131),content,True,correctness:M3UnionFindJoin:130
lit/dafny4/UnionFind.dfy:legacy,M3.UnionFind.Join (correctness) (assertion batch 162),content,True,correctness:M3UnionFindJoin:161
lit/dafny4/UnionFind.dfy:legacy,M3.UnionFind.Join (correctness) (assertion batch 66),content,True,correctness:M3UnionFindJoin:65
lit/dafny4/UnionFind.dfy:legacy,M3.UnionFind.Join (correctness) (assertion batch 161),content,True,correctness:M3UnionFindJoin:160
lit/dafny4/UnionFind.dfy:legacy,M3.UnionFind.Join (correctness) (assertion batch 27),content,True,correctness:M3UnionFindJoin:26
lit/dafny4/UnionFind.dfy:legacy,M3.UnionFind.Join (correctness) (assertion batch 160),content,True,correctness:M3UnionFindJoin:159
lit/dafny4/UnionFind.dfy:legacy,M3.UnionFind.Join (correctness) (assertion batch 118),content,True,correctness:M3UnionFindJoin:117
lit/dafny4/UnionFind.dfy:legacy,M3.UnionFind.Join (correctness) (assertion batch 120),content,True,correctness:M3UnionFindJoin:119
lit/dafny4/UnionFind.dfy:legacy,M3.UnionFind.Join (correctness) (assertion batch 78),content,True,correctness:M3UnionFindJoin:77
lit/dafny4/UnionFind.dfy:legacy,M3.UnionFind.Join (correctness) (assertion batch 108),content,True,correctness:M3UnionFindJoin:107
lit/dafny4/UnionFind.dfy:legacy,M3.UnionFind.Join (correctness) (assertion batch 63),content,True,correctness:M3UnionFindJoin:62
lit/dafny4/UnionFind.dfy:legacy,Main (correctness) (assertion batch 1),content,True,correctness:Main:0
lit/dafny4/UnionFind.dfy:legacy,M3.UnionFind.Join (correctness) (assertion batch 39),content,True,correctness:M3UnionFindJoin:38
lit/dafny4/UnionFind.dfy:legacy,M3.UnionFind.Join (correctness) (assertion batch 107),content,True,correctness:M3UnionFindJoin:106
lit/dafny4/UnionFind.dfy:legacy,Main (correctness) (assertion batch 2),content,True,correctness:Main:1
lit/dafny4/UnionFind.dfy:legacy,M3.UnionFind.Join (correctness) (assertion batch 64),content,True,correctness:M3UnionFindJoin:63
lit/dafny4/UnionFind.dfy:legacy,M3.UnionFind.Join (correctness) (assertion batch 159),content,True,correctness:M3UnionFindJoin:158
lit/dafny4/UnionFind.dfy:legacy,M3.UnionFind.Join (correctness) (assertion batch 114),content,True,correctness:M3UnionFindJoin:113
lit/dafny4/UnionFind.dfy:legacy,M3.UnionFind.Join (correctness) (assertion batch 71),content,True,correctness:M3UnionFindJoin:70
lit/dafny4/UnionFind.dfy:legacy,Main (correctness) (assertion batch 78),content,True,correctness:Main:77
lit/dafny4/UnionFind.dfy:legacy,Main (correctness) (assertion batch 88),content,True,correctness:Main:87
lit/dafny4/UnionFind.dfy:legacy,Main (correctness) (assertion batch 70),content,True,correctness:Main:69
lit/dafny4/UnionFind.dfy:legacy,Main (correctness) (assertion batch 37),content,True,correctness:Main:36
lit/dafny4/UnionFind.dfy:legacy,Main (correctness) (assertion batch 23),content,True,correctness:Main:22
lit/dafny4/UnionFind.dfy:legacy,M2.UnionFind.Find (correctness),content,True,correctness:M2UnionFindFind:0
lit/dafny4/UnionFind.dfy:legacy,M3.UnionFind.Join (correctness) (assertion batch 136),content,True,correctness:M3UnionFindJoin:135
lit/dafny4/UnionFind.dfy:legacy,Main (correctness) (assertion batch 26),content,True,correctness:Main:25
lit/dafny4/UnionFind.dfy:legacy,Main (correctness) (assertion batch 35),content,True,correctness:Main:34
lit/dafny4/UnionFind.dfy:legacy,Main (correctness) (assertion batch 34),content,True,correctness:Main:33
lit/dafny4/UnionFind.dfy:legacy,Main (correctness) (assertion batch 80),content,True,correctness:Main:79
lit/dafny4/UnionFind.dfy:legacy,Main (correctness) (assertion batch 87),content,True,correctness:Main:86
lit/dafny4/UnionFind.dfy:legacy,Main (correctness) (assertion batch 65),content,True,correctness:Main:64
lit/dafny4/UnionFind.dfy:legacy,M2.UnionFind.Find (well-formedness),content,True,well-formedness:M2UnionFindFind:0
lit/dafny4/UnionFind.dfy:legacy,Main (correctness) (assertion batch 83),content,True,correctness:Main:82
lit/dafny4/UnionFind.dfy:legacy,M3.UnionFind.Join (correctness) (assertion batch 106),content,True,correctness:M3UnionFindJoin:105
lit/dafny4/UnionFind.dfy:legacy,Main (correctness) (assertion batch 24),content,True,correctness:Main:23
lit/dafny4/UnionFind.dfy:legacy,Main (correctness) (assertion batch 16),content,True,correctness:Main:15
lit/dafny4/UnionFind.dfy:legacy,Main (correctness) (assertion batch 36),content,True,correctness:Main:35
lit/dafny4/UnionFind.dfy:legacy,M1.UnionFind.ValidM1 (well-formedness),content,True,well-formedness:M1UnionFindValidM1:0
lit/dafny4/UnionFind.dfy:legacy,Main (correctness) (assertion batch 47),content,True,correctness:Main:46
lit/dafny4/UnionFind.dfy:legacy,Main (correctness) (assertion batch 39),content,True,correctness:Main:38
lit/dafny4/UnionFind.dfy:legacy,Main (correctness) (assertion batch 33),content,True,correctness:Main:32
lit/dafny4/UnionFind.dfy:legacy,M3.UnionFind.Join (correctness) (assertion batch 117),content,True,correctness:M3UnionFindJoin:116
lit/dafny4/UnionFind.dfy:legacy,Main (correctness) (assertion batch 19),content,True,correctness:Main:18
lit/dafny4/UnionFind.dfy:legacy,Main (correctness) (assertion batch 38),content,True,correctness:Main:37
lit/dafny4/UnionFind.dfy:legacy,M3.UnionFind.ReachUnaffectedByChangeFromRoot' (correctness),unchanged,False,correctness:M3UnionFindReachUnaffectedByChangeFromRootk:0
lit/dafny4/UnionFind.dfy:legacy,Main (correctness) (assertion batch 40),content,True,correctness:Main:39
lit/dafny4/UnionFind.dfy:legacy,M3.UnionFind.Join (correctness) (assertion batch 148),content,True,correctness:M3UnionFindJoin:147
lit/dafny4/UnionFind.dfy:legacy,Main (correctness) (assertion batch 68),content,True,correctness:Main:67
lit/dafny4/UnionFind.dfy:legacy,Main (correctness) (assertion batch 29),content,True,correctness:Main:28
lit/dafny4/UnionFind.dfy:legacy,Main (correctness) (assertion batch 77),content,True,correctness:Main:76
lit/dafny4/UnionFind.dfy:legacy,M3.UnionFind.Join (correctness) (assertion batch 146),content,True,correctness:M3UnionFindJoin:145
lit/dafny4/UnionFind.dfy:legacy,M3.UnionFind.Join (correctness) (assertion batch 147),content,True,correctness:M3UnionFindJoin:146
lit/dafny4/UnionFind.dfy:legacy,M3.UnionFind.Join (correctness) (assertion batch 105),content,True,correctness:M3UnionFindJoin:104
lit/dafny4/UnionFind.dfy:legacy,Main (correctness) (assertion batch 69),content,True,correctness:Main:68
lit/dafny4/UnionFind.dfy:legacy,M3.UnionFind.Join (correctness) (assertion batch 60),content,True,correctness:M3UnionFindJoin:59
lit/dafny4/UnionFind.dfy:legacy,Main (correctness) (assertion batch 5),content,True,correctness:Main:4
lit/dafny4/UnionFind.dfy:legacy,Main (correctness) (assertion batch 66),content,True,correctness:Main:65
lit/dafny4/UnionFind.dfy:legacy,Main (correctness) (assertion batch 31),content,True,correctness:Main:30
lit/dafny4/UnionFind.dfy:legacy,M2.UnionFind.FindAux (well-formedness),content,True,well-formedness:M2UnionFindFindAux:0
lit/dafny4/UnionFind.dfy:legacy,Main (correctness) (assertion batch 76),content,True,correctness:Main:75
lit/dafny4/UnionFind.dfy:legacy,Main (correctness) (assertion batch 79),content,True,correctness:Main:78
lit/dafny4/UnionFind.dfy:legacy,Main (correctness) (assertion batch 43),content,True,correctness:Main:42
lit/dafny4/UnionFind.dfy:legacy,Main (correctness) (assertion batch 18),content,True,correctness:Main:17
lit/dafny4/UnionFind.dfy:legacy,Main (correctness) (assertion batch 7),content,True,correctness:Main:6
lit/dafny4/UnionFind.dfy:legacy,Main (correctness) (assertion batch 12),content,True,correctness:Main:11
lit/dafny4/UnionFind.dfy:legacy,Main (correctness) (assertion batch 13),content,True,correctness:Main:12
lit/dafny4/UnionFind.dfy:legacy,M3.UnionFind.Join (correctness) (assertion batch 158),content,True,correctness:M3UnionFindJoin:157
lit/dafny4/UnionFind.dfy:legacy,Main (correctness) (assertion batch 25),content,True,correctness:Main:24
lit/dafny4/UnionFind.dfy:legacy,Main (correctness) (assertion batch 8),content,True,correctness:Main:7
lit/dafny4/UnionFind.dfy:legacy,Main (correctness) (assertion batch 17),content,True,correctness:Main:16
lit/dafny4/UnionFind.dfy:legacy,Main (correctness) (assertion batch 73),content,True,correctness:Main:72
lit/dafny4/UnionFind.dfy:legacy,Main (correctness) (assertion batch 49),content,True,correctness:Main:48
lit/dafny4/UnionFind.dfy:legacy,Main (correctness) (assertion batch 72),content,True,correctness:Main:71
lit/dafny4/UnionFind.dfy:legacy,Main (correctness) (assertion batch 85),content,True,correctness:Main:84
lit/dafny4/UnionFind.dfy:legacy,Main (correctness) (assertion batch 10),content,True,correctness:Main:9
lit/dafny4/UnionFind.dfy:legacy,M3.UnionFind.ExtendedReach' (correctness),unchanged,False,correctness:M3UnionFindExtendedReachk:0
lit/dafny4/UnionFind.dfy:legacy,Main (correctness) (assertion batch 55),content,True,correctness:Main:54
lit/dafny4/UnionFind.dfy:legacy,Main (correctness) (assertion batch 32),content,True,correctness:Main:31
lit/dafny4/UnionFind.dfy:legacy,Main (correctness) (assertion batch 75),content,True,correctness:Main:74
lit/dafny4/UnionFind.dfy:legacy,Main (correctness) (assertion batch 41),content,True,correctness:Main:40
lit/dafny4/UnionFind.dfy:legacy,Main (correctness) (assertion batch 74),content,True,correctness:Main:73
lit/dafny4/UnionFind.dfy:legacy,M3.UnionFind.Join (correctness) (assertion batch 93),content,True,correctness:M3UnionFindJoin:92
lit/dafny4/UnionFind.dfy:legacy,Main (correctness) (assertion batch 71),content,True,correctness:Main:70
lit/dafny4/UnionFind.dfy:legacy,Main (correctness) (assertion batch 48),content,True,correctness:Main:47
lit/dafny4/UnionFind.dfy:legacy,Main (correctness) (assertion batch 4),content,True,correctness:Main:3
lit/dafny4/UnionFind.dfy:legacy,Main (correctness) (assertion batch 30),content,True,correctness:Main:29
lit/dafny4/UnionFind.dfy:legacy,Main (correctness) (assertion batch 51),content,True,correctness:Main:50
lit/dafny4/UnionFind.dfy:legacy,Main (correctness) (assertion batch 21),content,True,correctness:Main:20
lit/dafny4/UnionFind.dfy:legacy,M3.UnionFind.Join (correctness) (assertion batch 61),content,True,correctness:M3UnionFindJoin:60
lit/dafny4/UnionFind.dfy:legacy,Main (correctness) (assertion batch 14),content,True,correctness:Main:13
lit/dafny4/UnionFind.dfy:legacy,Main (correctness) (assertion batch 57),content,True,correctness:Main:56
lit/dafny4/UnionFind.dfy:legacy,M3.UnionFind.Join (correctness) (assertion batch 28),content,True,correctness:M3UnionFindJoin:27
lit/dafny4/UnionFind.dfy:legacy,M3.UnionFind.Join (correctness) (assertion batch 104),content,True,correctness:M3UnionFindJoin:103
lit/dafny4/UnionFind.dfy:legacy,Main (correctness) (assertion batch 3),content,True,correctness:Main:2
lit/dafny4/UnionFind.dfy:legacy,Main (correctness) (assertion batch 6),content,True,correctness:Main:5
lit/dafny4/UnionFind.dfy:legacy,M1.UnionFind.Union (well-formedness),content,True,well-formedness:M1UnionFindUnion:0
lit/dafny4/UnionFind.dfy:legacy,Main (correctness) (assertion batch 11),content,True,correctness:Main:10
lit/dafny4/UnionFind.dfy:legacy,M3.UnionFind.Join (correctness) (assertion batch 94),content,True,correctness:M3UnionFindJoin:93
lit/dafny4/UnionFind.dfy:legacy,Main (correctness) (assertion batch 84),content,True,correctness:Main:83
lit/dafny4/UnionFind.dfy:legacy,Main (correctness) (assertion batch 27),content,True,correctness:Main:26
lit/dafny4/UnionFind.dfy:legacy,Main (correctness) (assertion batch 81),content,True,correctness:Main:80
lit/dafny4/UnionFind.dfy:legacy,Main (correctness) (assertion batch 22),content,True,correctness:Main:21
lit/dafny4/UnionFind.dfy:legacy,Main (correctness) (assertion batch 67),content,True,correctness:Main:66
lit/dafny4/UnionFind.dfy:legacy,M3.UnionFind.Join (correctness) (assertion batch 177),content,True,correctness:M3UnionFindJoin:176
lit/dafny4/UnionFind.dfy:legacy,M3.UnionFind.Join (correctness) (assertion batch 55),content,True,correctness:M3UnionFindJoin:54
lit/dafny4/UnionFind.dfy:legacy,Main (correctness) (assertion batch 56),content,True,correctness:Main:55
lit/dafny4/UnionFind.dfy:legacy,Main (correctness) (assertion batch 52),content,True,correctness:Main:51
lit/dafny4/UnionFind.dfy:legacy,M2.UnionFind.NextReachesSame (correctness),content,True,correctness:M2UnionFindNextReachesSame:0
lit/dafny4/UnionFind.dfy:legacy,M3.UnionFind.Join (correctness) (assertion batch 96),content,True,correctness:M3UnionFindJoin:95
lit/dafny4/UnionFind.dfy:legacy,M3.UnionFind.Join (correctness) (assertion batch 174),content,True,correctness:M3UnionFindJoin:173
lit/dafny4/UnionFind.dfy:legacy,M3.UnionFind.Join (correctness) (assertion batch 140),content,True,correctness:M3UnionFindJoin:139
lit/dafny4/UnionFind.dfy:legacy,M3.UnionFind.Join (correctness) (assertion batch 121),content,True,correctness:M3UnionFindJoin:120
lit/dafny4/UnionFind.dfy:legacy,Main (correctness) (assertion batch 63),content,True,correctness:Main:62
lit/dafny4/UnionFind.dfy:legacy,M3.UnionFind.Join (correctness) (assertion batch 175),content,True,correctness:M3UnionFindJoin:174
lit/dafny4/UnionFind.dfy:legacy,Main (correctness) (assertion batch 28),content,True,correctness:Main:27
lit/dafny4/UnionFind.dfy:legacy,M3.UnionFind.Join (correctness) (assertion batch 62),content,True,correctness:M3UnionFindJoin:61
lit/dafny4/UnionFind.dfy:legacy,M3.UnionFind.Join (correctness) (assertion batch 115),content,True,correctness:M3UnionFindJoin:114
lit/dafny4/UnionFind.dfy:legacy,M1.GoodCMap (well-formedness),unchanged,False,well-formedness:M1GoodCMap:0
lit/dafny4/UnionFind.dfy:legacy,Main (correctness) (assertion batch 42),content,True,correctness:Main:41
lit/dafny4/UnionFind.dfy:legacy,Main (correctness) (assertion batch 82),content,True,correctness:Main:81
lit/dafny4/UnionFind.dfy:legacy,Main (correctness) (assertion batch 64),content,True,correctness:Main:63
lit/dafny4/UnionFind.dfy:legacy,M3.UnionFind.ReachUnaffectedByChangeFromRoot (correctness),unchanged,False,correctness:M3UnionFindReachUnaffectedByChangeFromRoot:0
lit/dafny4/UnionFind.dfy:legacy,M1.UnionFind.Reaches (well-formedness),unchanged,False,well-formedness:M1UnionFindReaches:0
lit/dafny4/UnionFind.dfy:legacy,M3.UnionFind.Join (correctness) (assertion batch 88),content,True,correctness:M3UnionFindJoin:87
lit/dafny4/UnionFind.dfy:legacy,M3.UnionFind.Join (correctness) (assertion batch 70),content,True,correctness:M3UnionFindJoin:69
lit/dafny4/UnionFind.dfy:legacy,M3.UnionFind.Join (correctness) (assertion batch 83),content,True,correctness:M3UnionFindJoin:82
lit/dafny4/UnionFind.dfy:legacy,M3.UnionFind.Join (correctness) (assertion batch 20),content,True,correctness:M3UnionFindJoin:19
lit/dafny4/UnionFind.dfy:legacy,M3.UnionFind.Join (correctness) (assertion batch 25),content,True,correctness:M3UnionFindJoin:24
lit/dafny4/UnionFind.dfy:legacy,M3.UnionFind.Join (correctness) (assertion batch 98),content,True,correctness:M3UnionFindJoin:97
lit/dafny4/UnionFind.dfy:legacy,M3.UnionFind.Join (correctness) (assertion batch 51),content,True,correctness:M3UnionFindJoin:50
lit/dafny4/UnionFind.dfy:legacy,M3.UnionFind.Join (correctness) (assertion batch 166),content,True,correctness:M3UnionFindJoin:165
lit/dafny4/UnionFind.dfy:legacy,Main (correctness) (assertion batch 58),content,True,correctness:Main:57
lit/dafny4/UnionFind.dfy:legacy,M3.UnionFind.Join (correctness) (assertion batch 149),content,True,correctness:M3UnionFindJoin:148
lit/dafny4/UnionFind.dfy:legacy,M3.UnionFind.Join (correctness) (assertion batch 23),content,True,correctness:M3UnionFindJoin:22
lit/dafny4/UnionFind.dfy:legacy,Main (correctness) (assertion batch 46),content,True,correctness:Main:45
lit/dafny4/UnionFind.dfy:legacy,M3.UnionFind.Join (correctness) (assertion batch 144),content,True,correctness:M3UnionFindJoin:143
lit/dafny4/UnionFind.dfy:legacy,Main (correctness) (assertion batch 44),content,True,correctness:Main:43
lit/dafny4/UnionFind.dfy:legacy,M3.UnionFind.Join (correctness) (assertion batch 52),content,True,correctness:M3UnionFindJoin:51
lit/dafny4/UnionFind.dfy:legacy,M3.UnionFind.JoinMaintainsReaches0 (correctness),unchanged,False,correctness:M3UnionFindJoinMaintainsReaches0:0
lit/dafny4/UnionFind.dfy:legacy,Main (correctness) (assertion batch 86),content,True,correctness:Main:85
lit/dafny4/UnionFind.dfy:legacy,M3.UnionFind.Join (correctness) (assertion batch 116),content,True,correctness:M3UnionFindJoin:115
lit/dafny4/UnionFind.dfy:legacy,M3.UnionFind.Join (correctness) (assertion batch 112),content,True,correctness:M3UnionFindJoin:111
lit/dafny4/UnionFind.dfy:legacy,M3.UnionFind.Join (correctness) (assertion batch 74),content,True,correctness:M3UnionFindJoin:73
lit/dafny4/UnionFind.dfy:legacy,Main (correctness) (assertion batch 45),content,True,correctness:Main:44
lit/dafny4/UnionFind.dfy:legacy,Main (correctness) (assertion batch 9),content,True,correctness:Main:8
lit/dafny4/UnionFind.dfy:legacy,M3.UnionFind.Join (correctness) (assertion batch 87),content,True,correctness:M3UnionFindJoin:86
lit/dafny4/UnionFind.dfy:legacy,Main (correctness) (assertion batch 54),content,True,correctness:Main:53
lit/dafny4/UnionFind.dfy:legacy,M2.UnionFind.NextReachesSame (well-formedness),content,True,well-formedness:M2UnionFindNextReachesSame:0
lit/dafny4/UnionFind.dfy:legacy,M3.UnionFind.Join (correctness) (assertion batch 50),content,True,correctness:M3UnionFindJoin:49
lit/dafny4/UnionFind.dfy:legacy,M1.UnionFind.Reaches_Monotonic (correctness),unchanged,False,correctness:M1UnionFindReachesMonotonic:0
lit/dafny4/UnionFind.dfy:legacy,Main (correctness) (assertion batch 15),content,True,correctness:Main:14
lit/dafny4/UnionFind.dfy:legacy,M3.UnionFind.JoinMaintainsReaches0 (well-formedness),unchanged,False,well-formedness:M3UnionFindJoinMaintainsReaches0:0
lit/dafny4/UnionFind.dfy:legacy,M3.UnionFind.Join (well-formedness) (assertion batch 7),content,True,well-formedness:M3UnionFindJoin:6
lit/dafny4/UnionFind.dfy:legacy,M3.UnionFind.Join (correctness) (assertion batch 81),content,True,correctness:M3UnionFindJoin:80
lit/dafny4/UnionFind.dfy:legacy,M3.UnionFind.Join (correctness) (assertion batch 53),content,True,correctness:M3UnionFindJoin:52
lit/dafny4/UnionFind.dfy:legacy,M3.UnionFind.Join (correctness) (assertion batch 151),content,True,correctness:M3UnionFindJoin:150
lit/dafny4/UnionFind.dfy:legacy,M3.UnionFind.Join (correctness) (assertion batch 167),content,True,correctness:M3UnionFindJoin:166
lit/dafny4/UnionFind.dfy:legacy,M3.UnionFind.Join (correctness) (assertion batch 77),content,True,correctness:M3UnionFindJoin:76
lit/dafny4/UnionFind.dfy:legacy,M3.UnionFind.Join (correctness) (assertion batch 156),content,True,correctness:M3UnionFindJoin:155
lit/dafny4/UnionFind.dfy:legacy,M0.UnionFind._ctor (correctness),unchanged,False,correctness:M0UnionFindctor:0
lit/dafny4/UnionFind.dfy:legacy,Main (correctness) (assertion batch 60),content,True,correctness:Main:59
lit/dafny4/UnionFind.dfy:legacy,M3.UnionFind.Join (correctness) (assertion batch 69),content,True,correctness:M3UnionFindJoin:68
lit/dafny4/UnionFind.dfy:legacy,M3.UnionFind.Join (correctness) (assertion batch 75),content,True,correctness:M3UnionFindJoin:74
lit/dafny4/UnionFind.dfy:legacy,M3.UnionFind.Join (correctness) (assertion batch 18),content,True,correctness:M3UnionFindJoin:17
lit/dafny4/UnionFind.dfy:legacy,M3.UnionFind.Join (well-formedness) (assertion batch 5),content,True,well-formedness:M3UnionFindJoin:4
lit/dafny4/UnionFind.dfy:legacy,M3.UnionFind.Join (correctness) (assertion batch 82),content,True,correctness:M3UnionFindJoin:81
lit/dafny4/UnionFind.dfy:legacy,M3.UnionFind.Join (correctness) (assertion batch 135),content,True,correctness:M3UnionFindJoin:134
lit/dafny4/UnionFind.dfy:legacy,M2.UnionFind.ConstructReach (correctness),unchanged,False,correctness:M2UnionFindConstructReach:0
lit/dafny4/UnionFind.dfy:legacy,M3.UnionFind.Join (correctness) (assertion batch 138),content,True,correctness:M3UnionFindJoin:137
lit/dafny4/UnionFind.dfy:legacy,M3.UnionFind.Join (correctness) (assertion batch 72),content,True,correctness:M3UnionFindJoin:71
lit/dafny4/UnionFind.dfy:legacy,Main (correctness) (assertion batch 53),content,True,correctness:Main:52
lit/dafny4/UnionFind.dfy:legacy,M3.UnionFind.Join (correctness) (assertion batch 139),content,True,correctness:M3UnionFindJoin:138
lit/dafny4/UnionFind.dfy:legacy,M3.UnionFind.Join (well-formedness) (assertion batch 6),content,True,well-formedness:M3UnionFindJoin:5
lit/dafny4/UnionFind.dfy:legacy,M1.UnionFind.New (well-formedness),content,True,well-formedness:M1UnionFindNew:0
lit/dafny4/UnionFind.dfy:legacy,M3.UnionFind.Join (correctness) (assertion batch 153),content,True,correctness:M3UnionFindJoin:152
lit/dafny4/UnionFind.dfy:legacy,M3.UnionFind.Join (correctness) (assertion batch 134),content,True,correctness:M3UnionFindJoin:133
lit/dafny4/UnionFind.dfy:legacy,M3.UnionFind.Join (correctness) (assertion batch 30),content,True,correctness:M3UnionFindJoin:29
lit/dafny4/UnionFind.dfy:legacy,M3.UnionFind.Join (correctness) (assertion batch 11),content,True,correctness:M3UnionFindJoin:10
lit/dafny4/UnionFind.dfy:legacy,M3.UnionFind.Join (correctness) (assertion batch 126),content,True,correctness:M3UnionFindJoin:125
lit/dafny4/UnionFind.dfy:legacy,Main (correctness) (assertion batch 61),content,True,correctness:Main:60
lit/dafny4/UnionFind.dfy:legacy,M3.UnionFind.Join (correctness) (assertion batch 67),content,True,correctness:M3UnionFindJoin:66
lit/dafny4/UnionFind.dfy:legacy,M3.UnionFind.Join (correctness) (assertion batch 26),content,True,correctness:M3UnionFindJoin:25
lit/dafny4/UnionFind.dfy:legacy,M3.UnionFind.Join (correctness) (assertion batch 73),content,True,correctness:M3UnionFindJoin:72
lit/dafny4/UnionFind.dfy:legacy,M1.UnionFind.Reaches_Monotonic (well-formedness),unchanged,False,well-formedness:M1UnionFindReachesMonotonic:0
lit/dafny4/UnionFind.dfy:legacy,M3.UnionFind.Join (correctness) (assertion batch 59),content,True,correctness:M3UnionFindJoin:58
lit/dafny4/UnionFind.dfy:legacy,M3.UnionFind.Join (correctness) (assertion batch 128),content,True,correctness:M3UnionFindJoin:127
lit/dafny4/UnionFind.dfy:legacy,M3.UnionFind.Join (correctness) (assertion batch 127),content,True,correctness:M3UnionFindJoin:126
lit/dafny4/UnionFind.dfy:legacy,M3.UnionFind.Join (correctness) (assertion batch 29),content,True,correctness:M3UnionFindJoin:28
lit/dafny4/UnionFind.dfy:legacy,M3.UnionFind.Join (correctness) (assertion batch 38),content,True,correctness:M3UnionFindJoin:37
lit/dafny4/UnionFind.dfy:legacy,M3.UnionFind.Join (correctness) (assertion batch 110),content,True,correctness:M3UnionFindJoin:109
lit/dafny4/UnionFind.dfy:legacy,M3.UnionFind.Join (correctness) (assertion batch 137),content,True,correctness:M3UnionFindJoin:136
lit/dafny4/UnionFind.dfy:legacy,M1.UnionFind.Join (well-formedness),content,True,well-formedness:M1UnionFindJoin:0
lit/dafny4/UnionFind.dfy:legacy,M3.UnionFind.Join (correctness) (assertion batch 56),content,True,correctness:M3UnionFindJoin:55
lit/dafny4/UnionFind.dfy:legacy,M3.UnionFind.Join (correctness) (assertion batch 111),content,True,correctness:M3UnionFindJoin:110
lit/dafny4/UnionFind.dfy:legacy,M2.UnionFind.UpdateMaintainsReaches (correctness),unchanged,False,correctness:M2UnionFindUpdateMaintainsReaches:0
lit/dafny4/UnionFind.dfy:legacy,M1.MapsEqual (correctness),unchanged,False,correctness:M1MapsEqual:0
lit/dafny4/UnionFind.dfy:legacy,M3.UnionFind.Join (correctness) (assertion batch 2),content,True,correctness:M3UnionFindJoin:1
lit/dafny4/UnionFind.dfy:legacy,M3.UnionFind.Join (correctness) (assertion batch 68),content,True,correctness:M3UnionFindJoin:67
lit/dafny4/UnionFind.dfy:legacy,M3.UnionFind.Join (correctness) (assertion batch 14),content,True,correctness:M3UnionFindJoin:13
lit/dafny4/UnionFind.dfy:legacy,M3.UnionFind.Join (correctness) (assertion batch 85),content,True,correctness:M3UnionFindJoin:84
lit/dafny4/UnionFind.dfy:legacy,Main (correctness) (assertion batch 62),content,True,correctness:Main:61
lit/dafny4/UnionFind.dfy:legacy,M3.UnionFind.ExtendedReach (well-formedness),unchanged,False,well-formedness:M3UnionFindExtendedReach:0
lit/dafny4/UnionFind.dfy:legacy,M3.UnionFind.Join (correctness) (assertion batch 41),content,True,correctness:M3UnionFindJoin:40
lit/dafny4/UnionFind.dfy:legacy,M3.UnionFind.Join (correctness) (assertion batch 9),content,True,correctness:M3UnionFindJoin:8
lit/dafny4/UnionFind.dfy:legacy,M3.UnionFind.Join (correctness) (assertion batch 3),content,True,correctness:M3UnionFindJoin:2
lit/dafny4/UnionFind.dfy:legacy,M3.UnionFind.Join (correctness) (assertion batch 76),content,True,correctness:M3UnionFindJoin:75
lit/dafny4/UnionFind.dfy:legacy,M3.UnionFind.Join (correctness) (assertion batch 113),content,True,correctness:M3UnionFindJoin:112
lit/dafny4/UnionFind.dfy:legacy,M3.UnionFind.Join (correctness) (assertion batch 101),content,True,correctness:M3UnionFindJoin:100
lit/dafny4/UnionFind.dfy:legacy,Main (correctness) (assertion batch 59),content,True,correctness:Main:58
lit/dafny4/UnionFind.dfy:legacy,M3.UnionFind.Join (correctness) (assertion batch 122),content,True,correctness:M3UnionFindJoin:121
lit/dafny4/UnionFind.dfy:legacy,M3.UnionFind.Join (correctness) (assertion batch 21),content,True,correctness:M3UnionFindJoin:20
lit/dafny4/UnionFind.dfy:legacy,M3.UnionFind.Join (correctness) (assertion batch 169),content,True,correctness:M3UnionFindJoin:168
lit/dafny4/UnionFind.dfy:legacy,M3.UnionFind.Join (correctness) (assertion batch 123),content,True,correctness:M3UnionFindJoin:122
lit/dafny4/UnionFind.dfy:legacy,M3.UnionFind.ReachUnaffectedByChangeFromRoot (well-formedness),unchanged,False,well-formedness:M3UnionFindReachUnaffectedByChangeFromRoot:0
lit/dafny4/UnionFind.dfy:legacy,M2.UnionFind.UpdateMaintainsReaches (well-formedness),unchanged,False,well-formedness:M2UnionFindUpdateMaintainsReaches:0
lit/dafny4/UnionFind.dfy:legacy,M3.UnionFind.Join (correctness) (assertion batch 102),content,True,correctness:M3UnionFindJoin:101
lit/dafny4/UnionFind.dfy:legacy,M3.UnionFind.Join (correctness) (assertion batch 22),content,True,correctness:M3UnionFindJoin:21
lit/dafny4/UnionFind.dfy:legacy,M3.UnionFind.Join (correctness) (assertion batch 145),content,True,correctness:M3UnionFindJoin:144
lit/dafny4/UnionFind.dfy:legacy,M3.UnionFind.Join (correctness) (assertion batch 7),content,True,correctness:M3UnionFindJoin:6
lit/dafny4/UnionFind.dfy:legacy,M3.UnionFind.Join (correctness) (assertion batch 170),content,True,correctness:M3UnionFindJoin:169
lit/dafny4/UnionFind.dfy:legacy,M3.UnionFind.Join (well-formedness) (assertion batch 8),content,True,well-formedness:M3UnionFindJoin:7
lit/dafny4/UnionFind.dfy:legacy,M0.UnionFind.Valid (well-formedness),unchanged,False,well-formedness:M0UnionFindValid:0
lit/dafny4/UnionFind.dfy:legacy,M3.UnionFind.Join (correctness) (assertion batch 33),content,True,correctness:M3UnionFindJoin:32
lit/dafny4/UnionFind.dfy:legacy,M3.UnionFind.Join (correctness) (assertion batch 13),content,True,correctness:M3UnionFindJoin:12
lit/dafny4/UnionFind.dfy:legacy,Main (correctness) (assertion batch 50),content,True,correctness:Main:49
lit/dafny4/UnionFind.dfy:legacy,M1.UnionFind.Collect (well-formedness),content,True,well-formedness:M1UnionFindCollect:0
lit/dafny4/UnionFind.dfy:legacy,M3.UnionFind.Join (correctness) (assertion batch 24),content,True,correctness:M3UnionFindJoin:23
lit/dafny4/UnionFind.dfy:legacy,Main (correctness) (assertion batch 20),content,True,correctness:Main:19
lit/dafny4/UnionFind.dfy:legacy,M3.UnionFind.Join (correctness) (assertion batch 37),content,True,correctness:M3UnionFindJoin:36
lit/dafny4/UnionFind.dfy:legacy,M3.UnionFind.Join (correctness) (assertion batch 6),content,True,correctness:M3UnionFindJoin:5
lit/dafny4/UnionFind.dfy:legacy,M3.UnionFind.Join (correctness) (assertion batch 49),content,True,correctness:M3UnionFindJoin:48
lit/dafny4/UnionFind.dfy:legacy,M3.UnionFind.Join (correctness) (assertion batch 141),content,True,correctness:M3UnionFindJoin:140
lit/dafny4/UnionFind.dfy:legacy,M3.UnionFind.Join (correctness) (assertion batch 8),content,True,correctness:M3UnionFindJoin:7
lit/dafny4/UnionFind.dfy:legacy,M3.UnionFind.Join (correctness) (assertion batch 44),content,True,correctness:M3UnionFindJoin:43
lit/dafny4/UnionFind.dfy:legacy,M2.UnionFind.Reaches_SinkIsFunctionOfStart (well-formedness),unchanged,False,well-formedness:M2UnionFindReachesSinkIsFunctionOfStart:0
lit/dafny4/UnionFind.dfy:legacy,M3.UnionFind.Join (correctness) (assertion batch 54),content,True,correctness:M3UnionFindJoin:53
lit/dafny4/UnionFind.dfy:legacy,M2.UnionFind.ConstructReach (well-formedness),unchanged,False,well-formedness:M2UnionFindConstructReach:0
lit/dafny4/UnionFind.dfy:legacy,M3.UnionFind.Join (correctness) (assertion batch 142),content,True,correctness:M3UnionFindJoin:141
lit/dafny4/UnionFind.dfy:legacy,M3.UnionFind.Join (correctness) (assertion batch 173),content,True,correctness:M3UnionFindJoin:172
lit/dafny4/UnionFind.dfy:legacy,M3.UnionFind.Join (correctness) (assertion batch 46),content,True,correctness:M3UnionFindJoin:45
lit/dafny4/UnionFind.dfy:legacy,M3.UnionFind.Join (correctness) (assertion batch 130),content,True,correctness:M3UnionFindJoin:129
lit/dafny4/UnionFind.dfy:legacy,M3.UnionFind.Join (correctness) (assertion batch 4),content,True,correctness:M3UnionFindJoin:3
lit/dafny4/UnionFind.dfy:legacy,M3.UnionFind.Join (correctness) (assertion batch 43),content,True,correctness:M3UnionFindJoin:42
lit/dafny4/UnionFind.dfy:legacy,M3.UnionFind.Join (correctness) (assertion batch 48),content,True,correctness:M3UnionFindJoin:47
lit/dafny4/UnionFind.dfy:legacy,M3.UnionFind.Join (correctness) (assertion batch 89),content,True,correctness:M3UnionFindJoin:88
lit/dafny4/UnionFind.dfy:legacy,M3.UnionFind.Join (correctness) (assertion batch 168),content,True,correctness:M3UnionFindJoin:167
lit/dafny4/UnionFind.dfy:legacy,M3.UnionFind.Join (correctness) (assertion batch 15),content,True,correctness:M3UnionFindJoin:14
lit/dafny4/UnionFind.dfy:legacy,M3.UnionFind.Join (correctness) (assertion batch 19),content,True,correctness:M3UnionFindJoin:18
lit/dafny4/UnionFind.dfy:legacy,M3.UnionFind.Join (correctness) (assertion batch 58),content,True,correctness:M3UnionFindJoin:57
lit/dafny4/UnionFind.dfy:legacy,M3.UnionFind.Join (correctness) (assertion batch 165),content,True,correctness:M3UnionFindJoin:164
lit/dafny4/UnionFind.dfy:legacy,M3.UnionFind.Join (correctness) (assertion batch 100),content,True,correctness:M3UnionFindJoin:99
lit/dafny4/UnionFind.dfy:legacy,M3.UnionFind.Join (correctness) (assertion batch 164),content,True,correctness:M3UnionFindJoin:163
lit/dafny4/UnionFind.dfy:legacy,M3.UnionFind.Join (correctness) (assertion batch 80),content,True,correctness:M3UnionFindJoin:79
lit/dafny4/UnionFind.dfy:legacy,M1.MapsEqual (well-formedness),unchanged,False,well-formedness:M1MapsEqual:0
lit/dafny4/UnionFind.dfy:legacy,M3.UnionFind.Join (correctness) (assertion batch 79),content,True,correctness:M3UnionFindJoin:78
lit/dafny4/UnionFind.dfy:legacy,M3.UnionFind.Join (correctness) (assertion batch 172),content,True,correctness:M3UnionFindJoin:171
lit/dafny4/UnionFind.dfy:legacy,M3.UnionFind.ExtendedReach' (well-formedness),unchanged,False,well-formedness:M3UnionFindExtendedReachk:0
lit/dafny4/UnionFind.dfy:legacy,M3.UnionFind.JoinMaintainsReaches1 (well-formedness),unchanged,False,well-formedness:M3UnionFindJoinMaintainsReaches1:0
lit/dafny4/UnionFind.dfy:legacy,M3.UnionFind.Join (correctness) (assertion batch 103),content,True,correctness:M3UnionFindJoin:102
lit/dafny4/UnionFind.dfy:legacy,M3.UnionFind.Join (correctness) (assertion batch 10),content,True,correctness:M3UnionFindJoin:9
lit/dafny4/UnionFind.dfy:legacy,M3.UnionFind.Join (correctness) (assertion batch 57),content,True,correctness:M3UnionFindJoin:56
lit/dafny4/UnionFind.dfy:legacy,M2.UnionFind.Reaches_SinkIsFunctionOfStart (correctness),unchanged,False,correctness:M2UnionFindReachesSinkIsFunctionOfStart:0
lit/dafny4/UnionFind.dfy:legacy,M3.UnionFind.Join (correctness) (assertion batch 157),content,True,correctness:M3UnionFindJoin:156
lit/dafny4/UnionFind.dfy:legacy,M3.UnionFind.Join (correctness) (assertion batch 35),content,True,correctness:M3UnionFindJoin:34
lit/dafny4/UnionFind.dfy:legacy,M3.UnionFind.Join (correctness) (assertion batch 36),content,True,correctness:M3UnionFindJoin:35
lit/dafny4/UnionFind.dfy:legacy,M3.UnionFind.Join (correctness) (assertion batch 16),content,True,correctness:M3UnionFindJoin:15
lit/dafny4/UnionFind.dfy:legacy,M3.UnionFind.Join (correctness) (assertion batch 40),content,True,correctness:M3UnionFindJoin:39
lit/dafny4/UnionFind.dfy:legacy,M3.UnionFind.Join (correctness) (assertion batch 176),content,True,correctness:M3UnionFindJoin:175
lit/dafny4/UnionFind.dfy:legacy,M3.UnionFind.Join (correctness) (assertion batch 133),content,True,correctness:M3UnionFindJoin:132
lit/dafny4/UnionFind.dfy:legacy,M0.UnionFind.New (well-formedness),unchanged,False,well-formedness:M0UnionFindNew:0
lit/dafny4/UnionFind.dfy:legacy,M3.UnionFind.Join (correctness) (assertion batch 171),content,True,correctness:M3UnionFindJoin:170
lit/dafny4/UnionFind.dfy:legacy,M0.UnionFind.ValidM1 (well-formedness),unchanged,False,well-formedness:M0UnionFindValidM1:0
lit/dafny4/UnionFind.dfy:legacy,M3.UnionFind.Join (correctness) (assertion batch 163),content,True,correctness:M3UnionFindJoin:162
lit/dafny4/UnionFind.dfy:legacy,M3.UnionFind.ReachUnaffectedByChangeFromRoot' (well-formedness),unchanged,False,well-formedness:M3UnionFindReachUnaffectedByChangeFromRootk:0
lit/dafny4/UnionFind.dfy:legacy,M3.UnionFind.ExtendedReach (correctness),unchanged,False,correctness:M3UnionFindExtendedReach:0
lit/dafny4/UnionFind.dfy:legacy,M3.UnionFind.Join (correctness) (assertion batch 95),content,True,correctness:M3UnionFindJoin:94
lit/dafny4/UnionFind.dfy:legacy,M0.UnionFind.Union (well-formedness),content,True,well-formedness:M0UnionFindUnion:0
lit/dafny4/UnionFind.dfy:legacy,M3.UnionFind.Join (correctness) (assertion batch 12),content,True,correctness:M3UnionFindJoin:11
lit/dafny4/UnionFind.dfy:legacy,M3.UnionFind.Join (correctness) (assertion batch 132),content,True,correctness:M3UnionFindJoin:131
lit/dafny4/UnionFind.dfy:legacy,M0.UnionFind.Find (well-formedness),unchanged,False,well-formedness:M0UnionFindFind:0
lit/dafny4/UnionFind.dfy:legacy,M3.UnionFind.Join (correctness) (assertion batch 1),content,True,correctness:M3UnionFindJoin:0
lit/dafny4/UnionFind.dfy:legacy,M3.UnionFind.Join (correctness) (assertion batch 152),content,True,correctness:M3UnionFindJoin:151
lit/dafny4/UnionFind.dfy:legacy,M3.UnionFind.Join (correctness) (assertion batch 154),content,True,correctness:M3UnionFindJoin:153
lit/dafny4/UnionFind.dfy:legacy,M3.UnionFind.Join (correctness) (assertion batch 97),content,True,correctness:M3UnionFindJoin:96
lit/dafny4/UnionFind.dfy:legacy,M3.UnionFind.Join (correctness) (assertion batch 45),content,True,correctness:M3UnionFindJoin:44
lit/dafny4/UnionFind.dfy:legacy,M3.UnionFind.Join (correctness) (assertion batch 129),content,True,correctness:M3UnionFindJoin:128
lit/dafny4/UnionFind.dfy:legacy,M3.UnionFind.Join (correctness) (assertion batch 17),content,True,correctness:M3UnionFindJoin:16
lit/dafny4/UnionFind.dfy:legacy,M3.UnionFind.Join (correctness) (assertion batch 155),content,True,correctness:M3UnionFindJoin:154
lit/dafny4/UnionFind.dfy:legacy,M3.UnionFind.Join (correctness) (assertion batch 42),content,True,correctness:M3UnionFindJoin:41
lit/dafny4/UnionFind.dfy:legacy,M3.UnionFind.Join (correctness) (assertion batch 86),content,True,correctness:M3UnionFindJoin:85
lit/dafny4/UnionFind.dfy:legacy,M3.UnionFind.Join (correctness) (assertion batch 125),content,True,correctness:M3UnionFindJoin:124
lit/dafny4/UnionFind.dfy:legacy,M3.UnionFind.Join (well-formedness) (assertion batch 2),content,True,well-formedness:M3UnionFindJoin:1
lit/dafny4/UnionFind.dfy:legacy,M3.UnionFind.Join (correctness) (assertion batch 32),content,True,correctness:M3UnionFindJoin:31
lit/dafny4/UnionFind.dfy:legacy,M3.UnionFind.Join (correctness) (assertion batch 91),content,True,correctness:M3UnionFindJoin:90
lit/dafny4/UnionFind.dfy:legacy,M3.UnionFind.Join (correctness) (assertion batch 31),content,True,correctness:M3UnionFindJoin:30
lit/dafny4/UnionFind.dfy:legacy,M3.UnionFind.Join (well-formedness) (assertion batch 1),content,True,well-formedness:M3UnionFindJoin:0
lit/dafny4/UnionFind.dfy:legacy,M3.UnionFind.Join (correctness) (assertion batch 150),content,True,correctness:M3UnionFindJoin:149
lit/dafny4/UnionFind.dfy:legacy,M3.UnionFind.Join (well-formedness) (assertion batch 4),content,True,well-formedness:M3UnionFindJoin:3
lit/dafny4/UnionFind.dfy:legacy,M3.UnionFind.Join (well-formedness) (assertion batch 3),content,True,well-formedness:M3UnionFindJoin:2
lit/dafny4/UnionFind.dfy:legacy,M3.UnionFind.Join (correctness) (assertion batch 84),content,True,correctness:M3UnionFindJoin:83
lit/dafny4/UnionFind.dfy:legacy,M3.UnionFind.Join (correctness) (assertion batch 92),content,True,correctness:M3UnionFindJoin:91
lit/dafny4/UnionFind.dfy:legacy,M3.UnionFind.Join (correctness) (assertion batch 5),content,True,correctness:M3UnionFindJoin:4
lit/dafny4/UnionFind.dfy:legacy,M3.UnionFind.Join (correctness) (assertion batch 99),content,True,correctness:M3UnionFindJoin:98
lit/dafny4/git-issue158.dfy:refresh,Main (correctness),unchanged,False,correctness:Main:0
lit/dafny4/git-issue158.dfy:refresh,byte (well-formedness),unchanged,False,well-formedness:byte:0
lit/dafny4/git-issue158.dfy:refresh,Compare (correctness),unchanged,False,correctness:Compare:0
lit/dafny4/git-issue158.dfy:refresh,In (correctness),unchanged,False,correctness:In:0
lit/dafny4/git-issue158.dfy:legacy,byte (well-formedness),unchanged,False,well-formedness:byte:0
lit/dafny4/git-issue158.dfy:legacy,Main (correctness),unchanged,False,correctness:Main:0
lit/dafny4/git-issue158.dfy:legacy,Compare (correctness),unchanged,False,correctness:Compare:0
lit/dafny4/git-issue158.dfy:legacy,In (correctness),unchanged,False,correctness:In:0
lit/dafny4/git-issue167.dfy:refresh,Main (correctness),content,True,correctness:Main:0
lit/dafny4/git-issue167.dfy:refresh,LetTest (correctness),unchanged,False,correctness:LetTest:0
lit/dafny4/git-issue167.dfy:refresh,Test.ConvertMap_AB (well-formedness),content,True,well-formedness:TestConvertMapAB:0
lit/dafny4/git-issue167.dfy:refresh,TestApply (correctness),unchanged,False,correctness:TestApply:0
lit/dafny4/git-issue167.dfy:legacy,Main (correctness),content,True,correctness:Main:0
lit/dafny4/git-issue167.dfy:legacy,LetTest (correctness),unchanged,False,correctness:LetTest:0
lit/dafny4/git-issue167.dfy:legacy,TestApply (correctness),content,False,correctness:TestApply:0
lit/dafny4/git-issue167.dfy:legacy,Test.ConvertMap_AB (well-formedness),content,True,well-formedness:TestConvertMapAB:0
lit/dafny4/git-issue27.dfy:refresh,extract (well-formedness),content,True,well-formedness:extract:0
lit/dafny4/git-issue27.dfy:refresh,word (well-formedness),unchanged,False,well-formedness:word:0
lit/dafny4/git-issue27.dfy:legacy,word (well-formedness),unchanged,False,well-formedness:word:0
lit/dafny4/git-issue27.dfy:legacy,extract (well-formedness),content,True,well-formedness:extract:0
lit/dafny4/git-issue75.dfy:refresh,t (well-formedness),unchanged,False,well-formedness:t:0
lit/dafny4/git-issue75.dfy:refresh,L1 (correctness),content,True,correctness:L1:0
lit/dafny4/git-issue75.dfy:refresh,L2 (correctness),content,True,correctness:L2:0
lit/dafny4/git-issue75.dfy:legacy,L1 (correctness),content,True,correctness:L1:0
lit/dafny4/git-issue75.dfy:legacy,t (well-formedness),unchanged,False,well-formedness:t:0
lit/dafny4/git-issue75.dfy:legacy,L2 (correctness),content,True,correctness:L2:0
lit/git-issues/git-issue-1158.dfy:refresh,Test (correctness),content,True,correctness:Test:0
lit/git-issues/git-issue-1158.dfy:legacy,Test (correctness),content,True,correctness:Test:0
lit/git-issues/git-issue-1163.dfy:refresh,MyClass.N (correctness),unchanged,False,correctness:MyClassN:0
lit/git-issues/git-issue-1163.dfy:refresh,MyClass.SuchThat (correctness),unchanged,False,correctness:MyClassSuchThat:0
lit/git-issues/git-issue-1163.dfy:refresh,MyClass.O (correctness),unchanged,False,correctness:MyClassO:0
lit/git-issues/git-issue-1163.dfy:refresh,MyClass.Q (correctness),content,True,correctness:MyClassQ:0
lit/git-issues/git-issue-1163.dfy:legacy,MyClass.N (correctness),unchanged,False,correctness:MyClassN:0
lit/git-issues/git-issue-1163.dfy:legacy,MyClass.SuchThat (correctness),unchanged,False,correctness:MyClassSuchThat:0
lit/git-issues/git-issue-1163.dfy:legacy,MyClass.O (correctness),unchanged,False,correctness:MyClassO:0
lit/git-issues/git-issue-1163.dfy:legacy,MyClass.Q (correctness),content,True,correctness:MyClassQ:0
lit/git-issues/git-issue-1165.dfy:refresh,ModifiesClauses (correctness),unchanged,False,correctness:ModifiesClauses:0
lit/git-issues/git-issue-1165.dfy:refresh,TestMapMethod (correctness),content,True,correctness:TestMapMethod:0
lit/git-issues/git-issue-1165.dfy:refresh,ReadsClauses (well-formedness),unchanged,False,well-formedness:ReadsClauses:0
lit/git-issues/git-issue-1165.dfy:refresh,Fresh0 (correctness),unchanged,False,correctness:Fresh0:0
lit/git-issues/git-issue-1165.dfy:refresh,Fresh1 (correctness),unchanged,False,correctness:Fresh1:0
lit/git-issues/git-issue-1165.dfy:refresh,Fresh2 (correctness),unchanged,False,correctness:Fresh2:0
lit/git-issues/git-issue-1165.dfy:legacy,ModifiesClauses (correctness),unchanged,False,correctness:ModifiesClauses:0
lit/git-issues/git-issue-1165.dfy:legacy,TestMapMethod (correctness),content,True,correctness:TestMapMethod:0
lit/git-issues/git-issue-1165.dfy:legacy,Fresh1 (correctness),unchanged,False,correctness:Fresh1:0
lit/git-issues/git-issue-1165.dfy:legacy,ReadsClauses (well-formedness),unchanged,False,well-formedness:ReadsClauses:0
lit/git-issues/git-issue-1165.dfy:legacy,Fresh2 (correctness),unchanged,False,correctness:Fresh2:0
lit/git-issues/git-issue-1165.dfy:legacy,Fresh0 (correctness),unchanged,False,correctness:Fresh0:0
lit/git-issues/git-issue-3320.dfy:refresh,SetComprehension (well-formedness),unchanged,False,well-formedness:SetComprehension:0
lit/git-issues/git-issue-3320.dfy:refresh,MapComprehension (well-formedness),content,True,well-formedness:MapComprehension:0
lit/git-issues/git-issue-3320.dfy:refresh,Main (correctness),unchanged,False,correctness:Main:0
lit/git-issues/git-issue-3320.dfy:legacy,SetComprehension (well-formedness),unchanged,False,well-formedness:SetComprehension:0
lit/git-issues/git-issue-3320.dfy:legacy,MapComprehension (well-formedness),content,True,well-formedness:MapComprehension:0
lit/git-issues/git-issue-3320.dfy:legacy,Main (correctness),unchanged,False,correctness:Main:0
lit/git-issues/git-issue-336.dfy:refresh,TestMap (correctness),content,True,correctness:TestMap:0
lit/git-issues/git-issue-336.dfy:refresh,TestSet0 (correctness),unchanged,False,correctness:TestSet0:0
lit/git-issues/git-issue-336.dfy:refresh,TestSet2 (correctness),unchanged,False,correctness:TestSet2:0
lit/git-issues/git-issue-336.dfy:refresh,TestSet1 (correctness),unchanged,False,correctness:TestSet1:0
lit/git-issues/git-issue-336.dfy:legacy,TestSet0 (correctness),unchanged,False,correctness:TestSet0:0
lit/git-issues/git-issue-336.dfy:legacy,TestMap (correctness),content,True,correctness:TestMap:0
lit/git-issues/git-issue-336.dfy:legacy,TestSet2 (correctness),unchanged,False,correctness:TestSet2:0
lit/git-issues/git-issue-336.dfy:legacy,TestSet1 (correctness),unchanged,False,correctness:TestSet1:0
lit/git-issues/git-issue-3855.dfy:pinned,Memory.dynMove (correctness),content,True,correctness:MemorydynMove:0
lit/git-issues/git-issue-3855.dfy:pinned,Main1 (correctness),content,True,correctness:Main1:0
lit/git-issues/git-issue-3855.dfy:pinned,Memory.dynCopy (correctness),content,True,correctness:MemorydynCopy:0
lit/git-issues/git-issue-3855.dfy:pinned,Memory.fInitialise (correctness),content,True,correctness:MemoryfInitialise:0
lit/git-issues/git-issue-3855.dfy:pinned,Memory.fGC (correctness),content,True,correctness:MemoryfGC:0
lit/git-issues/git-issue-3855.dfy:pinned,Memory.dynNukeObject (correctness),content,True,correctness:MemorydynNukeObject:0
lit/git-issues/git-issue-3855.dfy:pinned,Memory.fAddObject (correctness),content,True,correctness:MemoryfAddObject:0
lit/git-issues/git-issue-3855.dfy:pinned,Main (correctness),content,True,correctness:Main:0
lit/git-issues/git-issue-3855.dfy:pinned,Memory.fNullify (correctness) (assertion batch 14),content,True,correctness:MemoryfNullify:13
lit/git-issues/git-issue-3855.dfy:pinned,VeniceReferenceOK (well-formedness),unchanged,False,well-formedness:VeniceReferenceOK:0
lit/git-issues/git-issue-3855.dfy:pinned,MutsPointOnlyInSameRegion (well-formedness),unchanged,False,well-formedness:MutsPointOnlyInSameRegion:0
lit/git-issues/git-issue-3855.dfy:pinned,Memory.fNullify (well-formedness) (assertion batch 18),content,True,well-formedness:MemoryfNullify:17
lit/git-issues/git-issue-3855.dfy:pinned,Memory.fNullify (well-formedness) (assertion batch 17),content,True,well-formedness:MemoryfNullify:16
lit/git-issues/git-issue-3855.dfy:pinned,Memory.fInitialise (well-formedness),content,True,well-formedness:MemoryfInitialise:0
lit/git-issues/git-issue-3855.dfy:pinned,Memory.Valid2ImpliesValid (correctness),content,True,correctness:MemoryValid2ImpliesValid:0
lit/git-issues/git-issue-3855.dfy:pinned,Memory._ctor (correctness),content,True,correctness:Memoryctor:0
lit/git-issues/git-issue-3855.dfy:pinned,Memory.fNullify (correctness) (assertion batch 6),content,True,correctness:MemoryfNullify:5
lit/git-issues/git-issue-3855.dfy:pinned,Memory.fNullify (well-formedness) (assertion batch 9),content,True,well-formedness:MemoryfNullify:8
lit/git-issues/git-issue-3855.dfy:pinned,Memory.wholeEnchiladaNEW (well-formedness),content,True,well-formedness:MemorywholeEnchiladaNEW:0
lit/git-issues/git-issue-3855.dfy:pinned,Memory.Valid2ImpliesValid (well-formedness),content,True,well-formedness:MemoryValid2ImpliesValid:0
lit/git-issues/git-issue-3855.dfy:pinned,Memory.fNullify (well-formedness) (assertion batch 7),content,True,well-formedness:MemoryfNullify:6
lit/git-issues/git-issue-3855.dfy:pinned,Memory.fNullify (well-formedness) (assertion batch 8),content,True,well-formedness:MemoryfNullify:7
lit/git-issues/git-issue-3855.dfy:pinned,Memory.fNullify (well-formedness) (assertion batch 10),content,True,well-formedness:MemoryfNullify:9
lit/git-issues/git-issue-3855.dfy:pinned,Memory.fNullify (well-formedness) (assertion batch 15),content,True,well-formedness:MemoryfNullify:14
lit/git-issues/git-issue-3855.dfy:pinned,Memory.fNullify (correctness) (assertion batch 13),content,True,correctness:MemoryfNullify:12
lit/git-issues/git-issue-3855.dfy:pinned,staticCopyAsg (correctness),content,True,correctness:staticCopyAsg:0
lit/git-issues/git-issue-3855.dfy:pinned,Memory.fNullify (correctness) (assertion batch 1),content,True,correctness:MemoryfNullify:0
lit/git-issues/git-issue-3855.dfy:pinned,Memory.fNullify (well-formedness) (assertion batch 13),content,True,well-formedness:MemoryfNullify:12
lit/git-issues/git-issue-3855.dfy:pinned,Memory.Valid (well-formedness),content,True,well-formedness:MemoryValid:0
lit/git-issues/git-issue-3855.dfy:pinned,Memory.fAddObject (well-formedness),content,True,well-formedness:MemoryfAddObject:0
lit/git-issues/git-issue-3855.dfy:pinned,Object._ctor (correctness),unchanged,False,correctness:Objectctor:0
lit/git-issues/git-issue-3855.dfy:pinned,Memory.fNullify (correctness) (assertion batch 7),content,True,correctness:MemoryfNullify:6
lit/git-issues/git-issue-3855.dfy:pinned,Memory.justHeapExternalEdges (well-formedness),unchanged,False,well-formedness:MemoryjustHeapExternalEdges:0
lit/git-issues/git-issue-3855.dfy:pinned,Memory.fNullify (correctness) (assertion batch 2),content,True,correctness:MemoryfNullify:1
lit/git-issues/git-issue-3855.dfy:pinned,Memory.Valid2 (well-formedness),content,True,well-formedness:MemoryValid2:0
lit/git-issues/git-issue-3855.dfy:pinned,Memory.fRead (well-formedness),content,True,well-formedness:MemoryfRead:0
lit/git-issues/git-issue-3855.dfy:pinned,Memory.fNullify (correctness) (assertion batch 9),content,True,correctness:MemoryfNullify:8
lit/git-issues/git-issue-3855.dfy:pinned,Memory.fNullify (correctness) (assertion batch 11),content,True,correctness:MemoryfNullify:10
lit/git-issues/git-issue-3855.dfy:pinned,Memory.externalDistributesOverDisjointEdges (correctness),unchanged,False,correctness:MemoryexternalDistributesOverDisjointEdges:0
lit/git-issues/git-issue-3855.dfy:pinned,Memory.fNullify (well-formedness) (assertion batch 12),content,True,well-formedness:MemoryfNullify:11
lit/git-issues/git-issue-3855.dfy:pinned,Memory.heapExternalsZeroOrOneXXX (well-formedness),content,True,well-formedness:MemoryheapExternalsZeroOrOneXXX:0
lit/git-issues/git-issue-3855.dfy:pinned,RemoveKey (well-formedness),content,True,well-formedness:RemoveKey:0
lit/git-issues/git-issue-3855.dfy:pinned,Memory.fNullify (well-formedness) (assertion batch 16),content,True,well-formedness:MemoryfNullify:15
lit/git-issues/git-issue-3855.dfy:pinned,Memory.isosRefCountZeroOrOne (well-formedness),unchanged,False,well-formedness:MemoryisosRefCountZeroOrOne:0
lit/git-issues/git-issue-3855.dfy:pinned,Memory.dynNukeObject (well-formedness),content,True,well-formedness:MemorydynNukeObject:0
lit/git-issues/git-issue-3855.dfy:pinned,Memory.wholeEnchilada (well-formedness),content,True,well-formedness:MemorywholeEnchilada:0
lit/git-issues/git-issue-3855.dfy:pinned,Object.Valid (well-formedness),unchanged,False,well-formedness:ObjectValid:0
lit/git-issues/git-issue-3855.dfy:pinned,Memory.externalEdges (well-formedness),unchanged,False,well-formedness:MemoryexternalEdges:0
lit/git-issues/git-issue-3855.dfy:pinned,Memory.fNullify (well-formedness) (assertion batch 14),content,True,well-formedness:MemoryfNullify:13
lit/git-issues/git-issue-3855.dfy:pinned,Memory.fNullify (well-formedness) (assertion batch 5),unchanged,False,well-formedness:MemoryfNullify:4
lit/git-issues/git-issue-3855.dfy:pinned,Memory.fExists (well-formedness),content,True,well-formedness:MemoryfExists:0
lit/git-issues/git-issue-3855.dfy:pinned,Memory.fNullify (correctness) (assertion batch 4),content,True,correctness:MemoryfNullify:3
lit/git-issues/git-issue-3855.dfy:pinned,Memory.fNullify (well-formedness) (assertion batch 11),content,True,well-formedness:MemoryfNullify:10
lit/git-issues/git-issue-3855.dfy:pinned,Memory.fNullify (correctness) (assertion batch 10),content,True,correctness:MemoryfNullify:9
lit/git-issues/git-issue-3855.dfy:pinned,Object.AllFieldsContentsConsistentWithTheirDeclaration (well-formedness),unchanged,False,well-formedness:ObjectAllFieldsContentsConsistentWithTheirDeclaration:0
lit/git-issues/git-issue-3855.dfy:pinned,Memory.RefCountDistributesOverDisjointEdges (correctness),unchanged,False,correctness:MemoryRefCountDistributesOverDisjointEdges:0
lit/git-issues/git-issue-3855.dfy:pinned,Memory.dynMove (well-formedness),content,True,well-formedness:MemorydynMove:0
lit/git-issues/git-issue-3855.dfy:pinned,Memory.fNullify (correctness) (assertion batch 3),content,True,correctness:MemoryfNullify:2
lit/git-issues/git-issue-3855.dfy:pinned,Memory.fNullify (well-formedness) (assertion batch 6),content,True,well-formedness:MemoryfNullify:5
lit/git-issues/git-issue-3855.dfy:pinned,staticMoveAsg (correctness),content,True,correctness:staticMoveAsg:0
lit/git-issues/git-issue-3855.dfy:pinned,Memory.dynCopy (well-formedness),content,True,well-formedness:MemorydynCopy:0
lit/git-issues/git-issue-3855.dfy:pinned,Memory.heapExternalsZeroOrOne (well-formedness),content,True,well-formedness:MemoryheapExternalsZeroOrOne:0
lit/git-issues/git-issue-3855.dfy:pinned,Memory.fNullify (correctness) (assertion batch 8),content,True,correctness:MemoryfNullify:7
lit/git-issues/git-issue-3855.dfy:pinned,Object.AllFieldsAreDeclared (well-formedness),unchanged,False,well-formedness:ObjectAllFieldsAreDeclared:0
lit/git-issues/git-issue-3855.dfy:pinned,staticMoveAsg (well-formedness),content,True,well-formedness:staticMoveAsg:0
lit/git-issues/git-issue-3855.dfy:pinned,MutsPointOnlyInSameRegion (correctness),unchanged,False,correctness:MutsPointOnlyInSameRegion:0
lit/git-issues/git-issue-3855.dfy:pinned,Memory.fNullify (correctness) (assertion batch 12),content,True,correctness:MemoryfNullify:11
lit/git-issues/git-issue-3855.dfy:pinned,Memory.betterCopyDynamicCheck (well-formedness),unchanged,False,well-formedness:MemorybetterCopyDynamicCheck:0
lit/git-issues/git-issue-3855.dfy:pinned,Memory.fGC (well-formedness),content,True,well-formedness:MemoryfGC:0
lit/git-issues/git-issue-3855.dfy:pinned,Memory.OutgoingReferencesAreInThisHeap (well-formedness),unchanged,False,well-formedness:MemoryOutgoingReferencesAreInThisHeap:0
lit/git-issues/git-issue-3855.dfy:pinned,Memory.RefCountIsMonotonic (correctness),unchanged,False,correctness:MemoryRefCountIsMonotonic:0
lit/git-issues/git-issue-3855.dfy:pinned,Memory.fNullify (correctness) (assertion batch 5),content,True,correctness:MemoryfNullify:4
lit/git-issues/git-issue-3855.dfy:pinned,Memory.partitionOfJustHeapRegions (well-formedness),content,True,well-formedness:MemorypartitionOfJustHeapRegions:0
lit/git-issues/git-issue-3855.dfy:pinned,Memory.edges (well-formedness),unchanged,False,well-formedness:Memoryedges:0
lit/git-issues/git-issue-3855.dfy:pinned,Memory.fNullify (well-formedness) (assertion batch 4),unchanged,False,well-formedness:MemoryfNullify:3
lit/git-issues/git-issue-3855.dfy:pinned,staticCopyAsg (well-formedness),content,True,well-formedness:staticCopyAsg:0
lit/git-issues/git-issue-3855.dfy:pinned,Object.outgoing (well-formedness),unchanged,False,well-formedness:Objectoutgoing:0
lit/git-issues/git-issue-3855.dfy:pinned,Memory.partitionIntoRegions (well-formedness),content,True,well-formedness:MemorypartitionIntoRegions:0
lit/git-issues/git-issue-3855.dfy:pinned,Memory.heapExternalsZeroOrOneEdges (well-formedness),content,True,well-formedness:MemoryheapExternalsZeroOrOneEdges:0
lit/git-issues/git-issue-3855.dfy:pinned,Memory.ObjectsAreValid (well-formedness),unchanged,False,well-formedness:MemoryObjectsAreValid:0
lit/git-issues/git-issue-3855.dfy:pinned,Memory.justTheIsos (well-formedness),unchanged,False,well-formedness:MemoryjustTheIsos:0
lit/git-issues/git-issue-3855.dfy:pinned,Object.size (well-formedness),unchanged,False,well-formedness:Objectsize:0
lit/git-issues/git-issue-3855.dfy:pinned,Memory.AllImmutablesAreImmutable (well-formedness),unchanged,False,well-formedness:MemoryAllImmutablesAreImmutable:0
lit/git-issues/git-issue-3855.dfy:pinned,OnlyIMMsOKOutOfImms (correctness),content,True,correctness:OnlyIMMsOKOutOfImms:0
lit/git-issues/git-issue-3855.dfy:pinned,OnlyIMMsOKOutOfImms (well-formedness),content,True,well-formedness:OnlyIMMsOKOutOfImms:0
lit/git-issues/git-issue-3855.dfy:pinned,Memory.BiggerIsBigger (correctness),unchanged,False,correctness:MemoryBiggerIsBigger:0
lit/git-issues/git-issue-3855.dfy:pinned,Status.PropagateFailure (well-formedness),unchanged,False,well-formedness:StatusPropagateFailure:0
lit/git-issues/git-issue-3855.dfy:pinned,Memory.betterMoveDynamicCheck (well-formedness),unchanged,False,well-formedness:MemorybetterMoveDynamicCheck:0
lit/git-issues/git-issue-3855.dfy:pinned,Memory.fNullify (well-formedness) (assertion batch 1),unchanged,False,well-formedness:MemoryfNullify:0
lit/git-issues/git-issue-3855.dfy:pinned,Object.AllOutgoingReferencesAreVenice (well-formedness),unchanged,False,well-formedness:ObjectAllOutgoingReferencesAreVenice:0
lit/git-issues/git-issue-3855.dfy:pinned,Memory.ownershipRegionsAreDisjoint (correctness),unchanged,False,correctness:MemoryownershipRegionsAreDisjoint:0
lit/git-issues/git-issue-3855.dfy:pinned,Memory.refCountEdges (well-formedness),unchanged,False,well-formedness:MemoryrefCountEdges:0
lit/git-issues/git-issue-3855.dfy:pinned,AssignmentCompatible (well-formedness),unchanged,False,well-formedness:AssignmentCompatible:0
lit/git-issues/git-issue-3855.dfy:pinned,Memory.incomingEdges (well-formedness),unchanged,False,well-formedness:MemoryincomingEdges:0
lit/git-issues/git-issue-3855.dfy:pinned,Memory.mutsPointIntoSameRegionOrImmOrIso (well-formedness),unchanged,False,well-formedness:MemorymutsPointIntoSameRegionOrImmOrIso:0
lit/git-issues/git-issue-3855.dfy:pinned,Memory.ownedBy (well-formedness),unchanged,False,well-formedness:MemoryownedBy:0
lit/git-issues/git-issue-3855.dfy:pinned,Memory.mutsPointIntoSameRegionOrImmOrIso (correctness),unchanged,False,correctness:MemorymutsPointIntoSameRegionOrImmOrIso:0
lit/git-issues/git-issue-3855.dfy:pinned,Memory.fNullify (well-formedness) (assertion batch 2),unchanged,False,well-formedness:MemoryfNullify:1
lit/git-issues/git-issue-3855.dfy:pinned,Memory.fNullify (well-formedness) (assertion batch 3),unchanged,False,well-formedness:MemoryfNullify:2
lit/git-issues/git-issue-3855.dfy:pinned,RemoveKeys (well-formedness),unchanged,False,well-formedness:RemoveKeys:0
lit/git-issues/git-issue-3855.dfy:pinned,Memory.HeapObjectsAreMonotonic (well-formedness),unchanged,False,well-formedness:MemoryHeapObjectsAreMonotonic:0
lit/git-issues/git-issue-3855.dfy:pinned,Memory.allRegions (well-formedness),unchanged,False,well-formedness:MemoryallRegions:0
lit/git-issues/git-issue-6535.dfy:refresh,Bad (correctness),content,True,correctness:Bad:0
lit/git-issues/git-issue-6535.dfy:legacy,Bad (correctness),content,True,correctness:Bad:0
lit/git-issues/git-issue-697b.dfy:refresh,EvenCell (well-formedness),unchanged,False,well-formedness:EvenCell:0
lit/git-issues/git-issue-697b.dfy:refresh,doubleEvenCell (well-formedness),unchanged,False,well-formedness:doubleEvenCell:0
lit/git-issues/git-issue-697b.dfy:refresh,Main (correctness),content,True,correctness:Main:0
lit/git-issues/git-issue-697b.dfy:legacy,doubleEvenCell (well-formedness),unchanged,False,well-formedness:doubleEvenCell:0
lit/git-issues/git-issue-697b.dfy:legacy,EvenCell (well-formedness),unchanged,False,well-formedness:EvenCell:0
lit/git-issues/git-issue-697b.dfy:legacy,Main (correctness),content,True,correctness:Main:0
lit/git-issues/git-issue-851.dfy:refresh,ExampleD.Test (correctness),unchanged,False,correctness:ExampleDTest:0
lit/git-issues/git-issue-851.dfy:refresh,ExampleA.BadGhost (well-formedness),unchanged,False,well-formedness:ExampleABadGhost:0
lit/git-issues/git-issue-851.dfy:refresh,OtherBindersInStatements.Forall1 (correctness),unchanged,False,correctness:OtherBindersInStatementsForall1:0
lit/git-issues/git-issue-851.dfy:refresh,OtherBindersInExpressions.Lambda (well-formedness),unchanged,False,well-formedness:OtherBindersInExpressionsLambda:0
lit/git-issues/git-issue-851.dfy:refresh,OtherBindersInStatements.Forall0 (correctness),unchanged,False,correctness:OtherBindersInStatementsForall0:0
lit/git-issues/git-issue-851.dfy:refresh,OtherBindersInStatements.MapComprehension0 (correctness),content,True,correctness:OtherBindersInStatementsMapComprehension0:0
lit/git-issues/git-issue-851.dfy:refresh,OtherBindersInStatements.Exists (correctness),unchanged,False,correctness:OtherBindersInStatementsExists:0
lit/git-issues/git-issue-851.dfy:refresh,OtherBindersInStatements.MapComprehension1 (correctness),content,True,correctness:OtherBindersInStatementsMapComprehension1:0
lit/git-issues/git-issue-851.dfy:refresh,OtherBindersInExpressions.MapComprehension2 (well-formedness),content,True,well-formedness:OtherBindersInExpressionsMapComprehension2:0
lit/git-issues/git-issue-851.dfy:refresh,ExampleB.BadSuchThatGhost (correctness),unchanged,False,correctness:ExampleBBadSuchThatGhost:0
lit/git-issues/git-issue-851.dfy:refresh,OtherBindersInStatements.SetComprehension0 (correctness),unchanged,False,correctness:OtherBindersInStatementsSetComprehension0:0
lit/git-issues/git-issue-851.dfy:refresh,ExampleA_Compiled.BadCompiled (well-formedness),unchanged,False,well-formedness:ExampleACompiledBadCompiled:0
lit/git-issues/git-issue-851.dfy:refresh,OtherBindersInExpressions.MapComprehension3 (well-formedness),content,True,well-formedness:OtherBindersInExpressionsMapComprehension3:0
lit/git-issues/git-issue-851.dfy:refresh,OtherBindersInStatements.MapComprehension2 (correctness),content,True,correctness:OtherBindersInStatementsMapComprehension2:0
lit/git-issues/git-issue-851.dfy:refresh,OtherBindersInStatements.MapComprehension3 (correctness),content,True,correctness:OtherBindersInStatementsMapComprehension3:0
lit/git-issues/git-issue-851.dfy:refresh,OtherBindersInExpressions.Forall0 (well-formedness),unchanged,False,well-formedness:OtherBindersInExpressionsForall0:0
lit/git-issues/git-issue-851.dfy:refresh,OtherBindersInExpressions.Forall3 (well-formedness),unchanged,False,well-formedness:OtherBindersInExpressionsForall3:0
lit/git-issues/git-issue-851.dfy:refresh,OtherBindersInExpressions.SetComprehension0 (well-formedness),unchanged,False,well-formedness:OtherBindersInExpressionsSetComprehension0:0
lit/git-issues/git-issue-851.dfy:refresh,Main (correctness),unchanged,False,correctness:Main:0
lit/git-issues/git-issue-851.dfy:refresh,ExampleB.BadCompiled (correctness),unchanged,False,correctness:ExampleBBadCompiled:0
lit/git-issues/git-issue-851.dfy:refresh,OtherBindersInExpressions.SetComprehension1 (well-formedness),unchanged,False,well-formedness:OtherBindersInExpressionsSetComprehension1:0
lit/git-issues/git-issue-851.dfy:refresh,OtherBindersInExpressions.Forall1 (well-formedness),unchanged,False,well-formedness:OtherBindersInExpressionsForall1:0
lit/git-issues/git-issue-851.dfy:refresh,OtherBindersInStatements.SetComprehension1 (correctness),unchanged,False,correctness:OtherBindersInStatementsSetComprehension1:0
lit/git-issues/git-issue-851.dfy:refresh,OtherBindersInStatements.Lambda (correctness),unchanged,False,correctness:OtherBindersInStatementsLambda:0
lit/git-issues/git-issue-851.dfy:refresh,OtherBindersInExpressions.MapComprehension1 (well-formedness),content,True,well-formedness:OtherBindersInExpressionsMapComprehension1:0
lit/git-issues/git-issue-851.dfy:refresh,OtherBindersInExpressions.Exists (well-formedness),unchanged,False,well-formedness:OtherBindersInExpressionsExists:0
lit/git-issues/git-issue-851.dfy:refresh,OtherBindersInExpressions.Forall2 (well-formedness),unchanged,False,well-formedness:OtherBindersInExpressionsForall2:0
lit/git-issues/git-issue-851.dfy:refresh,ExampleB.BadGhost (correctness),unchanged,False,correctness:ExampleBBadGhost:0
lit/git-issues/git-issue-851.dfy:refresh,OtherBindersInExpressions.MapComprehension0 (well-formedness),content,True,well-formedness:OtherBindersInExpressionsMapComprehension0:0
lit/git-issues/git-issue-851.dfy:refresh,ExampleA.Test (correctness),unchanged,False,correctness:ExampleATest:0
lit/git-issues/git-issue-851.dfy:refresh,ExampleA_Compiled.C.F (well-formedness),unchanged,False,well-formedness:ExampleACompiledCF:0
lit/git-issues/git-issue-851.dfy:refresh,ExampleC.Fine0 (correctness),unchanged,False,correctness:ExampleCFine0:0
lit/git-issues/git-issue-851.dfy:refresh,ExampleC.Fine1 (correctness),unchanged,False,correctness:ExampleCFine1:0
lit/git-issues/git-issue-851.dfy:refresh,ExampleB.Test (correctness),unchanged,False,correctness:ExampleBTest:0
lit/git-issues/git-issue-851.dfy:refresh,ExampleC.IfCase (correctness),unchanged,False,correctness:ExampleCIfCase:0
lit/git-issues/git-issue-851.dfy:refresh,ExampleA.C.F (well-formedness),unchanged,False,well-formedness:ExampleACF:0
lit/git-issues/git-issue-851.dfy:legacy,ExampleA.BadGhost (well-formedness),unchanged,False,well-formedness:ExampleABadGhost:0
lit/git-issues/git-issue-851.dfy:legacy,OtherBindersInStatements.MapComprehension2 (correctness),content,True,correctness:OtherBindersInStatementsMapComprehension2:0
lit/git-issues/git-issue-851.dfy:legacy,OtherBindersInStatements.Forall1 (correctness),unchanged,False,correctness:OtherBindersInStatementsForall1:0
lit/git-issues/git-issue-851.dfy:legacy,OtherBindersInStatements.MapComprehension1 (correctness),content,True,correctness:OtherBindersInStatementsMapComprehension1:0
lit/git-issues/git-issue-851.dfy:legacy,ExampleA_Compiled.BadCompiled (well-formedness),unchanged,False,well-formedness:ExampleACompiledBadCompiled:0
lit/git-issues/git-issue-851.dfy:legacy,OtherBindersInStatements.MapComprehension3 (correctness),content,True,correctness:OtherBindersInStatementsMapComprehension3:0
lit/git-issues/git-issue-851.dfy:legacy,OtherBindersInStatements.Exists (correctness),unchanged,False,correctness:OtherBindersInStatementsExists:0
lit/git-issues/git-issue-851.dfy:legacy,OtherBindersInStatements.Lambda (correctness),unchanged,False,correctness:OtherBindersInStatementsLambda:0
lit/git-issues/git-issue-851.dfy:legacy,OtherBindersInExpressions.Lambda (well-formedness),unchanged,False,well-formedness:OtherBindersInExpressionsLambda:0
lit/git-issues/git-issue-851.dfy:legacy,OtherBindersInExpressions.MapComprehension3 (well-formedness),content,True,well-formedness:OtherBindersInExpressionsMapComprehension3:0
lit/git-issues/git-issue-851.dfy:legacy,OtherBindersInStatements.MapComprehension0 (correctness),content,True,correctness:OtherBindersInStatementsMapComprehension0:0
lit/git-issues/git-issue-851.dfy:legacy,OtherBindersInExpressions.MapComprehension2 (well-formedness),content,True,well-formedness:OtherBindersInExpressionsMapComprehension2:0
lit/git-issues/git-issue-851.dfy:legacy,OtherBindersInStatements.Forall0 (correctness),unchanged,False,correctness:OtherBindersInStatementsForall0:0
lit/git-issues/git-issue-851.dfy:legacy,Main (correctness),unchanged,False,correctness:Main:0
lit/git-issues/git-issue-851.dfy:legacy,OtherBindersInExpressions.Forall0 (well-formedness),unchanged,False,well-formedness:OtherBindersInExpressionsForall0:0
lit/git-issues/git-issue-851.dfy:legacy,OtherBindersInExpressions.Forall1 (well-formedness),unchanged,False,well-formedness:OtherBindersInExpressionsForall1:0
lit/git-issues/git-issue-851.dfy:legacy,OtherBindersInExpressions.MapComprehension0 (well-formedness),content,True,well-formedness:OtherBindersInExpressionsMapComprehension0:0
lit/git-issues/git-issue-851.dfy:legacy,OtherBindersInStatements.SetComprehension1 (correctness),unchanged,False,correctness:OtherBindersInStatementsSetComprehension1:0
lit/git-issues/git-issue-851.dfy:legacy,OtherBindersInExpressions.MapComprehension1 (well-formedness),content,True,well-formedness:OtherBindersInExpressionsMapComprehension1:0
lit/git-issues/git-issue-851.dfy:legacy,ExampleB.BadSuchThatGhost (correctness),unchanged,False,correctness:ExampleBBadSuchThatGhost:0
lit/git-issues/git-issue-851.dfy:legacy,OtherBindersInExpressions.Forall2 (well-formedness),unchanged,False,well-formedness:OtherBindersInExpressionsForall2:0
lit/git-issues/git-issue-851.dfy:legacy,OtherBindersInExpressions.SetComprehension1 (well-formedness),unchanged,False,well-formedness:OtherBindersInExpressionsSetComprehension1:0
lit/git-issues/git-issue-851.dfy:legacy,OtherBindersInStatements.SetComprehension0 (correctness),unchanged,False,correctness:OtherBindersInStatementsSetComprehension0:0
lit/git-issues/git-issue-851.dfy:legacy,OtherBindersInExpressions.Forall3 (well-formedness),unchanged,False,well-formedness:OtherBindersInExpressionsForall3:0
lit/git-issues/git-issue-851.dfy:legacy,OtherBindersInExpressions.SetComprehension0 (well-formedness),unchanged,False,well-formedness:OtherBindersInExpressionsSetComprehension0:0
lit/git-issues/git-issue-851.dfy:legacy,ExampleA.Test (correctness),unchanged,False,correctness:ExampleATest:0
lit/git-issues/git-issue-851.dfy:legacy,ExampleD.Test (correctness),unchanged,False,correctness:ExampleDTest:0
lit/git-issues/git-issue-851.dfy:legacy,ExampleB.BadCompiled (correctness),unchanged,False,correctness:ExampleBBadCompiled:0
lit/git-issues/git-issue-851.dfy:legacy,ExampleA.C.F (well-formedness),unchanged,False,well-formedness:ExampleACF:0
lit/git-issues/git-issue-851.dfy:legacy,ExampleA_Compiled.C.F (well-formedness),unchanged,False,well-formedness:ExampleACompiledCF:0
lit/git-issues/git-issue-851.dfy:legacy,ExampleB.BadGhost (correctness),unchanged,False,correctness:ExampleBBadGhost:0
lit/git-issues/git-issue-851.dfy:legacy,ExampleC.IfCase (correctness),unchanged,False,correctness:ExampleCIfCase:0
lit/git-issues/git-issue-851.dfy:legacy,OtherBindersInExpressions.Exists (well-formedness),unchanged,False,well-formedness:OtherBindersInExpressionsExists:0
lit/git-issues/git-issue-851.dfy:legacy,ExampleC.Fine1 (correctness),unchanged,False,correctness:ExampleCFine1:0
lit/git-issues/git-issue-851.dfy:legacy,ExampleC.Fine0 (correctness),unchanged,False,correctness:ExampleCFine0:0
lit/git-issues/git-issue-851.dfy:legacy,ExampleB.Test (correctness),unchanged,False,correctness:ExampleBTest:0
std/Collections/Imap.dfy,Std.Collections.Imap.RemoveKeys (well-formedness),content,True,well-formedness:StdCollectionsImapRemoveKeys:0
std/Collections/Imap.dfy,Std.Collections.Imap.Get (well-formedness),unchanged,False,well-formedness:StdCollectionsImapGet:0
std/Collections/Imap.dfy,Std.Collections.Imap.Restrict (well-formedness),content,True,well-formedness:StdCollectionsImapRestrict:0
std/Collections/Imap.dfy,Std.Collections.Imap.LemmaInvertIsInjective (correctness),content,True,correctness:StdCollectionsImapLemmaInvertIsInjective:0
std/Collections/Imap.dfy,Std.Collections.Imap.MonotonicFrom (well-formedness),unchanged,False,well-formedness:StdCollectionsImapMonotonicFrom:0
std/Collections/Imap.dfy,Std.Collections.Imap.Monotonic (well-formedness),unchanged,False,well-formedness:StdCollectionsImapMonotonic:0
std/Collections/Imap.dfy,Std.Collections.Imap.Union (well-formedness),unchanged,False,well-formedness:StdCollectionsImapUnion:0
std/Collections/Imap.dfy,Std.Collections.Imap.EqualOnKey (well-formedness),unchanged,False,well-formedness:StdCollectionsImapEqualOnKey:0
std/Collections/Imap.dfy,Std.Collections.Imap.RemoveKey (well-formedness),content,True,well-formedness:StdCollectionsImapRemoveKey:0
std/Collections/Imap.dfy,Std.Collections.Imap.Invert (well-formedness),content,True,well-formedness:StdCollectionsImapInvert:0
std/Collections/Imap.dfy,Std.Collections.Imap.Injective (well-formedness),unchanged,False,well-formedness:StdCollectionsImapInjective:0
std/Collections/Map.dfy,Std.Collections.Map.Get (well-formedness),unchanged,False,well-formedness:StdCollectionsMapGet:0
std/Collections/Map.dfy,Std.Collections.Map.ToImap (well-formedness),content,True,well-formedness:StdCollectionsMapToImap:0
std/Collections/Map.dfy,Std.Collections.Map.Remove (well-formedness),content,True,well-formedness:StdCollectionsMapRemove:0
std/Collections/Map.dfy,Std.Collections.Map.RemoveKeys (well-formedness),unchanged,False,well-formedness:StdCollectionsMapRemoveKeys:0
std/Collections/Map.dfy,Std.Collections.Map.Invert (well-formedness),content,True,well-formedness:StdCollectionsMapInvert:0
std/Collections/Map.dfy,Std.Collections.Map.Monotonic (well-formedness),unchanged,False,well-formedness:StdCollectionsMapMonotonic:0
std/Collections/Map.dfy,Std.Collections.Map.LemmaInvertIsInjective (correctness),content,True,correctness:StdCollectionsMapLemmaInvertIsInjective:0
std/Collections/Map.dfy,Std.Collections.Map.Restrict (well-formedness),content,True,well-formedness:StdCollectionsMapRestrict:0
std/Collections/Map.dfy,Std.Collections.Map.Injective (well-formedness),unchanged,False,well-formedness:StdCollectionsMapInjective:0
std/Collections/Map.dfy,Std.Collections.Map.LemmaDisjointUnionSize (correctness),unchanged,False,correctness:StdCollectionsMapLemmaDisjointUnionSize:0
std/Collections/Map.dfy,Std.Collections.Map.Union (well-formedness),unchanged,False,well-formedness:StdCollectionsMapUnion:0
std/Collections/Map.dfy,Std.Collections.Map.MonotonicFrom (well-formedness),unchanged,False,well-formedness:StdCollectionsMapMonotonicFrom:0
std/Collections/Map.dfy,Std.Collections.Map.EqualOnKey (well-formedness),unchanged,False,well-formedness:StdCollectionsMapEqualOnKey:0
std/Parsers/Core/ParsersBuilders.dfy,Std.Parsers.Builders.O (well-formedness),unmapped,,
std/Parsers/Core/ParsersBuilders.dfy,Std.Parsers.Builders.RecNoStack (well-formedness),unmapped,,
std/Parsers/Core/ParsersBuilders.dfy,Std.Parsers.Builders.RecursiveProgressError (well-formedness),unmapped,,
std/Parsers/Core/ParsersBuilders.dfy,Std.Parsers.Builders.RecNoStack_ (well-formedness),unmapped,,
std/Parsers/Core/ParsersBuilders.dfy,Std.Parsers.Builders.RecMap (well-formedness),unmapped,,
synth/chain-01.dfy,Chain (correctness),content,True,correctness:Chain:0
synth/chain-02.dfy,Chain (correctness),content,True,correctness:Chain:0
synth/chain-04.dfy,Chain (correctness),content,True,correctness:Chain:0
synth/chain-08.dfy,Chain (correctness),content,True,correctness:Chain:0
synth/chain-16.dfy,Chain (correctness),content,True,correctness:Chain:0
synth/equal-01.dfy,Equal (correctness),content,True,correctness:Equal:0
synth/equal-02.dfy,Equal (correctness),content,True,correctness:Equal:0
synth/equal-04.dfy,Equal (correctness),content,True,correctness:Equal:0
synth/equal-08.dfy,Equal (correctness),content,True,correctness:Equal:0
synth/equal-16.dfy,Equal (correctness),content,True,correctness:Equal:0
synth/ichain-01.dfy,Chain (correctness),content,True,correctness:Chain:0
synth/ichain-02.dfy,Chain (correctness),content,True,correctness:Chain:0
synth/ichain-04.dfy,Chain (correctness),content,True,correctness:Chain:0
synth/ichain-08.dfy,Chain (correctness),content,True,correctness:Chain:0
synth/ichain-16.dfy,Chain (correctness),content,True,correctness:Chain:0
synth/ilookups-01.dfy,Lookups (correctness),content,True,correctness:Lookups:0
synth/ilookups-02.dfy,Lookups (correctness),content,True,correctness:Lookups:0
synth/ilookups-04.dfy,Lookups (correctness),content,True,correctness:Lookups:0
synth/ilookups-08.dfy,Lookups (correctness),content,True,correctness:Lookups:0
synth/ilookups-16.dfy,Lookups (correctness),content,True,correctness:Lookups:0
synth/keyed-01.dfy,Keyed (correctness),content,True,correctness:Keyed:0
synth/keyed-02.dfy,Keyed (correctness),content,True,correctness:Keyed:0
synth/keyed-04.dfy,Keyed (correctness),content,True,correctness:Keyed:0
synth/keyed-08.dfy,Keyed (correctness),content,True,correctness:Keyed:0
synth/keyed-16.dfy,Keyed (correctness),content,True,correctness:Keyed:0
synth/lookups-01.dfy,Lookups (correctness),content,True,correctness:Lookups:0
synth/lookups-02.dfy,Lookups (correctness),content,True,correctness:Lookups:0
synth/lookups-04.dfy,Lookups (correctness),content,True,correctness:Lookups:0
synth/lookups-08.dfy,Lookups (correctness),content,True,correctness:Lookups:0
synth/lookups-16.dfy,Lookups (correctness),content,True,correctness:Lookups:0
synth/spec-01.dfy,Store.Bump (well-formedness),content,True,well-formedness:StoreBump:0
synth/spec-01.dfy,Store.Bump (correctness),content,True,correctness:StoreBump:0
synth/spec-01.dfy,Spec (correctness),content,True,correctness:Spec:0
synth/spec-01.dfy,Spec (well-formedness),unchanged,False,well-formedness:Spec:0
synth/spec-02.dfy,Store.Bump (correctness),content,True,correctness:StoreBump:0
synth/spec-02.dfy,Store.Bump (well-formedness),content,True,well-formedness:StoreBump:0
synth/spec-02.dfy,Spec (correctness),content,True,correctness:Spec:0
synth/spec-02.dfy,Spec (well-formedness),unchanged,False,well-formedness:Spec:0
synth/spec-04.dfy,Store.Bump (correctness),content,True,correctness:StoreBump:0
synth/spec-04.dfy,Store.Bump (well-formedness),content,True,well-formedness:StoreBump:0
synth/spec-04.dfy,Spec (correctness),content,True,correctness:Spec:0
synth/spec-04.dfy,Spec (well-formedness),unchanged,False,well-formedness:Spec:0
synth/spec-08.dfy,Store.Bump (correctness),content,True,correctness:StoreBump:0
synth/spec-08.dfy,Store.Bump (well-formedness),content,True,well-formedness:StoreBump:0
synth/spec-08.dfy,Spec (correctness),content,True,correctness:Spec:0
synth/spec-08.dfy,Spec (well-formedness),content,False,well-formedness:Spec:0
synth/spec-16.dfy,Store.Bump (correctness),content,True,correctness:StoreBump:0
synth/spec-16.dfy,Store.Bump (well-formedness),content,True,well-formedness:StoreBump:0
synth/spec-16.dfy,Spec (correctness),content,True,correctness:Spec:0
synth/spec-16.dfy,Spec (well-formedness),unchanged,False,well-formedness:Spec:0
synth/update-01.dfy,Update (correctness),content,True,correctness:Update:0
synth/update-02.dfy,Update (correctness),content,True,correctness:Update:0
synth/update-04.dfy,Update (correctness),content,True,correctness:Update:0
synth/update-08.dfy,Update (correctness),content,True,correctness:Update:0
synth/update-16.dfy,Update (correctness),content,True,correctness:Update:0
lit/dafny4/UnionFind-noiso.dfy:refresh,Main (correctness),content,True,correctness:Main:0
lit/dafny4/UnionFind-noiso.dfy:refresh,M2.UnionFind.FindAux (correctness),content,True,correctness:M2UnionFindFindAux:0
lit/dafny4/UnionFind-noiso.dfy:refresh,M3.UnionFind.Join (correctness) (assertion batch 93),content,True,correctness:M3UnionFindJoin:92
lit/dafny4/UnionFind-noiso.dfy:refresh,M3.UnionFind.Join (correctness) (assertion batch 148),content,True,correctness:M3UnionFindJoin:147
lit/dafny4/UnionFind-noiso.dfy:refresh,M1.UnionFind.New (correctness),content,True,correctness:M1UnionFindNew:0
lit/dafny4/UnionFind-noiso.dfy:refresh,M3.UnionFind.JoinMaintainsReaches1 (correctness),unchanged,False,correctness:M3UnionFindJoinMaintainsReaches1:0
lit/dafny4/UnionFind-noiso.dfy:refresh,M1.UnionFind.Union (correctness),content,True,correctness:M1UnionFindUnion:0
lit/dafny4/UnionFind-noiso.dfy:refresh,M3.UnionFind.Join (correctness) (assertion batch 40),content,True,correctness:M3UnionFindJoin:39
lit/dafny4/UnionFind-noiso.dfy:refresh,M3.UnionFind.Join (correctness) (assertion batch 123),content,True,correctness:M3UnionFindJoin:122
lit/dafny4/UnionFind-noiso.dfy:refresh,M3.UnionFind.Join (correctness) (assertion batch 48),content,True,correctness:M3UnionFindJoin:47
lit/dafny4/UnionFind-noiso.dfy:refresh,M3.UnionFind.Join (correctness) (assertion batch 168),content,True,correctness:M3UnionFindJoin:167
lit/dafny4/UnionFind-noiso.dfy:refresh,M3.UnionFind.Join (correctness) (assertion batch 128),content,True,correctness:M3UnionFindJoin:127
lit/dafny4/UnionFind-noiso.dfy:refresh,M3.UnionFind.Join (correctness) (assertion batch 67),content,True,correctness:M3UnionFindJoin:66
lit/dafny4/UnionFind-noiso.dfy:refresh,M3.UnionFind.Join (correctness) (assertion batch 112),content,True,correctness:M3UnionFindJoin:111
lit/dafny4/UnionFind-noiso.dfy:refresh,M3.UnionFind.Join (correctness) (assertion batch 113),content,True,correctness:M3UnionFindJoin:112
lit/dafny4/UnionFind-noiso.dfy:refresh,M3.UnionFind.Join (correctness) (assertion batch 111),content,True,correctness:M3UnionFindJoin:110
lit/dafny4/UnionFind-noiso.dfy:refresh,M3.UnionFind.Join (correctness) (assertion batch 166),content,True,correctness:M3UnionFindJoin:165
lit/dafny4/UnionFind-noiso.dfy:refresh,M3.UnionFind.Join (correctness) (assertion batch 35),content,True,correctness:M3UnionFindJoin:34
lit/dafny4/UnionFind-noiso.dfy:refresh,M3.UnionFind.Join (correctness) (assertion batch 110),content,True,correctness:M3UnionFindJoin:109
lit/dafny4/UnionFind-noiso.dfy:refresh,M3.UnionFind.Join (correctness) (assertion batch 122),content,True,correctness:M3UnionFindJoin:121
lit/dafny4/UnionFind-noiso.dfy:refresh,M3.UnionFind.Join (correctness) (assertion batch 167),content,True,correctness:M3UnionFindJoin:166
lit/dafny4/UnionFind-noiso.dfy:refresh,M3.UnionFind.Join (correctness) (assertion batch 124),content,True,correctness:M3UnionFindJoin:123
lit/dafny4/UnionFind-noiso.dfy:refresh,M3.UnionFind.Join (correctness) (assertion batch 27),content,True,correctness:M3UnionFindJoin:26
lit/dafny4/UnionFind-noiso.dfy:refresh,M3.UnionFind.Join (correctness) (assertion batch 65),content,True,correctness:M3UnionFindJoin:64
lit/dafny4/UnionFind-noiso.dfy:refresh,M3.UnionFind.Join (correctness) (assertion batch 141),content,True,correctness:M3UnionFindJoin:140
lit/dafny4/UnionFind-noiso.dfy:refresh,M3.UnionFind.Join (correctness) (assertion batch 86),content,True,correctness:M3UnionFindJoin:85
lit/dafny4/UnionFind-noiso.dfy:refresh,M3.UnionFind.Join (correctness) (assertion batch 68),content,True,correctness:M3UnionFindJoin:67
lit/dafny4/UnionFind-noiso.dfy:refresh,M3.UnionFind.Join (correctness) (assertion batch 81),content,True,correctness:M3UnionFindJoin:80
lit/dafny4/UnionFind-noiso.dfy:refresh,M3.UnionFind.Join (correctness) (assertion batch 66),content,True,correctness:M3UnionFindJoin:65
lit/dafny4/UnionFind-noiso.dfy:refresh,M3.UnionFind.Join (correctness) (assertion batch 165),content,True,correctness:M3UnionFindJoin:164
lit/dafny4/UnionFind-noiso.dfy:refresh,M3.UnionFind.Join (correctness) (assertion batch 136),content,True,correctness:M3UnionFindJoin:135
lit/dafny4/UnionFind-noiso.dfy:refresh,M3.UnionFind.Join (correctness) (assertion batch 73),content,True,correctness:M3UnionFindJoin:72
lit/dafny4/UnionFind-noiso.dfy:refresh,M3.UnionFind.Join (correctness) (assertion batch 118),content,True,correctness:M3UnionFindJoin:117
lit/dafny4/UnionFind-noiso.dfy:refresh,M1.UnionFind.ValidM1 (well-formedness),content,True,well-formedness:M1UnionFindValidM1:0
lit/dafny4/UnionFind-noiso.dfy:refresh,M3.UnionFind.Join (correctness) (assertion batch 121),content,True,correctness:M3UnionFindJoin:120
lit/dafny4/UnionFind-noiso.dfy:refresh,M3.UnionFind.Join (correctness) (assertion batch 174),content,True,correctness:M3UnionFindJoin:173
lit/dafny4/UnionFind-noiso.dfy:refresh,M3.UnionFind.Join (correctness) (assertion batch 119),content,True,correctness:M3UnionFindJoin:118
lit/dafny4/UnionFind-noiso.dfy:refresh,M3.UnionFind.Join (correctness) (assertion batch 125),content,True,correctness:M3UnionFindJoin:124
lit/dafny4/UnionFind-noiso.dfy:refresh,M3.UnionFind.Join (correctness) (assertion batch 184),content,True,correctness:M3UnionFindJoin:183
lit/dafny4/UnionFind-noiso.dfy:refresh,M3.UnionFind.Join (correctness) (assertion batch 126),content,True,correctness:M3UnionFindJoin:125
lit/dafny4/UnionFind-noiso.dfy:refresh,M3.UnionFind.Join (correctness) (assertion batch 120),content,True,correctness:M3UnionFindJoin:119
lit/dafny4/UnionFind-noiso.dfy:refresh,M2.UnionFind.Find (well-formedness),content,True,well-formedness:M2UnionFindFind:0
lit/dafny4/UnionFind-noiso.dfy:refresh,M2.UnionFind.Find (correctness),content,True,correctness:M2UnionFindFind:0
lit/dafny4/UnionFind-noiso.dfy:refresh,M3.UnionFind.Join (correctness) (assertion batch 64),content,True,correctness:M3UnionFindJoin:63
lit/dafny4/UnionFind-noiso.dfy:refresh,M0.UnionFind.Valid (well-formedness),unchanged,False,well-formedness:M0UnionFindValid:0
lit/dafny4/UnionFind-noiso.dfy:refresh,M1.UnionFind.Collect (well-formedness),content,True,well-formedness:M1UnionFindCollect:0
lit/dafny4/UnionFind-noiso.dfy:refresh,M3.UnionFind.Join (correctness) (assertion batch 57),content,True,correctness:M3UnionFindJoin:56
lit/dafny4/UnionFind-noiso.dfy:refresh,M0.UnionFind.New (well-formedness),unchanged,False,well-formedness:M0UnionFindNew:0
lit/dafny4/UnionFind-noiso.dfy:refresh,M3.UnionFind.Join (correctness) (assertion batch 62),content,True,correctness:M3UnionFindJoin:61
lit/dafny4/UnionFind-noiso.dfy:refresh,M1.UnionFind.Union (well-formedness),content,True,well-formedness:M1UnionFindUnion:0
lit/dafny4/UnionFind-noiso.dfy:refresh,M3.UnionFind.Join (correctness) (assertion batch 102),content,True,correctness:M3UnionFindJoin:101
lit/dafny4/UnionFind-noiso.dfy:refresh,M3.UnionFind.Join (correctness) (assertion batch 107),content,True,correctness:M3UnionFindJoin:106
lit/dafny4/UnionFind-noiso.dfy:refresh,M1.UnionFind.New (well-formedness),content,True,well-formedness:M1UnionFindNew:0
lit/dafny4/UnionFind-noiso.dfy:refresh,M3.UnionFind.Join (correctness) (assertion batch 53),content,True,correctness:M3UnionFindJoin:52
lit/dafny4/UnionFind-noiso.dfy:refresh,M3.UnionFind.Join (correctness) (assertion batch 63),content,True,correctness:M3UnionFindJoin:62
lit/dafny4/UnionFind-noiso.dfy:refresh,M3.UnionFind.Join (correctness) (assertion batch 52),content,True,correctness:M3UnionFindJoin:51
lit/dafny4/UnionFind-noiso.dfy:refresh,M3.UnionFind.Join (correctness) (assertion batch 61),content,True,correctness:M3UnionFindJoin:60
lit/dafny4/UnionFind-noiso.dfy:refresh,M3.UnionFind.Join (correctness) (assertion batch 157),content,True,correctness:M3UnionFindJoin:156
lit/dafny4/UnionFind-noiso.dfy:refresh,M3.UnionFind.Join (correctness) (assertion batch 51),content,True,correctness:M3UnionFindJoin:50
lit/dafny4/UnionFind-noiso.dfy:refresh,M3.UnionFind.Join (correctness) (assertion batch 54),content,True,correctness:M3UnionFindJoin:53
lit/dafny4/UnionFind-noiso.dfy:refresh,M3.UnionFind.Join (correctness) (assertion batch 108),content,True,correctness:M3UnionFindJoin:107
lit/dafny4/UnionFind-noiso.dfy:refresh,M3.UnionFind.Join (correctness) (assertion batch 164),content,True,correctness:M3UnionFindJoin:163
lit/dafny4/UnionFind-noiso.dfy:refresh,M3.UnionFind.Join (correctness) (assertion batch 109),content,True,correctness:M3UnionFindJoin:108
lit/dafny4/UnionFind-noiso.dfy:refresh,M3.UnionFind.Join (correctness) (assertion batch 162),content,True,correctness:M3UnionFindJoin:161
lit/dafny4/UnionFind-noiso.dfy:refresh,M3.UnionFind.Join (correctness) (assertion batch 151),content,True,correctness:M3UnionFindJoin:150
lit/dafny4/UnionFind-noiso.dfy:refresh,M3.UnionFind.Join (correctness) (assertion batch 163),content,True,correctness:M3UnionFindJoin:162
lit/dafny4/UnionFind-noiso.dfy:refresh,M3.UnionFind.Join (correctness) (assertion batch 153),content,True,correctness:M3UnionFindJoin:152
lit/dafny4/UnionFind-noiso.dfy:refresh,M3.UnionFind.Join (correctness) (assertion batch 97),content,True,correctness:M3UnionFindJoin:96
lit/dafny4/UnionFind-noiso.dfy:refresh,M3.UnionFind.ExtendedReach' (correctness),unchanged,False,correctness:M3UnionFindExtendedReachk:0
lit/dafny4/UnionFind-noiso.dfy:refresh,M1.UnionFind.Reaches_Monotonic (well-formedness),unchanged,False,well-formedness:M1UnionFindReachesMonotonic:0
lit/dafny4/UnionFind-noiso.dfy:refresh,M3.UnionFind.Join (correctness) (assertion batch 96),content,True,correctness:M3UnionFindJoin:95
lit/dafny4/UnionFind-noiso.dfy:refresh,M3.UnionFind.Join (correctness) (assertion batch 26),content,True,correctness:M3UnionFindJoin:25
lit/dafny4/UnionFind-noiso.dfy:refresh,M3.UnionFind.Join (correctness) (assertion batch 99),content,True,correctness:M3UnionFindJoin:98
lit/dafny4/UnionFind-noiso.dfy:refresh,M3.UnionFind.Join (correctness) (assertion batch 98),content,True,correctness:M3UnionFindJoin:97
lit/dafny4/UnionFind-noiso.dfy:refresh,M3.UnionFind.Join (correctness) (assertion batch 154),content,True,correctness:M3UnionFindJoin:153
lit/dafny4/UnionFind-noiso.dfy:refresh,M1.UnionFind.Join (well-formedness),content,True,well-formedness:M1UnionFindJoin:0
lit/dafny4/UnionFind-noiso.dfy:refresh,M3.UnionFind.ReachUnaffectedByChangeFromRoot' (correctness),unchanged,False,correctness:M3UnionFindReachUnaffectedByChangeFromRootk:0
lit/dafny4/UnionFind-noiso.dfy:refresh,M3.UnionFind.Join (correctness) (assertion batch 152),content,True,correctness:M3UnionFindJoin:151
lit/dafny4/UnionFind-noiso.dfy:refresh,M3.UnionFind.Join (correctness) (assertion batch 55),content,True,correctness:M3UnionFindJoin:54
lit/dafny4/UnionFind-noiso.dfy:refresh,M0.UnionFind.Find (well-formedness),unchanged,False,well-formedness:M0UnionFindFind:0
lit/dafny4/UnionFind-noiso.dfy:refresh,M2.UnionFind.NextReachesSame (correctness),content,True,correctness:M2UnionFindNextReachesSame:0
lit/dafny4/UnionFind-noiso.dfy:refresh,M2.UnionFind.FindAux (well-formedness),content,True,well-formedness:M2UnionFindFindAux:0
lit/dafny4/UnionFind-noiso.dfy:refresh,M3.UnionFind.Join (correctness) (assertion batch 117),content,True,correctness:M3UnionFindJoin:116
lit/dafny4/UnionFind-noiso.dfy:refresh,M3.UnionFind.Join (correctness) (assertion batch 101),content,True,correctness:M3UnionFindJoin:100
lit/dafny4/UnionFind-noiso.dfy:refresh,M3.UnionFind.Join (correctness) (assertion batch 106),content,True,correctness:M3UnionFindJoin:105
lit/dafny4/UnionFind-noiso.dfy:refresh,M0.UnionFind._ctor (correctness),unchanged,False,correctness:M0UnionFindctor:0
lit/dafny4/UnionFind-noiso.dfy:refresh,M3.UnionFind.Join (correctness) (assertion batch 80),content,True,correctness:M3UnionFindJoin:79
lit/dafny4/UnionFind-noiso.dfy:refresh,M3.UnionFind.Join (well-formedness) (assertion batch 6),content,True,well-formedness:M3UnionFindJoin:5
lit/dafny4/UnionFind-noiso.dfy:refresh,M3.UnionFind.Join (correctness) (assertion batch 5),content,True,correctness:M3UnionFindJoin:4
lit/dafny4/UnionFind-noiso.dfy:refresh,M3.UnionFind.ExtendedReach (correctness),unchanged,False,correctness:M3UnionFindExtendedReach:0
lit/dafny4/UnionFind-noiso.dfy:refresh,M2.UnionFind.UpdateMaintainsReaches (correctness),unchanged,False,correctness:M2UnionFindUpdateMaintainsReaches:0
lit/dafny4/UnionFind-noiso.dfy:refresh,M1.UnionFind.Reaches_Monotonic (correctness),unchanged,False,correctness:M1UnionFindReachesMonotonic:0
lit/dafny4/UnionFind-noiso.dfy:refresh,M3.UnionFind.Join (correctness) (assertion batch 161),content,True,correctness:M3UnionFindJoin:160
lit/dafny4/UnionFind-noiso.dfy:refresh,M3.UnionFind.Join (correctness) (assertion batch 42),content,True,correctness:M3UnionFindJoin:41
lit/dafny4/UnionFind-noiso.dfy:refresh,M3.UnionFind.Join (correctness) (assertion batch 77),content,True,correctness:M3UnionFindJoin:76
lit/dafny4/UnionFind-noiso.dfy:refresh,M3.UnionFind.Join (correctness) (assertion batch 36),content,True,correctness:M3UnionFindJoin:35
lit/dafny4/UnionFind-noiso.dfy:refresh,M3.UnionFind.Join (correctness) (assertion batch 60),content,True,correctness:M3UnionFindJoin:59
lit/dafny4/UnionFind-noiso.dfy:refresh,M3.UnionFind.Join (correctness) (assertion batch 142),content,True,correctness:M3UnionFindJoin:141
lit/dafny4/UnionFind-noiso.dfy:refresh,M3.UnionFind.Join (correctness) (assertion batch 92),content,True,correctness:M3UnionFindJoin:91
lit/dafny4/UnionFind-noiso.dfy:refresh,M3.UnionFind.Join (correctness) (assertion batch 83),content,True,correctness:M3UnionFindJoin:82
lit/dafny4/UnionFind-noiso.dfy:refresh,M3.UnionFind.Join (correctness) (assertion batch 87),content,True,correctness:M3UnionFindJoin:86
lit/dafny4/UnionFind-noiso.dfy:refresh,M3.UnionFind.Join (correctness) (assertion batch 28),content,True,correctness:M3UnionFindJoin:27
lit/dafny4/UnionFind-noiso.dfy:refresh,M3.UnionFind.Join (correctness) (assertion batch 172),content,True,correctness:M3UnionFindJoin:171
lit/dafny4/UnionFind-noiso.dfy:refresh,M3.UnionFind.Join (correctness) (assertion batch 4),content,True,correctness:M3UnionFindJoin:3
lit/dafny4/UnionFind-noiso.dfy:refresh,M3.UnionFind.Join (correctness) (assertion batch 89),content,True,correctness:M3UnionFindJoin:88
lit/dafny4/UnionFind-noiso.dfy:refresh,M3.UnionFind.Join (correctness) (assertion batch 72),content,True,correctness:M3UnionFindJoin:71
lit/dafny4/UnionFind-noiso.dfy:refresh,M3.UnionFind.Join (correctness) (assertion batch 127),content,True,correctness:M3UnionFindJoin:126
lit/dafny4/UnionFind-noiso.dfy:refresh,M3.UnionFind.Join (correctness) (assertion batch 56),content,True,correctness:M3UnionFindJoin:55
lit/dafny4/UnionFind-noiso.dfy:refresh,M3.UnionFind.Join (correctness) (assertion batch 75),content,True,correctness:M3UnionFindJoin:74
lit/dafny4/UnionFind-noiso.dfy:refresh,M3.UnionFind.Join (correctness) (assertion batch 155),content,True,correctness:M3UnionFindJoin:154
lit/dafny4/UnionFind-noiso.dfy:refresh,M3.UnionFind.Join (correctness) (assertion batch 34),content,True,correctness:M3UnionFindJoin:33
lit/dafny4/UnionFind-noiso.dfy:refresh,M3.UnionFind.Join (correctness) (assertion batch 44),content,True,correctness:M3UnionFindJoin:43
lit/dafny4/UnionFind-noiso.dfy:refresh,M3.UnionFind.Join (correctness) (assertion batch 46),content,True,correctness:M3UnionFindJoin:45
lit/dafny4/UnionFind-noiso.dfy:refresh,M3.UnionFind.Join (correctness) (assertion batch 30),content,True,correctness:M3UnionFindJoin:29
lit/dafny4/UnionFind-noiso.dfy:refresh,M3.UnionFind.Join (correctness) (assertion batch 50),content,True,correctness:M3UnionFindJoin:49
lit/dafny4/UnionFind-noiso.dfy:refresh,M3.UnionFind.Join (correctness) (assertion batch 104),content,True,correctness:M3UnionFindJoin:103
lit/dafny4/UnionFind-noiso.dfy:refresh,M1.UnionFind.Reaches (well-formedness),unchanged,False,well-formedness:M1UnionFindReaches:0
lit/dafny4/UnionFind-noiso.dfy:refresh,M3.UnionFind.Join (correctness) (assertion batch 144),content,True,correctness:M3UnionFindJoin:143
lit/dafny4/UnionFind-noiso.dfy:refresh,M2.UnionFind.ConstructReach (correctness),unchanged,False,correctness:M2UnionFindConstructReach:0
lit/dafny4/UnionFind-noiso.dfy:refresh,M3.UnionFind.Join (correctness) (assertion batch 59),content,True,correctness:M3UnionFindJoin:58
lit/dafny4/UnionFind-noiso.dfy:refresh,M3.UnionFind.Join (correctness) (assertion batch 181),content,True,correctness:M3UnionFindJoin:180
lit/dafny4/UnionFind-noiso.dfy:refresh,M3.UnionFind.Join (correctness) (assertion batch 79),content,True,correctness:M3UnionFindJoin:78
lit/dafny4/UnionFind-noiso.dfy:refresh,M3.UnionFind.Join (correctness) (assertion batch 22),content,True,correctness:M3UnionFindJoin:21
lit/dafny4/UnionFind-noiso.dfy:refresh,M3.UnionFind.Join (correctness) (assertion batch 159),content,True,correctness:M3UnionFindJoin:158
lit/dafny4/UnionFind-noiso.dfy:refresh,M3.UnionFind.Join (correctness) (assertion batch 85),content,True,correctness:M3UnionFindJoin:84
lit/dafny4/UnionFind-noiso.dfy:refresh,M3.UnionFind.Join (correctness) (assertion batch 179),content,True,correctness:M3UnionFindJoin:178
lit/dafny4/UnionFind-noiso.dfy:refresh,M3.UnionFind.Join (correctness) (assertion batch 183),content,True,correctness:M3UnionFindJoin:182
lit/dafny4/UnionFind-noiso.dfy:refresh,M3.UnionFind.Join (well-formedness) (assertion batch 5),content,True,well-formedness:M3UnionFindJoin:4
lit/dafny4/UnionFind-noiso.dfy:refresh,M3.UnionFind.Join (correctness) (assertion batch 95),content,True,correctness:M3UnionFindJoin:94
lit/dafny4/UnionFind-noiso.dfy:refresh,M3.UnionFind.Join (correctness) (assertion batch 31),content,True,correctness:M3UnionFindJoin:30
lit/dafny4/UnionFind-noiso.dfy:refresh,M3.UnionFind.Join (correctness) (assertion batch 91),content,True,correctness:M3UnionFindJoin:90
lit/dafny4/UnionFind-noiso.dfy:refresh,M3.UnionFind.Join (correctness) (assertion batch 49),content,True,correctness:M3UnionFindJoin:48
lit/dafny4/UnionFind-noiso.dfy:refresh,M3.UnionFind.Join (correctness) (assertion batch 105),content,True,correctness:M3UnionFindJoin:104
lit/dafny4/UnionFind-noiso.dfy:refresh,M3.UnionFind.Join (correctness) (assertion batch 146),content,True,correctness:M3UnionFindJoin:145
lit/dafny4/UnionFind-noiso.dfy:refresh,M3.UnionFind.Join (correctness) (assertion batch 13),content,True,correctness:M3UnionFindJoin:12
lit/dafny4/UnionFind-noiso.dfy:refresh,M3.UnionFind.Join (correctness) (assertion batch 17),content,True,correctness:M3UnionFindJoin:16
lit/dafny4/UnionFind-noiso.dfy:refresh,M3.UnionFind.Join (correctness) (assertion batch 140),content,True,correctness:M3UnionFindJoin:139
lit/dafny4/UnionFind-noiso.dfy:refresh,M3.UnionFind.Join (correctness) (assertion batch 16),content,True,correctness:M3UnionFindJoin:15
lit/dafny4/UnionFind-noiso.dfy:refresh,M3.UnionFind.Join (correctness) (assertion batch 24),content,True,correctness:M3UnionFindJoin:23
lit/dafny4/UnionFind-noiso.dfy:refresh,M0.UnionFind.Union (well-formedness),content,True,well-formedness:M0UnionFindUnion:0
lit/dafny4/UnionFind-noiso.dfy:refresh,M3.UnionFind.Join (correctness) (assertion batch 78),content,True,correctness:M3UnionFindJoin:77
lit/dafny4/UnionFind-noiso.dfy:refresh,M3.UnionFind.Join (well-formedness) (assertion batch 8),content,True,well-formedness:M3UnionFindJoin:7
lit/dafny4/UnionFind-noiso.dfy:refresh,M2.UnionFind.NextReachesSame (well-formedness),content,True,well-formedness:M2UnionFindNextReachesSame:0
lit/dafny4/UnionFind-noiso.dfy:refresh,M3.UnionFind.Join (correctness) (assertion batch 131),content,True,correctness:M3UnionFindJoin:130
lit/dafny4/UnionFind-noiso.dfy:refresh,M3.UnionFind.JoinMaintainsReaches0 (correctness),unchanged,False,correctness:M3UnionFindJoinMaintainsReaches0:0
lit/dafny4/UnionFind-noiso.dfy:refresh,M3.UnionFind.Join (correctness) (assertion batch 15),content,True,correctness:M3UnionFindJoin:14
lit/dafny4/UnionFind-noiso.dfy:refresh,M3.UnionFind.Join (correctness) (assertion batch 132),content,True,correctness:M3UnionFindJoin:131
lit/dafny4/UnionFind-noiso.dfy:refresh,M3.UnionFind.Join (correctness) (assertion batch 115),content,True,correctness:M3UnionFindJoin:114
lit/dafny4/UnionFind-noiso.dfy:refresh,M3.UnionFind.Join (correctness) (assertion batch 10),content,True,correctness:M3UnionFindJoin:9
lit/dafny4/UnionFind-noiso.dfy:refresh,M3.UnionFind.Join (correctness) (assertion batch 100),content,True,correctness:M3UnionFindJoin:99
lit/dafny4/UnionFind-noiso.dfy:refresh,M3.UnionFind.Join (correctness) (assertion batch 12),content,True,correctness:M3UnionFindJoin:11
lit/dafny4/UnionFind-noiso.dfy:refresh,M3.UnionFind.Join (correctness) (assertion batch 129),content,True,correctness:M3UnionFindJoin:128
lit/dafny4/UnionFind-noiso.dfy:refresh,M3.UnionFind.Join (well-formedness) (assertion batch 4),content,True,well-formedness:M3UnionFindJoin:3
lit/dafny4/UnionFind-noiso.dfy:refresh,M3.UnionFind.Join (correctness) (assertion batch 160),content,True,correctness:M3UnionFindJoin:159
lit/dafny4/UnionFind-noiso.dfy:refresh,M3.UnionFind.Join (correctness) (assertion batch 45),content,True,correctness:M3UnionFindJoin:44
lit/dafny4/UnionFind-noiso.dfy:refresh,M3.UnionFind.Join (correctness) (assertion batch 3),content,True,correctness:M3UnionFindJoin:2
lit/dafny4/UnionFind-noiso.dfy:refresh,M3.UnionFind.ReachUnaffectedByChangeFromRoot' (well-formedness),unchanged,False,well-formedness:M3UnionFindReachUnaffectedByChangeFromRootk:0
lit/dafny4/UnionFind-noiso.dfy:refresh,M3.UnionFind.Join (well-formedness) (assertion batch 1),content,True,well-formedness:M3UnionFindJoin:0
lit/dafny4/UnionFind-noiso.dfy:refresh,M3.UnionFind.Join (correctness) (assertion batch 130),content,True,correctness:M3UnionFindJoin:129
lit/dafny4/UnionFind-noiso.dfy:refresh,M3.UnionFind.Join (correctness) (assertion batch 143),content,True,correctness:M3UnionFindJoin:142
lit/dafny4/UnionFind-noiso.dfy:refresh,M3.UnionFind.Join (correctness) (assertion batch 29),content,True,correctness:M3UnionFindJoin:28
lit/dafny4/UnionFind-noiso.dfy:refresh,M3.UnionFind.Join (correctness) (assertion batch 94),content,True,correctness:M3UnionFindJoin:93
lit/dafny4/UnionFind-noiso.dfy:refresh,M3.UnionFind.Join (correctness) (assertion batch 76),content,True,correctness:M3UnionFindJoin:75
lit/dafny4/UnionFind-noiso.dfy:refresh,M3.UnionFind.Join (correctness) (assertion batch 177),content,True,correctness:M3UnionFindJoin:176
lit/dafny4/UnionFind-noiso.dfy:refresh,M3.UnionFind.Join (correctness) (assertion batch 137),content,True,correctness:M3UnionFindJoin:136
lit/dafny4/UnionFind-noiso.dfy:refresh,M3.UnionFind.JoinMaintainsReaches1 (well-formedness),unchanged,False,well-formedness:M3UnionFindJoinMaintainsReaches1:0
lit/dafny4/UnionFind-noiso.dfy:refresh,M3.UnionFind.Join (correctness) (assertion batch 32),content,True,correctness:M3UnionFindJoin:31
lit/dafny4/UnionFind-noiso.dfy:refresh,M3.UnionFind.Join (correctness) (assertion batch 33),content,True,correctness:M3UnionFindJoin:32
lit/dafny4/UnionFind-noiso.dfy:refresh,M3.UnionFind.Join (correctness) (assertion batch 82),content,True,correctness:M3UnionFindJoin:81
lit/dafny4/UnionFind-noiso.dfy:refresh,M3.UnionFind.Join (correctness) (assertion batch 43),content,True,correctness:M3UnionFindJoin:42
lit/dafny4/UnionFind-noiso.dfy:refresh,M3.UnionFind.Join (correctness) (assertion batch 41),content,True,correctness:M3UnionFindJoin:40
lit/dafny4/UnionFind-noiso.dfy:refresh,M3.UnionFind.Join (correctness) (assertion batch 135),content,True,correctness:M3UnionFindJoin:134
lit/dafny4/UnionFind-noiso.dfy:refresh,M3.UnionFind.Join (correctness) (assertion batch 147),content,True,correctness:M3UnionFindJoin:146
lit/dafny4/UnionFind-noiso.dfy:refresh,M3.UnionFind.Join (correctness) (assertion batch 38),content,True,correctness:M3UnionFindJoin:37
lit/dafny4/UnionFind-noiso.dfy:refresh,M3.UnionFind.Join (correctness) (assertion batch 74),content,True,correctness:M3UnionFindJoin:73
lit/dafny4/UnionFind-noiso.dfy:refresh,M3.UnionFind.Join (correctness) (assertion batch 39),content,True,correctness:M3UnionFindJoin:38
lit/dafny4/UnionFind-noiso.dfy:refresh,M3.UnionFind.Join (correctness) (assertion batch 134),content,True,correctness:M3UnionFindJoin:133
lit/dafny4/UnionFind-noiso.dfy:refresh,M3.UnionFind.Join (correctness) (assertion batch 145),content,True,correctness:M3UnionFindJoin:144
lit/dafny4/UnionFind-noiso.dfy:refresh,M3.UnionFind.Join (correctness) (assertion batch 2),content,True,correctness:M3UnionFindJoin:1
lit/dafny4/UnionFind-noiso.dfy:refresh,M3.UnionFind.Join (correctness) (assertion batch 37),content,True,correctness:M3UnionFindJoin:36
lit/dafny4/UnionFind-noiso.dfy:refresh,M3.UnionFind.Join (correctness) (assertion batch 90),content,True,correctness:M3UnionFindJoin:89
lit/dafny4/UnionFind-noiso.dfy:refresh,M3.UnionFind.Join (correctness) (assertion batch 149),content,True,correctness:M3UnionFindJoin:148
lit/dafny4/UnionFind-noiso.dfy:refresh,M3.UnionFind.Join (correctness) (assertion batch 88),content,True,correctness:M3UnionFindJoin:87
lit/dafny4/UnionFind-noiso.dfy:refresh,M3.UnionFind.Join (correctness) (assertion batch 138),content,True,correctness:M3UnionFindJoin:137
lit/dafny4/UnionFind-noiso.dfy:refresh,M0.UnionFind.ValidM1 (well-formedness),unchanged,False,well-formedness:M0UnionFindValidM1:0
lit/dafny4/UnionFind-noiso.dfy:refresh,M3.UnionFind.Join (well-formedness) (assertion batch 2),content,True,well-formedness:M3UnionFindJoin:1
lit/dafny4/UnionFind-noiso.dfy:refresh,M2.UnionFind.Reaches_SinkIsFunctionOfStart (correctness),unchanged,False,correctness:M2UnionFindReachesSinkIsFunctionOfStart:0
lit/dafny4/UnionFind-noiso.dfy:refresh,M3.UnionFind.Join (correctness) (assertion batch 180),content,True,correctness:M3UnionFindJoin:179
lit/dafny4/UnionFind-noiso.dfy:refresh,M3.UnionFind.Join (correctness) (assertion batch 182),content,True,correctness:M3UnionFindJoin:181
lit/dafny4/UnionFind-noiso.dfy:refresh,M3.UnionFind.Join (correctness) (assertion batch 19),content,True,correctness:M3UnionFindJoin:18
lit/dafny4/UnionFind-noiso.dfy:refresh,M3.UnionFind.Join (correctness) (assertion batch 7),content,True,correctness:M3UnionFindJoin:6
lit/dafny4/UnionFind-noiso.dfy:refresh,M3.UnionFind.Join (correctness) (assertion batch 175),content,True,correctness:M3UnionFindJoin:174
lit/dafny4/UnionFind-noiso.dfy:refresh,M3.UnionFind.Join (correctness) (assertion batch 170),content,True,correctness:M3UnionFindJoin:169
lit/dafny4/UnionFind-noiso.dfy:refresh,M3.UnionFind.Join (correctness) (assertion batch 178),content,True,correctness:M3UnionFindJoin:177
lit/dafny4/UnionFind-noiso.dfy:refresh,M1.GoodCMap (well-formedness),unchanged,False,well-formedness:M1GoodCMap:0
lit/dafny4/UnionFind-noiso.dfy:refresh,M3.UnionFind.Join (correctness) (assertion batch 58),content,True,correctness:M3UnionFindJoin:57
lit/dafny4/UnionFind-noiso.dfy:refresh,M3.UnionFind.Join (correctness) (assertion batch 158),content,True,correctness:M3UnionFindJoin:157
lit/dafny4/UnionFind-noiso.dfy:refresh,M3.UnionFind.Join (correctness) (assertion batch 14),content,True,correctness:M3UnionFindJoin:13
lit/dafny4/UnionFind-noiso.dfy:refresh,M3.UnionFind.Join (correctness) (assertion batch 103),content,True,correctness:M3UnionFindJoin:102
lit/dafny4/UnionFind-noiso.dfy:refresh,M3.UnionFind.Join (correctness) (assertion batch 21),content,True,correctness:M3UnionFindJoin:20
lit/dafny4/UnionFind-noiso.dfy:refresh,M3.UnionFind.Join (correctness) (assertion batch 18),content,True,correctness:M3UnionFindJoin:17
lit/dafny4/UnionFind-noiso.dfy:refresh,M3.UnionFind.Join (correctness) (assertion batch 156),content,True,correctness:M3UnionFindJoin:155
lit/dafny4/UnionFind-noiso.dfy:refresh,M3.UnionFind.Join (correctness) (assertion batch 173),content,True,correctness:M3UnionFindJoin:172
lit/dafny4/UnionFind-noiso.dfy:refresh,M3.UnionFind.Join (correctness) (assertion batch 150),content,True,correctness:M3UnionFindJoin:149
lit/dafny4/UnionFind-noiso.dfy:refresh,M3.UnionFind.Join (correctness) (assertion batch 176),content,True,correctness:M3UnionFindJoin:175
lit/dafny4/UnionFind-noiso.dfy:refresh,M3.UnionFind.Join (correctness) (assertion batch 47),content,True,correctness:M3UnionFindJoin:46
lit/dafny4/UnionFind-noiso.dfy:refresh,M3.UnionFind.ReachUnaffectedByChangeFromRoot (correctness),unchanged,False,correctness:M3UnionFindReachUnaffectedByChangeFromRoot:0
lit/dafny4/UnionFind-noiso.dfy:refresh,M3.UnionFind.Join (correctness) (assertion batch 20),content,True,correctness:M3UnionFindJoin:19
lit/dafny4/UnionFind-noiso.dfy:refresh,M3.UnionFind.Join (correctness) (assertion batch 84),content,True,correctness:M3UnionFindJoin:83
lit/dafny4/UnionFind-noiso.dfy:refresh,M3.UnionFind.Join (correctness) (assertion batch 139),content,True,correctness:M3UnionFindJoin:138
lit/dafny4/UnionFind-noiso.dfy:refresh,M3.UnionFind.Join (correctness) (assertion batch 133),content,True,correctness:M3UnionFindJoin:132
lit/dafny4/UnionFind-noiso.dfy:refresh,M3.UnionFind.Join (correctness) (assertion batch 25),content,True,correctness:M3UnionFindJoin:24
lit/dafny4/UnionFind-noiso.dfy:refresh,M3.UnionFind.Join (correctness) (assertion batch 71),content,True,correctness:M3UnionFindJoin:70
lit/dafny4/UnionFind-noiso.dfy:refresh,M3.UnionFind.Join (correctness) (assertion batch 70),content,True,correctness:M3UnionFindJoin:69
lit/dafny4/UnionFind-noiso.dfy:refresh,M3.UnionFind.Join (correctness) (assertion batch 69),content,True,correctness:M3UnionFindJoin:68
lit/dafny4/UnionFind-noiso.dfy:refresh,M3.UnionFind.Join (correctness) (assertion batch 6),content,True,correctness:M3UnionFindJoin:5
lit/dafny4/UnionFind-noiso.dfy:refresh,M3.UnionFind.Join (correctness) (assertion batch 23),content,True,correctness:M3UnionFindJoin:22
lit/dafny4/UnionFind-noiso.dfy:refresh,M3.UnionFind.Join (correctness) (assertion batch 114),content,True,correctness:M3UnionFindJoin:113
lit/dafny4/UnionFind-noiso.dfy:refresh,M3.UnionFind.Join (correctness) (assertion batch 116),content,True,correctness:M3UnionFindJoin:115
lit/dafny4/UnionFind-noiso.dfy:refresh,M3.UnionFind.Join (well-formedness) (assertion batch 3),content,True,well-formedness:M3UnionFindJoin:2
lit/dafny4/UnionFind-noiso.dfy:refresh,M3.UnionFind.Join (well-formedness) (assertion batch 7),content,True,well-formedness:M3UnionFindJoin:6
lit/dafny4/UnionFind-noiso.dfy:refresh,M3.UnionFind.Join (correctness) (assertion batch 1),content,True,correctness:M3UnionFindJoin:0
lit/dafny4/UnionFind-noiso.dfy:refresh,M3.UnionFind.Join (correctness) (assertion batch 171),content,True,correctness:M3UnionFindJoin:170
lit/dafny4/UnionFind-noiso.dfy:refresh,M3.UnionFind.Join (correctness) (assertion batch 8),content,True,correctness:M3UnionFindJoin:7
lit/dafny4/UnionFind-noiso.dfy:refresh,M3.UnionFind.Join (correctness) (assertion batch 169),content,True,correctness:M3UnionFindJoin:168
lit/dafny4/UnionFind-noiso.dfy:refresh,M3.UnionFind.Join (correctness) (assertion batch 9),content,True,correctness:M3UnionFindJoin:8
lit/dafny4/UnionFind-noiso.dfy:refresh,M3.UnionFind.Join (correctness) (assertion batch 11),content,True,correctness:M3UnionFindJoin:10
lit/dafny4/UnionFind-noiso.dfy:refresh,M2.UnionFind.UpdateMaintainsReaches (well-formedness),unchanged,False,well-formedness:M2UnionFindUpdateMaintainsReaches:0
lit/dafny4/UnionFind-noiso.dfy:refresh,M3.UnionFind.JoinMaintainsReaches0 (well-formedness),unchanged,False,well-formedness:M3UnionFindJoinMaintainsReaches0:0
lit/dafny4/UnionFind-noiso.dfy:refresh,M3.UnionFind.ExtendedReach' (well-formedness),unchanged,False,well-formedness:M3UnionFindExtendedReachk:0
lit/dafny4/UnionFind-noiso.dfy:refresh,M2.UnionFind.ConstructReach (well-formedness),unchanged,False,well-formedness:M2UnionFindConstructReach:0
lit/dafny4/UnionFind-noiso.dfy:refresh,M3.UnionFind.ReachUnaffectedByChangeFromRoot (well-formedness),unchanged,False,well-formedness:M3UnionFindReachUnaffectedByChangeFromRoot:0
lit/dafny4/UnionFind-noiso.dfy:refresh,M3.UnionFind.ExtendedReach (well-formedness),unchanged,False,well-formedness:M3UnionFindExtendedReach:0
lit/dafny4/UnionFind-noiso.dfy:refresh,M2.UnionFind.Reaches_SinkIsFunctionOfStart (well-formedness),unchanged,False,well-formedness:M2UnionFindReachesSinkIsFunctionOfStart:0
lit/dafny4/UnionFind-noiso.dfy:refresh,M1.MapsEqual (correctness),unchanged,False,correctness:M1MapsEqual:0
lit/dafny4/UnionFind-noiso.dfy:refresh,M1.MapsEqual (well-formedness),unchanged,False,well-formedness:M1MapsEqual:0
lit/dafny4/UnionFind-noiso.dfy:legacy,Main (correctness),content,True,correctness:Main:0
lit/dafny4/UnionFind-noiso.dfy:legacy,M2.UnionFind.FindAux (correctness),content,True,correctness:M2UnionFindFindAux:0
lit/dafny4/UnionFind-noiso.dfy:legacy,M3.UnionFind.Join (correctness) (assertion batch 124),content,True,correctness:M3UnionFindJoin:123
lit/dafny4/UnionFind-noiso.dfy:legacy,M3.UnionFind.Join (correctness) (assertion batch 119),content,True,correctness:M3UnionFindJoin:118
lit/dafny4/UnionFind-noiso.dfy:legacy,M3.UnionFind.Join (correctness) (assertion batch 143),content,True,correctness:M3UnionFindJoin:142
lit/dafny4/UnionFind-noiso.dfy:legacy,M1.UnionFind.New (correctness),content,True,correctness:M1UnionFindNew:0
lit/dafny4/UnionFind-noiso.dfy:legacy,M3.UnionFind.JoinMaintainsReaches1 (correctness),unchanged,False,correctness:M3UnionFindJoinMaintainsReaches1:0
lit/dafny4/UnionFind-noiso.dfy:legacy,M3.UnionFind.Join (correctness) (assertion batch 90),content,True,correctness:M3UnionFindJoin:89
lit/dafny4/UnionFind-noiso.dfy:legacy,M3.UnionFind.Join (correctness) (assertion batch 47),content,True,correctness:M3UnionFindJoin:46
lit/dafny4/UnionFind-noiso.dfy:legacy,M3.UnionFind.Join (correctness) (assertion batch 34),content,True,correctness:M3UnionFindJoin:33
lit/dafny4/UnionFind-noiso.dfy:legacy,M3.UnionFind.Join (correctness) (assertion batch 109),content,True,correctness:M3UnionFindJoin:108
lit/dafny4/UnionFind-noiso.dfy:legacy,M3.UnionFind.Join (correctness) (assertion batch 162),content,True,correctness:M3UnionFindJoin:161
lit/dafny4/UnionFind-noiso.dfy:legacy,M3.UnionFind.Join (correctness) (assertion batch 65),content,True,correctness:M3UnionFindJoin:64
lit/dafny4/UnionFind-noiso.dfy:legacy,M3.UnionFind.Join (correctness) (assertion batch 161),content,True,correctness:M3UnionFindJoin:160
lit/dafny4/UnionFind-noiso.dfy:legacy,M3.UnionFind.Join (correctness) (assertion batch 66),content,True,correctness:M3UnionFindJoin:65
lit/dafny4/UnionFind-noiso.dfy:legacy,M1.UnionFind.Union (correctness),content,True,correctness:M1UnionFindUnion:0
lit/dafny4/UnionFind-noiso.dfy:legacy,M3.UnionFind.Join (correctness) (assertion batch 27),content,True,correctness:M3UnionFindJoin:26
lit/dafny4/UnionFind-noiso.dfy:legacy,M3.UnionFind.Join (correctness) (assertion batch 160),content,True,correctness:M3UnionFindJoin:159
lit/dafny4/UnionFind-noiso.dfy:legacy,M3.UnionFind.Join (correctness) (assertion batch 120),content,True,correctness:M3UnionFindJoin:119
lit/dafny4/UnionFind-noiso.dfy:legacy,M3.UnionFind.Join (correctness) (assertion batch 78),content,True,correctness:M3UnionFindJoin:77
lit/dafny4/UnionFind-noiso.dfy:legacy,M3.UnionFind.Join (correctness) (assertion batch 118),content,True,correctness:M3UnionFindJoin:117
lit/dafny4/UnionFind-noiso.dfy:legacy,M3.UnionFind.Join (correctness) (assertion batch 131),content,True,correctness:M3UnionFindJoin:130
lit/dafny4/UnionFind-noiso.dfy:legacy,M3.UnionFind.Join (correctness) (assertion batch 108),content,True,correctness:M3UnionFindJoin:107
lit/dafny4/UnionFind-noiso.dfy:legacy,M3.UnionFind.Join (correctness) (assertion batch 63),content,True,correctness:M3UnionFindJoin:62
lit/dafny4/UnionFind-noiso.dfy:legacy,M3.UnionFind.Join (correctness) (assertion batch 107),content,True,correctness:M3UnionFindJoin:106
lit/dafny4/UnionFind-noiso.dfy:legacy,M3.UnionFind.Join (correctness) (assertion batch 39),content,True,correctness:M3UnionFindJoin:38
lit/dafny4/UnionFind-noiso.dfy:legacy,M3.UnionFind.Join (correctness) (assertion batch 159),content,True,correctness:M3UnionFindJoin:158
lit/dafny4/UnionFind-noiso.dfy:legacy,M3.UnionFind.Join (correctness) (assertion batch 64),content,True,correctness:M3UnionFindJoin:63
lit/dafny4/UnionFind-noiso.dfy:legacy,M3.UnionFind.Join (correctness) (assertion batch 114),content,True,correctness:M3UnionFindJoin:113
lit/dafny4/UnionFind-noiso.dfy:legacy,M3.UnionFind.Join (correctness) (assertion batch 106),content,True,correctness:M3UnionFindJoin:105
lit/dafny4/UnionFind-noiso.dfy:legacy,M3.UnionFind.Join (correctness) (assertion batch 71),content,True,correctness:M3UnionFindJoin:70
lit/dafny4/UnionFind-noiso.dfy:legacy,M1.UnionFind.ValidM1 (well-formedness),content,True,well-formedness:M1UnionFindValidM1:0
lit/dafny4/UnionFind-noiso.dfy:legacy,M3.UnionFind.Join (correctness) (assertion batch 83),content,True,correctness:M3UnionFindJoin:82
lit/dafny4/UnionFind-noiso.dfy:legacy,M3.UnionFind.Join (correctness) (assertion batch 117),content,True,correctness:M3UnionFindJoin:116
lit/dafny4/UnionFind-noiso.dfy:legacy,M3.UnionFind.Join (correctness) (assertion batch 136),content,True,correctness:M3UnionFindJoin:135
lit/dafny4/UnionFind-noiso.dfy:legacy,M2.UnionFind.Find (correctness),content,True,correctness:M2UnionFindFind:0
lit/dafny4/UnionFind-noiso.dfy:legacy,M3.UnionFind.Join (correctness) (assertion batch 121),content,True,correctness:M3UnionFindJoin:120
lit/dafny4/UnionFind-noiso.dfy:legacy,M3.UnionFind.Join (correctness) (assertion batch 125),content,True,correctness:M3UnionFindJoin:124
lit/dafny4/UnionFind-noiso.dfy:legacy,M3.UnionFind.Join (correctness) (assertion batch 122),content,True,correctness:M3UnionFindJoin:121
lit/dafny4/UnionFind-noiso.dfy:legacy,M3.UnionFind.Join (correctness) (assertion batch 116),content,True,correctness:M3UnionFindJoin:115
lit/dafny4/UnionFind-noiso.dfy:legacy,M3.UnionFind.Join (correctness) (assertion batch 115),content,True,correctness:M3UnionFindJoin:114
lit/dafny4/UnionFind-noiso.dfy:legacy,M3.UnionFind.Join (correctness) (assertion batch 59),content,True,correctness:M3UnionFindJoin:58
lit/dafny4/UnionFind-noiso.dfy:legacy,M2.UnionFind.Find (well-formedness),content,True,well-formedness:M2UnionFindFind:0
lit/dafny4/UnionFind-noiso.dfy:legacy,M3.UnionFind.Join (correctness) (assertion batch 147),content,True,correctness:M3UnionFindJoin:146
lit/dafny4/UnionFind-noiso.dfy:legacy,M3.UnionFind.Join (correctness) (assertion batch 96),content,True,correctness:M3UnionFindJoin:95
lit/dafny4/UnionFind-noiso.dfy:legacy,M0.UnionFind.Valid (well-formedness),unchanged,False,well-formedness:M0UnionFindValid:0
lit/dafny4/UnionFind-noiso.dfy:legacy,M3.UnionFind.Join (correctness) (assertion batch 157),content,True,correctness:M3UnionFindJoin:156
lit/dafny4/UnionFind-noiso.dfy:legacy,M3.UnionFind.Join (correctness) (assertion batch 149),content,True,correctness:M3UnionFindJoin:148
lit/dafny4/UnionFind-noiso.dfy:legacy,M3.UnionFind.Join (correctness) (assertion batch 50),content,True,correctness:M3UnionFindJoin:49
lit/dafny4/UnionFind-noiso.dfy:legacy,M3.UnionFind.Join (correctness) (assertion batch 61),content,True,correctness:M3UnionFindJoin:60
lit/dafny4/UnionFind-noiso.dfy:legacy,M3.UnionFind.Join (correctness) (assertion batch 95),content,True,correctness:M3UnionFindJoin:94
lit/dafny4/UnionFind-noiso.dfy:legacy,M1.UnionFind.Union (well-formedness),content,True,well-formedness:M1UnionFindUnion:0
lit/dafny4/UnionFind-noiso.dfy:legacy,M3.UnionFind.Join (correctness) (assertion batch 158),content,True,correctness:M3UnionFindJoin:157
lit/dafny4/UnionFind-noiso.dfy:legacy,M1.UnionFind.Reaches_Monotonic (correctness),unchanged,False,correctness:M1UnionFindReachesMonotonic:0
lit/dafny4/UnionFind-noiso.dfy:legacy,M3.UnionFind.Join (correctness) (assertion batch 151),content,True,correctness:M3UnionFindJoin:150
lit/dafny4/UnionFind-noiso.dfy:legacy,M3.UnionFind.Join (correctness) (assertion batch 52),content,True,correctness:M3UnionFindJoin:51
lit/dafny4/UnionFind-noiso.dfy:legacy,M3.UnionFind.Join (correctness) (assertion batch 60),content,True,correctness:M3UnionFindJoin:59
lit/dafny4/UnionFind-noiso.dfy:legacy,M1.UnionFind.Collect (well-formedness),content,True,well-formedness:M1UnionFindCollect:0
lit/dafny4/UnionFind-noiso.dfy:legacy,M3.UnionFind.Join (correctness) (assertion batch 105),content,True,correctness:M3UnionFindJoin:104
lit/dafny4/UnionFind-noiso.dfy:legacy,M1.UnionFind.New (well-formedness),content,True,well-formedness:M1UnionFindNew:0
lit/dafny4/UnionFind-noiso.dfy:legacy,M3.UnionFind.Join (correctness) (assertion batch 51),content,True,correctness:M3UnionFindJoin:50
lit/dafny4/UnionFind-noiso.dfy:legacy,M3.UnionFind.Join (correctness) (assertion batch 98),content,True,correctness:M3UnionFindJoin:97
lit/dafny4/UnionFind-noiso.dfy:legacy,M3.UnionFind.Join (correctness) (assertion batch 156),content,True,correctness:M3UnionFindJoin:155
lit/dafny4/UnionFind-noiso.dfy:legacy,M0.UnionFind.Find (well-formedness),unchanged,False,well-formedness:M0UnionFindFind:0
lit/dafny4/UnionFind-noiso.dfy:legacy,M3.UnionFind.Join (correctness) (assertion batch 146),content,True,correctness:M3UnionFindJoin:145
lit/dafny4/UnionFind-noiso.dfy:legacy,M3.UnionFind.Join (correctness) (assertion batch 94),content,True,correctness:M3UnionFindJoin:93
lit/dafny4/UnionFind-noiso.dfy:legacy,M3.UnionFind.Join (correctness) (assertion batch 148),content,True,correctness:M3UnionFindJoin:147
lit/dafny4/UnionFind-noiso.dfy:legacy,M3.UnionFind.Join (correctness) (assertion batch 77),content,True,correctness:M3UnionFindJoin:76
lit/dafny4/UnionFind-noiso.dfy:legacy,M3.UnionFind.Join (correctness) (assertion batch 62),content,True,correctness:M3UnionFindJoin:61
lit/dafny4/UnionFind-noiso.dfy:legacy,M3.UnionFind.Join (correctness) (assertion batch 104),content,True,correctness:M3UnionFindJoin:103
lit/dafny4/UnionFind-noiso.dfy:legacy,M3.UnionFind.Join (correctness) (assertion batch 130),content,True,correctness:M3UnionFindJoin:129
lit/dafny4/UnionFind-noiso.dfy:legacy,M3.UnionFind.Join (correctness) (assertion batch 55),content,True,correctness:M3UnionFindJoin:54
lit/dafny4/UnionFind-noiso.dfy:legacy,M1.UnionFind.Reaches_Monotonic (well-formedness),unchanged,False,well-formedness:M1UnionFindReachesMonotonic:0
lit/dafny4/UnionFind-noiso.dfy:legacy,M3.UnionFind.Join (correctness) (assertion batch 53),content,True,correctness:M3UnionFindJoin:52
lit/dafny4/UnionFind-noiso.dfy:legacy,M3.UnionFind.Join (correctness) (assertion batch 93),content,True,correctness:M3UnionFindJoin:92
lit/dafny4/UnionFind-noiso.dfy:legacy,M2.UnionFind.NextReachesSame (correctness),content,True,correctness:M2UnionFindNextReachesSame:0
lit/dafny4/UnionFind-noiso.dfy:legacy,M1.UnionFind.Join (well-formedness),content,True,well-formedness:M1UnionFindJoin:0
lit/dafny4/UnionFind-noiso.dfy:legacy,M3.UnionFind.ReachUnaffectedByChangeFromRoot' (correctness),unchanged,False,correctness:M3UnionFindReachUnaffectedByChangeFromRootk:0
lit/dafny4/UnionFind-noiso.dfy:legacy,M3.UnionFind.ExtendedReach' (correctness),unchanged,False,correctness:M3UnionFindExtendedReachk:0
lit/dafny4/UnionFind-noiso.dfy:legacy,M3.UnionFind.Join (correctness) (assertion batch 103),content,True,correctness:M3UnionFindJoin:102
lit/dafny4/UnionFind-noiso.dfy:legacy,M3.UnionFind.Join (correctness) (assertion batch 123),content,True,correctness:M3UnionFindJoin:122
lit/dafny4/UnionFind-noiso.dfy:legacy,M3.UnionFind.Join (correctness) (assertion batch 127),content,True,correctness:M3UnionFindJoin:126
lit/dafny4/UnionFind-noiso.dfy:legacy,M3.UnionFind.Join (correctness) (assertion batch 70),content,True,correctness:M3UnionFindJoin:69
lit/dafny4/UnionFind-noiso.dfy:legacy,M2.UnionFind.FindAux (well-formedness),content,True,well-formedness:M2UnionFindFindAux:0
lit/dafny4/UnionFind-noiso.dfy:legacy,M3.UnionFind.Join (correctness) (assertion batch 177),content,True,correctness:M3UnionFindJoin:176
lit/dafny4/UnionFind-noiso.dfy:legacy,M3.UnionFind.Join (correctness) (assertion batch 126),content,True,correctness:M3UnionFindJoin:125
lit/dafny4/UnionFind-noiso.dfy:legacy,M3.UnionFind.Join (correctness) (assertion batch 154),content,True,correctness:M3UnionFindJoin:153
lit/dafny4/UnionFind-noiso.dfy:legacy,M3.UnionFind.Join (correctness) (assertion batch 29),content,True,correctness:M3UnionFindJoin:28
lit/dafny4/UnionFind-noiso.dfy:legacy,M3.UnionFind.Join (correctness) (assertion batch 167),content,True,correctness:M3UnionFindJoin:166
lit/dafny4/UnionFind-noiso.dfy:legacy,M3.UnionFind.Join (correctness) (assertion batch 7),content,True,correctness:M3UnionFindJoin:6
lit/dafny4/UnionFind-noiso.dfy:legacy,M3.UnionFind.Join (correctness) (assertion batch 155),content,True,correctness:M3UnionFindJoin:154
lit/dafny4/UnionFind-noiso.dfy:legacy,M3.UnionFind.Join (well-formedness) (assertion batch 3),content,True,well-formedness:M3UnionFindJoin:2
lit/dafny4/UnionFind-noiso.dfy:legacy,M3.UnionFind.JoinMaintainsReaches0 (correctness),unchanged,False,correctness:M3UnionFindJoinMaintainsReaches0:0
lit/dafny4/UnionFind-noiso.dfy:legacy,M3.UnionFind.Join (correctness) (assertion batch 74),content,True,correctness:M3UnionFindJoin:73
lit/dafny4/UnionFind-noiso.dfy:legacy,M3.UnionFind.Join (correctness) (assertion batch 80),content,True,correctness:M3UnionFindJoin:79
lit/dafny4/UnionFind-noiso.dfy:legacy,M3.UnionFind.Join (correctness) (assertion batch 26),content,True,correctness:M3UnionFindJoin:25
lit/dafny4/UnionFind-noiso.dfy:legacy,M3.UnionFind.Join (correctness) (assertion batch 92),content,True,correctness:M3UnionFindJoin:91
lit/dafny4/UnionFind-noiso.dfy:legacy,M3.UnionFind.ExtendedReach (correctness),unchanged,False,correctness:M3UnionFindExtendedReach:0
lit/dafny4/UnionFind-noiso.dfy:legacy,M3.UnionFind.Join (correctness) (assertion batch 72),content,True,correctness:M3UnionFindJoin:71
lit/dafny4/UnionFind-noiso.dfy:legacy,M3.UnionFind.Join (correctness) (assertion batch 31),content,True,correctness:M3UnionFindJoin:30
lit/dafny4/UnionFind-noiso.dfy:legacy,M3.UnionFind.Join (correctness) (assertion batch 113),content,True,correctness:M3UnionFindJoin:112
lit/dafny4/UnionFind-noiso.dfy:legacy,M3.UnionFind.Join (correctness) (assertion batch 101),content,True,correctness:M3UnionFindJoin:100
lit/dafny4/UnionFind-noiso.dfy:legacy,M3.UnionFind.Join (correctness) (assertion batch 91),content,True,correctness:M3UnionFindJoin:90
lit/dafny4/UnionFind-noiso.dfy:legacy,M3.UnionFind.JoinMaintainsReaches1 (well-formedness),unchanged,False,well-formedness:M3UnionFindJoinMaintainsReaches1:0
lit/dafny4/UnionFind-noiso.dfy:legacy,M3.UnionFind.Join (correctness) (assertion batch 150),content,True,correctness:M3UnionFindJoin:149
lit/dafny4/UnionFind-noiso.dfy:legacy,M3.UnionFind.Join (correctness) (assertion batch 175),content,True,correctness:M3UnionFindJoin:174
lit/dafny4/UnionFind-noiso.dfy:legacy,M3.UnionFind.Join (correctness) (assertion batch 75),content,True,correctness:M3UnionFindJoin:74
lit/dafny4/UnionFind-noiso.dfy:legacy,M3.UnionFind.Join (correctness) (assertion batch 44),content,True,correctness:M3UnionFindJoin:43
lit/dafny4/UnionFind-noiso.dfy:legacy,M0.UnionFind._ctor (correctness),unchanged,False,correctness:M0UnionFindctor:0
lit/dafny4/UnionFind-noiso.dfy:legacy,M2.UnionFind.ConstructReach (correctness),unchanged,False,correctness:M2UnionFindConstructReach:0
lit/dafny4/UnionFind-noiso.dfy:legacy,M3.UnionFind.Join (correctness) (assertion batch 152),content,True,correctness:M3UnionFindJoin:151
lit/dafny4/UnionFind-noiso.dfy:legacy,M3.UnionFind.Join (correctness) (assertion batch 41),content,True,correctness:M3UnionFindJoin:40
lit/dafny4/UnionFind-noiso.dfy:legacy,M3.UnionFind.Join (well-formedness) (assertion batch 4),content,True,well-formedness:M3UnionFindJoin:3
lit/dafny4/UnionFind-noiso.dfy:legacy,M3.UnionFind.Join (correctness) (assertion batch 48),content,True,correctness:M3UnionFindJoin:47
lit/dafny4/UnionFind-noiso.dfy:legacy,M3.UnionFind.Join (correctness) (assertion batch 18),content,True,correctness:M3UnionFindJoin:17
lit/dafny4/UnionFind-noiso.dfy:legacy,M3.UnionFind.Join (correctness) (assertion batch 33),content,True,correctness:M3UnionFindJoin:32
lit/dafny4/UnionFind-noiso.dfy:legacy,M3.UnionFind.Join (correctness) (assertion batch 58),content,True,correctness:M3UnionFindJoin:57
lit/dafny4/UnionFind-noiso.dfy:legacy,M3.UnionFind.Join (correctness) (assertion batch 20),content,True,correctness:M3UnionFindJoin:19
lit/dafny4/UnionFind-noiso.dfy:legacy,M3.UnionFind.Join (correctness) (assertion batch 102),content,True,correctness:M3UnionFindJoin:101
lit/dafny4/UnionFind-noiso.dfy:legacy,M3.UnionFind.Join (correctness) (assertion batch 82),content,True,correctness:M3UnionFindJoin:81
lit/dafny4/UnionFind-noiso.dfy:legacy,M3.UnionFind.Join (correctness) (assertion batch 76),content,True,correctness:M3UnionFindJoin:75
lit/dafny4/UnionFind-noiso.dfy:legacy,M3.UnionFind.Join (correctness) (assertion batch 84),content,True,correctness:M3UnionFindJoin:83
lit/dafny4/UnionFind-noiso.dfy:legacy,M2.UnionFind.UpdateMaintainsReaches (correctness),unchanged,False,correctness:M2UnionFindUpdateMaintainsReaches:0
lit/dafny4/UnionFind-noiso.dfy:legacy,M3.UnionFind.Join (correctness) (assertion batch 14),content,True,correctness:M3UnionFindJoin:13
lit/dafny4/UnionFind-noiso.dfy:legacy,M3.UnionFind.Join (correctness) (assertion batch 57),content,True,correctness:M3UnionFindJoin:56
lit/dafny4/UnionFind-noiso.dfy:legacy,M3.UnionFind.Join (correctness) (assertion batch 17),content,True,correctness:M3UnionFindJoin:16
lit/dafny4/UnionFind-noiso.dfy:legacy,M3.UnionFind.Join (correctness) (assertion batch 128),content,True,correctness:M3UnionFindJoin:127
lit/dafny4/UnionFind-noiso.dfy:legacy,M3.UnionFind.Join (correctness) (assertion batch 6),content,True,correctness:M3UnionFindJoin:5
lit/dafny4/UnionFind-noiso.dfy:legacy,M3.UnionFind.Join (correctness) (assertion batch 13),content,True,correctness:M3UnionFindJoin:12
lit/dafny4/UnionFind-noiso.dfy:legacy,M3.UnionFind.Join (correctness) (assertion batch 16),content,True,correctness:M3UnionFindJoin:15
lit/dafny4/UnionFind-noiso.dfy:legacy,M3.UnionFind.Join (well-formedness) (assertion batch 7),content,True,well-formedness:M3UnionFindJoin:6
lit/dafny4/UnionFind-noiso.dfy:legacy,M2.UnionFind.NextReachesSame (well-formedness),content,True,well-formedness:M2UnionFindNextReachesSame:0
lit/dafny4/UnionFind-noiso.dfy:legacy,M3.UnionFind.Join (correctness) (assertion batch 89),content,True,correctness:M3UnionFindJoin:88
lit/dafny4/UnionFind-noiso.dfy:legacy,M3.UnionFind.ReachUnaffectedByChangeFromRoot' (well-formedness),unchanged,False,well-formedness:M3UnionFindReachUnaffectedByChangeFromRootk:0
lit/dafny4/UnionFind-noiso.dfy:legacy,M3.UnionFind.Join (correctness) (assertion batch 153),content,True,correctness:M3UnionFindJoin:152
lit/dafny4/UnionFind-noiso.dfy:legacy,M0.UnionFind.Union (well-formedness),content,True,well-formedness:M0UnionFindUnion:0
lit/dafny4/UnionFind-noiso.dfy:legacy,M3.UnionFind.Join (correctness) (assertion batch 97),content,True,correctness:M3UnionFindJoin:96
lit/dafny4/UnionFind-noiso.dfy:legacy,M3.UnionFind.Join (correctness) (assertion batch 15),content,True,correctness:M3UnionFindJoin:14
lit/dafny4/UnionFind-noiso.dfy:legacy,M3.UnionFind.Join (correctness) (assertion batch 1),content,True,correctness:M3UnionFindJoin:0
lit/dafny4/UnionFind-noiso.dfy:legacy,M3.UnionFind.Join (correctness) (assertion batch 171),content,True,correctness:M3UnionFindJoin:170
lit/dafny4/UnionFind-noiso.dfy:legacy,M3.UnionFind.Join (correctness) (assertion batch 46),content,True,correctness:M3UnionFindJoin:45
lit/dafny4/UnionFind-noiso.dfy:legacy,M3.UnionFind.Join (correctness) (assertion batch 79),content,True,correctness:M3UnionFindJoin:78
lit/dafny4/UnionFind-noiso.dfy:legacy,M3.UnionFind.Join (correctness) (assertion batch 43),content,True,correctness:M3UnionFindJoin:42
lit/dafny4/UnionFind-noiso.dfy:legacy,M3.UnionFind.Join (correctness) (assertion batch 35),content,True,correctness:M3UnionFindJoin:34
lit/dafny4/UnionFind-noiso.dfy:legacy,M3.UnionFind.Join (correctness) (assertion batch 68),content,True,correctness:M3UnionFindJoin:67
lit/dafny4/UnionFind-noiso.dfy:legacy,M3.UnionFind.Join (correctness) (assertion batch 73),content,True,correctness:M3UnionFindJoin:72
lit/dafny4/UnionFind-noiso.dfy:legacy,M3.UnionFind.Join (correctness) (assertion batch 30),content,True,correctness:M3UnionFindJoin:29
lit/dafny4/UnionFind-noiso.dfy:legacy,M3.UnionFind.Join (correctness) (assertion batch 54),content,True,correctness:M3UnionFindJoin:53
lit/dafny4/UnionFind-noiso.dfy:legacy,M3.UnionFind.Join (correctness) (assertion batch 86),content,True,correctness:M3UnionFindJoin:85
lit/dafny4/UnionFind-noiso.dfy:legacy,M3.UnionFind.Join (correctness) (assertion batch 12),content,True,correctness:M3UnionFindJoin:11
lit/dafny4/UnionFind-noiso.dfy:legacy,M3.UnionFind.Join (correctness) (assertion batch 3),content,True,correctness:M3UnionFindJoin:2
lit/dafny4/UnionFind-noiso.dfy:legacy,M3.UnionFind.Join (correctness) (assertion batch 45),content,True,correctness:M3UnionFindJoin:44
lit/dafny4/UnionFind-noiso.dfy:legacy,M3.UnionFind.Join (correctness) (assertion batch 99),content,True,correctness:M3UnionFindJoin:98
lit/dafny4/UnionFind-noiso.dfy:legacy,M3.UnionFind.Join (correctness) (assertion batch 169),content,True,correctness:M3UnionFindJoin:168
lit/dafny4/UnionFind-noiso.dfy:legacy,M3.UnionFind.Join (correctness) (assertion batch 132),content,True,correctness:M3UnionFindJoin:131
lit/dafny4/UnionFind-noiso.dfy:legacy,M3.UnionFind.Join (correctness) (assertion batch 100),content,True,correctness:M3UnionFindJoin:99
lit/dafny4/UnionFind-noiso.dfy:legacy,M3.UnionFind.Join (correctness) (assertion batch 42),content,True,correctness:M3UnionFindJoin:41
lit/dafny4/UnionFind-noiso.dfy:legacy,M3.UnionFind.Join (correctness) (assertion batch 11),content,True,correctness:M3UnionFindJoin:10
lit/dafny4/UnionFind-noiso.dfy:legacy,M1.UnionFind.Reaches (well-formedness),unchanged,False,well-formedness:M1UnionFindReaches:0
lit/dafny4/UnionFind-noiso.dfy:legacy,M3.UnionFind.Join (correctness) (assertion batch 85),content,True,correctness:M3UnionFindJoin:84
lit/dafny4/UnionFind-noiso.dfy:legacy,M3.UnionFind.Join (correctness) (assertion batch 40),content,True,correctness:M3UnionFindJoin:39
lit/dafny4/UnionFind-noiso.dfy:legacy,M3.UnionFind.Join (correctness) (assertion batch 36),content,True,correctness:M3UnionFindJoin:35
lit/dafny4/UnionFind-noiso.dfy:legacy,M3.UnionFind.Join (correctness) (assertion batch 137),content,True,correctness:M3UnionFindJoin:136
lit/dafny4/UnionFind-noiso.dfy:legacy,M3.UnionFind.Join (correctness) (assertion batch 144),content,True,correctness:M3UnionFindJoin:143
lit/dafny4/UnionFind-noiso.dfy:legacy,M3.UnionFind.Join (correctness) (assertion batch 38),content,True,correctness:M3UnionFindJoin:37
lit/dafny4/UnionFind-noiso.dfy:legacy,M3.UnionFind.Join (correctness) (assertion batch 140),content,True,correctness:M3UnionFindJoin:139
lit/dafny4/UnionFind-noiso.dfy:legacy,M3.UnionFind.Join (correctness) (assertion batch 138),content,True,correctness:M3UnionFindJoin:137
lit/dafny4/UnionFind-noiso.dfy:legacy,M3.UnionFind.Join (correctness) (assertion batch 133),content,True,correctness:M3UnionFindJoin:132
lit/dafny4/UnionFind-noiso.dfy:legacy,M3.UnionFind.Join (correctness) (assertion batch 67),content,True,correctness:M3UnionFindJoin:66
lit/dafny4/UnionFind-noiso.dfy:legacy,M3.UnionFind.Join (correctness) (assertion batch 28),content,True,correctness:M3UnionFindJoin:27
lit/dafny4/UnionFind-noiso.dfy:legacy,M3.UnionFind.Join (well-formedness) (assertion batch 6),content,True,well-formedness:M3UnionFindJoin:5
lit/dafny4/UnionFind-noiso.dfy:legacy,M3.UnionFind.Join (correctness) (assertion batch 129),content,True,correctness:M3UnionFindJoin:128
lit/dafny4/UnionFind-noiso.dfy:legacy,M3.UnionFind.Join (correctness) (assertion batch 142),content,True,correctness:M3UnionFindJoin:141
lit/dafny4/UnionFind-noiso.dfy:legacy,M3.UnionFind.Join (correctness) (assertion batch 141),content,True,correctness:M3UnionFindJoin:140
lit/dafny4/UnionFind-noiso.dfy:legacy,M3.UnionFind.Join (correctness) (assertion batch 87),content,True,correctness:M3UnionFindJoin:86
lit/dafny4/UnionFind-noiso.dfy:legacy,M3.UnionFind.Join (correctness) (assertion batch 139),content,True,correctness:M3UnionFindJoin:138
lit/dafny4/UnionFind-noiso.dfy:legacy,M3.UnionFind.Join (correctness) (assertion batch 134),content,True,correctness:M3UnionFindJoin:133
lit/dafny4/UnionFind-noiso.dfy:legacy,M3.UnionFind.Join (correctness) (assertion batch 88),content,True,correctness:M3UnionFindJoin:87
lit/dafny4/UnionFind-noiso.dfy:legacy,M0.UnionFind.ValidM1 (well-formedness),unchanged,False,well-formedness:M0UnionFindValidM1:0
lit/dafny4/UnionFind-noiso.dfy:legacy,M3.UnionFind.Join (correctness) (assertion batch 135),content,True,correctness:M3UnionFindJoin:134
lit/dafny4/UnionFind-noiso.dfy:legacy,M0.UnionFind.New (well-formedness),unchanged,False,well-formedness:M0UnionFindNew:0
lit/dafny4/UnionFind-noiso.dfy:legacy,M3.UnionFind.Join (correctness) (assertion batch 173),content,True,correctness:M3UnionFindJoin:172
lit/dafny4/UnionFind-noiso.dfy:legacy,M3.UnionFind.Join (correctness) (assertion batch 174),content,True,correctness:M3UnionFindJoin:173
lit/dafny4/UnionFind-noiso.dfy:legacy,M3.UnionFind.Join (correctness) (assertion batch 172),content,True,correctness:M3UnionFindJoin:171
lit/dafny4/UnionFind-noiso.dfy:legacy,M3.UnionFind.Join (correctness) (assertion batch 56),content,True,correctness:M3UnionFindJoin:55
lit/dafny4/UnionFind-noiso.dfy:legacy,M3.UnionFind.Join (correctness) (assertion batch 170),content,True,correctness:M3UnionFindJoin:169
lit/dafny4/UnionFind-noiso.dfy:legacy,M3.UnionFind.Join (correctness) (assertion batch 21),content,True,correctness:M3UnionFindJoin:20
lit/dafny4/UnionFind-noiso.dfy:legacy,M3.UnionFind.ExtendedReach' (well-formedness),unchanged,False,well-formedness:M3UnionFindExtendedReachk:0
lit/dafny4/UnionFind-noiso.dfy:legacy,M3.UnionFind.Join (correctness) (assertion batch 168),content,True,correctness:M3UnionFindJoin:167
lit/dafny4/UnionFind-noiso.dfy:legacy,M3.UnionFind.Join (correctness) (assertion batch 49),content,True,correctness:M3UnionFindJoin:48
lit/dafny4/UnionFind-noiso.dfy:legacy,M3.UnionFind.Join (correctness) (assertion batch 145),content,True,correctness:M3UnionFindJoin:144
lit/dafny4/UnionFind-noiso.dfy:legacy,M3.UnionFind.ReachUnaffectedByChangeFromRoot (correctness),unchanged,False,correctness:M3UnionFindReachUnaffectedByChangeFromRoot:0
lit/dafny4/UnionFind-noiso.dfy:legacy,M3.UnionFind.Join (correctness) (assertion batch 22),content,True,correctness:M3UnionFindJoin:21
lit/dafny4/UnionFind-noiso.dfy:legacy,M3.UnionFind.Join (correctness) (assertion batch 5),content,True,correctness:M3UnionFindJoin:4
lit/dafny4/UnionFind-noiso.dfy:legacy,M3.UnionFind.Join (correctness) (assertion batch 166),content,True,correctness:M3UnionFindJoin:165
lit/dafny4/UnionFind-noiso.dfy:legacy,M3.UnionFind.Join (correctness) (assertion batch 32),content,True,correctness:M3UnionFindJoin:31
lit/dafny4/UnionFind-noiso.dfy:legacy,M2.UnionFind.Reaches_SinkIsFunctionOfStart (correctness),unchanged,False,correctness:M2UnionFindReachesSinkIsFunctionOfStart:0
lit/dafny4/UnionFind-noiso.dfy:legacy,M3.UnionFind.Join (correctness) (assertion batch 81),content,True,correctness:M3UnionFindJoin:80
lit/dafny4/UnionFind-noiso.dfy:legacy,M3.UnionFind.Join (correctness) (assertion batch 19),content,True,correctness:M3UnionFindJoin:18
lit/dafny4/UnionFind-noiso.dfy:legacy,M3.UnionFind.Join (correctness) (assertion batch 8),content,True,correctness:M3UnionFindJoin:7
lit/dafny4/UnionFind-noiso.dfy:legacy,M3.UnionFind.Join (correctness) (assertion batch 37),content,True,correctness:M3UnionFindJoin:36
lit/dafny4/UnionFind-noiso.dfy:legacy,M3.UnionFind.Join (correctness) (assertion batch 23),content,True,correctness:M3UnionFindJoin:22
lit/dafny4/UnionFind-noiso.dfy:legacy,M3.UnionFind.Join (correctness) (assertion batch 25),content,True,correctness:M3UnionFindJoin:24
lit/dafny4/UnionFind-noiso.dfy:legacy,M1.GoodCMap (well-formedness),unchanged,False,well-formedness:M1GoodCMap:0
lit/dafny4/UnionFind-noiso.dfy:legacy,M3.UnionFind.Join (well-formedness) (assertion batch 8),content,True,well-formedness:M3UnionFindJoin:7
lit/dafny4/UnionFind-noiso.dfy:legacy,M3.UnionFind.Join (correctness) (assertion batch 176),content,True,correctness:M3UnionFindJoin:175
lit/dafny4/UnionFind-noiso.dfy:legacy,M3.UnionFind.Join (correctness) (assertion batch 24),content,True,correctness:M3UnionFindJoin:23
lit/dafny4/UnionFind-noiso.dfy:legacy,M3.UnionFind.Join (correctness) (assertion batch 112),content,True,correctness:M3UnionFindJoin:111
lit/dafny4/UnionFind-noiso.dfy:legacy,M3.UnionFind.Join (well-formedness) (assertion batch 5),content,True,well-formedness:M3UnionFindJoin:4
lit/dafny4/UnionFind-noiso.dfy:legacy,M3.UnionFind.Join (well-formedness) (assertion batch 2),content,True,well-formedness:M3UnionFindJoin:1
lit/dafny4/UnionFind-noiso.dfy:legacy,M3.UnionFind.Join (correctness) (assertion batch 111),content,True,correctness:M3UnionFindJoin:110
lit/dafny4/UnionFind-noiso.dfy:legacy,M3.UnionFind.Join (correctness) (assertion batch 69),content,True,correctness:M3UnionFindJoin:68
lit/dafny4/UnionFind-noiso.dfy:legacy,M3.UnionFind.Join (correctness) (assertion batch 110),content,True,correctness:M3UnionFindJoin:109
lit/dafny4/UnionFind-noiso.dfy:legacy,M3.UnionFind.Join (well-formedness) (assertion batch 1),content,True,well-formedness:M3UnionFindJoin:0
lit/dafny4/UnionFind-noiso.dfy:legacy,M3.UnionFind.Join (correctness) (assertion batch 164),content,True,correctness:M3UnionFindJoin:163
lit/dafny4/UnionFind-noiso.dfy:legacy,M3.UnionFind.Join (correctness) (assertion batch 2),content,True,correctness:M3UnionFindJoin:1
lit/dafny4/UnionFind-noiso.dfy:legacy,M3.UnionFind.Join (correctness) (assertion batch 4),content,True,correctness:M3UnionFindJoin:3
lit/dafny4/UnionFind-noiso.dfy:legacy,M3.UnionFind.Join (correctness) (assertion batch 163),content,True,correctness:M3UnionFindJoin:162
lit/dafny4/UnionFind-noiso.dfy:legacy,M3.UnionFind.Join (correctness) (assertion batch 9),content,True,correctness:M3UnionFindJoin:8
lit/dafny4/UnionFind-noiso.dfy:legacy,M3.UnionFind.ExtendedReach (well-formedness),unchanged,False,well-formedness:M3UnionFindExtendedReach:0
lit/dafny4/UnionFind-noiso.dfy:legacy,M3.UnionFind.Join (correctness) (assertion batch 10),content,True,correctness:M3UnionFindJoin:9
lit/dafny4/UnionFind-noiso.dfy:legacy,M3.UnionFind.Join (correctness) (assertion batch 165),content,True,correctness:M3UnionFindJoin:164
lit/dafny4/UnionFind-noiso.dfy:legacy,M2.UnionFind.UpdateMaintainsReaches (well-formedness),unchanged,False,well-formedness:M2UnionFindUpdateMaintainsReaches:0
lit/dafny4/UnionFind-noiso.dfy:legacy,M3.UnionFind.JoinMaintainsReaches0 (well-formedness),unchanged,False,well-formedness:M3UnionFindJoinMaintainsReaches0:0
lit/dafny4/UnionFind-noiso.dfy:legacy,M3.UnionFind.ReachUnaffectedByChangeFromRoot (well-formedness),unchanged,False,well-formedness:M3UnionFindReachUnaffectedByChangeFromRoot:0
lit/dafny4/UnionFind-noiso.dfy:legacy,M2.UnionFind.ConstructReach (well-formedness),unchanged,False,well-formedness:M2UnionFindConstructReach:0
lit/dafny4/UnionFind-noiso.dfy:legacy,M2.UnionFind.Reaches_SinkIsFunctionOfStart (well-formedness),unchanged,False,well-formedness:M2UnionFindReachesSinkIsFunctionOfStart:0
lit/dafny4/UnionFind-noiso.dfy:legacy,M1.MapsEqual (correctness),unchanged,False,correctness:M1MapsEqual:0
lit/dafny4/UnionFind-noiso.dfy:legacy,M1.MapsEqual (well-formedness),unchanged,False,well-formedness:M1MapsEqual:0
lit/proof-obligation-desc/comprehension-no-alias.dfy:refresh,ComprehensionNoAlias (well-formedness),content,True,well-formedness:ComprehensionNoAlias:0
lit/proof-obligation-desc/comprehension-no-alias.dfy:legacy,ComprehensionNoAlias (well-formedness),content,True,well-formedness:ComprehensionNoAlias:0
dafnybench/Clover_convert_map_key.dfy,convert_map_key (correctness),content,True,correctness:convertmapkey:0
dafnybench/Clover_convert_map_key.dfy,convert_map_key (well-formedness),unchanged,False,well-formedness:convertmapkey:0
dafnybench/Clover_update_map.dfy,update_map (correctness),content,True,correctness:updatemap:0
dafnybench/Clover_update_map.dfy,update_map (well-formedness),unchanged,False,well-formedness:updatemap:0
dafnybench/DafnyProjects_tmp_tmp2acw_s4s_RawSort.dfy,rawsort (correctness),content,True,correctness:rawsort:0
dafnybench/DafnyProjects_tmp_tmp2acw_s4s_RawSort.dfy,sorted (well-formedness),unchanged,False,well-formedness:sorted:0
dafnybench/DafnyProjects_tmp_tmp2acw_s4s_RawSort.dfy,inversions (well-formedness),unchanged,False,well-formedness:inversions:0
dafnybench/DafnyProjects_tmp_tmp2acw_s4s_RawSort.dfy,testRawsort (correctness),unchanged,False,correctness:testRawsort:0
dafnybench/DafnyProjects_tmp_tmp2acw_s4s_RawSort.dfy,mappingProp (correctness),unchanged,False,correctness:mappingProp:0
dafnybench/DafnyProjects_tmp_tmp2acw_s4s_RawSort.dfy,mappingProp (well-formedness),unchanged,False,well-formedness:mappingProp:0
dafnybench/DafnyProjects_tmp_tmp2acw_s4s_RawSort.dfy,rawsort (well-formedness),unchanged,False,well-formedness:rawsort:0
dafnybench/dafny-programs_tmp_tmpcwodh6qh_src_ticketsystem.dfy,TicketSystem.Valid (well-formedness),unchanged,False,well-formedness:TicketSystemValid:0
dafnybench/dafny-programs_tmp_tmpcwodh6qh_src_ticketsystem.dfy,TicketSystem._ctor (correctness),content,True,correctness:TicketSystemctor:0
dafnybench/dafny-programs_tmp_tmpcwodh6qh_src_ticketsystem.dfy,TicketSystem.Request (correctness),unchanged,False,correctness:TicketSystemRequest:0
dafnybench/dafny-programs_tmp_tmpcwodh6qh_src_ticketsystem.dfy,TicketSystem.Leave (correctness),unchanged,False,correctness:TicketSystemLeave:0
dafnybench/dafny-programs_tmp_tmpcwodh6qh_src_ticketsystem.dfy,TicketSystem.Enter (correctness),unchanged,False,correctness:TicketSystemEnter:0
dafnybench/dafny-programs_tmp_tmpcwodh6qh_src_ticketsystem.dfy,TicketSystem.Enter (well-formedness),unchanged,False,well-formedness:TicketSystemEnter:0
dafnybench/dafny-programs_tmp_tmpcwodh6qh_src_ticketsystem.dfy,TicketSystem.Leave (well-formedness),unchanged,False,well-formedness:TicketSystemLeave:0
dafnybench/dafny-programs_tmp_tmpcwodh6qh_src_ticketsystem.dfy,TicketSystem.MutualExclusion (well-formedness),unchanged,False,well-formedness:TicketSystemMutualExclusion:0
dafnybench/dafny-programs_tmp_tmpcwodh6qh_src_ticketsystem.dfy,TicketSystem.Request (well-formedness),unchanged,False,well-formedness:TicketSystemRequest:0
dafnybench/dafny_experiments_tmp_tmpz29_3_3i_circuit.dfy,CombineCircuits.CombineCircuitsCorrect (correctness),content,True,correctness:CombineCircuitsCombineCircuitsCorrect:0
dafnybench/dafny_experiments_tmp_tmpz29_3_3i_circuit.dfy,BackwardConnections.CombineBackconnsHelper (correctness),content,True,correctness:BackwardConnectionsCombineBackconnsHelper:0
dafnybench/dafny_experiments_tmp_tmpz29_3_3i_circuit.dfy,CombineCircuits.CombineCircuitsCorrect (well-formedness),content,True,well-formedness:CombineCircuitsCombineCircuitsCorrect:0
dafnybench/dafny_experiments_tmp_tmpz29_3_3i_circuit.dfy,CombineCircuits.CanBackAssign (well-formedness),unchanged,False,well-formedness:CombineCircuitsCanBackAssign:0
dafnybench/dafny_experiments_tmp_tmpz29_3_3i_circuit.dfy,CombineCircuits.CombineCircuitsCorrectC1 (well-formedness),content,True,well-formedness:CombineCircuitsCombineCircuitsCorrectC1:0
dafnybench/dafny_experiments_tmp_tmpz29_3_3i_circuit.dfy,Base.n_oports (well-formedness),unchanged,False,well-formedness:Basenoports:0
dafnybench/dafny_experiments_tmp_tmpz29_3_3i_circuit.dfy,Base.n_iports (well-formedness),unchanged,False,well-formedness:Baseniports:0
dafnybench/dafny_experiments_tmp_tmpz29_3_3i_circuit.dfy,CombineCircuits.IsEquivalentCircuit (well-formedness),unchanged,False,well-formedness:CombineCircuitsIsEquivalentCircuit:0
dafnybench/dafny_experiments_tmp_tmpz29_3_3i_circuit.dfy,CombineCircuits.CombineCircuitsCorrectC1 (correctness),content,True,correctness:CombineCircuitsCombineCircuitsCorrectC1:0
dafnybench/dafny_experiments_tmp_tmpz29_3_3i_circuit.dfy,CombineCircuits.CombineCircuitsCorrectHelper (correctness),content,True,correctness:CombineCircuitsCombineCircuitsCorrectHelper:0
dafnybench/dafny_experiments_tmp_tmpz29_3_3i_circuit.dfy,CombineCircuits.CombineCircuits (well-formedness),content,True,well-formedness:CombineCircuitsCombineCircuits:0
dafnybench/dafny_experiments_tmp_tmpz29_3_3i_circuit.dfy,BackwardConnections.CombineBackconnsHelper2 (well-formedness),content,True,well-formedness:BackwardConnectionsCombineBackconnsHelper2:0
dafnybench/dafny_experiments_tmp_tmpz29_3_3i_circuit.dfy,BackwardConnections.CombineBackconns (well-formedness),content,True,well-formedness:BackwardConnectionsCombineBackconns:0
dafnybench/dafny_experiments_tmp_tmpz29_3_3i_circuit.dfy,BackwardConnections.CombineBackconnsHelper (well-formedness),content,True,well-formedness:BackwardConnectionsCombineBackconnsHelper:0
dafnybench/dafny_experiments_tmp_tmpz29_3_3i_circuit.dfy,CombineCircuits.CombineCircuitsCorrectHelper (well-formedness),content,True,well-formedness:CombineCircuitsCombineCircuitsCorrectHelper:0
dafnybench/dafny_experiments_tmp_tmpz29_3_3i_circuit.dfy,Base.WellformedBackConns (well-formedness),unchanged,False,well-formedness:BaseWellformedBackConns:0
dafnybench/dafny_experiments_tmp_tmpz29_3_3i_circuit.dfy,Utils.UpdateMap (well-formedness),content,True,well-formedness:UtilsUpdateMap:0
dafnybench/dafny_experiments_tmp_tmpz29_3_3i_circuit.dfy,Utils.CombineMaps (well-formedness),content,True,well-formedness:UtilsCombineMaps:0
dafnybench/dafny_experiments_tmp_tmpz29_3_3i_circuit.dfy,BackwardConnections.CombineBackconnsHelper2 (correctness),content,True,correctness:BackwardConnectionsCombineBackconnsHelper2:0
dafnybench/dafny_experiments_tmp_tmpz29_3_3i_circuit.dfy,Base.AllONPs (well-formedness),unchanged,False,well-formedness:BaseAllONPs:0
dafnybench/dafny_experiments_tmp_tmpz29_3_3i_circuit.dfy,Base.AllINPs (well-formedness),unchanged,False,well-formedness:BaseAllINPs:0
dafnybench/dafny_experiments_tmp_tmpz29_3_3i_circuit.dfy,Base.WellformedONP (well-formedness),unchanged,False,well-formedness:BaseWellformedONP:0
dafnybench/dafny_experiments_tmp_tmpz29_3_3i_circuit.dfy,Base.WellformedINP (well-formedness),unchanged,False,well-formedness:BaseWellformedINP:0
dafnybench/dafny_experiments_tmp_tmpz29_3_3i_circuit.dfy,Utils.sub (well-formedness),unchanged,False,well-formedness:Utilssub:0
dafnybench/fv2020-tms_tmp_tmpnp85b47l_modeling_concurrency_safety.dfy,TicketSystem.Enter (correctness),unchanged,False,correctness:TicketSystemEnter:0
dafnybench/fv2020-tms_tmp_tmpnp85b47l_modeling_concurrency_safety.dfy,Run (correctness),unchanged,False,correctness:Run:0
dafnybench/fv2020-tms_tmp_tmpnp85b47l_modeling_concurrency_safety.dfy,TicketSystem.Request (correctness),unchanged,False,correctness:TicketSystemRequest:0
dafnybench/fv2020-tms_tmp_tmpnp85b47l_modeling_concurrency_safety.dfy,RunFromSchedule (correctness),unchanged,False,correctness:RunFromSchedule:0
dafnybench/fv2020-tms_tmp_tmpnp85b47l_modeling_concurrency_safety.dfy,TicketSystem.Leave (correctness),unchanged,False,correctness:TicketSystemLeave:0
dafnybench/fv2020-tms_tmp_tmpnp85b47l_modeling_concurrency_safety.dfy,TicketSystem.Valid (well-formedness),unchanged,False,well-formedness:TicketSystemValid:0
dafnybench/fv2020-tms_tmp_tmpnp85b47l_modeling_concurrency_safety.dfy,TicketSystem._ctor (correctness),content,True,correctness:TicketSystemctor:0
dafnybench/fv2020-tms_tmp_tmpnp85b47l_modeling_concurrency_safety.dfy,RunFromSchedule (well-formedness),unchanged,False,well-formedness:RunFromSchedule:0
dafnybench/fv2020-tms_tmp_tmpnp85b47l_modeling_concurrency_safety.dfy,TicketSystem.MutualExclusion (correctness),unchanged,False,correctness:TicketSystemMutualExclusion:0
dafnybench/fv2020-tms_tmp_tmpnp85b47l_modeling_concurrency_safety.dfy,TicketSystem.Request (well-formedness),unchanged,False,well-formedness:TicketSystemRequest:0
dafnybench/fv2020-tms_tmp_tmpnp85b47l_modeling_concurrency_safety.dfy,TicketSystem.MutualExclusion (well-formedness),unchanged,False,well-formedness:TicketSystemMutualExclusion:0
dafnybench/fv2020-tms_tmp_tmpnp85b47l_modeling_concurrency_safety.dfy,TicketSystem.Enter (well-formedness),unchanged,False,well-formedness:TicketSystemEnter:0
dafnybench/fv2020-tms_tmp_tmpnp85b47l_modeling_concurrency_safety.dfy,TicketSystem.Leave (well-formedness),unchanged,False,well-formedness:TicketSystemLeave:0
dafnybench/iron-sync_tmp_tmps49o3tyz_lib_Base_MapRemove.dfy,MapRemove_s.MapRemove1 (well-formedness),content,True,well-formedness:MapRemovesMapRemove1:0
dafnybench/verification-class_tmp_tmpz9ik148s_2022_chapter05-distributed-state-machines_exercises_UtilitiesLibrary.dfy,UtilitiesLibrary.Last (well-formedness),unchanged,False,well-formedness:UtilitiesLibraryLast:0
dafnybench/verification-class_tmp_tmpz9ik148s_2022_chapter05-distributed-state-machines_exercises_UtilitiesLibrary.dfy,UtilitiesLibrary.DropLast (well-formedness),unchanged,False,well-formedness:UtilitiesLibraryDropLast:0
dafnybench/verification-class_tmp_tmpz9ik148s_2022_chapter05-distributed-state-machines_exercises_UtilitiesLibrary.dfy,UtilitiesLibrary.MapRemoveOne (well-formedness),content,True,well-formedness:UtilitiesLibraryMapRemoveOne:0
dafnybench/verification-class_tmp_tmpz9ik148s_2022_chapter05-distributed-state-machines_exercises_UtilitiesLibrary.dfy,UtilitiesLibrary.GetIndexForMember (correctness),unchanged,False,correctness:UtilitiesLibraryGetIndexForMember:0
dafnybench/verification-class_tmp_tmpz9ik148s_2022_chapter05-distributed-state-machines_exercises_UtilitiesLibrary.dfy,UtilitiesLibrary.SetsAreSubsetsOfUnion (correctness),unchanged,False,correctness:UtilitiesLibrarySetsAreSubsetsOfUnion:0
dafnybench/verification-class_tmp_tmpz9ik148s_2022_chapter05-distributed-state-machines_exercises_UtilitiesLibrary.dfy,UtilitiesLibrary.UnionSeqOfSets (well-formedness),unchanged,False,well-formedness:UtilitiesLibraryUnionSeqOfSets:0
dafnybench/verification-class_tmp_tmpz9ik148s_2022_chapter05-distributed-state-machines_exercises_UtilitiesLibrary.dfy,UtilitiesLibrary.EachUnionMemberBelongsToASet (correctness),unchanged,False,correctness:UtilitiesLibraryEachUnionMemberBelongsToASet:0
dafnybench/verification-class_tmp_tmpz9ik148s_2022_chapter05-distributed-state-machines_exercises_UtilitiesLibrary.dfy,UtilitiesLibrary.SetsAreSubsetsOfUnion (well-formedness),unchanged,False,well-formedness:UtilitiesLibrarySetsAreSubsetsOfUnion:0
dafnybench/verification-class_tmp_tmpz9ik148s_2022_chapter05-distributed-state-machines_exercises_UtilitiesLibrary.dfy,UtilitiesLibrary.EachUnionMemberBelongsToASet (well-formedness),unchanged,False,well-formedness:UtilitiesLibraryEachUnionMemberBelongsToASet:0
dafnybench/verification-class_tmp_tmpz9ik148s_2022_chapter05-distributed-state-machines_exercises_UtilitiesLibrary.dfy,UtilitiesLibrary.GetIndexForMember (well-formedness),unchanged,False,well-formedness:UtilitiesLibraryGetIndexForMember:0
dafnybench/verification-class_tmp_tmpz9ik148s_2022_chapter05-distributed-state-machines_exercises_UtilitiesLibrary.dfy,UtilitiesLibrary.Rotation (correctness),unchanged,False,correctness:UtilitiesLibraryRotation:0
kondo/clientServer/manual,MessageInvariants.MessageInvInductive (correctness),unchanged,False,correctness:MessageInvariantsMessageInvInductive:0
kondo/clientServer/manual,ClientServerProof.InvInductive (correctness),unchanged,False,correctness:ClientServerProofInvInductive:0
kondo/clientServer/manual,UtilitiesLibrary.max (well-formedness),unchanged,False,well-formedness:UtilitiesLibrarymax:0
kondo/clientServer/manual,UtilitiesLibrary.DropLast (well-formedness),unchanged,False,well-formedness:UtilitiesLibraryDropLast:0
kondo/clientServer/manual,MessageInvariants.InitImpliesMessageInv (correctness),unchanged,False,correctness:MessageInvariantsInitImpliesMessageInv:0
kondo/clientServer/manual,MessageInvariants.MessageInv (well-formedness),unchanged,False,well-formedness:MessageInvariantsMessageInv:0
kondo/clientServer/manual,DistributedSystem.NextStep (well-formedness),unchanged,False,well-formedness:DistributedSystemNextStep:0
kondo/clientServer/manual,MessageInvariants.ClientResponsesValid (well-formedness),unchanged,False,well-formedness:MessageInvariantsClientResponsesValid:0
kondo/clientServer/manual,ClientServerProof.InvImpliesSafety (well-formedness),unchanged,False,well-formedness:ClientServerProofInvImpliesSafety:0
kondo/clientServer/manual,ClientServerProof.InitImpliesInv (correctness),unchanged,False,correctness:ClientServerProofInitImpliesInv:0
kondo/clientServer/manual,DistributedSystem.ClientAction (well-formedness),unchanged,False,well-formedness:DistributedSystemClientAction:0
kondo/clientServer/manual,ClientServerProof.Inv (well-formedness),unchanged,False,well-formedness:ClientServerProofInv:0
kondo/clientServer/manual,MessageInvariants.RequestMsgsValid (well-formedness),unchanged,False,well-formedness:MessageInvariantsRequestMsgsValid:0
kondo/clientServer/manual,ClientServerProof.ProtocolInv (well-formedness),unchanged,False,well-formedness:ClientServerProofProtocolInv:0
kondo/clientServer/manual,ClientServerProof.InvImpliesSafety (correctness),unchanged,False,correctness:ClientServerProofInvImpliesSafety:0
kondo/clientServer/manual,DistributedSystem.ServerAction (well-formedness),unchanged,False,well-formedness:DistributedSystemServerAction:0
kondo/clientServer/manual,Network.Next (well-formedness),unchanged,False,well-formedness:NetworkNext:0
kondo/clientServer/manual,ServerHost.NextReceiveStep (well-formedness),unchanged,False,well-formedness:ServerHostNextReceiveStep:0
kondo/clientServer/manual,MessageInvariants.ServerCurrentRequestValid (well-formedness),unchanged,False,well-formedness:MessageInvariantsServerCurrentRequestValid:0
kondo/clientServer/manual,ClientHost.NextRequestStep (well-formedness),unchanged,False,well-formedness:ClientHostNextRequestStep:0
kondo/clientServer/manual,ClientHost.GroupInit (well-formedness),unchanged,False,well-formedness:ClientHostGroupInit:0
kondo/clientServer/manual,UtilitiesLibrary.MapRemoveOne (well-formedness),content,True,well-formedness:UtilitiesLibraryMapRemoveOne:0
kondo/clientServer/manual,DistributedSystem.Variables.GetServer (well-formedness),unchanged,False,well-formedness:DistributedSystemVariablesGetServer:0
kondo/clientServer/manual,ServerHost.NextProcessStep (well-formedness),unchanged,False,well-formedness:ServerHostNextProcessStep:0
kondo/clientServer/manual,UtilitiesLibrary.GetIndexForMember (correctness),unchanged,False,correctness:UtilitiesLibraryGetIndexForMember:0
kondo/clientServer/manual,UtilitiesLibrary.UnionSeqOfSets (well-formedness),unchanged,False,well-formedness:UtilitiesLibraryUnionSeqOfSets:0
kondo/clientServer/manual,UtilitiesLibrary.SetComprehensionSize (correctness),unchanged,False,correctness:UtilitiesLibrarySetComprehensionSize:0
kondo/clientServer/manual,ClientHost.NextReceiveStep (well-formedness),unchanged,False,well-formedness:ClientHostNextReceiveStep:0
kondo/clientServer/manual,UtilitiesLibrary.EachUnionMemberBelongsToASet (correctness),unchanged,False,correctness:UtilitiesLibraryEachUnionMemberBelongsToASet:0
kondo/clientServer/manual,UtilitiesLibrary.SetsAreSubsetsOfUnion (correctness),unchanged,False,correctness:UtilitiesLibrarySetsAreSubsetsOfUnion:0
kondo/clientServer/manual,MonotonicityLibrary.MonotonicMap.SatisfiesMonotonic (well-formedness),unchanged,False,well-formedness:MonotonicityLibraryMonotonicMapSatisfiesMonotonic:0
kondo/clientServer/manual,ServerHost.GroupInit (well-formedness),unchanged,False,well-formedness:ServerHostGroupInit:0
kondo/clientServer/manual,DistributedSystem.Constants.GetServer (well-formedness),unchanged,False,well-formedness:DistributedSystemConstantsGetServer:0
kondo/clientServer/manual,UtilitiesLibrary.UnionIncreasesCardinality (correctness),unchanged,False,correctness:UtilitiesLibraryUnionIncreasesCardinality:0
kondo/clientServer/manual,UtilitiesLibrary.GetIndexForMember (well-formedness),unchanged,False,well-formedness:UtilitiesLibraryGetIndexForMember:0
kondo/clientServer/manual,UtilitiesLibrary.SetIsQuorum (well-formedness),unchanged,False,well-formedness:UtilitiesLibrarySetIsQuorum:0
kondo/clientServer/manual,UtilitiesLibrary.SetsAreSubsetsOfUnion (well-formedness),unchanged,False,well-formedness:UtilitiesLibrarySetsAreSubsetsOfUnion:0
kondo/clientServer/manual,UtilitiesLibrary.EachUnionMemberBelongsToASet (well-formedness),unchanged,False,well-formedness:UtilitiesLibraryEachUnionMemberBelongsToASet:0
kondo/clientServer/manual,ServerHost.SendResponseMsg (well-formedness),unchanged,False,well-formedness:ServerHostSendResponseMsg:0
kondo/clientServer/manual,UtilitiesLibrary.Last (well-formedness),unchanged,False,well-formedness:UtilitiesLibraryLast:0
kondo/clientServer/manual,UtilitiesLibrary.SeqOptionMonotoneIncreasing (well-formedness),unchanged,False,well-formedness:UtilitiesLibrarySeqOptionMonotoneIncreasing:0
kondo/clientServer/manual,MonotonicityLibrary.MonotonicSeq.SatisfiesMonotonic (well-formedness),unchanged,False,well-formedness:MonotonicityLibraryMonotonicSeqSatisfiesMonotonic:0
kondo/clientServer/manual,UtilitiesLibrary.SetContainmentCardinality (correctness),unchanged,False,correctness:UtilitiesLibrarySetContainmentCardinality:0
kondo/clientServer/manual,Types.Message.Src (well-formedness),unchanged,False,well-formedness:TypesMessageSrc:0
kondo/clientServer/manual,UtilitiesLibrary.QuorumIntersection (correctness),unchanged,False,correctness:UtilitiesLibraryQuorumIntersection:0
kondo/clientServer/manual,UtilitiesLibrary.Predecessor (well-formedness),unchanged,False,well-formedness:UtilitiesLibraryPredecessor:0
kondo/clientServer/manual,ServerHost.GroupWF (well-formedness),unchanged,False,well-formedness:ServerHostGroupWF:0
kondo/clientServer/manual,UtilitiesLibrary.LargerSetIncreasesCardinalityMore (correctness),unchanged,False,correctness:UtilitiesLibraryLargerSetIncreasesCardinalityMore:0
kondo/clientServer/manual,ClientHost.GroupWF (well-formedness),unchanged,False,well-formedness:ClientHostGroupWF:0
kondo/clientServer/manual,UtilitiesLibrary.StutterSeq (well-formedness),unchanged,False,well-formedness:UtilitiesLibraryStutterSeq:0
kondo/clientServer/manual,UtilitiesLibrary.SeqIsComplete (well-formedness),unchanged,False,well-formedness:UtilitiesLibrarySeqIsComplete:0
kondo/clientServer/manual,UtilitiesLibrary.DisjointSetUnionCardinality (correctness),unchanged,False,correctness:UtilitiesLibraryDisjointSetUnionCardinality:0
kondo/clientServer/manual,MonotonicityLibrary.MonotonicNatOption.SatisfiesMonotonic (well-formedness),unchanged,False,well-formedness:MonotonicityLibraryMonotonicNatOptionSatisfiesMonotonic:0
kondo/clientServer/manual,UtilitiesLibrary.SetMonotoneIncreasing (well-formedness),unchanged,False,well-formedness:UtilitiesLibrarySetMonotoneIncreasing:0
kondo/clientServer/manual,UtilitiesLibrary.StrictOrdering (well-formedness),unchanged,False,well-formedness:UtilitiesLibraryStrictOrdering:0
kondo/clientServer/manual,ClientHost.GroupWFConstants (well-formedness),unchanged,False,well-formedness:ClientHostGroupWFConstants:0
kondo/clientServer/manual,UtilitiesLibrary.SeqMonotoneIncreasing (well-formedness),unchanged,False,well-formedness:UtilitiesLibrarySeqMonotoneIncreasing:0
kondo/clientServer/manual,UtilitiesLibrary.IsSeqExtension (well-formedness),unchanged,False,well-formedness:UtilitiesLibraryIsSeqExtension:0
kondo/clientServer/manual,UtilitiesLibrary.SetContainmentCardinalityStrict (correctness),unchanged,False,correctness:UtilitiesLibrarySetContainmentCardinalityStrict:0
kondo/clientServer/manual,UtilitiesLibrary.Successor (well-formedness),unchanged,False,well-formedness:UtilitiesLibrarySuccessor:0
kondo/clientServer/sync,ClientServerProof.InvInductive (correctness),unchanged,False,correctness:ClientServerProofInvInductive:0
kondo/clientServer/sync,System.NextServerProcessStep (well-formedness),unchanged,False,well-formedness:SystemNextServerProcessStep:0
kondo/clientServer/sync,System.NextClientRequestStep (well-formedness),unchanged,False,well-formedness:SystemNextClientRequestStep:0
kondo/clientServer/sync,System.Next (well-formedness),unchanged,False,well-formedness:SystemNext:0
kondo/clientServer/sync,System.NextStep (well-formedness),unchanged,False,well-formedness:SystemNextStep:0
kondo/clientServer/sync,UtilitiesLibrary.DropLast (well-formedness),unchanged,False,well-formedness:UtilitiesLibraryDropLast:0
kondo/clientServer/sync,UtilitiesLibrary.max (well-formedness),unchanged,False,well-formedness:UtilitiesLibrarymax:0
kondo/clientServer/sync,ClientServerProof.Inv (well-formedness),unchanged,False,well-formedness:ClientServerProofInv:0
kondo/clientServer/sync,ClientServerProof.InvImpliesSafety (well-formedness),unchanged,False,well-formedness:ClientServerProofInvImpliesSafety:0
kondo/clientServer/sync,ClientServerProof.ServerRequestsValid (well-formedness),unchanged,False,well-formedness:ClientServerProofServerRequestsValid:0
kondo/clientServer/sync,ClientServerProof.InitImpliesInv (correctness),unchanged,False,correctness:ClientServerProofInitImpliesInv:0
kondo/clientServer/sync,ClientServerProof.ProtocolInv (well-formedness),unchanged,False,well-formedness:ClientServerProofProtocolInv:0
kondo/clientServer/sync,Obligations.Safety (well-formedness),unchanged,False,well-formedness:ObligationsSafety:0
kondo/clientServer/sync,ClientServerProof.InvImpliesSafety (correctness),unchanged,False,correctness:ClientServerProofInvImpliesSafety:0
kondo/clientServer/sync,ServerHost.NextProcessStep (well-formedness),unchanged,False,well-formedness:ServerHostNextProcessStep:0
kondo/clientServer/sync,System.Variables.GetServer (well-formedness),unchanged,False,well-formedness:SystemVariablesGetServer:0
kondo/clientServer/sync,ClientHost.NextRequestStep (well-formedness),unchanged,False,well-formedness:ClientHostNextRequestStep:0
kondo/clientServer/sync,UtilitiesLibrary.SetsAreSubsetsOfUnion (well-formedness),unchanged,False,well-formedness:UtilitiesLibrarySetsAreSubsetsOfUnion:0
kondo/clientServer/sync,UtilitiesLibrary.UnionSeqOfSets (well-formedness),unchanged,False,well-formedness:UtilitiesLibraryUnionSeqOfSets:0
kondo/clientServer/sync,ClientHost.GroupInit (well-formedness),unchanged,False,well-formedness:ClientHostGroupInit:0
kondo/clientServer/sync,ClientHost.NextReceiveStep (well-formedness),unchanged,False,well-formedness:ClientHostNextReceiveStep:0
kondo/clientServer/sync,UtilitiesLibrary.MapRemoveOne (well-formedness),content,True,well-formedness:UtilitiesLibraryMapRemoveOne:0
kondo/clientServer/sync,UtilitiesLibrary.Successor (well-formedness),unchanged,False,well-formedness:UtilitiesLibrarySuccessor:0
kondo/clientServer/sync,UtilitiesLibrary.Predecessor (well-formedness),unchanged,False,well-formedness:UtilitiesLibraryPredecessor:0
kondo/clientServer/sync,UtilitiesLibrary.SetComprehensionSize (correctness),unchanged,False,correctness:UtilitiesLibrarySetComprehensionSize:0
kondo/clientServer/sync,System.Constants.GetServer (well-formedness),unchanged,False,well-formedness:SystemConstantsGetServer:0
kondo/clientServer/sync,ServerHost.NextReceiveStep (well-formedness),unchanged,False,well-formedness:ServerHostNextReceiveStep:0
kondo/clientServer/sync,ServerHost.GroupInit (well-formedness),unchanged,False,well-formedness:ServerHostGroupInit:0
kondo/clientServer/sync,UtilitiesLibrary.EachUnionMemberBelongsToASet (correctness),unchanged,False,correctness:UtilitiesLibraryEachUnionMemberBelongsToASet:0
kondo/clientServer/sync,UtilitiesLibrary.SetsAreSubsetsOfUnion (correctness),unchanged,False,correctness:UtilitiesLibrarySetsAreSubsetsOfUnion:0
kondo/clientServer/sync,UtilitiesLibrary.QuorumIntersection (correctness),unchanged,False,correctness:UtilitiesLibraryQuorumIntersection:0
kondo/clientServer/sync,UtilitiesLibrary.GetIndexForMember (correctness),unchanged,False,correctness:UtilitiesLibraryGetIndexForMember:0
kondo/clientServer/sync,UtilitiesLibrary.DisjointSetUnionCardinality (correctness),unchanged,False,correctness:UtilitiesLibraryDisjointSetUnionCardinality:0
kondo/clientServer/sync,ServerHost.SendResponseMsg (well-formedness),unchanged,False,well-formedness:ServerHostSendResponseMsg:0
kondo/clientServer/sync,UtilitiesLibrary.GetIndexForMember (well-formedness),unchanged,False,well-formedness:UtilitiesLibraryGetIndexForMember:0
kondo/clientServer/sync,UtilitiesLibrary.SeqOptionMonotoneIncreasing (well-formedness),unchanged,False,well-formedness:UtilitiesLibrarySeqOptionMonotoneIncreasing:0
kondo/clientServer/sync,UtilitiesLibrary.EachUnionMemberBelongsToASet (well-formedness),unchanged,False,well-formedness:UtilitiesLibraryEachUnionMemberBelongsToASet:0
kondo/clientServer/sync,UtilitiesLibrary.UnionIncreasesCardinality (correctness),unchanged,False,correctness:UtilitiesLibraryUnionIncreasesCardinality:0
kondo/clientServer/sync,ClientHost.GroupWF (well-formedness),unchanged,False,well-formedness:ClientHostGroupWF:0
kondo/clientServer/sync,ClientHost.GroupWFConstants (well-formedness),unchanged,False,well-formedness:ClientHostGroupWFConstants:0
kondo/clientServer/sync,UtilitiesLibrary.SetContainmentCardinality (correctness),unchanged,False,correctness:UtilitiesLibrarySetContainmentCardinality:0
kondo/clientServer/sync,ServerHost.GroupWF (well-formedness),unchanged,False,well-formedness:ServerHostGroupWF:0
kondo/clientServer/sync,UtilitiesLibrary.Last (well-formedness),unchanged,False,well-formedness:UtilitiesLibraryLast:0
kondo/clientServer/sync,Types.Message.Src (well-formedness),unchanged,False,well-formedness:TypesMessageSrc:0
kondo/clientServer/sync,UtilitiesLibrary.SeqIsComplete (well-formedness),unchanged,False,well-formedness:UtilitiesLibrarySeqIsComplete:0
kondo/clientServer/sync,UtilitiesLibrary.StutterSeq (well-formedness),unchanged,False,well-formedness:UtilitiesLibraryStutterSeq:0
kondo/clientServer/sync,UtilitiesLibrary.LargerSetIncreasesCardinalityMore (correctness),unchanged,False,correctness:UtilitiesLibraryLargerSetIncreasesCardinalityMore:0
kondo/clientServer/sync,UtilitiesLibrary.StrictOrdering (well-formedness),unchanged,False,well-formedness:UtilitiesLibraryStrictOrdering:0
kondo/clientServer/sync,UtilitiesLibrary.SetMonotoneIncreasing (well-formedness),unchanged,False,well-formedness:UtilitiesLibrarySetMonotoneIncreasing:0
kondo/clientServer/sync,UtilitiesLibrary.SeqMonotoneIncreasing (well-formedness),unchanged,False,well-formedness:UtilitiesLibrarySeqMonotoneIncreasing:0
kondo/clientServer/sync,UtilitiesLibrary.SetIsQuorum (well-formedness),unchanged,False,well-formedness:UtilitiesLibrarySetIsQuorum:0
kondo/clientServer/sync,UtilitiesLibrary.IsSeqExtension (well-formedness),unchanged,False,well-formedness:UtilitiesLibraryIsSeqExtension:0
kondo/clientServer/sync,UtilitiesLibrary.SetContainmentCardinalityStrict (correctness),unchanged,False,correctness:UtilitiesLibrarySetContainmentCardinalityStrict:0
kondo/distributedLock/manual,ToylockProof.InvInductive (correctness),unchanged,False,correctness:ToylockProofInvInductive:0
kondo/distributedLock/manual,UtilitiesLibrary.DropLast (well-formedness),unchanged,False,well-formedness:UtilitiesLibraryDropLast:0
kondo/distributedLock/manual,UtilitiesLibrary.max (well-formedness),unchanged,False,well-formedness:UtilitiesLibrarymax:0
kondo/distributedLock/manual,DistributedSystem.HostAction (well-formedness),unchanged,False,well-formedness:DistributedSystemHostAction:0
kondo/distributedLock/manual,ToylockProof.ProtocolInv (well-formedness),unchanged,False,well-formedness:ToylockProofProtocolInv:0
kondo/distributedLock/manual,ToylockProof.AtMostOneInFlight (well-formedness),unchanged,False,well-formedness:ToylockProofAtMostOneInFlight:0
kondo/distributedLock/manual,ToylockProof.InitImpliesInv (correctness),unchanged,False,correctness:ToylockProofInitImpliesInv:0
kondo/distributedLock/manual,ToylockProof.MsgInFlight (well-formedness),unchanged,False,well-formedness:ToylockProofMsgInFlight:0
kondo/distributedLock/manual,ToylockProof.InvImpliesSafety (correctness),unchanged,False,correctness:ToylockProofInvImpliesSafety:0
kondo/distributedLock/manual,ToylockProof.Inv (well-formedness),unchanged,False,well-formedness:ToylockProofInv:0
kondo/distributedLock/manual,Host.NextStep (well-formedness),unchanged,False,well-formedness:HostNextStep:0
kondo/distributedLock/manual,ToylockProof.HasLockImpliesNoneInFlight (well-formedness),unchanged,False,well-formedness:ToylockProofHasLockImpliesNoneInFlight:0
kondo/distributedLock/manual,ToylockProof.InvImpliesSafety (well-formedness),unchanged,False,well-formedness:ToylockProofInvImpliesSafety:0
kondo/distributedLock/manual,UtilitiesLibrary.SetsAreSubsetsOfUnion (well-formedness),unchanged,False,well-formedness:UtilitiesLibrarySetsAreSubsetsOfUnion:0
kondo/distributedLock/manual,Host.NextTransmissionStep (well-formedness),unchanged,False,well-formedness:HostNextTransmissionStep:0
kondo/distributedLock/manual,UtilitiesLibrary.MapRemoveOne (well-formedness),content,True,well-formedness:UtilitiesLibraryMapRemoveOne:0
kondo/distributedLock/manual,ToylockProof.NoneHasLock (well-formedness),unchanged,False,well-formedness:ToylockProofNoneHasLock:0
kondo/distributedLock/manual,Host.NextReceiveStep (well-formedness),unchanged,False,well-formedness:HostNextReceiveStep:0
kondo/distributedLock/manual,UtilitiesLibrary.Predecessor (well-formedness),unchanged,False,well-formedness:UtilitiesLibraryPredecessor:0
kondo/distributedLock/manual,UtilitiesLibrary.SetComprehensionSize (correctness),unchanged,False,correctness:UtilitiesLibrarySetComprehensionSize:0
kondo/distributedLock/manual,Host.GroupInit (well-formedness),unchanged,False,well-formedness:HostGroupInit:0
kondo/distributedLock/manual,Host.SendGrant (well-formedness),unchanged,False,well-formedness:HostSendGrant:0
kondo/distributedLock/manual,UtilitiesLibrary.SetsAreSubsetsOfUnion (correctness),unchanged,False,correctness:UtilitiesLibrarySetsAreSubsetsOfUnion:0
kondo/distributedLock/manual,MonotonicityLibrary.MonotonicMap.SatisfiesMonotonic (well-formedness),unchanged,False,well-formedness:MonotonicityLibraryMonotonicMapSatisfiesMonotonic:0
kondo/distributedLock/manual,UtilitiesLibrary.EachUnionMemberBelongsToASet (correctness),unchanged,False,correctness:UtilitiesLibraryEachUnionMemberBelongsToASet:0
kondo/distributedLock/manual,Network.Next (well-formedness),unchanged,False,well-formedness:NetworkNext:0
kondo/distributedLock/manual,DistributedSystem.Constants.UniqueIds (well-formedness),unchanged,False,well-formedness:DistributedSystemConstantsUniqueIds:0
kondo/distributedLock/manual,UtilitiesLibrary.GetIndexForMember (well-formedness),unchanged,False,well-formedness:UtilitiesLibraryGetIndexForMember:0
kondo/distributedLock/manual,UtilitiesLibrary.GetIndexForMember (correctness),unchanged,False,correctness:UtilitiesLibraryGetIndexForMember:0
kondo/distributedLock/manual,UtilitiesLibrary.UnionSeqOfSets (well-formedness),unchanged,False,well-formedness:UtilitiesLibraryUnionSeqOfSets:0
kondo/distributedLock/manual,Host.GroupWF (well-formedness),unchanged,False,well-formedness:HostGroupWF:0
kondo/distributedLock/manual,Host.Init (well-formedness),unchanged,False,well-formedness:HostInit:0
kondo/distributedLock/manual,UtilitiesLibrary.EachUnionMemberBelongsToASet (well-formedness),unchanged,False,well-formedness:UtilitiesLibraryEachUnionMemberBelongsToASet:0
kondo/distributedLock/manual,UtilitiesLibrary.StrictOrdering (well-formedness),unchanged,False,well-formedness:UtilitiesLibraryStrictOrdering:0
kondo/distributedLock/manual,UtilitiesLibrary.UnionIncreasesCardinality (correctness),unchanged,False,correctness:UtilitiesLibraryUnionIncreasesCardinality:0
kondo/distributedLock/manual,UtilitiesLibrary.DisjointSetUnionCardinality (correctness),unchanged,False,correctness:UtilitiesLibraryDisjointSetUnionCardinality:0
kondo/distributedLock/manual,UtilitiesLibrary.LargerSetIncreasesCardinalityMore (correctness),unchanged,False,correctness:UtilitiesLibraryLargerSetIncreasesCardinalityMore:0
kondo/distributedLock/manual,Host.GroupWFConstants (well-formedness),unchanged,False,well-formedness:HostGroupWFConstants:0
kondo/distributedLock/manual,UtilitiesLibrary.SetContainmentCardinality (correctness),unchanged,False,correctness:UtilitiesLibrarySetContainmentCardinality:0
kondo/distributedLock/manual,UtilitiesLibrary.SeqOptionMonotoneIncreasing (well-formedness),unchanged,False,well-formedness:UtilitiesLibrarySeqOptionMonotoneIncreasing:0
kondo/distributedLock/manual,MonotonicityLibrary.MonotonicSeq.SatisfiesMonotonic (well-formedness),unchanged,False,well-formedness:MonotonicityLibraryMonotonicSeqSatisfiesMonotonic:0
kondo/distributedLock/manual,UtilitiesLibrary.Last (well-formedness),unchanged,False,well-formedness:UtilitiesLibraryLast:0
kondo/distributedLock/manual,UtilitiesLibrary.QuorumIntersection (correctness),unchanged,False,correctness:UtilitiesLibraryQuorumIntersection:0
kondo/distributedLock/manual,UtilitiesLibrary.SeqIsComplete (well-formedness),unchanged,False,well-formedness:UtilitiesLibrarySeqIsComplete:0
kondo/distributedLock/manual,UtilitiesLibrary.StutterSeq (well-formedness),unchanged,False,well-formedness:UtilitiesLibraryStutterSeq:0
kondo/distributedLock/manual,MonotonicityLibrary.MonotonicNatOption.SatisfiesMonotonic (well-formedness),unchanged,False,well-formedness:MonotonicityLibraryMonotonicNatOptionSatisfiesMonotonic:0
kondo/distributedLock/manual,UtilitiesLibrary.SetMonotoneIncreasing (well-formedness),unchanged,False,well-formedness:UtilitiesLibrarySetMonotoneIncreasing:0
kondo/distributedLock/manual,UtilitiesLibrary.SeqMonotoneIncreasing (well-formedness),unchanged,False,well-formedness:UtilitiesLibrarySeqMonotoneIncreasing:0
kondo/distributedLock/manual,UtilitiesLibrary.Successor (well-formedness),unchanged,False,well-formedness:UtilitiesLibrarySuccessor:0
kondo/distributedLock/manual,UtilitiesLibrary.SetIsQuorum (well-formedness),unchanged,False,well-formedness:UtilitiesLibrarySetIsQuorum:0
kondo/distributedLock/manual,UtilitiesLibrary.IsSeqExtension (well-formedness),unchanged,False,well-formedness:UtilitiesLibraryIsSeqExtension:0
kondo/distributedLock/manual,UtilitiesLibrary.SetContainmentCardinalityStrict (correctness),unchanged,False,correctness:UtilitiesLibrarySetContainmentCardinalityStrict:0
kondo/distributedLock/sync,ToylockProof.InvInductive (correctness),unchanged,False,correctness:ToylockProofInvInductive:0
kondo/distributedLock/sync,UtilitiesLibrary.DropLast (well-formedness),unchanged,False,well-formedness:UtilitiesLibraryDropLast:0
kondo/distributedLock/sync,UtilitiesLibrary.max (well-formedness),unchanged,False,well-formedness:UtilitiesLibrarymax:0
kondo/distributedLock/sync,System.NextStep (well-formedness),unchanged,False,well-formedness:SystemNextStep:0
kondo/distributedLock/sync,System.NextTransferStep (well-formedness),unchanged,False,well-formedness:SystemNextTransferStep:0
kondo/distributedLock/sync,System.Next (well-formedness),unchanged,False,well-formedness:SystemNext:0
kondo/distributedLock/sync,ToylockProof.InvImpliesSafety (well-formedness),unchanged,False,well-formedness:ToylockProofInvImpliesSafety:0
kondo/distributedLock/sync,Host.GroupInit (well-formedness),unchanged,False,well-formedness:HostGroupInit:0
kondo/distributedLock/sync,System.Constants.UniqueIds (well-formedness),unchanged,False,well-formedness:SystemConstantsUniqueIds:0
kondo/distributedLock/sync,Host.Init (well-formedness),unchanged,False,well-formedness:HostInit:0
kondo/distributedLock/sync,ToylockProof.InitImpliesInv (correctness),unchanged,False,correctness:ToylockProofInitImpliesInv:0
kondo/distributedLock/sync,Obligations.Safety (well-formedness),unchanged,False,well-formedness:ObligationsSafety:0
kondo/distributedLock/sync,ToylockProof.Inv (well-formedness),unchanged,False,well-formedness:ToylockProofInv:0
kondo/distributedLock/sync,ToylockProof.InvImpliesSafety (correctness),unchanged,False,correctness:ToylockProofInvImpliesSafety:0
kondo/distributedLock/sync,Host.NextReceiveStep (well-formedness),unchanged,False,well-formedness:HostNextReceiveStep:0
kondo/distributedLock/sync,Host.NextStep (well-formedness),unchanged,False,well-formedness:HostNextStep:0
kondo/distributedLock/sync,UtilitiesLibrary.MapRemoveOne (well-formedness),content,True,well-formedness:UtilitiesLibraryMapRemoveOne:0
kondo/distributedLock/sync,Host.SendGrant (well-formedness),unchanged,False,well-formedness:HostSendGrant:0
kondo/distributedLock/sync,Host.NextTransmissionStep (well-formedness),unchanged,False,well-formedness:HostNextTransmissionStep:0
kondo/distributedLock/sync,UtilitiesLibrary.GetIndexForMember (correctness),unchanged,False,correctness:UtilitiesLibraryGetIndexForMember:0
kondo/distributedLock/sync,UtilitiesLibrary.SetComprehensionSize (correctness),unchanged,False,correctness:UtilitiesLibrarySetComprehensionSize:0
kondo/distributedLock/sync,UtilitiesLibrary.UnionSeqOfSets (well-formedness),unchanged,False,well-formedness:UtilitiesLibraryUnionSeqOfSets:0
kondo/distributedLock/sync,UtilitiesLibrary.UnionIncreasesCardinality (correctness),unchanged,False,correctness:UtilitiesLibraryUnionIncreasesCardinality:0
kondo/distributedLock/sync,UtilitiesLibrary.EachUnionMemberBelongsToASet (correctness),unchanged,False,correctness:UtilitiesLibraryEachUnionMemberBelongsToASet:0
kondo/distributedLock/sync,UtilitiesLibrary.SetsAreSubsetsOfUnion (correctness),unchanged,False,correctness:UtilitiesLibrarySetsAreSubsetsOfUnion:0
kondo/distributedLock/sync,UtilitiesLibrary.SetIsQuorum (well-formedness),unchanged,False,well-formedness:UtilitiesLibrarySetIsQuorum:0
kondo/distributedLock/sync,UtilitiesLibrary.SetsAreSubsetsOfUnion (well-formedness),unchanged,False,well-formedness:UtilitiesLibrarySetsAreSubsetsOfUnion:0
kondo/distributedLock/sync,UtilitiesLibrary.EachUnionMemberBelongsToASet (well-formedness),unchanged,False,well-formedness:UtilitiesLibraryEachUnionMemberBelongsToASet:0
kondo/distributedLock/sync,UtilitiesLibrary.GetIndexForMember (well-formedness),unchanged,False,well-formedness:UtilitiesLibraryGetIndexForMember:0
kondo/distributedLock/sync,Host.GroupWF (well-formedness),unchanged,False,well-formedness:HostGroupWF:0
kondo/distributedLock/sync,UtilitiesLibrary.SeqOptionMonotoneIncreasing (well-formedness),unchanged,False,well-formedness:UtilitiesLibrarySeqOptionMonotoneIncreasing:0
kondo/distributedLock/sync,UtilitiesLibrary.SetContainmentCardinality (correctness),unchanged,False,correctness:UtilitiesLibrarySetContainmentCardinality:0
kondo/distributedLock/sync,Host.GroupWFConstants (well-formedness),unchanged,False,well-formedness:HostGroupWFConstants:0
kondo/distributedLock/sync,UtilitiesLibrary.QuorumIntersection (correctness),unchanged,False,correctness:UtilitiesLibraryQuorumIntersection:0
kondo/distributedLock/sync,UtilitiesLibrary.Predecessor (well-formedness),unchanged,False,well-formedness:UtilitiesLibraryPredecessor:0
kondo/distributedLock/sync,UtilitiesLibrary.Last (well-formedness),unchanged,False,well-formedness:UtilitiesLibraryLast:0
kondo/distributedLock/sync,UtilitiesLibrary.LargerSetIncreasesCardinalityMore (correctness),unchanged,False,correctness:UtilitiesLibraryLargerSetIncreasesCardinalityMore:0
kondo/distributedLock/sync,UtilitiesLibrary.SeqIsComplete (well-formedness),unchanged,False,well-formedness:UtilitiesLibrarySeqIsComplete:0
kondo/distributedLock/sync,Obligations.SuccessorPredecessorRelation (well-formedness),unchanged,False,well-formedness:ObligationsSuccessorPredecessorRelation:0
kondo/distributedLock/sync,UtilitiesLibrary.StutterSeq (well-formedness),unchanged,False,well-formedness:UtilitiesLibraryStutterSeq:0
kondo/distributedLock/sync,UtilitiesLibrary.SeqMonotoneIncreasing (well-formedness),unchanged,False,well-formedness:UtilitiesLibrarySeqMonotoneIncreasing:0
kondo/distributedLock/sync,UtilitiesLibrary.DisjointSetUnionCardinality (correctness),unchanged,False,correctness:UtilitiesLibraryDisjointSetUnionCardinality:0
kondo/distributedLock/sync,UtilitiesLibrary.SetMonotoneIncreasing (well-formedness),unchanged,False,well-formedness:UtilitiesLibrarySetMonotoneIncreasing:0
kondo/distributedLock/sync,UtilitiesLibrary.StrictOrdering (well-formedness),unchanged,False,well-formedness:UtilitiesLibraryStrictOrdering:0
kondo/distributedLock/sync,UtilitiesLibrary.SetContainmentCardinalityStrict (correctness),unchanged,False,correctness:UtilitiesLibrarySetContainmentCardinalityStrict:0
kondo/distributedLock/sync,Obligations.SuccessorPredecessorRelation (correctness),unchanged,False,correctness:ObligationsSuccessorPredecessorRelation:0
kondo/distributedLock/sync,UtilitiesLibrary.IsSeqExtension (well-formedness),unchanged,False,well-formedness:UtilitiesLibraryIsSeqExtension:0
kondo/distributedLock/sync,UtilitiesLibrary.Successor (well-formedness),unchanged,False,well-formedness:UtilitiesLibrarySuccessor:0
kondo/flexPaxos/sync,PaxosProof.InvNextLearnerReceivedAcceptImpliesAccepted (correctness),unchanged,False,correctness:PaxosProofInvNextLearnerReceivedAcceptImpliesAccepted:0
kondo/flexPaxos/sync,PaxosProof.InvNextLeaderReceivedPromisesImpliesAcceptorState (correctness),unchanged,False,correctness:PaxosProofInvNextLeaderReceivedPromisesImpliesAcceptorState:0
kondo/flexPaxos/sync,PaxosProof.InvNextChosenImpliesProposingLeaderHearsChosenBallotP1bStep (correctness),unchanged,False,correctness:PaxosProofInvNextChosenImpliesProposingLeaderHearsChosenBallotP1bStep:0
kondo/flexPaxos/sync,PaxosProof.InvNextChosenImpliesProposingLeaderHearsChosenBallotP2bStep (correctness),unchanged,False,correctness:PaxosProofInvNextChosenImpliesProposingLeaderHearsChosenBallotP2bStep:0
kondo/flexPaxos/sync,PaxosProof.InvNextLeaderHighestHeardToPromisedRangeHasNoAccepts (correctness),unchanged,False,correctness:PaxosProofInvNextLeaderHighestHeardToPromisedRangeHasNoAccepts:0
kondo/flexPaxos/sync,PaxosProof.InvNextAcceptorValidBundle (correctness),unchanged,False,correctness:PaxosProofInvNextAcceptorValidBundle:0
kondo/flexPaxos/sync,PaxosProof.InvNextLeaderHearedImpliesProposed (correctness),unchanged,False,correctness:PaxosProofInvNextLeaderHearedImpliesProposed:0
kondo/flexPaxos/sync,PaxosProof.InvNextChosenImpliesProposingLeaderHearsChosenBallot (correctness),unchanged,False,correctness:PaxosProofInvNextChosenImpliesProposingLeaderHearsChosenBallot:0
kondo/flexPaxos/sync,PaxosProof.InvNextChosenValImpliesLeaderOnlyHearsVal (correctness),unchanged,False,correctness:PaxosProofInvNextChosenValImpliesLeaderOnlyHearsVal:0
kondo/flexPaxos/sync,PaxosProof.InvNextLearnerReceivedAcceptImpliesProposed (correctness),unchanged,False,correctness:PaxosProofInvNextLearnerReceivedAcceptImpliesProposed:0
kondo/flexPaxos/sync,PaxosProof.InvNextChosenValImpliesAcceptorOnlyAcceptsVal (correctness),unchanged,False,correctness:PaxosProofInvNextChosenValImpliesAcceptorOnlyAcceptsVal:0
kondo/flexPaxos/sync,PaxosProof.InvNextLeaderHighestHeardUpperBound (correctness),unchanged,False,correctness:PaxosProofInvNextLeaderHighestHeardUpperBound:0
kondo/flexPaxos/sync,PaxosProof.InvInductive (correctness),unchanged,False,correctness:PaxosProofInvInductive:0
kondo/flexPaxos/sync,PaxosProof.InvNextLearnerValidReceivedAccepts (correctness),unchanged,False,correctness:PaxosProofInvNextLearnerValidReceivedAccepts:0
kondo/flexPaxos/sync,PaxosProof.InvNextLeaderValidReceivedPromises (correctness),unchanged,False,correctness:PaxosProofInvNextLeaderValidReceivedPromises:0
kondo/flexPaxos/sync,PaxosProof.InitImpliesInv (correctness),unchanged,False,correctness:PaxosProofInitImpliesInv:0
kondo/flexPaxos/sync,PaxosProof.InvNextLearnedImpliesQuorumOfAccepts (correctness),unchanged,False,correctness:PaxosProofInvNextLearnedImpliesQuorumOfAccepts:0
kondo/flexPaxos/sync,PaxosProof.InvImpliesAtMostOneChosenVal (correctness),unchanged,False,correctness:PaxosProofInvImpliesAtMostOneChosenVal:0
kondo/flexPaxos/sync,PaxosProof.InvNextLearnerValidReceivedAccepts (well-formedness),unchanged,False,well-formedness:PaxosProofInvNextLearnerValidReceivedAccepts:0
kondo/flexPaxos/sync,PaxosProof.InvNextLearnedImpliesQuorumOfAccepts (well-formedness),unchanged,False,well-formedness:PaxosProofInvNextLearnedImpliesQuorumOfAccepts:0
kondo/flexPaxos/sync,PaxosProof.ProtocolInv (well-formedness),unchanged,False,well-formedness:PaxosProofProtocolInv:0
kondo/flexPaxos/sync,PaxosProof.InvNextChosenImpliesProposingLeaderHearsChosenBallot (well-formedness),unchanged,False,well-formedness:PaxosProofInvNextChosenImpliesProposingLeaderHearsChosenBallot:0
kondo/flexPaxos/sync,System.NextStep (well-formedness),unchanged,False,well-formedness:SystemNextStep:0
kondo/flexPaxos/sync,PaxosProof.InvNextChosenValImpliesLeaderOnlyHearsVal (well-formedness),unchanged,False,well-formedness:PaxosProofInvNextChosenValImpliesLeaderOnlyHearsVal:0
kondo/flexPaxos/sync,PaxosProof.InvNextChosenImpliesProposingLeaderHearsChosenBallotP2bStep (well-formedness),unchanged,False,well-formedness:PaxosProofInvNextChosenImpliesProposingLeaderHearsChosenBallotP2bStep:0
kondo/flexPaxos/sync,PaxosProof.InvNextLearnerReceivedAcceptImpliesProposed (well-formedness),unchanged,False,well-formedness:PaxosProofInvNextLearnerReceivedAcceptImpliesProposed:0
kondo/flexPaxos/sync,PaxosProof.InvNextLearnerReceivedAcceptImpliesAccepted (well-formedness),unchanged,False,well-formedness:PaxosProofInvNextLearnerReceivedAcceptImpliesAccepted:0
kondo/flexPaxos/sync,PaxosProof.InvNextLeaderHighestHeardToPromisedRangeHasNoAccepts (well-formedness),unchanged,False,well-formedness:PaxosProofInvNextLeaderHighestHeardToPromisedRangeHasNoAccepts:0
kondo/flexPaxos/sync,PaxosProof.InvNextLeaderReceivedPromisesImpliesAcceptorState (well-formedness),unchanged,False,well-formedness:PaxosProofInvNextLeaderReceivedPromisesImpliesAcceptorState:0
kondo/flexPaxos/sync,PaxosProof.NewChosenOnlyInP2bStep (correctness),unchanged,False,correctness:PaxosProofNewChosenOnlyInP2bStep:0
kondo/flexPaxos/sync,PaxosProof.NewChosenOnlyInP2bStep (well-formedness),unchanged,False,well-formedness:PaxosProofNewChosenOnlyInP2bStep:0
kondo/flexPaxos/sync,PaxosProof.InvNextChosenImpliesProposingLeaderHearsChosenBallotP1bStep (well-formedness),unchanged,False,well-formedness:PaxosProofInvNextChosenImpliesProposingLeaderHearsChosenBallotP1bStep:0
kondo/flexPaxos/sync,PaxosProof.InvNextChosenValImpliesAcceptorOnlyAcceptsVal (well-formedness),unchanged,False,well-formedness:PaxosProofInvNextChosenValImpliesAcceptorOnlyAcceptsVal:0
kondo/flexPaxos/sync,PaxosProof.InvNextLeaderHighestHeardUpperBound (well-formedness),unchanged,False,well-formedness:PaxosProofInvNextLeaderHighestHeardUpperBound:0
kondo/flexPaxos/sync,PaxosProof.InvNextLeaderValidReceivedPromises (well-formedness),unchanged,False,well-formedness:PaxosProofInvNextLeaderValidReceivedPromises:0
kondo/flexPaxos/sync,PaxosProof.InvImpliesSafety (well-formedness),unchanged,False,well-formedness:PaxosProofInvImpliesSafety:0
kondo/flexPaxos/sync,System.NextP1bStep (well-formedness),unchanged,False,well-formedness:SystemNextP1bStep:0
kondo/flexPaxos/sync,System.Next (well-formedness),unchanged,False,well-formedness:SystemNext:0
kondo/flexPaxos/sync,PaxosProof.InvNextLeaderHearedImpliesProposed (well-formedness),unchanged,False,well-formedness:PaxosProofInvNextLeaderHearedImpliesProposed:0
kondo/flexPaxos/sync,PaxosProof.InvImpliesSafety (correctness),unchanged,False,correctness:PaxosProofInvImpliesSafety:0
kondo/flexPaxos/sync,PaxosProof.Inv (well-formedness),unchanged,False,well-formedness:PaxosProofInv:0
kondo/flexPaxos/sync,PaxosProof.InvNextAcceptorValidBundle (well-formedness),unchanged,False,well-formedness:PaxosProofInvNextAcceptorValidBundle:0
kondo/flexPaxos/sync,System.NextP1aStep (well-formedness),unchanged,False,well-formedness:SystemNextP1aStep:0
kondo/flexPaxos/sync,System.NextP2aStep (well-formedness),unchanged,False,well-formedness:SystemNextP2aStep:0
kondo/flexPaxos/sync,System.NextP2bStep (well-formedness),unchanged,False,well-formedness:SystemNextP2bStep:0
kondo/flexPaxos/sync,PaxosProof.LearnerValidReceivedAccepts (well-formedness),unchanged,False,well-formedness:PaxosProofLearnerValidReceivedAccepts:0
kondo/flexPaxos/sync,System.NextLearnerInternalStep (well-formedness),unchanged,False,well-formedness:SystemNextLearnerInternalStep:0
kondo/flexPaxos/sync,PaxosProof.LearnedImpliesQuorumOfAccepts (well-formedness),unchanged,False,well-formedness:PaxosProofLearnedImpliesQuorumOfAccepts:0
kondo/flexPaxos/sync,PaxosProof.OneValuePerBallotLeaderAndLearners (well-formedness),unchanged,False,well-formedness:PaxosProofOneValuePerBallotLeaderAndLearners:0
kondo/flexPaxos/sync,PaxosProof.LeaderHearedImpliesProposed (well-formedness),unchanged,False,well-formedness:PaxosProofLeaderHearedImpliesProposed:0
kondo/flexPaxos/sync,PaxosProof.LearnerReceivedAcceptImpliesProposed (well-formedness),unchanged,False,well-formedness:PaxosProofLearnerReceivedAcceptImpliesProposed:0
kondo/flexPaxos/sync,PaxosProof.GetAcceptorSet (correctness),unchanged,False,correctness:PaxosProofGetAcceptorSet:0
kondo/flexPaxos/sync,PaxosProof.LearnerReceivedAcceptImpliesAccepted (well-formedness),unchanged,False,well-formedness:PaxosProofLearnerReceivedAcceptImpliesAccepted:0
kondo/flexPaxos/sync,PaxosProof.ChosenValImpliesAcceptorOnlyAcceptsVal (well-formedness),unchanged,False,well-formedness:PaxosProofChosenValImpliesAcceptorOnlyAcceptsVal:0
kondo/flexPaxos/sync,PaxosProof.ChosenValImpliesLeaderOnlyHearsVal (well-formedness),unchanged,False,well-formedness:PaxosProofChosenValImpliesLeaderOnlyHearsVal:0
kondo/flexPaxos/sync,UtilitiesLibrary.max (well-formedness),unchanged,False,well-formedness:UtilitiesLibrarymax:0
kondo/flexPaxos/sync,UtilitiesLibrary.DropLast (well-formedness),unchanged,False,well-formedness:UtilitiesLibraryDropLast:0
kondo/flexPaxos/sync,PaxosProof.ChosenImpliesProposingLeaderHearsChosenBallot (well-formedness),unchanged,False,well-formedness:PaxosProofChosenImpliesProposingLeaderHearsChosenBallot:0
kondo/flexPaxos/sync,PaxosProof.InvImpliesAtMostOneChosenVal (well-formedness),unchanged,False,well-formedness:PaxosProofInvImpliesAtMostOneChosenVal:0
kondo/flexPaxos/sync,PaxosProof.LeaderHighestHeardToPromisedRangeHasNoAccepts (well-formedness),unchanged,False,well-formedness:PaxosProofLeaderHighestHeardToPromisedRangeHasNoAccepts:0
kondo/flexPaxos/sync,PaxosProof.AcceptorAcceptedImpliesProposed (well-formedness),unchanged,False,well-formedness:PaxosProofAcceptorAcceptedImpliesProposed:0
kondo/flexPaxos/sync,PaxosProof.LeaderReceivedPromisesImpliesAcceptorState (well-formedness),unchanged,False,well-formedness:PaxosProofLeaderReceivedPromisesImpliesAcceptorState:0
kondo/flexPaxos/sync,PaxosProof.AtMostOneChosenImpliesSafety (correctness),unchanged,False,correctness:PaxosProofAtMostOneChosenImpliesSafety:0
kondo/flexPaxos/sync,System.Variables.LeaderCanPropose (well-formedness),unchanged,False,well-formedness:SystemVariablesLeaderCanPropose:0
kondo/flexPaxos/sync,PaxosProof.LeaderHearsDifferentValueFromChosenImpliesFalse (correctness),unchanged,False,correctness:PaxosProofLeaderHearsDifferentValueFromChosenImpliesFalse:0
kondo/flexPaxos/sync,PaxosProof.AcceptorValidPromisedAndAccepted (well-formedness),unchanged,False,well-formedness:PaxosProofAcceptorValidPromisedAndAccepted:0
kondo/flexPaxos/sync,PaxosProof.LeaderHighestHeardUpperBound (well-formedness),unchanged,False,well-formedness:PaxosProofLeaderHighestHeardUpperBound:0
kondo/flexPaxos/sync,PaxosProof.LeaderValidReceivedPromises (well-formedness),unchanged,False,well-formedness:PaxosProofLeaderValidReceivedPromises:0
kondo/flexPaxos/sync,Obligations.Safety (well-formedness),unchanged,False,well-formedness:ObligationsSafety:0
kondo/flexPaxos/sync,System.LeadersUnchangedExcept (well-formedness),unchanged,False,well-formedness:SystemLeadersUnchangedExcept:0
kondo/flexPaxos/sync,PaxosProof.SupportingAcceptorsForChosen (correctness),unchanged,False,correctness:PaxosProofSupportingAcceptorsForChosen:0
kondo/flexPaxos/sync,LeaderHost.ReceivePromise (well-formedness),unchanged,False,well-formedness:LeaderHostReceivePromise:0
kondo/flexPaxos/sync,System.Init (well-formedness),unchanged,False,well-formedness:SystemInit:0
kondo/flexPaxos/sync,PaxosProof.AtMostOneChosenImpliesSafety (well-formedness),unchanged,False,well-formedness:PaxosProofAtMostOneChosenImpliesSafety:0
kondo/flexPaxos/sync,PaxosProof.LearnedImpliesChosen (correctness),unchanged,False,correctness:PaxosProofLearnedImpliesChosen:0
kondo/flexPaxos/sync,PaxosProof.LearnedImpliesChosen (well-formedness),unchanged,False,well-formedness:PaxosProofLearnedImpliesChosen:0
kondo/flexPaxos/sync,PaxosProof.LeaderHearsDifferentValueFromChosenImpliesFalse (well-formedness),unchanged,False,well-formedness:PaxosProofLeaderHearsDifferentValueFromChosenImpliesFalse:0
kondo/flexPaxos/sync,LearnerHost.GroupInit (well-formedness),unchanged,False,well-formedness:LearnerHostGroupInit:0
kondo/flexPaxos/sync,System.AcceptorsUnchangedExcept (well-formedness),unchanged,False,well-formedness:SystemAcceptorsUnchangedExcept:0
kondo/flexPaxos/sync,PaxosProof.SupportingAcceptorsForChosen (well-formedness),unchanged,False,well-formedness:PaxosProofSupportingAcceptorsForChosen:0
kondo/flexPaxos/sync,System.LearnersUnchangedExcept (well-formedness),unchanged,False,well-formedness:SystemLearnersUnchangedExcept:0
kondo/flexPaxos/sync,LeaderHost.NextProposeStep (well-formedness),unchanged,False,well-formedness:LeaderHostNextProposeStep:0
kondo/flexPaxos/sync,AcceptorHost.NextReceivePrepareStep (well-formedness),unchanged,False,well-formedness:AcceptorHostNextReceivePrepareStep:0
kondo/flexPaxos/sync,AcceptorHost.NextMaybePromiseStep (well-formedness),unchanged,False,well-formedness:AcceptorHostNextMaybePromiseStep:0
kondo/flexPaxos/sync,AcceptorHost.UpdateReceiveAcceptedStep (correctness),unchanged,False,correctness:AcceptorHostUpdateReceiveAcceptedStep:0
kondo/flexPaxos/sync,PaxosProof.Chosen (well-formedness),unchanged,False,well-formedness:PaxosProofChosen:0
kondo/flexPaxos/sync,LeaderHost.NextReceivePromiseStep (well-formedness),unchanged,False,well-formedness:LeaderHostNextReceivePromiseStep:0
kondo/flexPaxos/sync,LearnerHost.GroupWFConstants (well-formedness),unchanged,False,well-formedness:LearnerHostGroupWFConstants:0
kondo/flexPaxos/sync,LeaderHost.NextPrepareStep (well-formedness),unchanged,False,well-formedness:LeaderHostNextPrepareStep:0
kondo/flexPaxos/sync,PaxosProof.AtMostOneChosenVal (well-formedness),unchanged,False,well-formedness:PaxosProofAtMostOneChosenVal:0
kondo/flexPaxos/sync,PaxosProof.ChosenAtLearner (well-formedness),unchanged,False,well-formedness:PaxosProofChosenAtLearner:0
kondo/flexPaxos/sync,AcceptorHost.Variables.HasAcceptedValue (well-formedness),unchanged,False,well-formedness:AcceptorHostVariablesHasAcceptedValue:0
kondo/flexPaxos/sync,System.Constants.UniqueLearnerIds (well-formedness),unchanged,False,well-formedness:SystemConstantsUniqueLearnerIds:0
kondo/flexPaxos/sync,UtilitiesLibrary.SetsAreSubsetsOfUnion (correctness),unchanged,False,correctness:UtilitiesLibrarySetsAreSubsetsOfUnion:0
kondo/flexPaxos/sync,LeaderHost.Variables.HeardAtMost (well-formedness),unchanged,False,well-formedness:LeaderHostVariablesHeardAtMost:0
kondo/flexPaxos/sync,AcceptorHost.NextBroadcastAcceptedStep (well-formedness),unchanged,False,well-formedness:AcceptorHostNextBroadcastAcceptedStep:0
kondo/flexPaxos/sync,LeaderHost.GroupWFConstants (well-formedness),unchanged,False,well-formedness:LeaderHostGroupWFConstants:0
kondo/flexPaxos/sync,System.Constants.UniqueLeaderIds (well-formedness),unchanged,False,well-formedness:SystemConstantsUniqueLeaderIds:0
kondo/flexPaxos/sync,Types.MonotonicReceivedAccepts.SatisfiesMonotonic (well-formedness),unchanged,False,well-formedness:TypesMonotonicReceivedAcceptsSatisfiesMonotonic:0
kondo/flexPaxos/sync,UtilitiesLibrary.GetIndexForMember (well-formedness),unchanged,False,well-formedness:UtilitiesLibraryGetIndexForMember:0
kondo/flexPaxos/sync,LearnerHost.ReceiveAccept (well-formedness),unchanged,False,well-formedness:LearnerHostReceiveAccept:0
kondo/flexPaxos/sync,AcceptorHost.SendAccept (well-formedness),unchanged,False,well-formedness:AcceptorHostSendAccept:0
kondo/flexPaxos/sync,AcceptorHost.SendPromise (well-formedness),unchanged,False,well-formedness:AcceptorHostSendPromise:0
kondo/flexPaxos/sync,Types.MonotonicVBOption.ToOption (well-formedness),unchanged,False,well-formedness:TypesMonotonicVBOptionToOption:0
kondo/flexPaxos/sync,AcceptorHost.NextMaybeAcceptStep (well-formedness),unchanged,False,well-formedness:AcceptorHostNextMaybeAcceptStep:0
kondo/flexPaxos/sync,UtilitiesLibrary.MapRemoveOne (well-formedness),content,True,well-formedness:UtilitiesLibraryMapRemoveOne:0
kondo/flexPaxos/sync,LearnerHost.UpdateReceivedAccepts (well-formedness),unchanged,False,well-formedness:LearnerHostUpdateReceivedAccepts:0
kondo/flexPaxos/sync,UtilitiesLibrary.StrictOrdering (well-formedness),unchanged,False,well-formedness:UtilitiesLibraryStrictOrdering:0
kondo/flexPaxos/sync,LearnerHost.NextReceiveAcceptStep (well-formedness),unchanged,False,well-formedness:LearnerHostNextReceiveAcceptStep:0
kondo/flexPaxos/sync,UtilitiesLibrary.SetComprehensionSize (correctness),unchanged,False,correctness:UtilitiesLibrarySetComprehensionSize:0
kondo/flexPaxos/sync,UtilitiesLibrary.IsSeqExtension (well-formedness),unchanged,False,well-formedness:UtilitiesLibraryIsSeqExtension:0
kondo/flexPaxos/sync,UtilitiesLibrary.SeqOptionMonotoneIncreasing (well-formedness),unchanged,False,well-formedness:UtilitiesLibrarySeqOptionMonotoneIncreasing:0
kondo/flexPaxos/sync,LeaderHost.GroupInit (well-formedness),unchanged,False,well-formedness:LeaderHostGroupInit:0
kondo/flexPaxos/sync,UtilitiesLibrary.EachUnionMemberBelongsToASet (well-formedness),unchanged,False,well-formedness:UtilitiesLibraryEachUnionMemberBelongsToASet:0
kondo/flexPaxos/sync,LearnerHost.NextLearnStep (well-formedness),unchanged,False,well-formedness:LearnerHostNextLearnStep:0
kondo/flexPaxos/sync,UtilitiesLibrary.UnionIncreasesCardinality (correctness),unchanged,False,correctness:UtilitiesLibraryUnionIncreasesCardinality:0
kondo/flexPaxos/sync,UtilitiesLibrary.EachUnionMemberBelongsToASet (correctness),unchanged,False,correctness:UtilitiesLibraryEachUnionMemberBelongsToASet:0
kondo/flexPaxos/sync,AcceptorHost.GroupInit (well-formedness),unchanged,False,well-formedness:AcceptorHostGroupInit:0
kondo/flexPaxos/sync,UtilitiesLibrary.SetsAreSubsetsOfUnion (well-formedness),unchanged,False,well-formedness:UtilitiesLibrarySetsAreSubsetsOfUnion:0
kondo/flexPaxos/sync,UtilitiesLibrary.UnionSeqOfSets (well-formedness),unchanged,False,well-formedness:UtilitiesLibraryUnionSeqOfSets:0
kondo/flexPaxos/sync,UtilitiesLibrary.GetIndexForMember (correctness),unchanged,False,correctness:UtilitiesLibraryGetIndexForMember:0
kondo/flexPaxos/sync,AcceptorHost.GroupWF (well-formedness),unchanged,False,well-formedness:AcceptorHostGroupWF:0
kondo/flexPaxos/sync,AcceptorHost.Variables.HasPromisedAtLeast (well-formedness),unchanged,False,well-formedness:AcceptorHostVariablesHasPromisedAtLeast:0
kondo/flexPaxos/sync,UtilitiesLibrary.SetContainmentCardinality (correctness),unchanged,False,correctness:UtilitiesLibrarySetContainmentCardinality:0
kondo/flexPaxos/sync,Types.Message.Src (well-formedness),unchanged,False,well-formedness:TypesMessageSrc:0
kondo/flexPaxos/sync,LeaderHost.GroupWF (well-formedness),unchanged,False,well-formedness:LeaderHostGroupWF:0
kondo/flexPaxos/sync,UtilitiesLibrary.Predecessor (well-formedness),unchanged,False,well-formedness:UtilitiesLibraryPredecessor:0
kondo/flexPaxos/sync,AcceptorHost.Variables.WF (well-formedness),unchanged,False,well-formedness:AcceptorHostVariablesWF:0
kondo/flexPaxos/sync,AcceptorHost.Variables.HasAcceptedAtMostBal (well-formedness),unchanged,False,well-formedness:AcceptorHostVariablesHasAcceptedAtMostBal:0
kondo/flexPaxos/sync,UtilitiesLibrary.StutterSeq (well-formedness),unchanged,False,well-formedness:UtilitiesLibraryStutterSeq:0
kondo/flexPaxos/sync,UtilitiesLibrary.QuorumIntersection (correctness),unchanged,False,correctness:UtilitiesLibraryQuorumIntersection:0
kondo/flexPaxos/sync,AcceptorHost.Variables.HasPromised (well-formedness),unchanged,False,well-formedness:AcceptorHostVariablesHasPromised:0
kondo/flexPaxos/sync,System.Constants.UniqueAcceptorIds (well-formedness),unchanged,False,well-formedness:SystemConstantsUniqueAcceptorIds:0
kondo/flexPaxos/sync,UtilitiesLibrary.LargerSetIncreasesCardinalityMore (correctness),unchanged,False,correctness:UtilitiesLibraryLargerSetIncreasesCardinalityMore:0
kondo/flexPaxos/sync,UtilitiesLibrary.Last (well-formedness),unchanged,False,well-formedness:UtilitiesLibraryLast:0
kondo/flexPaxos/sync,LearnerHost.ReceiveAcceptTrigger (well-formedness),unchanged,False,well-formedness:LearnerHostReceiveAcceptTrigger:0
kondo/flexPaxos/sync,UtilitiesLibrary.SeqMonotoneIncreasing (well-formedness),unchanged,False,well-formedness:UtilitiesLibrarySeqMonotoneIncreasing:0
kondo/flexPaxos/sync,AcceptorHost.Variables.HasAcceptedAtLeastBal (well-formedness),unchanged,False,well-formedness:AcceptorHostVariablesHasAcceptedAtLeastBal:0
kondo/flexPaxos/sync,UtilitiesLibrary.SeqIsComplete (well-formedness),unchanged,False,well-formedness:UtilitiesLibrarySeqIsComplete:0
kondo/flexPaxos/sync,UtilitiesLibrary.DisjointSetUnionCardinality (correctness),unchanged,False,correctness:UtilitiesLibraryDisjointSetUnionCardinality:0
kondo/flexPaxos/sync,AcceptorHost.Variables.HasAccepted (well-formedness),unchanged,False,well-formedness:AcceptorHostVariablesHasAccepted:0
kondo/flexPaxos/sync,AcceptorHost.GroupWFConstants (well-formedness),unchanged,False,well-formedness:AcceptorHostGroupWFConstants:0
kondo/flexPaxos/sync,UtilitiesLibrary.SetMonotoneIncreasing (well-formedness),unchanged,False,well-formedness:UtilitiesLibrarySetMonotoneIncreasing:0
kondo/flexPaxos/sync,LeaderHost.Variables.HeardAtLeast (well-formedness),unchanged,False,well-formedness:LeaderHostVariablesHeardAtLeast:0
kondo/flexPaxos/sync,Types.MonotonicVBOption.SatisfiesMonotonic (well-formedness),unchanged,False,well-formedness:TypesMonotonicVBOptionSatisfiesMonotonic:0
kondo/flexPaxos/sync,UtilitiesLibrary.SetIsQuorum (well-formedness),unchanged,False,well-formedness:UtilitiesLibrarySetIsQuorum:0
kondo/flexPaxos/sync,UtilitiesLibrary.Successor (well-formedness),unchanged,False,well-formedness:UtilitiesLibrarySuccessor:0
kondo/flexPaxos/sync,UtilitiesLibrary.SetContainmentCardinalityStrict (correctness),unchanged,False,correctness:UtilitiesLibrarySetContainmentCardinalityStrict:0
kondo/lockServer/manual,LockServerProof.InvNextHostOwnsLockImpliesNotInFlight (correctness),unchanged,False,correctness:LockServerProofInvNextHostOwnsLockImpliesNotInFlight:0
kondo/lockServer/manual,LockServerProof.InvNextAtMostOneInFlightMessage (correctness),unchanged,False,correctness:LockServerProofInvNextAtMostOneInFlightMessage:0
kondo/lockServer/manual,LockServerProof.InvNextAtMostOneLockHolderClients (correctness),unchanged,False,correctness:LockServerProofInvNextAtMostOneLockHolderClients:0
kondo/lockServer/manual,LockServerProof.InvInductive (correctness),unchanged,False,correctness:LockServerProofInvInductive:0
kondo/lockServer/manual,MessageInvariants.MessageInvInductive (correctness),unchanged,False,correctness:MessageInvariantsMessageInvInductive:0
kondo/lockServer/manual,LockServerProof.InvNextAtMostOneLockHolderServers (correctness),unchanged,False,correctness:LockServerProofInvNextAtMostOneLockHolderServers:0
kondo/lockServer/manual,LockServerProof.InvNextAtMostOneInFlightMessage (well-formedness),unchanged,False,well-formedness:LockServerProofInvNextAtMostOneInFlightMessage:0
kondo/lockServer/manual,LockServerProof.InvNextServerOwnsLockImpliesNoClientsOwnsLock (correctness),unchanged,False,correctness:LockServerProofInvNextServerOwnsLockImpliesNoClientsOwnsLock:0
kondo/lockServer/manual,UtilitiesLibrary.DropLast (well-formedness),unchanged,False,well-formedness:UtilitiesLibraryDropLast:0
kondo/lockServer/manual,UtilitiesLibrary.max (well-formedness),unchanged,False,well-formedness:UtilitiesLibrarymax:0
kondo/lockServer/manual,LockServerProof.InitImpliesInv (correctness),unchanged,False,correctness:LockServerProofInitImpliesInv:0
kondo/lockServer/manual,LockServerProof.InvNextHostOwnsLockImpliesNotInFlight (well-formedness),unchanged,False,well-formedness:LockServerProofInvNextHostOwnsLockImpliesNotInFlight:0
kondo/lockServer/manual,LockServerProof.InvNextServerOwnsLockImpliesNoClientsOwnsLock (well-formedness),unchanged,False,well-formedness:LockServerProofInvNextServerOwnsLockImpliesNoClientsOwnsLock:0
kondo/lockServer/manual,LockServerProof.InvNextAtMostOneLockHolderClients (well-formedness),unchanged,False,well-formedness:LockServerProofInvNextAtMostOneLockHolderClients:0
kondo/lockServer/manual,LockServerProof.InvNextAtMostOneLockHolderServers (well-formedness),unchanged,False,well-formedness:LockServerProofInvNextAtMostOneLockHolderServers:0
kondo/lockServer/manual,LockServerProof.Inv (well-formedness),unchanged,False,well-formedness:LockServerProofInv:0
kondo/lockServer/manual,LockServerProof.LockInFlightByMessage (well-formedness),unchanged,False,well-formedness:LockServerProofLockInFlightByMessage:0
kondo/lockServer/manual,LockServerProof.LockInFlight (well-formedness),unchanged,False,well-formedness:LockServerProofLockInFlight:0
kondo/lockServer/manual,MessageInvariants.InitImpliesMessageInv (correctness),unchanged,False,correctness:MessageInvariantsInitImpliesMessageInv:0
kondo/lockServer/manual,LockServerProof.InvImpliesSafety (well-formedness),unchanged,False,well-formedness:LockServerProofInvImpliesSafety:0
kondo/lockServer/manual,LockServerProof.InvImpliesSafety (correctness),unchanged,False,correctness:LockServerProofInvImpliesSafety:0
kondo/lockServer/manual,LockServerProof.ProtocolInv (well-formedness),unchanged,False,well-formedness:LockServerProofProtocolInv:0
kondo/lockServer/manual,DistributedSystem.NextServerStep (well-formedness),unchanged,False,well-formedness:DistributedSystemNextServerStep:0
kondo/lockServer/manual,DistributedSystem.NextClientStep (well-formedness),unchanged,False,well-formedness:DistributedSystemNextClientStep:0
kondo/lockServer/manual,MessageInvariants.MessageInv (well-formedness),unchanged,False,well-formedness:MessageInvariantsMessageInv:0
kondo/lockServer/manual,LockServerProof.AtMostOneInFlightMessage (well-formedness),unchanged,False,well-formedness:LockServerProofAtMostOneInFlightMessage:0
kondo/lockServer/manual,LockServerProof.HostOwnsLockImpliesNotInFlight (well-formedness),unchanged,False,well-formedness:LockServerProofHostOwnsLockImpliesNotInFlight:0
kondo/lockServer/manual,DistributedSystem.NextStep (well-formedness),unchanged,False,well-formedness:DistributedSystemNextStep:0
kondo/lockServer/manual,DistributedSystem.Next (well-formedness),unchanged,False,well-formedness:DistributedSystemNext:0
kondo/lockServer/manual,LockServerProof.NoHostOwnsLock (well-formedness),unchanged,False,well-formedness:LockServerProofNoHostOwnsLock:0
kondo/lockServer/manual,LockServerProof.AtMostOneLockHolderClients (well-formedness),unchanged,False,well-formedness:LockServerProofAtMostOneLockHolderClients:0
kondo/lockServer/manual,LockServerProof.NoClientOwnsLock (well-formedness),unchanged,False,well-formedness:LockServerProofNoClientOwnsLock:0
kondo/lockServer/manual,LockServerProof.AtMostOneLockOwnerImpliesSafety (correctness),unchanged,False,correctness:LockServerProofAtMostOneLockOwnerImpliesSafety:0
kondo/lockServer/manual,LockServerProof.NoServerOwnsLock (well-formedness),unchanged,False,well-formedness:LockServerProofNoServerOwnsLock:0
kondo/lockServer/manual,LockServerProof.AtMostOneLockOwnerImpliesSafety (well-formedness),unchanged,False,well-formedness:LockServerProofAtMostOneLockOwnerImpliesSafety:0
kondo/lockServer/manual,LockServerProof.ServerOwnsLockImpliesNoClientsOwnsLock (well-formedness),unchanged,False,well-formedness:LockServerProofServerOwnsLockImpliesNoClientsOwnsLock:0
kondo/lockServer/manual,LockServerProof.AtMostOneLockHolderServers (well-formedness),unchanged,False,well-formedness:LockServerProofAtMostOneLockHolderServers:0
kondo/lockServer/manual,ClientHost.GroupWF (well-formedness),unchanged,False,well-formedness:ClientHostGroupWF:0
kondo/lockServer/manual,ServerHost.GroupInit (well-formedness),unchanged,False,well-formedness:ServerHostGroupInit:0
kondo/lockServer/manual,ClientHost.NextReceiveStep (well-formedness),unchanged,False,well-formedness:ClientHostNextReceiveStep:0
kondo/lockServer/manual,ClientHost.NextStep (well-formedness),unchanged,False,well-formedness:ClientHostNextStep:0
kondo/lockServer/manual,DistributedSystem.InitHosts (well-formedness),unchanged,False,well-formedness:DistributedSystemInitHosts:0
kondo/lockServer/manual,DistributedSystem.Variables.WF (well-formedness),unchanged,False,well-formedness:DistributedSystemVariablesWF:0
kondo/lockServer/manual,UtilitiesLibrary.GetIndexForMember (correctness),unchanged,False,correctness:UtilitiesLibraryGetIndexForMember:0
kondo/lockServer/manual,ClientHost.GroupInit (well-formedness),unchanged,False,well-formedness:ClientHostGroupInit:0
kondo/lockServer/manual,ClientHost.SendRelease (well-formedness),unchanged,False,well-formedness:ClientHostSendRelease:0
kondo/lockServer/manual,UtilitiesLibrary.MapRemoveOne (well-formedness),content,True,well-formedness:UtilitiesLibraryMapRemoveOne:0
kondo/lockServer/manual,ClientHost.NextReleaseStep (well-formedness),unchanged,False,well-formedness:ClientHostNextReleaseStep:0
kondo/lockServer/manual,ServerHost.NextReceiveStep (well-formedness),unchanged,False,well-formedness:ServerHostNextReceiveStep:0
kondo/lockServer/manual,DistributedSystem.Constants.UniqueIds (well-formedness),unchanged,False,well-formedness:DistributedSystemConstantsUniqueIds:0
kondo/lockServer/manual,UtilitiesLibrary.UnionIncreasesCardinality (correctness),unchanged,False,correctness:UtilitiesLibraryUnionIncreasesCardinality:0
kondo/lockServer/manual,UtilitiesLibrary.SetIsQuorum (well-formedness),unchanged,False,well-formedness:UtilitiesLibrarySetIsQuorum:0
kondo/lockServer/manual,UtilitiesLibrary.SetComprehensionSize (correctness),unchanged,False,correctness:UtilitiesLibrarySetComprehensionSize:0
kondo/lockServer/manual,ServerHost.SendGrant (well-formedness),unchanged,False,well-formedness:ServerHostSendGrant:0
kondo/lockServer/manual,Network.Next (well-formedness),unchanged,False,well-formedness:NetworkNext:0
kondo/lockServer/manual,ServerHost.NextStep (well-formedness),unchanged,False,well-formedness:ServerHostNextStep:0
kondo/lockServer/manual,UtilitiesLibrary.SetsAreSubsetsOfUnion (correctness),unchanged,False,correctness:UtilitiesLibrarySetsAreSubsetsOfUnion:0
kondo/lockServer/manual,UtilitiesLibrary.EachUnionMemberBelongsToASet (correctness),unchanged,False,correctness:UtilitiesLibraryEachUnionMemberBelongsToASet:0
kondo/lockServer/manual,MonotonicityLibrary.MonotonicMap.SatisfiesMonotonic (well-formedness),unchanged,False,well-formedness:MonotonicityLibraryMonotonicMapSatisfiesMonotonic:0
kondo/lockServer/manual,ServerHost.NextGrantStep (well-formedness),unchanged,False,well-formedness:ServerHostNextGrantStep:0
kondo/lockServer/manual,UtilitiesLibrary.GetIndexForMember (well-formedness),unchanged,False,well-formedness:UtilitiesLibraryGetIndexForMember:0
kondo/lockServer/manual,UtilitiesLibrary.UnionSeqOfSets (well-formedness),unchanged,False,well-formedness:UtilitiesLibraryUnionSeqOfSets:0
kondo/lockServer/manual,UtilitiesLibrary.SetsAreSubsetsOfUnion (well-formedness),unchanged,False,well-formedness:UtilitiesLibrarySetsAreSubsetsOfUnion:0
kondo/lockServer/manual,UtilitiesLibrary.EachUnionMemberBelongsToASet (well-formedness),unchanged,False,well-formedness:UtilitiesLibraryEachUnionMemberBelongsToASet:0
kondo/lockServer/manual,UtilitiesLibrary.SeqOptionMonotoneIncreasing (well-formedness),unchanged,False,well-formedness:UtilitiesLibrarySeqOptionMonotoneIncreasing:0
kondo/lockServer/manual,UtilitiesLibrary.SetContainmentCardinality (correctness),unchanged,False,correctness:UtilitiesLibrarySetContainmentCardinality:0
kondo/lockServer/manual,ClientHost.GroupWFConstants (well-formedness),unchanged,False,well-formedness:ClientHostGroupWFConstants:0
kondo/lockServer/manual,MonotonicityLibrary.MonotonicSeq.SatisfiesMonotonic (well-formedness),unchanged,False,well-formedness:MonotonicityLibraryMonotonicSeqSatisfiesMonotonic:0
kondo/lockServer/manual,UtilitiesLibrary.Last (well-formedness),unchanged,False,well-formedness:UtilitiesLibraryLast:0
kondo/lockServer/manual,UtilitiesLibrary.QuorumIntersection (correctness),unchanged,False,correctness:UtilitiesLibraryQuorumIntersection:0
kondo/lockServer/manual,UtilitiesLibrary.Predecessor (well-formedness),unchanged,False,well-formedness:UtilitiesLibraryPredecessor:0
kondo/lockServer/manual,UtilitiesLibrary.SeqMonotoneIncreasing (well-formedness),unchanged,False,well-formedness:UtilitiesLibrarySeqMonotoneIncreasing:0
kondo/lockServer/manual,ClientHost.UniqueKeyInFlightForHost (well-formedness),unchanged,False,well-formedness:ClientHostUniqueKeyInFlightForHost:0
kondo/lockServer/manual,ServerHost.GroupWF (well-formedness),unchanged,False,well-formedness:ServerHostGroupWF:0
kondo/lockServer/manual,UtilitiesLibrary.StutterSeq (well-formedness),unchanged,False,well-formedness:UtilitiesLibraryStutterSeq:0
kondo/lockServer/manual,UtilitiesLibrary.DisjointSetUnionCardinality (correctness),unchanged,False,correctness:UtilitiesLibraryDisjointSetUnionCardinality:0
kondo/lockServer/manual,UtilitiesLibrary.SeqIsComplete (well-formedness),unchanged,False,well-formedness:UtilitiesLibrarySeqIsComplete:0
kondo/lockServer/manual,Types.Message.Dst (well-formedness),unchanged,False,well-formedness:TypesMessageDst:0
kondo/lockServer/manual,UtilitiesLibrary.LargerSetIncreasesCardinalityMore (correctness),unchanged,False,correctness:UtilitiesLibraryLargerSetIncreasesCardinalityMore:0
kondo/lockServer/manual,UtilitiesLibrary.SetMonotoneIncreasing (well-formedness),unchanged,False,well-formedness:UtilitiesLibrarySetMonotoneIncreasing:0
kondo/lockServer/manual,ServerHost.GroupWFConstants (well-formedness),unchanged,False,well-formedness:ServerHostGroupWFConstants:0
kondo/lockServer/manual,MonotonicityLibrary.MonotonicNatOption.SatisfiesMonotonic (well-formedness),unchanged,False,well-formedness:MonotonicityLibraryMonotonicNatOptionSatisfiesMonotonic:0
kondo/lockServer/manual,UtilitiesLibrary.StrictOrdering (well-formedness),unchanged,False,well-formedness:UtilitiesLibraryStrictOrdering:0
kondo/lockServer/manual,UtilitiesLibrary.IsSeqExtension (well-formedness),unchanged,False,well-formedness:UtilitiesLibraryIsSeqExtension:0
kondo/lockServer/manual,UtilitiesLibrary.Successor (well-formedness),unchanged,False,well-formedness:UtilitiesLibrarySuccessor:0
kondo/lockServer/manual,UtilitiesLibrary.SetContainmentCardinalityStrict (correctness),unchanged,False,correctness:UtilitiesLibrarySetContainmentCardinalityStrict:0
kondo/lockServer/sync,LockServerProof.InvInductive (correctness),unchanged,False,correctness:LockServerProofInvInductive:0
kondo/lockServer/sync,LockServerProof.InvNextServerOwnsLockImpliesNoClientsOwnsLock (correctness),unchanged,False,correctness:LockServerProofInvNextServerOwnsLockImpliesNoClientsOwnsLock:0
kondo/lockServer/sync,System.NextGrantStep (well-formedness),unchanged,False,well-formedness:SystemNextGrantStep:0
kondo/lockServer/sync,System.NextReleaseStep (well-formedness),unchanged,False,well-formedness:SystemNextReleaseStep:0
kondo/lockServer/sync,LockServerProof.InvNextServerOwnsLockImpliesNoClientsOwnsLock (well-formedness),unchanged,False,well-formedness:LockServerProofInvNextServerOwnsLockImpliesNoClientsOwnsLock:0
kondo/lockServer/sync,System.NextStep (well-formedness),unchanged,False,well-formedness:SystemNextStep:0
kondo/lockServer/sync,UtilitiesLibrary.DropLast (well-formedness),unchanged,False,well-formedness:UtilitiesLibraryDropLast:0
kondo/lockServer/sync,UtilitiesLibrary.max (well-formedness),unchanged,False,well-formedness:UtilitiesLibrarymax:0
kondo/lockServer/sync,System.Next (well-formedness),unchanged,False,well-formedness:SystemNext:0
kondo/lockServer/sync,LockServerProof.InitImpliesInv (correctness),unchanged,False,correctness:LockServerProofInitImpliesInv:0
kondo/lockServer/sync,LockServerProof.Inv (well-formedness),unchanged,False,well-formedness:LockServerProofInv:0
kondo/lockServer/sync,LockServerProof.InvImpliesSafety (well-formedness),unchanged,False,well-formedness:LockServerProofInvImpliesSafety:0
kondo/lockServer/sync,LockServerProof.ServerOwnsLockImpliesNoClientsOwnsLock (well-formedness),unchanged,False,well-formedness:LockServerProofServerOwnsLockImpliesNoClientsOwnsLock:0
kondo/lockServer/sync,LockServerProof.InvImpliesSafety (correctness),unchanged,False,correctness:LockServerProofInvImpliesSafety:0
kondo/lockServer/sync,LockServerProof.ProtocolInv (well-formedness),unchanged,False,well-formedness:LockServerProofProtocolInv:0
kondo/lockServer/sync,System.Init (well-formedness),unchanged,False,well-formedness:SystemInit:0
kondo/lockServer/sync,Obligations.Safety (well-formedness),unchanged,False,well-formedness:ObligationsSafety:0
kondo/lockServer/sync,ServerHost.NextStep (well-formedness),unchanged,False,well-formedness:ServerHostNextStep:0
kondo/lockServer/sync,System.Variables.WF (well-formedness),unchanged,False,well-formedness:SystemVariablesWF:0
kondo/lockServer/sync,ClientHost.GroupInit (well-formedness),unchanged,False,well-formedness:ClientHostGroupInit:0
kondo/lockServer/sync,ClientHost.NextReceiveStep (well-formedness),unchanged,False,well-formedness:ClientHostNextReceiveStep:0
kondo/lockServer/sync,ClientHost.NextStep (well-formedness),unchanged,False,well-formedness:ClientHostNextStep:0
kondo/lockServer/sync,ClientHost.GroupWF (well-formedness),unchanged,False,well-formedness:ClientHostGroupWF:0
kondo/lockServer/sync,UtilitiesLibrary.SetContainmentCardinalityStrict (correctness),unchanged,False,correctness:UtilitiesLibrarySetContainmentCardinalityStrict:0
kondo/lockServer/sync,ClientHost.SendRelease (well-formedness),unchanged,False,well-formedness:ClientHostSendRelease:0
kondo/lockServer/sync,UtilitiesLibrary.MapRemoveOne (well-formedness),content,True,well-formedness:UtilitiesLibraryMapRemoveOne:0
kondo/lockServer/sync,ClientHost.NextReleaseStep (well-formedness),unchanged,False,well-formedness:ClientHostNextReleaseStep:0
kondo/lockServer/sync,ServerHost.NextGrantStep (well-formedness),unchanged,False,well-formedness:ServerHostNextGrantStep:0
kondo/lockServer/sync,UtilitiesLibrary.EachUnionMemberBelongsToASet (correctness),unchanged,False,correctness:UtilitiesLibraryEachUnionMemberBelongsToASet:0
kondo/lockServer/sync,UtilitiesLibrary.SetComprehensionSize (correctness),unchanged,False,correctness:UtilitiesLibrarySetComprehensionSize:0
kondo/lockServer/sync,UtilitiesLibrary.GetIndexForMember (well-formedness),unchanged,False,well-formedness:UtilitiesLibraryGetIndexForMember:0
kondo/lockServer/sync,ServerHost.NextReceiveStep (well-formedness),unchanged,False,well-formedness:ServerHostNextReceiveStep:0
kondo/lockServer/sync,ServerHost.GroupInit (well-formedness),unchanged,False,well-formedness:ServerHostGroupInit:0
kondo/lockServer/sync,ServerHost.SendGrant (well-formedness),unchanged,False,well-formedness:ServerHostSendGrant:0
kondo/lockServer/sync,UtilitiesLibrary.SeqOptionMonotoneIncreasing (well-formedness),unchanged,False,well-formedness:UtilitiesLibrarySeqOptionMonotoneIncreasing:0
kondo/lockServer/sync,UtilitiesLibrary.SetsAreSubsetsOfUnion (correctness),unchanged,False,correctness:UtilitiesLibrarySetsAreSubsetsOfUnion:0
kondo/lockServer/sync,System.Constants.UniqueIds (well-formedness),unchanged,False,well-formedness:SystemConstantsUniqueIds:0
kondo/lockServer/sync,UtilitiesLibrary.GetIndexForMember (correctness),unchanged,False,correctness:UtilitiesLibraryGetIndexForMember:0
kondo/lockServer/sync,ServerHost.GroupWF (well-formedness),unchanged,False,well-formedness:ServerHostGroupWF:0
kondo/lockServer/sync,UtilitiesLibrary.SeqMonotoneIncreasing (well-formedness),unchanged,False,well-formedness:UtilitiesLibrarySeqMonotoneIncreasing:0
kondo/lockServer/sync,UtilitiesLibrary.SetContainmentCardinality (correctness),unchanged,False,correctness:UtilitiesLibrarySetContainmentCardinality:0
kondo/lockServer/sync,UtilitiesLibrary.UnionSeqOfSets (well-formedness),unchanged,False,well-formedness:UtilitiesLibraryUnionSeqOfSets:0
kondo/lockServer/sync,UtilitiesLibrary.EachUnionMemberBelongsToASet (well-formedness),unchanged,False,well-formedness:UtilitiesLibraryEachUnionMemberBelongsToASet:0
kondo/lockServer/sync,UtilitiesLibrary.SetsAreSubsetsOfUnion (well-formedness),unchanged,False,well-formedness:UtilitiesLibrarySetsAreSubsetsOfUnion:0
kondo/lockServer/sync,UtilitiesLibrary.UnionIncreasesCardinality (correctness),unchanged,False,correctness:UtilitiesLibraryUnionIncreasesCardinality:0
kondo/lockServer/sync,UtilitiesLibrary.Predecessor (well-formedness),unchanged,False,well-formedness:UtilitiesLibraryPredecessor:0
kondo/lockServer/sync,ClientHost.GroupWFConstants (well-formedness),unchanged,False,well-formedness:ClientHostGroupWFConstants:0
kondo/lockServer/sync,ServerHost.GroupWFConstants (well-formedness),unchanged,False,well-formedness:ServerHostGroupWFConstants:0
kondo/lockServer/sync,UtilitiesLibrary.Last (well-formedness),unchanged,False,well-formedness:UtilitiesLibraryLast:0
kondo/lockServer/sync,UtilitiesLibrary.QuorumIntersection (correctness),unchanged,False,correctness:UtilitiesLibraryQuorumIntersection:0
kondo/lockServer/sync,ClientHost.UniqueKeyInFlightForHost (well-formedness),unchanged,False,well-formedness:ClientHostUniqueKeyInFlightForHost:0
kondo/lockServer/sync,UtilitiesLibrary.StutterSeq (well-formedness),unchanged,False,well-formedness:UtilitiesLibraryStutterSeq:0
kondo/lockServer/sync,UtilitiesLibrary.SeqIsComplete (well-formedness),unchanged,False,well-formedness:UtilitiesLibrarySeqIsComplete:0
kondo/lockServer/sync,UtilitiesLibrary.DisjointSetUnionCardinality (correctness),unchanged,False,correctness:UtilitiesLibraryDisjointSetUnionCardinality:0
kondo/lockServer/sync,UtilitiesLibrary.LargerSetIncreasesCardinalityMore (correctness),unchanged,False,correctness:UtilitiesLibraryLargerSetIncreasesCardinalityMore:0
kondo/lockServer/sync,Types.Message.Dst (well-formedness),unchanged,False,well-formedness:TypesMessageDst:0
kondo/lockServer/sync,UtilitiesLibrary.StrictOrdering (well-formedness),unchanged,False,well-formedness:UtilitiesLibraryStrictOrdering:0
kondo/lockServer/sync,UtilitiesLibrary.SetMonotoneIncreasing (well-formedness),unchanged,False,well-formedness:UtilitiesLibrarySetMonotoneIncreasing:0
kondo/lockServer/sync,UtilitiesLibrary.SetIsQuorum (well-formedness),unchanged,False,well-formedness:UtilitiesLibrarySetIsQuorum:0
kondo/lockServer/sync,UtilitiesLibrary.IsSeqExtension (well-formedness),unchanged,False,well-formedness:UtilitiesLibraryIsSeqExtension:0
kondo/lockServer/sync,UtilitiesLibrary.Successor (well-formedness),unchanged,False,well-formedness:UtilitiesLibrarySuccessor:0
kondo/paxos/sync,PaxosProof.InvNextAcceptorValidBundle (correctness),unchanged,False,correctness:PaxosProofInvNextAcceptorValidBundle:0
kondo/paxos/sync,PaxosProof.InvNextLeaderReceivedPromisesImpliesAcceptorState (correctness),unchanged,False,correctness:PaxosProofInvNextLeaderReceivedPromisesImpliesAcceptorState:0
kondo/paxos/sync,PaxosProof.InvNextChosenImpliesProposingLeaderHearsChosenBallot (correctness),unchanged,False,correctness:PaxosProofInvNextChosenImpliesProposingLeaderHearsChosenBallot:0
kondo/paxos/sync,PaxosProof.InvNextChosenImpliesProposingLeaderHearsChosenBallotP2bStep (correctness),unchanged,False,correctness:PaxosProofInvNextChosenImpliesProposingLeaderHearsChosenBallotP2bStep:0
kondo/paxos/sync,PaxosProof.InvNextChosenImpliesProposingLeaderHearsChosenBallotP1bStep (correctness),unchanged,False,correctness:PaxosProofInvNextChosenImpliesProposingLeaderHearsChosenBallotP1bStep:0
kondo/paxos/sync,PaxosProof.InvNextLeaderHighestHeardToPromisedRangeHasNoAccepts (correctness),unchanged,False,correctness:PaxosProofInvNextLeaderHighestHeardToPromisedRangeHasNoAccepts:0
kondo/paxos/sync,PaxosProof.InvNextChosenValImpliesLeaderOnlyHearsVal (correctness),unchanged,False,correctness:PaxosProofInvNextChosenValImpliesLeaderOnlyHearsVal:0
kondo/paxos/sync,PaxosProof.InvNextLearnerReceivedAcceptImpliesAccepted (correctness),unchanged,False,correctness:PaxosProofInvNextLearnerReceivedAcceptImpliesAccepted:0
kondo/paxos/sync,PaxosProof.InvNextLearnerReceivedAcceptImpliesProposed (correctness),unchanged,False,correctness:PaxosProofInvNextLearnerReceivedAcceptImpliesProposed:0
kondo/paxos/sync,PaxosProof.InvNextLeaderHearedImpliesProposed (correctness),unchanged,False,correctness:PaxosProofInvNextLeaderHearedImpliesProposed:0
kondo/paxos/sync,PaxosProof.InvNextLeaderHighestHeardUpperBound (correctness),unchanged,False,correctness:PaxosProofInvNextLeaderHighestHeardUpperBound:0
kondo/paxos/sync,PaxosProof.InvNextChosenValImpliesAcceptorOnlyAcceptsVal (correctness),unchanged,False,correctness:PaxosProofInvNextChosenValImpliesAcceptorOnlyAcceptsVal:0
kondo/paxos/sync,PaxosProof.InvInductive (correctness),unchanged,False,correctness:PaxosProofInvInductive:0
kondo/paxos/sync,PaxosProof.InvNextLearnerValidReceivedAccepts (correctness),unchanged,False,correctness:PaxosProofInvNextLearnerValidReceivedAccepts:0
kondo/paxos/sync,PaxosProof.InvImpliesAtMostOneChosenVal (correctness),unchanged,False,correctness:PaxosProofInvImpliesAtMostOneChosenVal:0
kondo/paxos/sync,PaxosProof.InvNextLeaderHighestHeardToPromisedRangeHasNoAccepts (well-formedness),unchanged,False,well-formedness:PaxosProofInvNextLeaderHighestHeardToPromisedRangeHasNoAccepts:0
kondo/paxos/sync,PaxosProof.InvNextLeaderValidReceivedPromises (correctness),unchanged,False,correctness:PaxosProofInvNextLeaderValidReceivedPromises:0
kondo/paxos/sync,PaxosProof.InvNextLearnedImpliesQuorumOfAccepts (correctness),unchanged,False,correctness:PaxosProofInvNextLearnedImpliesQuorumOfAccepts:0
kondo/paxos/sync,PaxosProof.InvNextChosenValImpliesLeaderOnlyHearsVal (well-formedness),unchanged,False,well-formedness:PaxosProofInvNextChosenValImpliesLeaderOnlyHearsVal:0
kondo/paxos/sync,PaxosProof.GetAcceptorSet (correctness),unchanged,False,correctness:PaxosProofGetAcceptorSet:0
kondo/paxos/sync,PaxosProof.NewChosenOnlyInP2bStep (correctness),unchanged,False,correctness:PaxosProofNewChosenOnlyInP2bStep:0
kondo/paxos/sync,PaxosProof.InitImpliesInv (correctness),unchanged,False,correctness:PaxosProofInitImpliesInv:0
kondo/paxos/sync,System.NextStep (well-formedness),unchanged,False,well-formedness:SystemNextStep:0
kondo/paxos/sync,PaxosProof.InvNextChosenImpliesProposingLeaderHearsChosenBallotP1bStep (well-formedness),unchanged,False,well-formedness:PaxosProofInvNextChosenImpliesProposingLeaderHearsChosenBallotP1bStep:0
kondo/paxos/sync,PaxosProof.InvNextLearnerValidReceivedAccepts (well-formedness),unchanged,False,well-formedness:PaxosProofInvNextLearnerValidReceivedAccepts:0
kondo/paxos/sync,PaxosProof.InvNextChosenValImpliesAcceptorOnlyAcceptsVal (well-formedness),unchanged,False,well-formedness:PaxosProofInvNextChosenValImpliesAcceptorOnlyAcceptsVal:0
kondo/paxos/sync,PaxosProof.InvNextLearnedImpliesQuorumOfAccepts (well-formedness),unchanged,False,well-formedness:PaxosProofInvNextLearnedImpliesQuorumOfAccepts:0
kondo/paxos/sync,PaxosProof.InvNextChosenImpliesProposingLeaderHearsChosenBallotP2bStep (well-formedness),unchanged,False,well-formedness:PaxosProofInvNextChosenImpliesProposingLeaderHearsChosenBallotP2bStep:0
kondo/paxos/sync,PaxosProof.InvNextChosenImpliesProposingLeaderHearsChosenBallot (well-formedness),unchanged,False,well-formedness:PaxosProofInvNextChosenImpliesProposingLeaderHearsChosenBallot:0
kondo/paxos/sync,PaxosProof.ProtocolInv (well-formedness),unchanged,False,well-formedness:PaxosProofProtocolInv:0
kondo/paxos/sync,System.Next (well-formedness),unchanged,False,well-formedness:SystemNext:0
kondo/paxos/sync,PaxosProof.NewChosenOnlyInP2bStep (well-formedness),unchanged,False,well-formedness:PaxosProofNewChosenOnlyInP2bStep:0
kondo/paxos/sync,PaxosProof.InvNextLearnerReceivedAcceptImpliesProposed (well-formedness),unchanged,False,well-formedness:PaxosProofInvNextLearnerReceivedAcceptImpliesProposed:0
kondo/paxos/sync,PaxosProof.InvImpliesAtMostOneChosenVal (well-formedness),unchanged,False,well-formedness:PaxosProofInvImpliesAtMostOneChosenVal:0
kondo/paxos/sync,PaxosProof.InvNextLeaderHearedImpliesProposed (well-formedness),unchanged,False,well-formedness:PaxosProofInvNextLeaderHearedImpliesProposed:0
kondo/paxos/sync,PaxosProof.AtMostOneChosenImpliesSafety (correctness),unchanged,False,correctness:PaxosProofAtMostOneChosenImpliesSafety:0
kondo/paxos/sync,PaxosProof.InvNextLearnerReceivedAcceptImpliesAccepted (well-formedness),unchanged,False,well-formedness:PaxosProofInvNextLearnerReceivedAcceptImpliesAccepted:0
kondo/paxos/sync,PaxosProof.LeaderHearsDifferentValueFromChosenImpliesFalse (correctness),unchanged,False,correctness:PaxosProofLeaderHearsDifferentValueFromChosenImpliesFalse:0
kondo/paxos/sync,System.NextP1bStep (well-formedness),unchanged,False,well-formedness:SystemNextP1bStep:0
kondo/paxos/sync,System.NextP2aStep (well-formedness),unchanged,False,well-formedness:SystemNextP2aStep:0
kondo/paxos/sync,PaxosProof.InvNextLeaderHighestHeardUpperBound (well-formedness),unchanged,False,well-formedness:PaxosProofInvNextLeaderHighestHeardUpperBound:0
kondo/paxos/sync,PaxosProof.InvNextLeaderValidReceivedPromises (well-formedness),unchanged,False,well-formedness:PaxosProofInvNextLeaderValidReceivedPromises:0
kondo/paxos/sync,System.NextP2bStep (well-formedness),unchanged,False,well-formedness:SystemNextP2bStep:0
kondo/paxos/sync,PaxosProof.InvNextLeaderReceivedPromisesImpliesAcceptorState (well-formedness),unchanged,False,well-formedness:PaxosProofInvNextLeaderReceivedPromisesImpliesAcceptorState:0
kondo/paxos/sync,System.NextP1aStep (well-formedness),unchanged,False,well-formedness:SystemNextP1aStep:0
kondo/paxos/sync,PaxosProof.Inv (well-formedness),unchanged,False,well-formedness:PaxosProofInv:0
kondo/paxos/sync,PaxosProof.InvImpliesSafety (well-formedness),unchanged,False,well-formedness:PaxosProofInvImpliesSafety:0
kondo/paxos/sync,PaxosProof.OneValuePerBallotLeaderAndLearners (well-formedness),unchanged,False,well-formedness:PaxosProofOneValuePerBallotLeaderAndLearners:0
kondo/paxos/sync,PaxosProof.InvImpliesSafety (correctness),unchanged,False,correctness:PaxosProofInvImpliesSafety:0
kondo/paxos/sync,PaxosProof.InvNextAcceptorValidBundle (well-formedness),unchanged,False,well-formedness:PaxosProofInvNextAcceptorValidBundle:0
kondo/paxos/sync,UtilitiesLibrary.max (well-formedness),unchanged,False,well-formedness:UtilitiesLibrarymax:0
kondo/paxos/sync,UtilitiesLibrary.DropLast (well-formedness),unchanged,False,well-formedness:UtilitiesLibraryDropLast:0
kondo/paxos/sync,System.Init (well-formedness),unchanged,False,well-formedness:SystemInit:0
kondo/paxos/sync,System.NextLearnerInternalStep (well-formedness),unchanged,False,well-formedness:SystemNextLearnerInternalStep:0
kondo/paxos/sync,PaxosProof.LearnerValidReceivedAccepts (well-formedness),unchanged,False,well-formedness:PaxosProofLearnerValidReceivedAccepts:0
kondo/paxos/sync,LeaderHost.ReceivePromise (well-formedness),unchanged,False,well-formedness:LeaderHostReceivePromise:0
kondo/paxos/sync,PaxosProof.LeaderHearsDifferentValueFromChosenImpliesFalse (well-formedness),unchanged,False,well-formedness:PaxosProofLeaderHearsDifferentValueFromChosenImpliesFalse:0
kondo/paxos/sync,PaxosProof.LearnedImpliesChosen (well-formedness),unchanged,False,well-formedness:PaxosProofLearnedImpliesChosen:0
kondo/paxos/sync,PaxosProof.LearnerReceivedAcceptImpliesProposed (well-formedness),unchanged,False,well-formedness:PaxosProofLearnerReceivedAcceptImpliesProposed:0
kondo/paxos/sync,LeaderHost.NextReceivePromiseStep (well-formedness),unchanged,False,well-formedness:LeaderHostNextReceivePromiseStep:0
kondo/paxos/sync,PaxosProof.LearnedImpliesChosen (correctness),unchanged,False,correctness:PaxosProofLearnedImpliesChosen:0
kondo/paxos/sync,PaxosProof.ChosenAtLearner (well-formedness),unchanged,False,well-formedness:PaxosProofChosenAtLearner:0
kondo/paxos/sync,PaxosProof.ChosenImpliesProposingLeaderHearsChosenBallot (well-formedness),unchanged,False,well-formedness:PaxosProofChosenImpliesProposingLeaderHearsChosenBallot:0
kondo/paxos/sync,System.Variables.LeaderCanPropose (well-formedness),unchanged,False,well-formedness:SystemVariablesLeaderCanPropose:0
kondo/paxos/sync,PaxosProof.LearnedImpliesQuorumOfAccepts (well-formedness),unchanged,False,well-formedness:PaxosProofLearnedImpliesQuorumOfAccepts:0
kondo/paxos/sync,PaxosProof.ChosenValImpliesLeaderOnlyHearsVal (well-formedness),unchanged,False,well-formedness:PaxosProofChosenValImpliesLeaderOnlyHearsVal:0
kondo/paxos/sync,PaxosProof.ChosenValImpliesAcceptorOnlyAcceptsVal (well-formedness),unchanged,False,well-formedness:PaxosProofChosenValImpliesAcceptorOnlyAcceptsVal:0
kondo/paxos/sync,PaxosProof.SupportingAcceptorsForChosen (correctness),unchanged,False,correctness:PaxosProofSupportingAcceptorsForChosen:0
kondo/paxos/sync,PaxosProof.LearnerReceivedAcceptImpliesAccepted (well-formedness),unchanged,False,well-formedness:PaxosProofLearnerReceivedAcceptImpliesAccepted:0
kondo/paxos/sync,PaxosProof.AtMostOneChosenVal (well-formedness),unchanged,False,well-formedness:PaxosProofAtMostOneChosenVal:0
kondo/paxos/sync,PaxosProof.LeaderHighestHeardToPromisedRangeHasNoAccepts (well-formedness),unchanged,False,well-formedness:PaxosProofLeaderHighestHeardToPromisedRangeHasNoAccepts:0
kondo/paxos/sync,PaxosProof.AcceptorAcceptedImpliesProposed (well-formedness),unchanged,False,well-formedness:PaxosProofAcceptorAcceptedImpliesProposed:0
kondo/paxos/sync,PaxosProof.LeaderHearedImpliesProposed (well-formedness),unchanged,False,well-formedness:PaxosProofLeaderHearedImpliesProposed:0
kondo/paxos/sync,PaxosProof.SupportingAcceptorsForChosen (well-formedness),unchanged,False,well-formedness:PaxosProofSupportingAcceptorsForChosen:0
kondo/paxos/sync,PaxosProof.AtMostOneChosenImpliesSafety (well-formedness),unchanged,False,well-formedness:PaxosProofAtMostOneChosenImpliesSafety:0
kondo/paxos/sync,PaxosProof.LeaderReceivedPromisesImpliesAcceptorState (well-formedness),unchanged,False,well-formedness:PaxosProofLeaderReceivedPromisesImpliesAcceptorState:0
kondo/paxos/sync,Obligations.Safety (well-formedness),unchanged,False,well-formedness:ObligationsSafety:0
kondo/paxos/sync,LearnerHost.NextReceiveAcceptStep (well-formedness),unchanged,False,well-formedness:LearnerHostNextReceiveAcceptStep:0
kondo/paxos/sync,PaxosProof.LeaderValidReceivedPromises (well-formedness),unchanged,False,well-formedness:PaxosProofLeaderValidReceivedPromises:0
kondo/paxos/sync,System.AcceptorsUnchangedExcept (well-formedness),unchanged,False,well-formedness:SystemAcceptorsUnchangedExcept:0
kondo/paxos/sync,PaxosProof.LeaderHighestHeardUpperBound (well-formedness),unchanged,False,well-formedness:PaxosProofLeaderHighestHeardUpperBound:0
kondo/paxos/sync,PaxosProof.Chosen (well-formedness),unchanged,False,well-formedness:PaxosProofChosen:0
kondo/paxos/sync,PaxosProof.AcceptorValidPromisedAndAccepted (well-formedness),unchanged,False,well-formedness:PaxosProofAcceptorValidPromisedAndAccepted:0
kondo/paxos/sync,System.LeadersUnchangedExcept (well-formedness),unchanged,False,well-formedness:SystemLeadersUnchangedExcept:0
kondo/paxos/sync,AcceptorHost.NextReceivePrepareStep (well-formedness),unchanged,False,well-formedness:AcceptorHostNextReceivePrepareStep:0
kondo/paxos/sync,LeaderHost.GroupInit (well-formedness),unchanged,False,well-formedness:LeaderHostGroupInit:0
kondo/paxos/sync,System.Constants.UniqueLearnerIds (well-formedness),unchanged,False,well-formedness:SystemConstantsUniqueLearnerIds:0
kondo/paxos/sync,System.LearnersUnchangedExcept (well-formedness),unchanged,False,well-formedness:SystemLearnersUnchangedExcept:0
kondo/paxos/sync,AcceptorHost.NextBroadcastAcceptedStep (well-formedness),unchanged,False,well-formedness:AcceptorHostNextBroadcastAcceptedStep:0
kondo/paxos/sync,AcceptorHost.NextMaybeAcceptStep (well-formedness),unchanged,False,well-formedness:AcceptorHostNextMaybeAcceptStep:0
kondo/paxos/sync,AcceptorHost.UpdateReceiveAcceptedStep (correctness),unchanged,False,correctness:AcceptorHostUpdateReceiveAcceptedStep:0
kondo/paxos/sync,Types.Message.Src (well-formedness),unchanged,False,well-formedness:TypesMessageSrc:0
kondo/paxos/sync,LearnerHost.UpdateReceivedAccepts (well-formedness),unchanged,False,well-formedness:LearnerHostUpdateReceivedAccepts:0
kondo/paxos/sync,AcceptorHost.Variables.WF (well-formedness),unchanged,False,well-formedness:AcceptorHostVariablesWF:0
kondo/paxos/sync,AcceptorHost.SendAccept (well-formedness),unchanged,False,well-formedness:AcceptorHostSendAccept:0
kondo/paxos/sync,System.Constants.UniqueLeaderIds (well-formedness),unchanged,False,well-formedness:SystemConstantsUniqueLeaderIds:0
kondo/paxos/sync,Types.MonotonicVBOption.SatisfiesMonotonic (well-formedness),unchanged,False,well-formedness:TypesMonotonicVBOptionSatisfiesMonotonic:0
kondo/paxos/sync,AcceptorHost.Variables.HasAcceptedAtLeastBal (well-formedness),unchanged,False,well-formedness:AcceptorHostVariablesHasAcceptedAtLeastBal:0
kondo/paxos/sync,LeaderHost.NextProposeStep (well-formedness),unchanged,False,well-formedness:LeaderHostNextProposeStep:0
kondo/paxos/sync,AcceptorHost.Variables.HasPromised (well-formedness),unchanged,False,well-formedness:AcceptorHostVariablesHasPromised:0
kondo/paxos/sync,AcceptorHost.Variables.HasAcceptedValue (well-formedness),unchanged,False,well-formedness:AcceptorHostVariablesHasAcceptedValue:0
kondo/paxos/sync,Types.MonotonicReceivedAccepts.SatisfiesMonotonic (well-formedness),unchanged,False,well-formedness:TypesMonotonicReceivedAcceptsSatisfiesMonotonic:0
kondo/paxos/sync,LeaderHost.NextPrepareStep (well-formedness),unchanged,False,well-formedness:LeaderHostNextPrepareStep:0
kondo/paxos/sync,LearnerHost.NextLearnStep (well-formedness),unchanged,False,well-formedness:LearnerHostNextLearnStep:0
kondo/paxos/sync,AcceptorHost.Variables.HasAccepted (well-formedness),unchanged,False,well-formedness:AcceptorHostVariablesHasAccepted:0
kondo/paxos/sync,LearnerHost.ReceiveAcceptTrigger (well-formedness),unchanged,False,well-formedness:LearnerHostReceiveAcceptTrigger:0
kondo/paxos/sync,UtilitiesLibrary.MapRemoveOne (well-formedness),content,True,well-formedness:UtilitiesLibraryMapRemoveOne:0
kondo/paxos/sync,AcceptorHost.GroupWF (well-formedness),unchanged,False,well-formedness:AcceptorHostGroupWF:0
kondo/paxos/sync,AcceptorHost.GroupInit (well-formedness),unchanged,False,well-formedness:AcceptorHostGroupInit:0
kondo/paxos/sync,LeaderHost.GroupWFConstants (well-formedness),unchanged,False,well-formedness:LeaderHostGroupWFConstants:0
kondo/paxos/sync,AcceptorHost.NextMaybePromiseStep (well-formedness),unchanged,False,well-formedness:AcceptorHostNextMaybePromiseStep:0
kondo/paxos/sync,AcceptorHost.Variables.HasAcceptedAtMostBal (well-formedness),unchanged,False,well-formedness:AcceptorHostVariablesHasAcceptedAtMostBal:0
kondo/paxos/sync,LeaderHost.GroupWF (well-formedness),unchanged,False,well-formedness:LeaderHostGroupWF:0
kondo/paxos/sync,UtilitiesLibrary.GetIndexForMember (correctness),unchanged,False,correctness:UtilitiesLibraryGetIndexForMember:0
kondo/paxos/sync,LearnerHost.ReceiveAccept (well-formedness),unchanged,False,well-formedness:LearnerHostReceiveAccept:0
kondo/paxos/sync,AcceptorHost.Variables.HasPromisedAtLeast (well-formedness),unchanged,False,well-formedness:AcceptorHostVariablesHasPromisedAtLeast:0
kondo/paxos/sync,LearnerHost.GroupInit (well-formedness),unchanged,False,well-formedness:LearnerHostGroupInit:0
kondo/paxos/sync,LeaderHost.Variables.HeardAtLeast (well-formedness),unchanged,False,well-formedness:LeaderHostVariablesHeardAtLeast:0
kondo/paxos/sync,UtilitiesLibrary.SetComprehensionSize (correctness),unchanged,False,correctness:UtilitiesLibrarySetComprehensionSize:0
kondo/paxos/sync,LearnerHost.GroupWFConstants (well-formedness),unchanged,False,well-formedness:LearnerHostGroupWFConstants:0
kondo/paxos/sync,AcceptorHost.SendPromise (well-formedness),unchanged,False,well-formedness:AcceptorHostSendPromise:0
kondo/paxos/sync,UtilitiesLibrary.SetsAreSubsetsOfUnion (correctness),unchanged,False,correctness:UtilitiesLibrarySetsAreSubsetsOfUnion:0
kondo/paxos/sync,UtilitiesLibrary.EachUnionMemberBelongsToASet (correctness),unchanged,False,correctness:UtilitiesLibraryEachUnionMemberBelongsToASet:0
kondo/paxos/sync,UtilitiesLibrary.LargerSetIncreasesCardinalityMore (correctness),unchanged,False,correctness:UtilitiesLibraryLargerSetIncreasesCardinalityMore:0
kondo/paxos/sync,UtilitiesLibrary.UnionIncreasesCardinality (correctness),unchanged,False,correctness:UtilitiesLibraryUnionIncreasesCardinality:0
kondo/paxos/sync,UtilitiesLibrary.SetIsQuorum (well-formedness),unchanged,False,well-formedness:UtilitiesLibrarySetIsQuorum:0
kondo/paxos/sync,UtilitiesLibrary.UnionSeqOfSets (well-formedness),unchanged,False,well-formedness:UtilitiesLibraryUnionSeqOfSets:0
kondo/paxos/sync,UtilitiesLibrary.SetMonotoneIncreasing (well-formedness),unchanged,False,well-formedness:UtilitiesLibrarySetMonotoneIncreasing:0
kondo/paxos/sync,UtilitiesLibrary.SetsAreSubsetsOfUnion (well-formedness),unchanged,False,well-formedness:UtilitiesLibrarySetsAreSubsetsOfUnion:0
kondo/paxos/sync,UtilitiesLibrary.GetIndexForMember (well-formedness),unchanged,False,well-formedness:UtilitiesLibraryGetIndexForMember:0
kondo/paxos/sync,UtilitiesLibrary.EachUnionMemberBelongsToASet (well-formedness),unchanged,False,well-formedness:UtilitiesLibraryEachUnionMemberBelongsToASet:0
kondo/paxos/sync,AcceptorHost.GroupWFConstants (well-formedness),unchanged,False,well-formedness:AcceptorHostGroupWFConstants:0
kondo/paxos/sync,UtilitiesLibrary.SetContainmentCardinality (correctness),unchanged,False,correctness:UtilitiesLibrarySetContainmentCardinality:0
kondo/paxos/sync,UtilitiesLibrary.SeqOptionMonotoneIncreasing (well-formedness),unchanged,False,well-formedness:UtilitiesLibrarySeqOptionMonotoneIncreasing:0
kondo/paxos/sync,UtilitiesLibrary.QuorumIntersection (correctness),unchanged,False,correctness:UtilitiesLibraryQuorumIntersection:0
kondo/paxos/sync,UtilitiesLibrary.Predecessor (well-formedness),unchanged,False,well-formedness:UtilitiesLibraryPredecessor:0
kondo/paxos/sync,LeaderHost.Variables.HeardAtMost (well-formedness),unchanged,False,well-formedness:LeaderHostVariablesHeardAtMost:0
kondo/paxos/sync,System.Constants.UniqueAcceptorIds (well-formedness),unchanged,False,well-formedness:SystemConstantsUniqueAcceptorIds:0
kondo/paxos/sync,UtilitiesLibrary.Last (well-formedness),unchanged,False,well-formedness:UtilitiesLibraryLast:0
kondo/paxos/sync,UtilitiesLibrary.SeqIsComplete (well-formedness),unchanged,False,well-formedness:UtilitiesLibrarySeqIsComplete:0
kondo/paxos/sync,UtilitiesLibrary.StutterSeq (well-formedness),unchanged,False,well-formedness:UtilitiesLibraryStutterSeq:0
kondo/paxos/sync,UtilitiesLibrary.DisjointSetUnionCardinality (correctness),unchanged,False,correctness:UtilitiesLibraryDisjointSetUnionCardinality:0
kondo/paxos/sync,Types.MonotonicVBOption.ToOption (well-formedness),unchanged,False,well-formedness:TypesMonotonicVBOptionToOption:0
kondo/paxos/sync,UtilitiesLibrary.StrictOrdering (well-formedness),unchanged,False,well-formedness:UtilitiesLibraryStrictOrdering:0
kondo/paxos/sync,UtilitiesLibrary.SeqMonotoneIncreasing (well-formedness),unchanged,False,well-formedness:UtilitiesLibrarySeqMonotoneIncreasing:0
kondo/paxos/sync,UtilitiesLibrary.IsSeqExtension (well-formedness),unchanged,False,well-formedness:UtilitiesLibraryIsSeqExtension:0
kondo/paxos/sync,UtilitiesLibrary.SetContainmentCardinalityStrict (correctness),unchanged,False,correctness:UtilitiesLibrarySetContainmentCardinalityStrict:0
kondo/paxos/sync,UtilitiesLibrary.Successor (well-formedness),unchanged,False,well-formedness:UtilitiesLibrarySuccessor:0
kondo/ringLeaderElection/manual,RingLeaderElectionProof.ChordDominatesInductive (correctness),unchanged,False,correctness:RingLeaderElectionProofChordDominatesInductive:0
kondo/ringLeaderElection/manual,RingLeaderElectionProof.InvInductive (correctness),unchanged,False,correctness:RingLeaderElectionProofInvInductive:0
kondo/ringLeaderElection/manual,RingLeaderElectionProof.MidMustHaveSentSrcHostId (correctness),unchanged,False,correctness:RingLeaderElectionProofMidMustHaveSentSrcHostId:0
kondo/ringLeaderElection/manual,RingLeaderElectionProof.InitImpliesInv (correctness),unchanged,False,correctness:RingLeaderElectionProofInitImpliesInv:0
kondo/ringLeaderElection/manual,RingLeaderElectionProof.ChordDominatesInductive (well-formedness),unchanged,False,well-formedness:RingLeaderElectionProofChordDominatesInductive:0
kondo/ringLeaderElection/manual,MessageInvariants.MessageInvInductive (correctness),unchanged,False,correctness:MessageInvariantsMessageInvInductive:0
kondo/ringLeaderElection/manual,UtilitiesLibrary.max (well-formedness),unchanged,False,well-formedness:UtilitiesLibrarymax:0
kondo/ringLeaderElection/manual,UtilitiesLibrary.DropLast (well-formedness),unchanged,False,well-formedness:UtilitiesLibraryDropLast:0
kondo/ringLeaderElection/manual,RingLeaderElectionProof.Inv (well-formedness),unchanged,False,well-formedness:RingLeaderElectionProofInv:0
kondo/ringLeaderElection/manual,RingLeaderElectionProof.ProtocolInv (well-formedness),unchanged,False,well-formedness:RingLeaderElectionProofProtocolInv:0
kondo/ringLeaderElection/manual,RingLeaderElectionProof.ChordDominatesImpliesSafety (correctness),unchanged,False,correctness:RingLeaderElectionProofChordDominatesImpliesSafety:0
kondo/ringLeaderElection/manual,RingLeaderElectionProof.InvImpliesSafety (well-formedness),unchanged,False,well-formedness:RingLeaderElectionProofInvImpliesSafety:0
kondo/ringLeaderElection/manual,RingLeaderElectionProof.InvImpliesSafety (correctness),unchanged,False,correctness:RingLeaderElectionProofInvImpliesSafety:0
kondo/ringLeaderElection/manual,MessageInvariants.ReceiveValidity (well-formedness),unchanged,False,well-formedness:MessageInvariantsReceiveValidity:0
kondo/ringLeaderElection/manual,DistributedSystem.NextStep (well-formedness),unchanged,False,well-formedness:DistributedSystemNextStep:0
kondo/ringLeaderElection/manual,MessageInvariants.InitImpliesMessageInv (correctness),unchanged,False,correctness:MessageInvariantsInitImpliesMessageInv:0
kondo/ringLeaderElection/manual,RingLeaderElectionProof.ChordDominates (well-formedness),unchanged,False,well-formedness:RingLeaderElectionProofChordDominates:0
kondo/ringLeaderElection/manual,DistributedSystem.Next (well-formedness),unchanged,False,well-formedness:DistributedSystemNext:0
kondo/ringLeaderElection/manual,MonotonicityLibrary.MonotonicMap.SatisfiesMonotonic (well-formedness),unchanged,False,well-formedness:MonotonicityLibraryMonotonicMapSatisfiesMonotonic:0
kondo/ringLeaderElection/manual,RingLeaderElectionProof.SentNotMyIdImpliesReceivedId (well-formedness),unchanged,False,well-formedness:RingLeaderElectionProofSentNotMyIdImpliesReceivedId:0
kondo/ringLeaderElection/manual,DistributedSystem.HostAction (well-formedness),unchanged,False,well-formedness:DistributedSystemHostAction:0
kondo/ringLeaderElection/manual,Host.NextStep (well-formedness),unchanged,False,well-formedness:HostNextStep:0
kondo/ringLeaderElection/manual,RingLeaderElectionProof.MidMustHaveSentSrcHostId (well-formedness),unchanged,False,well-formedness:RingLeaderElectionProofMidMustHaveSentSrcHostId:0
kondo/ringLeaderElection/manual,MonotonicityLibrary.MonotonicSeq.SatisfiesMonotonic (well-formedness),unchanged,False,well-formedness:MonotonicityLibraryMonotonicSeqSatisfiesMonotonic:0
kondo/ringLeaderElection/manual,RingLeaderElectionProof.ChordDominatesMsgs (well-formedness),unchanged,False,well-formedness:RingLeaderElectionProofChordDominatesMsgs:0
kondo/ringLeaderElection/manual,MessageInvariants.MessageInv (well-formedness),unchanged,False,well-formedness:MessageInvariantsMessageInv:0
kondo/ringLeaderElection/manual,RingLeaderElectionProof.ChordDominatesImpliesSafety (well-formedness),unchanged,False,well-formedness:RingLeaderElectionProofChordDominatesImpliesSafety:0
kondo/ringLeaderElection/manual,RingLeaderElectionProof.PayloadGeqSenderHostId (well-formedness),unchanged,False,well-formedness:RingLeaderElectionProofPayloadGeqSenderHostId:0
kondo/ringLeaderElection/manual,UtilitiesLibrary.SetComprehensionSize (correctness),unchanged,False,correctness:UtilitiesLibrarySetComprehensionSize:0
kondo/ringLeaderElection/manual,UtilitiesLibrary.MapRemoveOne (well-formedness),content,True,well-formedness:UtilitiesLibraryMapRemoveOne:0
kondo/ringLeaderElection/manual,UtilitiesLibrary.EachUnionMemberBelongsToASet (correctness),unchanged,False,correctness:UtilitiesLibraryEachUnionMemberBelongsToASet:0
kondo/ringLeaderElection/manual,DistributedSystem.Constants.UniqueIds (well-formedness),unchanged,False,well-formedness:DistributedSystemConstantsUniqueIds:0
kondo/ringLeaderElection/manual,Host.NextTransmissionStep (well-formedness),unchanged,False,well-formedness:HostNextTransmissionStep:0
kondo/ringLeaderElection/manual,Host.NextReceiveStep (well-formedness),unchanged,False,well-formedness:HostNextReceiveStep:0
kondo/ringLeaderElection/manual,Host.GroupInit (well-formedness),unchanged,False,well-formedness:HostGroupInit:0
kondo/ringLeaderElection/manual,Host.GroupWF (well-formedness),unchanged,False,well-formedness:HostGroupWF:0
kondo/ringLeaderElection/manual,Network.Next (well-formedness),unchanged,False,well-formedness:NetworkNext:0
kondo/ringLeaderElection/manual,UtilitiesLibrary.SetsAreSubsetsOfUnion (correctness),unchanged,False,correctness:UtilitiesLibrarySetsAreSubsetsOfUnion:0
kondo/ringLeaderElection/manual,Host.ReceiveMsg (well-formedness),unchanged,False,well-formedness:HostReceiveMsg:0
kondo/ringLeaderElection/manual,UtilitiesLibrary.GetIndexForMember (correctness),unchanged,False,correctness:UtilitiesLibraryGetIndexForMember:0
kondo/ringLeaderElection/manual,UtilitiesLibrary.StutterSeq (well-formedness),unchanged,False,well-formedness:UtilitiesLibraryStutterSeq:0
kondo/ringLeaderElection/manual,UtilitiesLibrary.UnionSeqOfSets (well-formedness),unchanged,False,well-formedness:UtilitiesLibraryUnionSeqOfSets:0
kondo/ringLeaderElection/manual,UtilitiesLibrary.GetIndexForMember (well-formedness),unchanged,False,well-formedness:UtilitiesLibraryGetIndexForMember:0
kondo/ringLeaderElection/manual,UtilitiesLibrary.SetsAreSubsetsOfUnion (well-formedness),unchanged,False,well-formedness:UtilitiesLibrarySetsAreSubsetsOfUnion:0
kondo/ringLeaderElection/manual,UtilitiesLibrary.EachUnionMemberBelongsToASet (well-formedness),unchanged,False,well-formedness:UtilitiesLibraryEachUnionMemberBelongsToASet:0
kondo/ringLeaderElection/manual,UtilitiesLibrary.UnionIncreasesCardinality (correctness),unchanged,False,correctness:UtilitiesLibraryUnionIncreasesCardinality:0
kondo/ringLeaderElection/manual,Host.GroupWFConstants (well-formedness),unchanged,False,well-formedness:HostGroupWFConstants:0
kondo/ringLeaderElection/manual,UtilitiesLibrary.SeqOptionMonotoneIncreasing (well-formedness),unchanged,False,well-formedness:UtilitiesLibrarySeqOptionMonotoneIncreasing:0
kondo/ringLeaderElection/manual,UtilitiesLibrary.SetContainmentCardinality (correctness),unchanged,False,correctness:UtilitiesLibrarySetContainmentCardinality:0
kondo/ringLeaderElection/manual,UtilitiesLibrary.Predecessor (well-formedness),unchanged,False,well-formedness:UtilitiesLibraryPredecessor:0
kondo/ringLeaderElection/manual,UtilitiesLibrary.Last (well-formedness),unchanged,False,well-formedness:UtilitiesLibraryLast:0
kondo/ringLeaderElection/manual,UtilitiesLibrary.QuorumIntersection (correctness),unchanged,False,correctness:UtilitiesLibraryQuorumIntersection:0
kondo/ringLeaderElection/manual,UtilitiesLibrary.SeqIsComplete (well-formedness),unchanged,False,well-formedness:UtilitiesLibrarySeqIsComplete:0
kondo/ringLeaderElection/manual,MonotonicityLibrary.MonotonicNatOption.SatisfiesMonotonic (well-formedness),unchanged,False,well-formedness:MonotonicityLibraryMonotonicNatOptionSatisfiesMonotonic:0
kondo/ringLeaderElection/manual,UtilitiesLibrary.DisjointSetUnionCardinality (correctness),unchanged,False,correctness:UtilitiesLibraryDisjointSetUnionCardinality:0
kondo/ringLeaderElection/manual,UtilitiesLibrary.LargerSetIncreasesCardinalityMore (correctness),unchanged,False,correctness:UtilitiesLibraryLargerSetIncreasesCardinalityMore:0
kondo/ringLeaderElection/manual,UtilitiesLibrary.StrictOrdering (well-formedness),unchanged,False,well-formedness:UtilitiesLibraryStrictOrdering:0
kondo/ringLeaderElection/manual,UtilitiesLibrary.SetMonotoneIncreasing (well-formedness),unchanged,False,well-formedness:UtilitiesLibrarySetMonotoneIncreasing:0
kondo/ringLeaderElection/manual,UtilitiesLibrary.SeqMonotoneIncreasing (well-formedness),unchanged,False,well-formedness:UtilitiesLibrarySeqMonotoneIncreasing:0
kondo/ringLeaderElection/manual,UtilitiesLibrary.SetIsQuorum (well-formedness),unchanged,False,well-formedness:UtilitiesLibrarySetIsQuorum:0
kondo/ringLeaderElection/manual,UtilitiesLibrary.IsSeqExtension (well-formedness),unchanged,False,well-formedness:UtilitiesLibraryIsSeqExtension:0
kondo/ringLeaderElection/manual,RingLeaderElectionProof.SuccessorDecreasesDistance (correctness),unchanged,False,correctness:RingLeaderElectionProofSuccessorDecreasesDistance:0
kondo/ringLeaderElection/manual,RingLeaderElectionProof.SuccessorDecreasesDistance (well-formedness),unchanged,False,well-formedness:RingLeaderElectionProofSuccessorDecreasesDistance:0
kondo/ringLeaderElection/manual,UtilitiesLibrary.Successor (well-formedness),unchanged,False,well-formedness:UtilitiesLibrarySuccessor:0
kondo/ringLeaderElection/manual,RingLeaderElectionProof.Distance (well-formedness),unchanged,False,well-formedness:RingLeaderElectionProofDistance:0
kondo/ringLeaderElection/manual,UtilitiesLibrary.SetContainmentCardinalityStrict (correctness),unchanged,False,correctness:UtilitiesLibrarySetContainmentCardinalityStrict:0
kondo/ringLeaderElection/sync,RingLeaderElectionProof.InvInductive (correctness),unchanged,False,correctness:RingLeaderElectionProofInvInductive:0
kondo/ringLeaderElection/sync,UtilitiesLibrary.max (well-formedness),unchanged,False,well-formedness:UtilitiesLibrarymax:0
kondo/ringLeaderElection/sync,UtilitiesLibrary.DropLast (well-formedness),unchanged,False,well-formedness:UtilitiesLibraryDropLast:0
kondo/ringLeaderElection/sync,RingLeaderElectionProof.InitImpliesInv (correctness),unchanged,False,correctness:RingLeaderElectionProofInitImpliesInv:0
kondo/ringLeaderElection/sync,System.Transmission (well-formedness),unchanged,False,well-formedness:SystemTransmission:0
kondo/ringLeaderElection/sync,System.NextStep (well-formedness),unchanged,False,well-formedness:SystemNextStep:0
kondo/ringLeaderElection/sync,System.Next (well-formedness),unchanged,False,well-formedness:SystemNext:0
kondo/ringLeaderElection/sync,RingLeaderElectionProof.InvImpliesSafety (correctness),unchanged,False,correctness:RingLeaderElectionProofInvImpliesSafety:0
kondo/ringLeaderElection/sync,RingLeaderElectionProof.Inv (well-formedness),unchanged,False,well-formedness:RingLeaderElectionProofInv:0
kondo/ringLeaderElection/sync,Host.NextStep (well-formedness),unchanged,False,well-formedness:HostNextStep:0
kondo/ringLeaderElection/sync,RingLeaderElectionProof.InvImpliesSafety (well-formedness),unchanged,False,well-formedness:RingLeaderElectionProofInvImpliesSafety:0
kondo/ringLeaderElection/sync,Host.NextTransmissionStep (well-formedness),unchanged,False,well-formedness:HostNextTransmissionStep:0
kondo/ringLeaderElection/sync,RingLeaderElectionProof.ChordDominates (well-formedness),unchanged,False,well-formedness:RingLeaderElectionProofChordDominates:0
kondo/ringLeaderElection/sync,RingLeaderElectionProof.ProtocolInv (well-formedness),unchanged,False,well-formedness:RingLeaderElectionProofProtocolInv:0
kondo/ringLeaderElection/sync,Host.GroupInit (well-formedness),unchanged,False,well-formedness:HostGroupInit:0
kondo/ringLeaderElection/sync,Obligations.Safety (well-formedness),unchanged,False,well-formedness:ObligationsSafety:0
kondo/ringLeaderElection/sync,UtilitiesLibrary.DisjointSetUnionCardinality (correctness),unchanged,False,correctness:UtilitiesLibraryDisjointSetUnionCardinality:0
kondo/ringLeaderElection/sync,UtilitiesLibrary.MapRemoveOne (well-formedness),content,True,well-formedness:UtilitiesLibraryMapRemoveOne:0
kondo/ringLeaderElection/sync,Host.NextReceiveStep (well-formedness),unchanged,False,well-formedness:HostNextReceiveStep:0
kondo/ringLeaderElection/sync,UtilitiesLibrary.SetsAreSubsetsOfUnion (correctness),unchanged,False,correctness:UtilitiesLibrarySetsAreSubsetsOfUnion:0
kondo/ringLeaderElection/sync,Obligations.IsLeader (well-formedness),unchanged,False,well-formedness:ObligationsIsLeader:0
kondo/ringLeaderElection/sync,UtilitiesLibrary.EachUnionMemberBelongsToASet (well-formedness),unchanged,False,well-formedness:UtilitiesLibraryEachUnionMemberBelongsToASet:0
kondo/ringLeaderElection/sync,UtilitiesLibrary.GetIndexForMember (correctness),unchanged,False,correctness:UtilitiesLibraryGetIndexForMember:0
kondo/ringLeaderElection/sync,UtilitiesLibrary.SetsAreSubsetsOfUnion (well-formedness),unchanged,False,well-formedness:UtilitiesLibrarySetsAreSubsetsOfUnion:0
kondo/ringLeaderElection/sync,UtilitiesLibrary.SetComprehensionSize (correctness),unchanged,False,correctness:UtilitiesLibrarySetComprehensionSize:0
kondo/ringLeaderElection/sync,UtilitiesLibrary.Predecessor (well-formedness),unchanged,False,well-formedness:UtilitiesLibraryPredecessor:0
kondo/ringLeaderElection/sync,UtilitiesLibrary.SeqOptionMonotoneIncreasing (well-formedness),unchanged,False,well-formedness:UtilitiesLibrarySeqOptionMonotoneIncreasing:0
kondo/ringLeaderElection/sync,Host.GroupWF (well-formedness),unchanged,False,well-formedness:HostGroupWF:0
kondo/ringLeaderElection/sync,UtilitiesLibrary.EachUnionMemberBelongsToASet (correctness),unchanged,False,correctness:UtilitiesLibraryEachUnionMemberBelongsToASet:0
kondo/ringLeaderElection/sync,UtilitiesLibrary.SetContainmentCardinality (correctness),unchanged,False,correctness:UtilitiesLibrarySetContainmentCardinality:0
kondo/ringLeaderElection/sync,Host.GroupWFConstants (well-formedness),unchanged,False,well-formedness:HostGroupWFConstants:0
kondo/ringLeaderElection/sync,UtilitiesLibrary.GetIndexForMember (well-formedness),unchanged,False,well-formedness:UtilitiesLibraryGetIndexForMember:0
kondo/ringLeaderElection/sync,Host.ReceiveMsg (well-formedness),unchanged,False,well-formedness:HostReceiveMsg:0
kondo/ringLeaderElection/sync,UtilitiesLibrary.UnionSeqOfSets (well-formedness),unchanged,False,well-formedness:UtilitiesLibraryUnionSeqOfSets:0
kondo/ringLeaderElection/sync,UtilitiesLibrary.UnionIncreasesCardinality (correctness),unchanged,False,correctness:UtilitiesLibraryUnionIncreasesCardinality:0
kondo/ringLeaderElection/sync,System.Constants.UniqueIds (well-formedness),unchanged,False,well-formedness:SystemConstantsUniqueIds:0
kondo/ringLeaderElection/sync,UtilitiesLibrary.Last (well-formedness),unchanged,False,well-formedness:UtilitiesLibraryLast:0
kondo/ringLeaderElection/sync,UtilitiesLibrary.QuorumIntersection (correctness),unchanged,False,correctness:UtilitiesLibraryQuorumIntersection:0
kondo/ringLeaderElection/sync,UtilitiesLibrary.StutterSeq (well-formedness),unchanged,False,well-formedness:UtilitiesLibraryStutterSeq:0
kondo/ringLeaderElection/sync,UtilitiesLibrary.SeqIsComplete (well-formedness),unchanged,False,well-formedness:UtilitiesLibrarySeqIsComplete:0
kondo/ringLeaderElection/sync,UtilitiesLibrary.LargerSetIncreasesCardinalityMore (correctness),unchanged,False,correctness:UtilitiesLibraryLargerSetIncreasesCardinalityMore:0
kondo/ringLeaderElection/sync,UtilitiesLibrary.StrictOrdering (well-formedness),unchanged,False,well-formedness:UtilitiesLibraryStrictOrdering:0
kondo/ringLeaderElection/sync,UtilitiesLibrary.SetMonotoneIncreasing (well-formedness),unchanged,False,well-formedness:UtilitiesLibrarySetMonotoneIncreasing:0
kondo/ringLeaderElection/sync,UtilitiesLibrary.SeqMonotoneIncreasing (well-formedness),unchanged,False,well-formedness:UtilitiesLibrarySeqMonotoneIncreasing:0
kondo/ringLeaderElection/sync,UtilitiesLibrary.Successor (well-formedness),unchanged,False,well-formedness:UtilitiesLibrarySuccessor:0
kondo/ringLeaderElection/sync,UtilitiesLibrary.SetIsQuorum (well-formedness),unchanged,False,well-formedness:UtilitiesLibrarySetIsQuorum:0
kondo/ringLeaderElection/sync,UtilitiesLibrary.IsSeqExtension (well-formedness),unchanged,False,well-formedness:UtilitiesLibraryIsSeqExtension:0
kondo/ringLeaderElection/sync,UtilitiesLibrary.SetContainmentCardinalityStrict (correctness),unchanged,False,correctness:UtilitiesLibrarySetContainmentCardinalityStrict:0
kondo/ringLeaderElection/sync,RingLeaderElectionProof.Distance (well-formedness),unchanged,False,well-formedness:RingLeaderElectionProofDistance:0
kondo/shardedKv/manual,ShardedKVProof.InvNextLiveKeyImpliesNoneInFlight (correctness),content,True,correctness:ShardedKVProofInvNextLiveKeyImpliesNoneInFlight:0
kondo/shardedKv/manual,ShardedKVProof.InvNextAtMostOneInFlight (correctness),content,True,correctness:ShardedKVProofInvNextAtMostOneInFlight:0
kondo/shardedKv/manual,ShardedKVProof.InvNextSafety (correctness),content,True,correctness:ShardedKVProofInvNextSafety:0
kondo/shardedKv/manual,ShardedKVProof.InvNextAtMostOneInFlightHelper (correctness),content,True,correctness:ShardedKVProofInvNextAtMostOneInFlightHelper:0
kondo/shardedKv/manual,ShardedKVProof.AtMostOneHostHasLiveKey (correctness),content,True,correctness:ShardedKVProofAtMostOneHostHasLiveKey:0
kondo/shardedKv/manual,ShardedKVProof.InvInductive (correctness),content,True,correctness:ShardedKVProofInvInductive:0
kondo/shardedKv/manual,ShardedKVProof.InvNextLiveKeyImpliesNoneInFlight (well-formedness),content,True,well-formedness:ShardedKVProofInvNextLiveKeyImpliesNoneInFlight:0
kondo/shardedKv/manual,ShardedKVProof.InvNextAtMostOneInFlight (well-formedness),content,True,well-formedness:ShardedKVProofInvNextAtMostOneInFlight:0
kondo/shardedKv/manual,ShardedKVProof.InvNextAtMostOneInFlightHelper (well-formedness),content,True,well-formedness:ShardedKVProofInvNextAtMostOneInFlightHelper:0
kondo/shardedKv/manual,ShardedKVProof.AtMostOneHostHasLiveKey (well-formedness),content,True,well-formedness:ShardedKVProofAtMostOneHostHasLiveKey:0
kondo/shardedKv/manual,ShardedKVProof.InvNextSafety (well-formedness),content,True,well-formedness:ShardedKVProofInvNextSafety:0
kondo/shardedKv/manual,UtilitiesLibrary.DropLast (well-formedness),unchanged,False,well-formedness:UtilitiesLibraryDropLast:0
kondo/shardedKv/manual,UtilitiesLibrary.max (well-formedness),unchanged,False,well-formedness:UtilitiesLibrarymax:0
kondo/shardedKv/manual,ShardedKVProof.KeyInFlight (well-formedness),unchanged,False,well-formedness:ShardedKVProofKeyInFlight:0
kondo/shardedKv/manual,ShardedKVProof.InitImpliesInv (correctness),unchanged,False,correctness:ShardedKVProofInitImpliesInv:0
kondo/shardedKv/manual,Host.GroupInit (well-formedness),unchanged,False,well-formedness:HostGroupInit:0
kondo/shardedKv/manual,Host.NextStep (well-formedness),content,True,well-formedness:HostNextStep:0
kondo/shardedKv/manual,ShardedKVProof.InvImpliesSafety (well-formedness),unchanged,False,well-formedness:ShardedKVProofInvImpliesSafety:0
kondo/shardedKv/manual,ShardedKVProof.InvImpliesSafety (correctness),unchanged,False,correctness:ShardedKVProofInvImpliesSafety:0
kondo/shardedKv/manual,ShardedKVProof.ProtocolInv (well-formedness),unchanged,False,well-formedness:ShardedKVProofProtocolInv:0
kondo/shardedKv/manual,ShardedKVProof.Inv (well-formedness),unchanged,False,well-formedness:ShardedKVProofInv:0
kondo/shardedKv/manual,DistributedSystem.HostAction (well-formedness),content,True,well-formedness:DistributedSystemHostAction:0
kondo/shardedKv/manual,Host.NextSendStep (well-formedness),content,True,well-formedness:HostNextSendStep:0
kondo/shardedKv/manual,ShardedKVProof.LiveKeyImpliesNoneInFlight (well-formedness),unchanged,False,well-formedness:ShardedKVProofLiveKeyImpliesNoneInFlight:0
kondo/shardedKv/manual,ShardedKVProof.NoneHasLiveKey (well-formedness),unchanged,False,well-formedness:ShardedKVProofNoneHasLiveKey:0
kondo/shardedKv/manual,ShardedKVProof.AtMostOneInFlight (well-formedness),unchanged,False,well-formedness:ShardedKVProofAtMostOneInFlight:0
kondo/shardedKv/manual,Host.Init (well-formedness),unchanged,False,well-formedness:HostInit:0
kondo/shardedKv/manual,Host.SendReconf (well-formedness),content,True,well-formedness:HostSendReconf:0
kondo/shardedKv/manual,ShardedKVProof.KeyInFlightByMessage (well-formedness),unchanged,False,well-formedness:ShardedKVProofKeyInFlightByMessage:0
kondo/shardedKv/manual,Host.NextReceiveStep (well-formedness),unchanged,False,well-formedness:HostNextReceiveStep:0
kondo/shardedKv/manual,Host.Variables.HasLiveKey (well-formedness),unchanged,False,well-formedness:HostVariablesHasLiveKey:0
kondo/shardedKv/manual,Host.GroupWFConstants (well-formedness),unchanged,False,well-formedness:HostGroupWFConstants:0
kondo/shardedKv/manual,UtilitiesLibrary.MapRemoveOne (well-formedness),content,True,well-formedness:UtilitiesLibraryMapRemoveOne:0
kondo/shardedKv/manual,UtilitiesLibrary.SetComprehensionSize (correctness),unchanged,False,correctness:UtilitiesLibrarySetComprehensionSize:0
kondo/shardedKv/manual,UtilitiesLibrary.EachUnionMemberBelongsToASet (well-formedness),unchanged,False,well-formedness:UtilitiesLibraryEachUnionMemberBelongsToASet:0
kondo/shardedKv/manual,UtilitiesLibrary.SetsAreSubsetsOfUnion (correctness),unchanged,False,correctness:UtilitiesLibrarySetsAreSubsetsOfUnion:0
kondo/shardedKv/manual,UtilitiesLibrary.GetIndexForMember (correctness),unchanged,False,correctness:UtilitiesLibraryGetIndexForMember:0
kondo/shardedKv/manual,Network.Next (well-formedness),unchanged,False,well-formedness:NetworkNext:0
kondo/shardedKv/manual,Host.GroupWF (well-formedness),unchanged,False,well-formedness:HostGroupWF:0
kondo/shardedKv/manual,Host.UniqueKeyInFlightForHost (well-formedness),unchanged,False,well-formedness:HostUniqueKeyInFlightForHost:0
kondo/shardedKv/manual,MonotonicityLibrary.MonotonicMap.SatisfiesMonotonic (well-formedness),unchanged,False,well-formedness:MonotonicityLibraryMonotonicMapSatisfiesMonotonic:0
kondo/shardedKv/manual,UtilitiesLibrary.EachUnionMemberBelongsToASet (correctness),unchanged,False,correctness:UtilitiesLibraryEachUnionMemberBelongsToASet:0
kondo/shardedKv/manual,UtilitiesLibrary.IsSeqExtension (well-formedness),unchanged,False,well-formedness:UtilitiesLibraryIsSeqExtension:0
kondo/shardedKv/manual,UtilitiesLibrary.UnionSeqOfSets (well-formedness),unchanged,False,well-formedness:UtilitiesLibraryUnionSeqOfSets:0
kondo/shardedKv/manual,UtilitiesLibrary.SetsAreSubsetsOfUnion (well-formedness),unchanged,False,well-formedness:UtilitiesLibrarySetsAreSubsetsOfUnion:0
kondo/shardedKv/manual,DistributedSystem.Constants.UniqueIds (well-formedness),unchanged,False,well-formedness:DistributedSystemConstantsUniqueIds:0
kondo/shardedKv/manual,UtilitiesLibrary.GetIndexForMember (well-formedness),unchanged,False,well-formedness:UtilitiesLibraryGetIndexForMember:0
kondo/shardedKv/manual,UtilitiesLibrary.UnionIncreasesCardinality (correctness),unchanged,False,correctness:UtilitiesLibraryUnionIncreasesCardinality:0
kondo/shardedKv/manual,MonotonicityLibrary.MonotonicSeq.SatisfiesMonotonic (well-formedness),unchanged,False,well-formedness:MonotonicityLibraryMonotonicSeqSatisfiesMonotonic:0
kondo/shardedKv/manual,UtilitiesLibrary.SetContainmentCardinality (correctness),unchanged,False,correctness:UtilitiesLibrarySetContainmentCardinality:0
kondo/shardedKv/manual,UtilitiesLibrary.SeqOptionMonotoneIncreasing (well-formedness),unchanged,False,well-formedness:UtilitiesLibrarySeqOptionMonotoneIncreasing:0
kondo/shardedKv/manual,UtilitiesLibrary.QuorumIntersection (correctness),unchanged,False,correctness:UtilitiesLibraryQuorumIntersection:0
kondo/shardedKv/manual,UtilitiesLibrary.Last (well-formedness),unchanged,False,well-formedness:UtilitiesLibraryLast:0
kondo/shardedKv/manual,UtilitiesLibrary.SeqIsComplete (well-formedness),unchanged,False,well-formedness:UtilitiesLibrarySeqIsComplete:0
kondo/shardedKv/manual,UtilitiesLibrary.Predecessor (well-formedness),unchanged,False,well-formedness:UtilitiesLibraryPredecessor:0
kondo/shardedKv/manual,UtilitiesLibrary.StrictOrdering (well-formedness),unchanged,False,well-formedness:UtilitiesLibraryStrictOrdering:0
kondo/shardedKv/manual,UtilitiesLibrary.LargerSetIncreasesCardinalityMore (correctness),unchanged,False,correctness:UtilitiesLibraryLargerSetIncreasesCardinalityMore:0
kondo/shardedKv/manual,UtilitiesLibrary.StutterSeq (well-formedness),unchanged,False,well-formedness:UtilitiesLibraryStutterSeq:0
kondo/shardedKv/manual,MonotonicityLibrary.MonotonicNatOption.SatisfiesMonotonic (well-formedness),unchanged,False,well-formedness:MonotonicityLibraryMonotonicNatOptionSatisfiesMonotonic:0
kondo/shardedKv/manual,UtilitiesLibrary.DisjointSetUnionCardinality (correctness),unchanged,False,correctness:UtilitiesLibraryDisjointSetUnionCardinality:0
kondo/shardedKv/manual,UtilitiesLibrary.SetMonotoneIncreasing (well-formedness),unchanged,False,well-formedness:UtilitiesLibrarySetMonotoneIncreasing:0
kondo/shardedKv/manual,UtilitiesLibrary.SetIsQuorum (well-formedness),unchanged,False,well-formedness:UtilitiesLibrarySetIsQuorum:0
kondo/shardedKv/manual,UtilitiesLibrary.SeqMonotoneIncreasing (well-formedness),unchanged,False,well-formedness:UtilitiesLibrarySeqMonotoneIncreasing:0
kondo/shardedKv/manual,UtilitiesLibrary.Successor (well-formedness),unchanged,False,well-formedness:UtilitiesLibrarySuccessor:0
kondo/shardedKv/manual,UtilitiesLibrary.SetContainmentCardinalityStrict (correctness),unchanged,False,correctness:UtilitiesLibrarySetContainmentCardinalityStrict:0
kondo/shardedKv/sync,ShardedKVProof.InvNextSafety (correctness),content,True,correctness:ShardedKVProofInvNextSafety:0
kondo/shardedKv/sync,UtilitiesLibrary.max (well-formedness),unchanged,False,well-formedness:UtilitiesLibrarymax:0
kondo/shardedKv/sync,UtilitiesLibrary.DropLast (well-formedness),unchanged,False,well-formedness:UtilitiesLibraryDropLast:0
kondo/shardedKv/sync,ShardedKVProof.InvNextSafety (well-formedness),content,True,well-formedness:ShardedKVProofInvNextSafety:0
kondo/shardedKv/sync,ShardedKVProof.InvInductive (correctness),content,True,correctness:ShardedKVProofInvInductive:0
kondo/shardedKv/sync,System.NextTransferStep (well-formedness),content,True,well-formedness:SystemNextTransferStep:0
kondo/shardedKv/sync,ShardedKVProof.Inv (well-formedness),unchanged,False,well-formedness:ShardedKVProofInv:0
kondo/shardedKv/sync,ShardedKVProof.InvImpliesSafety (well-formedness),unchanged,False,well-formedness:ShardedKVProofInvImpliesSafety:0
kondo/shardedKv/sync,System.NextStep (well-formedness),content,True,well-formedness:SystemNextStep:0
kondo/shardedKv/sync,Host.GroupInit (well-formedness),unchanged,False,well-formedness:HostGroupInit:0
kondo/shardedKv/sync,System.Next (well-formedness),content,True,well-formedness:SystemNext:0
kondo/shardedKv/sync,ShardedKVProof.InitImpliesInv (correctness),unchanged,False,correctness:ShardedKVProofInitImpliesInv:0
kondo/shardedKv/sync,Host.NextStep (well-formedness),content,True,well-formedness:HostNextStep:0
kondo/shardedKv/sync,Host.NextSendStep (well-formedness),content,True,well-formedness:HostNextSendStep:0
kondo/shardedKv/sync,ShardedKVProof.InvImpliesSafety (correctness),unchanged,False,correctness:ShardedKVProofInvImpliesSafety:0
kondo/shardedKv/sync,Obligations.Safety (well-formedness),unchanged,False,well-formedness:ObligationsSafety:0
kondo/shardedKv/sync,Host.SendReconf (well-formedness),content,True,well-formedness:HostSendReconf:0
kondo/shardedKv/sync,Host.NextReceiveStep (well-formedness),unchanged,False,well-formedness:HostNextReceiveStep:0
kondo/shardedKv/sync,Host.Init (well-formedness),unchanged,False,well-formedness:HostInit:0
kondo/shardedKv/sync,UtilitiesLibrary.MapRemoveOne (well-formedness),content,True,well-formedness:UtilitiesLibraryMapRemoveOne:0
kondo/shardedKv/sync,UtilitiesLibrary.UnionIncreasesCardinality (correctness),unchanged,False,correctness:UtilitiesLibraryUnionIncreasesCardinality:0
kondo/shardedKv/sync,UtilitiesLibrary.SetComprehensionSize (correctness),unchanged,False,correctness:UtilitiesLibrarySetComprehensionSize:0
kondo/shardedKv/sync,UtilitiesLibrary.SeqOptionMonotoneIncreasing (well-formedness),unchanged,False,well-formedness:UtilitiesLibrarySeqOptionMonotoneIncreasing:0
kondo/shardedKv/sync,Host.GroupWF (well-formedness),unchanged,False,well-formedness:HostGroupWF:0
kondo/shardedKv/sync,UtilitiesLibrary.SetContainmentCardinalityStrict (correctness),unchanged,False,correctness:UtilitiesLibrarySetContainmentCardinalityStrict:0
kondo/shardedKv/sync,UtilitiesLibrary.EachUnionMemberBelongsToASet (correctness),unchanged,False,correctness:UtilitiesLibraryEachUnionMemberBelongsToASet:0
kondo/shardedKv/sync,Host.Variables.HasLiveKey (well-formedness),unchanged,False,well-formedness:HostVariablesHasLiveKey:0
kondo/shardedKv/sync,UtilitiesLibrary.SetsAreSubsetsOfUnion (correctness),unchanged,False,correctness:UtilitiesLibrarySetsAreSubsetsOfUnion:0
kondo/shardedKv/sync,Host.UniqueKeyInFlightForHost (well-formedness),unchanged,False,well-formedness:HostUniqueKeyInFlightForHost:0
kondo/shardedKv/sync,UtilitiesLibrary.GetIndexForMember (correctness),unchanged,False,correctness:UtilitiesLibraryGetIndexForMember:0
kondo/shardedKv/sync,UtilitiesLibrary.SeqMonotoneIncreasing (well-formedness),unchanged,False,well-formedness:UtilitiesLibrarySeqMonotoneIncreasing:0
kondo/shardedKv/sync,Host.GroupWFConstants (well-formedness),unchanged,False,well-formedness:HostGroupWFConstants:0
kondo/shardedKv/sync,UtilitiesLibrary.EachUnionMemberBelongsToASet (well-formedness),unchanged,False,well-formedness:UtilitiesLibraryEachUnionMemberBelongsToASet:0
kondo/shardedKv/sync,UtilitiesLibrary.GetIndexForMember (well-formedness),unchanged,False,well-formedness:UtilitiesLibraryGetIndexForMember:0
kondo/shardedKv/sync,UtilitiesLibrary.SetContainmentCardinality (correctness),unchanged,False,correctness:UtilitiesLibrarySetContainmentCardinality:0
kondo/shardedKv/sync,UtilitiesLibrary.SetsAreSubsetsOfUnion (well-formedness),unchanged,False,well-formedness:UtilitiesLibrarySetsAreSubsetsOfUnion:0
kondo/shardedKv/sync,UtilitiesLibrary.UnionSeqOfSets (well-formedness),unchanged,False,well-formedness:UtilitiesLibraryUnionSeqOfSets:0
kondo/shardedKv/sync,System.Constants.UniqueIds (well-formedness),unchanged,False,well-formedness:SystemConstantsUniqueIds:0
kondo/shardedKv/sync,UtilitiesLibrary.Last (well-formedness),unchanged,False,well-formedness:UtilitiesLibraryLast:0
kondo/shardedKv/sync,UtilitiesLibrary.QuorumIntersection (correctness),unchanged,False,correctness:UtilitiesLibraryQuorumIntersection:0
kondo/shardedKv/sync,UtilitiesLibrary.Predecessor (well-formedness),unchanged,False,well-formedness:UtilitiesLibraryPredecessor:0
kondo/shardedKv/sync,UtilitiesLibrary.StutterSeq (well-formedness),unchanged,False,well-formedness:UtilitiesLibraryStutterSeq:0
kondo/shardedKv/sync,UtilitiesLibrary.SeqIsComplete (well-formedness),unchanged,False,well-formedness:UtilitiesLibrarySeqIsComplete:0
kondo/shardedKv/sync,UtilitiesLibrary.LargerSetIncreasesCardinalityMore (correctness),unchanged,False,correctness:UtilitiesLibraryLargerSetIncreasesCardinalityMore:0
kondo/shardedKv/sync,UtilitiesLibrary.DisjointSetUnionCardinality (correctness),unchanged,False,correctness:UtilitiesLibraryDisjointSetUnionCardinality:0
kondo/shardedKv/sync,UtilitiesLibrary.SetMonotoneIncreasing (well-formedness),unchanged,False,well-formedness:UtilitiesLibrarySetMonotoneIncreasing:0
kondo/shardedKv/sync,UtilitiesLibrary.StrictOrdering (well-formedness),unchanged,False,well-formedness:UtilitiesLibraryStrictOrdering:0
kondo/shardedKv/sync,UtilitiesLibrary.SetIsQuorum (well-formedness),unchanged,False,well-formedness:UtilitiesLibrarySetIsQuorum:0
kondo/shardedKv/sync,UtilitiesLibrary.IsSeqExtension (well-formedness),unchanged,False,well-formedness:UtilitiesLibraryIsSeqExtension:0
kondo/shardedKv/sync,UtilitiesLibrary.Successor (well-formedness),unchanged,False,well-formedness:UtilitiesLibrarySuccessor:0
kondo/shardedKvBatched/manual,ShardedKVProof.InvNextLiveKeyImpliesNoneInFlight (correctness),content,True,correctness:ShardedKVProofInvNextLiveKeyImpliesNoneInFlight:0
kondo/shardedKvBatched/manual,ShardedKVProof.InvNextAtMostOneInFlight (correctness),content,True,correctness:ShardedKVProofInvNextAtMostOneInFlight:0
kondo/shardedKvBatched/manual,ShardedKVProof.InvNextSafety (correctness),content,True,correctness:ShardedKVProofInvNextSafety:0
kondo/shardedKvBatched/manual,ShardedKVProof.InvNextAtMostOneInFlightHelper (correctness),content,True,correctness:ShardedKVProofInvNextAtMostOneInFlightHelper:0
kondo/shardedKvBatched/manual,ShardedKVProof.AtMostOneHostHasLiveKey (correctness),content,True,correctness:ShardedKVProofAtMostOneHostHasLiveKey:0
kondo/shardedKvBatched/manual,ShardedKVProof.InvInductive (correctness),content,True,correctness:ShardedKVProofInvInductive:0
kondo/shardedKvBatched/manual,ShardedKVProof.InvNextLiveKeyImpliesNoneInFlight (well-formedness),content,True,well-formedness:ShardedKVProofInvNextLiveKeyImpliesNoneInFlight:0
kondo/shardedKvBatched/manual,ShardedKVProof.InvNextAtMostOneInFlight (well-formedness),content,True,well-formedness:ShardedKVProofInvNextAtMostOneInFlight:0
kondo/shardedKvBatched/manual,ShardedKVProof.InvNextAtMostOneInFlightHelper (well-formedness),content,True,well-formedness:ShardedKVProofInvNextAtMostOneInFlightHelper:0
kondo/shardedKvBatched/manual,ShardedKVProof.AtMostOneHostHasLiveKey (well-formedness),content,True,well-formedness:ShardedKVProofAtMostOneHostHasLiveKey:0
kondo/shardedKvBatched/manual,ShardedKVProof.InvNextSafety (well-formedness),content,True,well-formedness:ShardedKVProofInvNextSafety:0
kondo/shardedKvBatched/manual,UtilitiesLibrary.DropLast (well-formedness),unchanged,False,well-formedness:UtilitiesLibraryDropLast:0
kondo/shardedKvBatched/manual,UtilitiesLibrary.max (well-formedness),unchanged,False,well-formedness:UtilitiesLibrarymax:0
kondo/shardedKvBatched/manual,ShardedKVProof.Inv (well-formedness),unchanged,False,well-formedness:ShardedKVProofInv:0
kondo/shardedKvBatched/manual,ShardedKVProof.InvImpliesSafety (well-formedness),unchanged,False,well-formedness:ShardedKVProofInvImpliesSafety:0
kondo/shardedKvBatched/manual,ShardedKVProof.InitImpliesInv (correctness),unchanged,False,correctness:ShardedKVProofInitImpliesInv:0
kondo/shardedKvBatched/manual,ShardedKVProof.KeyInFlight (well-formedness),unchanged,False,well-formedness:ShardedKVProofKeyInFlight:0
kondo/shardedKvBatched/manual,ShardedKVProof.ProtocolInv (well-formedness),unchanged,False,well-formedness:ShardedKVProofProtocolInv:0
kondo/shardedKvBatched/manual,Host.GroupInit (well-formedness),unchanged,False,well-formedness:HostGroupInit:0
kondo/shardedKvBatched/manual,Host.NextStep (well-formedness),content,True,well-formedness:HostNextStep:0
kondo/shardedKvBatched/manual,DistributedSystem.HostAction (well-formedness),content,True,well-formedness:DistributedSystemHostAction:0
kondo/shardedKvBatched/manual,ShardedKVProof.LiveKeyImpliesNoneInFlight (well-formedness),unchanged,False,well-formedness:ShardedKVProofLiveKeyImpliesNoneInFlight:0
kondo/shardedKvBatched/manual,ShardedKVProof.InvImpliesSafety (correctness),unchanged,False,correctness:ShardedKVProofInvImpliesSafety:0
kondo/shardedKvBatched/manual,ShardedKVProof.AtMostOneInFlight (well-formedness),unchanged,False,well-formedness:ShardedKVProofAtMostOneInFlight:0
kondo/shardedKvBatched/manual,ShardedKVProof.KeyInFlightByMessage (well-formedness),unchanged,False,well-formedness:ShardedKVProofKeyInFlightByMessage:0
kondo/shardedKvBatched/manual,ShardedKVProof.NoneHasLiveKey (well-formedness),unchanged,False,well-formedness:ShardedKVProofNoneHasLiveKey:0
kondo/shardedKvBatched/manual,Host.NextSendStep (well-formedness),content,True,well-formedness:HostNextSendStep:0
kondo/shardedKvBatched/manual,Host.Init (well-formedness),unchanged,False,well-formedness:HostInit:0
kondo/shardedKvBatched/manual,Host.NextReceiveStep (well-formedness),content,True,well-formedness:HostNextReceiveStep:0
kondo/shardedKvBatched/manual,Host.SendReconf (well-formedness),content,True,well-formedness:HostSendReconf:0
kondo/shardedKvBatched/manual,DistributedSystem.Constants.UniqueIds (well-formedness),unchanged,False,well-formedness:DistributedSystemConstantsUniqueIds:0
kondo/shardedKvBatched/manual,UtilitiesLibrary.MapRemoveOne (well-formedness),content,True,well-formedness:UtilitiesLibraryMapRemoveOne:0
kondo/shardedKvBatched/manual,UtilitiesLibrary.SetsAreSubsetsOfUnion (correctness),unchanged,False,correctness:UtilitiesLibrarySetsAreSubsetsOfUnion:0
kondo/shardedKvBatched/manual,Host.GroupWFConstants (well-formedness),unchanged,False,well-formedness:HostGroupWFConstants:0
kondo/shardedKvBatched/manual,Host.Variables.HasLiveKeySet (well-formedness),unchanged,False,well-formedness:HostVariablesHasLiveKeySet:0
kondo/shardedKvBatched/manual,Host.GroupWF (well-formedness),unchanged,False,well-formedness:HostGroupWF:0
kondo/shardedKvBatched/manual,Host.Variables.HasLiveKey (well-formedness),unchanged,False,well-formedness:HostVariablesHasLiveKey:0
kondo/shardedKvBatched/manual,UtilitiesLibrary.SetComprehensionSize (correctness),unchanged,False,correctness:UtilitiesLibrarySetComprehensionSize:0
kondo/shardedKvBatched/manual,UtilitiesLibrary.SeqIsComplete (well-formedness),unchanged,False,well-formedness:UtilitiesLibrarySeqIsComplete:0
kondo/shardedKvBatched/manual,Host.UniqueKeyInFlightForHost (well-formedness),unchanged,False,well-formedness:HostUniqueKeyInFlightForHost:0
kondo/shardedKvBatched/manual,Network.Next (well-formedness),unchanged,False,well-formedness:NetworkNext:0
kondo/shardedKvBatched/manual,UtilitiesLibrary.EachUnionMemberBelongsToASet (correctness),unchanged,False,correctness:UtilitiesLibraryEachUnionMemberBelongsToASet:0
kondo/shardedKvBatched/manual,UtilitiesLibrary.GetIndexForMember (correctness),unchanged,False,correctness:UtilitiesLibraryGetIndexForMember:0
kondo/shardedKvBatched/manual,MonotonicityLibrary.MonotonicMap.SatisfiesMonotonic (well-formedness),unchanged,False,well-formedness:MonotonicityLibraryMonotonicMapSatisfiesMonotonic:0
kondo/shardedKvBatched/manual,UtilitiesLibrary.IsSeqExtension (well-formedness),unchanged,False,well-formedness:UtilitiesLibraryIsSeqExtension:0
kondo/shardedKvBatched/manual,UtilitiesLibrary.GetIndexForMember (well-formedness),unchanged,False,well-formedness:UtilitiesLibraryGetIndexForMember:0
kondo/shardedKvBatched/manual,UtilitiesLibrary.SetsAreSubsetsOfUnion (well-formedness),unchanged,False,well-formedness:UtilitiesLibrarySetsAreSubsetsOfUnion:0
kondo/shardedKvBatched/manual,UtilitiesLibrary.UnionSeqOfSets (well-formedness),unchanged,False,well-formedness:UtilitiesLibraryUnionSeqOfSets:0
kondo/shardedKvBatched/manual,UtilitiesLibrary.EachUnionMemberBelongsToASet (well-formedness),unchanged,False,well-formedness:UtilitiesLibraryEachUnionMemberBelongsToASet:0
kondo/shardedKvBatched/manual,UtilitiesLibrary.UnionIncreasesCardinality (correctness),unchanged,False,correctness:UtilitiesLibraryUnionIncreasesCardinality:0
kondo/shardedKvBatched/manual,UtilitiesLibrary.SetContainmentCardinality (correctness),unchanged,False,correctness:UtilitiesLibrarySetContainmentCardinality:0
kondo/shardedKvBatched/manual,UtilitiesLibrary.SeqOptionMonotoneIncreasing (well-formedness),unchanged,False,well-formedness:UtilitiesLibrarySeqOptionMonotoneIncreasing:0
kondo/shardedKvBatched/manual,MonotonicityLibrary.MonotonicSeq.SatisfiesMonotonic (well-formedness),unchanged,False,well-formedness:MonotonicityLibraryMonotonicSeqSatisfiesMonotonic:0
kondo/shardedKvBatched/manual,UtilitiesLibrary.Last (well-formedness),unchanged,False,well-formedness:UtilitiesLibraryLast:0
kondo/shardedKvBatched/manual,UtilitiesLibrary.QuorumIntersection (correctness),unchanged,False,correctness:UtilitiesLibraryQuorumIntersection:0
kondo/shardedKvBatched/manual,UtilitiesLibrary.Predecessor (well-formedness),unchanged,False,well-formedness:UtilitiesLibraryPredecessor:0
kondo/shardedKvBatched/manual,UtilitiesLibrary.StrictOrdering (well-formedness),unchanged,False,well-formedness:UtilitiesLibraryStrictOrdering:0
kondo/shardedKvBatched/manual,UtilitiesLibrary.StutterSeq (well-formedness),unchanged,False,well-formedness:UtilitiesLibraryStutterSeq:0
kondo/shardedKvBatched/manual,UtilitiesLibrary.LargerSetIncreasesCardinalityMore (correctness),unchanged,False,correctness:UtilitiesLibraryLargerSetIncreasesCardinalityMore:0
kondo/shardedKvBatched/manual,UtilitiesLibrary.DisjointSetUnionCardinality (correctness),unchanged,False,correctness:UtilitiesLibraryDisjointSetUnionCardinality:0
kondo/shardedKvBatched/manual,MonotonicityLibrary.MonotonicNatOption.SatisfiesMonotonic (well-formedness),unchanged,False,well-formedness:MonotonicityLibraryMonotonicNatOptionSatisfiesMonotonic:0
kondo/shardedKvBatched/manual,UtilitiesLibrary.SetMonotoneIncreasing (well-formedness),unchanged,False,well-formedness:UtilitiesLibrarySetMonotoneIncreasing:0
kondo/shardedKvBatched/manual,UtilitiesLibrary.SeqMonotoneIncreasing (well-formedness),unchanged,False,well-formedness:UtilitiesLibrarySeqMonotoneIncreasing:0
kondo/shardedKvBatched/manual,UtilitiesLibrary.Successor (well-formedness),unchanged,False,well-formedness:UtilitiesLibrarySuccessor:0
kondo/shardedKvBatched/manual,UtilitiesLibrary.SetIsQuorum (well-formedness),unchanged,False,well-formedness:UtilitiesLibrarySetIsQuorum:0
kondo/shardedKvBatched/manual,UtilitiesLibrary.SetContainmentCardinalityStrict (correctness),unchanged,False,correctness:UtilitiesLibrarySetContainmentCardinalityStrict:0
kondo/shardedKvBatched/sync,ShardedKVBatchedProof.InvInductive (correctness),content,True,correctness:ShardedKVBatchedProofInvInductive:0
kondo/shardedKvBatched/sync,UtilitiesLibrary.max (well-formedness),unchanged,False,well-formedness:UtilitiesLibrarymax:0
kondo/shardedKvBatched/sync,UtilitiesLibrary.DropLast (well-formedness),unchanged,False,well-formedness:UtilitiesLibraryDropLast:0
kondo/shardedKvBatched/sync,System.NextTransferStep (well-formedness),content,True,well-formedness:SystemNextTransferStep:0
kondo/shardedKvBatched/sync,System.NextStep (well-formedness),content,True,well-formedness:SystemNextStep:0
kondo/shardedKvBatched/sync,ShardedKVBatchedProof.InitImpliesInv (correctness),unchanged,False,correctness:ShardedKVBatchedProofInitImpliesInv:0
kondo/shardedKvBatched/sync,ShardedKVBatchedProof.InvImpliesSafety (correctness),unchanged,False,correctness:ShardedKVBatchedProofInvImpliesSafety:0
kondo/shardedKvBatched/sync,Host.GroupInit (well-formedness),unchanged,False,well-formedness:HostGroupInit:0
kondo/shardedKvBatched/sync,System.Next (well-formedness),content,True,well-formedness:SystemNext:0
kondo/shardedKvBatched/sync,ShardedKVBatchedProof.Inv (well-formedness),unchanged,False,well-formedness:ShardedKVBatchedProofInv:0
kondo/shardedKvBatched/sync,Host.NextStep (well-formedness),content,True,well-formedness:HostNextStep:0
kondo/shardedKvBatched/sync,Host.NextSendStep (well-formedness),content,True,well-formedness:HostNextSendStep:0
kondo/shardedKvBatched/sync,ShardedKVBatchedProof.InvImpliesSafety (well-formedness),unchanged,False,well-formedness:ShardedKVBatchedProofInvImpliesSafety:0
kondo/shardedKvBatched/sync,Host.NextReceiveStep (well-formedness),content,True,well-formedness:HostNextReceiveStep:0
kondo/shardedKvBatched/sync,Host.SendReconf (well-formedness),content,True,well-formedness:HostSendReconf:0
kondo/shardedKvBatched/sync,Host.Init (well-formedness),unchanged,False,well-formedness:HostInit:0
kondo/shardedKvBatched/sync,Obligations.Safety (well-formedness),unchanged,False,well-formedness:ObligationsSafety:0
kondo/shardedKvBatched/sync,Host.Variables.HasLiveKeySet (well-formedness),unchanged,False,well-formedness:HostVariablesHasLiveKeySet:0
kondo/shardedKvBatched/sync,System.Constants.UniqueIds (well-formedness),unchanged,False,well-formedness:SystemConstantsUniqueIds:0
kondo/shardedKvBatched/sync,UtilitiesLibrary.MapRemoveOne (well-formedness),content,True,well-formedness:UtilitiesLibraryMapRemoveOne:0
kondo/shardedKvBatched/sync,UtilitiesLibrary.GetIndexForMember (correctness),unchanged,False,correctness:UtilitiesLibraryGetIndexForMember:0
kondo/shardedKvBatched/sync,UtilitiesLibrary.SetComprehensionSize (correctness),unchanged,False,correctness:UtilitiesLibrarySetComprehensionSize:0
kondo/shardedKvBatched/sync,UtilitiesLibrary.EachUnionMemberBelongsToASet (correctness),unchanged,False,correctness:UtilitiesLibraryEachUnionMemberBelongsToASet:0
kondo/shardedKvBatched/sync,Host.Variables.HasLiveKey (well-formedness),unchanged,False,well-formedness:HostVariablesHasLiveKey:0
kondo/shardedKvBatched/sync,UtilitiesLibrary.LargerSetIncreasesCardinalityMore (correctness),unchanged,False,correctness:UtilitiesLibraryLargerSetIncreasesCardinalityMore:0
kondo/shardedKvBatched/sync,Host.UniqueKeyInFlightForHost (well-formedness),unchanged,False,well-formedness:HostUniqueKeyInFlightForHost:0
kondo/shardedKvBatched/sync,Host.GroupWF (well-formedness),unchanged,False,well-formedness:HostGroupWF:0
kondo/shardedKvBatched/sync,UtilitiesLibrary.SetsAreSubsetsOfUnion (correctness),unchanged,False,correctness:UtilitiesLibrarySetsAreSubsetsOfUnion:0
kondo/shardedKvBatched/sync,Host.GroupWFConstants (well-formedness),unchanged,False,well-formedness:HostGroupWFConstants:0
kondo/shardedKvBatched/sync,UtilitiesLibrary.UnionIncreasesCardinality (correctness),unchanged,False,correctness:UtilitiesLibraryUnionIncreasesCardinality:0
kondo/shardedKvBatched/sync,UtilitiesLibrary.SetIsQuorum (well-formedness),unchanged,False,well-formedness:UtilitiesLibrarySetIsQuorum:0
kondo/shardedKvBatched/sync,UtilitiesLibrary.UnionSeqOfSets (well-formedness),unchanged,False,well-formedness:UtilitiesLibraryUnionSeqOfSets:0
kondo/shardedKvBatched/sync,UtilitiesLibrary.EachUnionMemberBelongsToASet (well-formedness),unchanged,False,well-formedness:UtilitiesLibraryEachUnionMemberBelongsToASet:0
kondo/shardedKvBatched/sync,UtilitiesLibrary.GetIndexForMember (well-formedness),unchanged,False,well-formedness:UtilitiesLibraryGetIndexForMember:0
kondo/shardedKvBatched/sync,UtilitiesLibrary.SetsAreSubsetsOfUnion (well-formedness),unchanged,False,well-formedness:UtilitiesLibrarySetsAreSubsetsOfUnion:0
kondo/shardedKvBatched/sync,UtilitiesLibrary.SetContainmentCardinality (correctness),unchanged,False,correctness:UtilitiesLibrarySetContainmentCardinality:0
kondo/shardedKvBatched/sync,UtilitiesLibrary.SeqOptionMonotoneIncreasing (well-formedness),unchanged,False,well-formedness:UtilitiesLibrarySeqOptionMonotoneIncreasing:0
kondo/shardedKvBatched/sync,UtilitiesLibrary.Last (well-formedness),unchanged,False,well-formedness:UtilitiesLibraryLast:0
kondo/shardedKvBatched/sync,UtilitiesLibrary.QuorumIntersection (correctness),unchanged,False,correctness:UtilitiesLibraryQuorumIntersection:0
kondo/shardedKvBatched/sync,UtilitiesLibrary.Predecessor (well-formedness),unchanged,False,well-formedness:UtilitiesLibraryPredecessor:0
kondo/shardedKvBatched/sync,UtilitiesLibrary.SeqIsComplete (well-formedness),unchanged,False,well-formedness:UtilitiesLibrarySeqIsComplete:0
kondo/shardedKvBatched/sync,UtilitiesLibrary.StutterSeq (well-formedness),unchanged,False,well-formedness:UtilitiesLibraryStutterSeq:0
kondo/shardedKvBatched/sync,UtilitiesLibrary.DisjointSetUnionCardinality (correctness),unchanged,False,correctness:UtilitiesLibraryDisjointSetUnionCardinality:0
kondo/shardedKvBatched/sync,UtilitiesLibrary.SetMonotoneIncreasing (well-formedness),unchanged,False,well-formedness:UtilitiesLibrarySetMonotoneIncreasing:0
kondo/shardedKvBatched/sync,UtilitiesLibrary.SeqMonotoneIncreasing (well-formedness),unchanged,False,well-formedness:UtilitiesLibrarySeqMonotoneIncreasing:0
kondo/shardedKvBatched/sync,UtilitiesLibrary.StrictOrdering (well-formedness),unchanged,False,well-formedness:UtilitiesLibraryStrictOrdering:0
kondo/shardedKvBatched/sync,UtilitiesLibrary.SetContainmentCardinalityStrict (correctness),unchanged,False,correctness:UtilitiesLibrarySetContainmentCardinalityStrict:0
kondo/shardedKvBatched/sync,UtilitiesLibrary.IsSeqExtension (well-formedness),unchanged,False,well-formedness:UtilitiesLibraryIsSeqExtension:0
kondo/shardedKvBatched/sync,UtilitiesLibrary.Successor (well-formedness),unchanged,False,well-formedness:UtilitiesLibrarySuccessor:0
kondo/simplifiedLeaderElection/manual,ToyLeaderElectionProof.SafetyProof (correctness),unchanged,False,correctness:ToyLeaderElectionProofSafetyProof:0
kondo/simplifiedLeaderElection/manual,ToyLeaderElectionProof.InvInductive (correctness),unchanged,False,correctness:ToyLeaderElectionProofInvInductive:0
kondo/simplifiedLeaderElection/manual,MessageInvariants.MessageInvInductive (correctness),unchanged,False,correctness:MessageInvariantsMessageInvInductive:0
kondo/simplifiedLeaderElection/manual,UtilitiesLibrary.DropLast (well-formedness),unchanged,False,well-formedness:UtilitiesLibraryDropLast:0
kondo/simplifiedLeaderElection/manual,UtilitiesLibrary.max (well-formedness),unchanged,False,well-formedness:UtilitiesLibrarymax:0
kondo/simplifiedLeaderElection/manual,ToyLeaderElectionProof.InitImpliesInv (correctness),unchanged,False,correctness:ToyLeaderElectionProofInitImpliesInv:0
kondo/simplifiedLeaderElection/manual,DistributedSystem.HostAction (well-formedness),unchanged,False,well-formedness:DistributedSystemHostAction:0
kondo/simplifiedLeaderElection/manual,MessageInvariants.MessageInv (well-formedness),unchanged,False,well-formedness:MessageInvariantsMessageInv:0
kondo/simplifiedLeaderElection/manual,ToyLeaderElectionProof.Inv (well-formedness),unchanged,False,well-formedness:ToyLeaderElectionProofInv:0
kondo/simplifiedLeaderElection/manual,MessageInvariants.InitImpliesMessageInv (correctness),unchanged,False,correctness:MessageInvariantsInitImpliesMessageInv:0
kondo/simplifiedLeaderElection/manual,ToyLeaderElectionProof.ReceivedVotesValid (well-formedness),unchanged,False,well-formedness:ToyLeaderElectionProofReceivedVotesValid:0
kondo/simplifiedLeaderElection/manual,ToyLeaderElectionProof.InvImpliesSafety (correctness),unchanged,False,correctness:ToyLeaderElectionProofInvImpliesSafety:0
kondo/simplifiedLeaderElection/manual,ToyLeaderElectionProof.InvImpliesSafety (well-formedness),unchanged,False,well-formedness:ToyLeaderElectionProofInvImpliesSafety:0
kondo/simplifiedLeaderElection/manual,ToyLeaderElectionProof.SafetyProof (well-formedness),unchanged,False,well-formedness:ToyLeaderElectionProofSafetyProof:0
kondo/simplifiedLeaderElection/manual,Host.NextHostSendVoteReqStep (well-formedness),unchanged,False,well-formedness:HostNextHostSendVoteReqStep:0
kondo/simplifiedLeaderElection/manual,Host.NextHostSendVoteStep (well-formedness),unchanged,False,well-formedness:HostNextHostSendVoteStep:0
kondo/simplifiedLeaderElection/manual,MessageInvariants.ReceivedVotesValidity (well-formedness),unchanged,False,well-formedness:MessageInvariantsReceivedVotesValidity:0
kondo/simplifiedLeaderElection/manual,Host.NextHostRecvVoteReqStep (well-formedness),unchanged,False,well-formedness:HostNextHostRecvVoteReqStep:0
kondo/simplifiedLeaderElection/manual,MessageInvariants.VoteMsgImpliesNominee (well-formedness),unchanged,False,well-formedness:MessageInvariantsVoteMsgImpliesNominee:0
kondo/simplifiedLeaderElection/manual,ToyLeaderElectionProof.ProtocolInv (well-formedness),unchanged,False,well-formedness:ToyLeaderElectionProofProtocolInv:0
kondo/simplifiedLeaderElection/manual,Host.GroupInit (well-formedness),unchanged,False,well-formedness:HostGroupInit:0
kondo/simplifiedLeaderElection/manual,ToyLeaderElectionProof.IsLeaderImpliesHasQuorum (well-formedness),unchanged,False,well-formedness:ToyLeaderElectionProofIsLeaderImpliesHasQuorum:0
kondo/simplifiedLeaderElection/manual,ToyLeaderElectionProof.HasVoteImpliesVoterNominates (well-formedness),unchanged,False,well-formedness:ToyLeaderElectionProofHasVoteImpliesVoterNominates:0
kondo/simplifiedLeaderElection/manual,MonotonicityLibrary.MonotonicMap.SatisfiesMonotonic (well-formedness),unchanged,False,well-formedness:MonotonicityLibraryMonotonicMapSatisfiesMonotonic:0
kondo/simplifiedLeaderElection/manual,UtilitiesLibrary.EachUnionMemberBelongsToASet (correctness),unchanged,False,correctness:UtilitiesLibraryEachUnionMemberBelongsToASet:0
kondo/simplifiedLeaderElection/manual,UtilitiesLibrary.GetIndexForMember (well-formedness),unchanged,False,well-formedness:UtilitiesLibraryGetIndexForMember:0
kondo/simplifiedLeaderElection/manual,MonotonicityLibrary.MonotonicSeq.SatisfiesMonotonic (well-formedness),unchanged,False,well-formedness:MonotonicityLibraryMonotonicSeqSatisfiesMonotonic:0
kondo/simplifiedLeaderElection/manual,UtilitiesLibrary.MapRemoveOne (well-formedness),content,True,well-formedness:UtilitiesLibraryMapRemoveOne:0
kondo/simplifiedLeaderElection/manual,Host.NextHostRecvVoteStep (well-formedness),unchanged,False,well-formedness:HostNextHostRecvVoteStep:0
kondo/simplifiedLeaderElection/manual,MessageInvariants.ValidMessages (well-formedness),unchanged,False,well-formedness:MessageInvariantsValidMessages:0
kondo/simplifiedLeaderElection/manual,MessageInvariants.ValidMessages2 (well-formedness),unchanged,False,well-formedness:MessageInvariantsValidMessages2:0
kondo/simplifiedLeaderElection/manual,UtilitiesLibrary.SetComprehensionSize (correctness),unchanged,False,correctness:UtilitiesLibrarySetComprehensionSize:0
kondo/simplifiedLeaderElection/manual,Network.Next (well-formedness),unchanged,False,well-formedness:NetworkNext:0
kondo/simplifiedLeaderElection/manual,Host.SendVote (well-formedness),unchanged,False,well-formedness:HostSendVote:0
kondo/simplifiedLeaderElection/manual,DistributedSystem.Variables.IsLeader (well-formedness),unchanged,False,well-formedness:DistributedSystemVariablesIsLeader:0
kondo/simplifiedLeaderElection/manual,Host.SendVoteReq (well-formedness),unchanged,False,well-formedness:HostSendVoteReq:0
kondo/simplifiedLeaderElection/manual,UtilitiesLibrary.SeqOptionMonotoneIncreasing (well-formedness),unchanged,False,well-formedness:UtilitiesLibrarySeqOptionMonotoneIncreasing:0
kondo/simplifiedLeaderElection/manual,UtilitiesLibrary.SetsAreSubsetsOfUnion (correctness),unchanged,False,correctness:UtilitiesLibrarySetsAreSubsetsOfUnion:0
kondo/simplifiedLeaderElection/manual,UtilitiesLibrary.GetIndexForMember (correctness),unchanged,False,correctness:UtilitiesLibraryGetIndexForMember:0
kondo/simplifiedLeaderElection/manual,Host.VoteRecvFunc (well-formedness),unchanged,False,well-formedness:HostVoteRecvFunc:0
kondo/simplifiedLeaderElection/manual,UtilitiesLibrary.SeqMonotoneIncreasing (well-formedness),unchanged,False,well-formedness:UtilitiesLibrarySeqMonotoneIncreasing:0
kondo/simplifiedLeaderElection/manual,UtilitiesLibrary.SetContainmentCardinality (correctness),unchanged,False,correctness:UtilitiesLibrarySetContainmentCardinality:0
kondo/simplifiedLeaderElection/manual,UtilitiesLibrary.UnionSeqOfSets (well-formedness),unchanged,False,well-formedness:UtilitiesLibraryUnionSeqOfSets:0
kondo/simplifiedLeaderElection/manual,UtilitiesLibrary.EachUnionMemberBelongsToASet (well-formedness),unchanged,False,well-formedness:UtilitiesLibraryEachUnionMemberBelongsToASet:0
kondo/simplifiedLeaderElection/manual,UtilitiesLibrary.UnionIncreasesCardinality (correctness),unchanged,False,correctness:UtilitiesLibraryUnionIncreasesCardinality:0
kondo/simplifiedLeaderElection/manual,UtilitiesLibrary.SetsAreSubsetsOfUnion (well-formedness),unchanged,False,well-formedness:UtilitiesLibrarySetsAreSubsetsOfUnion:0
kondo/simplifiedLeaderElection/manual,DistributedSystem.Constants.UniqueIds (well-formedness),unchanged,False,well-formedness:DistributedSystemConstantsUniqueIds:0
kondo/simplifiedLeaderElection/manual,UtilitiesLibrary.Predecessor (well-formedness),unchanged,False,well-formedness:UtilitiesLibraryPredecessor:0
kondo/simplifiedLeaderElection/manual,UtilitiesLibrary.QuorumIntersection (correctness),unchanged,False,correctness:UtilitiesLibraryQuorumIntersection:0
kondo/simplifiedLeaderElection/manual,UtilitiesLibrary.Last (well-formedness),unchanged,False,well-formedness:UtilitiesLibraryLast:0
kondo/simplifiedLeaderElection/manual,Host.GroupWFConstants (well-formedness),unchanged,False,well-formedness:HostGroupWFConstants:0
kondo/simplifiedLeaderElection/manual,UtilitiesLibrary.SeqIsComplete (well-formedness),unchanged,False,well-formedness:UtilitiesLibrarySeqIsComplete:0
kondo/simplifiedLeaderElection/manual,UtilitiesLibrary.StutterSeq (well-formedness),unchanged,False,well-formedness:UtilitiesLibraryStutterSeq:0
kondo/simplifiedLeaderElection/manual,MonotonicityLibrary.MonotonicNatOption.SatisfiesMonotonic (well-formedness),unchanged,False,well-formedness:MonotonicityLibraryMonotonicNatOptionSatisfiesMonotonic:0
kondo/simplifiedLeaderElection/manual,UtilitiesLibrary.LargerSetIncreasesCardinalityMore (correctness),unchanged,False,correctness:UtilitiesLibraryLargerSetIncreasesCardinalityMore:0
kondo/simplifiedLeaderElection/manual,UtilitiesLibrary.DisjointSetUnionCardinality (correctness),unchanged,False,correctness:UtilitiesLibraryDisjointSetUnionCardinality:0
kondo/simplifiedLeaderElection/manual,UtilitiesLibrary.SetMonotoneIncreasing (well-formedness),unchanged,False,well-formedness:UtilitiesLibrarySetMonotoneIncreasing:0
kondo/simplifiedLeaderElection/manual,UtilitiesLibrary.StrictOrdering (well-formedness),unchanged,False,well-formedness:UtilitiesLibraryStrictOrdering:0
kondo/simplifiedLeaderElection/manual,UtilitiesLibrary.SetIsQuorum (well-formedness),unchanged,False,well-formedness:UtilitiesLibrarySetIsQuorum:0
kondo/simplifiedLeaderElection/manual,UtilitiesLibrary.IsSeqExtension (well-formedness),unchanged,False,well-formedness:UtilitiesLibraryIsSeqExtension:0
kondo/simplifiedLeaderElection/manual,UtilitiesLibrary.Successor (well-formedness),unchanged,False,well-formedness:UtilitiesLibrarySuccessor:0
kondo/simplifiedLeaderElection/manual,UtilitiesLibrary.SetContainmentCardinalityStrict (correctness),unchanged,False,correctness:UtilitiesLibrarySetContainmentCardinalityStrict:0
kondo/simplifiedLeaderElection/sync,ToyLeaderElectionProof.InvNextHasVoteImpliesVoterNominates (correctness),unchanged,False,correctness:ToyLeaderElectionProofInvNextHasVoteImpliesVoterNominates:0
kondo/simplifiedLeaderElection/sync,ToyLeaderElectionProof.InvNextReceivedVotesValid (correctness),unchanged,False,correctness:ToyLeaderElectionProofInvNextReceivedVotesValid:0
kondo/simplifiedLeaderElection/sync,ToyLeaderElectionProof.InvNextIsLeaderImpliesHasQuorum (correctness),unchanged,False,correctness:ToyLeaderElectionProofInvNextIsLeaderImpliesHasQuorum:0
kondo/simplifiedLeaderElection/sync,ToyLeaderElectionProof.InvInductive (correctness),unchanged,False,correctness:ToyLeaderElectionProofInvInductive:0
kondo/simplifiedLeaderElection/sync,ToyLeaderElectionProof.InvNextIsLeaderImpliesHasQuorum (well-formedness),unchanged,False,well-formedness:ToyLeaderElectionProofInvNextIsLeaderImpliesHasQuorum:0
kondo/simplifiedLeaderElection/sync,UtilitiesLibrary.max (well-formedness),unchanged,False,well-formedness:UtilitiesLibrarymax:0
kondo/simplifiedLeaderElection/sync,UtilitiesLibrary.DropLast (well-formedness),unchanged,False,well-formedness:UtilitiesLibraryDropLast:0
kondo/simplifiedLeaderElection/sync,ToyLeaderElectionProof.InvNextReceivedVotesValid (well-formedness),unchanged,False,well-formedness:ToyLeaderElectionProofInvNextReceivedVotesValid:0
kondo/simplifiedLeaderElection/sync,ToyLeaderElectionProof.InvNextHasVoteImpliesVoterNominates (well-formedness),unchanged,False,well-formedness:ToyLeaderElectionProofInvNextHasVoteImpliesVoterNominates:0
kondo/simplifiedLeaderElection/sync,ToyLeaderElectionProof.SafetyProof (correctness),unchanged,False,correctness:ToyLeaderElectionProofSafetyProof:0
kondo/simplifiedLeaderElection/sync,System.NextVoteReqStep (well-formedness),unchanged,False,well-formedness:SystemNextVoteReqStep:0
kondo/simplifiedLeaderElection/sync,ToyLeaderElectionProof.ProtocolInv (well-formedness),unchanged,False,well-formedness:ToyLeaderElectionProofProtocolInv:0
kondo/simplifiedLeaderElection/sync,System.NextStep (well-formedness),unchanged,False,well-formedness:SystemNextStep:0
kondo/simplifiedLeaderElection/sync,System.NextHostLocalStep (well-formedness),unchanged,False,well-formedness:SystemNextHostLocalStep:0
kondo/simplifiedLeaderElection/sync,ToyLeaderElectionProof.ReceivedVotesValid (well-formedness),unchanged,False,well-formedness:ToyLeaderElectionProofReceivedVotesValid:0
kondo/simplifiedLeaderElection/sync,System.Next (well-formedness),unchanged,False,well-formedness:SystemNext:0
kondo/simplifiedLeaderElection/sync,ToyLeaderElectionProof.InitImpliesInv (correctness),unchanged,False,correctness:ToyLeaderElectionProofInitImpliesInv:0
kondo/simplifiedLeaderElection/sync,ToyLeaderElectionProof.Inv (well-formedness),unchanged,False,well-formedness:ToyLeaderElectionProofInv:0
kondo/simplifiedLeaderElection/sync,System.NextVoteStep (well-formedness),unchanged,False,well-formedness:SystemNextVoteStep:0
kondo/simplifiedLeaderElection/sync,ToyLeaderElectionProof.SafetyProof (well-formedness),unchanged,False,well-formedness:ToyLeaderElectionProofSafetyProof:0
kondo/simplifiedLeaderElection/sync,ToyLeaderElectionProof.InvImpliesSafety (correctness),unchanged,False,correctness:ToyLeaderElectionProofInvImpliesSafety:0
kondo/simplifiedLeaderElection/sync,ToyLeaderElectionProof.InvImpliesSafety (well-formedness),unchanged,False,well-formedness:ToyLeaderElectionProofInvImpliesSafety:0
kondo/simplifiedLeaderElection/sync,Obligations.Safety (well-formedness),unchanged,False,well-formedness:ObligationsSafety:0
kondo/simplifiedLeaderElection/sync,ToyLeaderElectionProof.HasVoteImpliesVoterNominates (well-formedness),unchanged,False,well-formedness:ToyLeaderElectionProofHasVoteImpliesVoterNominates:0
kondo/simplifiedLeaderElection/sync,System.Variables.IsLeader (well-formedness),unchanged,False,well-formedness:SystemVariablesIsLeader:0
kondo/simplifiedLeaderElection/sync,UtilitiesLibrary.EachUnionMemberBelongsToASet (correctness),unchanged,False,correctness:UtilitiesLibraryEachUnionMemberBelongsToASet:0
kondo/simplifiedLeaderElection/sync,UtilitiesLibrary.GetIndexForMember (well-formedness),unchanged,False,well-formedness:UtilitiesLibraryGetIndexForMember:0
kondo/simplifiedLeaderElection/sync,Host.NextHostSendVoteStep (well-formedness),unchanged,False,well-formedness:HostNextHostSendVoteStep:0
kondo/simplifiedLeaderElection/sync,UtilitiesLibrary.MapRemoveOne (well-formedness),content,True,well-formedness:UtilitiesLibraryMapRemoveOne:0
kondo/simplifiedLeaderElection/sync,System.Constants.ValidHostId (well-formedness),unchanged,False,well-formedness:SystemConstantsValidHostId:0
kondo/simplifiedLeaderElection/sync,Host.NextHostRecvVoteStep (well-formedness),unchanged,False,well-formedness:HostNextHostRecvVoteStep:0
kondo/simplifiedLeaderElection/sync,ToyLeaderElectionProof.IsLeaderImpliesHasQuorum (well-formedness),unchanged,False,well-formedness:ToyLeaderElectionProofIsLeaderImpliesHasQuorum:0
kondo/simplifiedLeaderElection/sync,UtilitiesLibrary.SetComprehensionSize (correctness),unchanged,False,correctness:UtilitiesLibrarySetComprehensionSize:0
kondo/simplifiedLeaderElection/sync,Host.SendVoteReq (well-formedness),unchanged,False,well-formedness:HostSendVoteReq:0
kondo/simplifiedLeaderElection/sync,UtilitiesLibrary.SeqOptionMonotoneIncreasing (well-formedness),unchanged,False,well-formedness:UtilitiesLibrarySeqOptionMonotoneIncreasing:0
kondo/simplifiedLeaderElection/sync,UtilitiesLibrary.SetsAreSubsetsOfUnion (correctness),unchanged,False,correctness:UtilitiesLibrarySetsAreSubsetsOfUnion:0
kondo/simplifiedLeaderElection/sync,UtilitiesLibrary.SetContainmentCardinalityStrict (correctness),unchanged,False,correctness:UtilitiesLibrarySetContainmentCardinalityStrict:0
kondo/simplifiedLeaderElection/sync,Host.NextHostSendVoteReqStep (well-formedness),unchanged,False,well-formedness:HostNextHostSendVoteReqStep:0
kondo/simplifiedLeaderElection/sync,UtilitiesLibrary.GetIndexForMember (correctness),unchanged,False,correctness:UtilitiesLibraryGetIndexForMember:0
kondo/simplifiedLeaderElection/sync,Host.NextHostRecvVoteReqStep (well-formedness),unchanged,False,well-formedness:HostNextHostRecvVoteReqStep:0
kondo/simplifiedLeaderElection/sync,UtilitiesLibrary.SeqMonotoneIncreasing (well-formedness),unchanged,False,well-formedness:UtilitiesLibrarySeqMonotoneIncreasing:0
kondo/simplifiedLeaderElection/sync,UtilitiesLibrary.SetContainmentCardinality (correctness),unchanged,False,correctness:UtilitiesLibrarySetContainmentCardinality:0
kondo/simplifiedLeaderElection/sync,Host.GroupInit (well-formedness),unchanged,False,well-formedness:HostGroupInit:0
kondo/simplifiedLeaderElection/sync,UtilitiesLibrary.SetsAreSubsetsOfUnion (well-formedness),unchanged,False,well-formedness:UtilitiesLibrarySetsAreSubsetsOfUnion:0
kondo/simplifiedLeaderElection/sync,UtilitiesLibrary.EachUnionMemberBelongsToASet (well-formedness),unchanged,False,well-formedness:UtilitiesLibraryEachUnionMemberBelongsToASet:0
kondo/simplifiedLeaderElection/sync,UtilitiesLibrary.UnionSeqOfSets (well-formedness),unchanged,False,well-formedness:UtilitiesLibraryUnionSeqOfSets:0
kondo/simplifiedLeaderElection/sync,UtilitiesLibrary.UnionIncreasesCardinality (correctness),unchanged,False,correctness:UtilitiesLibraryUnionIncreasesCardinality:0
kondo/simplifiedLeaderElection/sync,Host.VoteRecvFunc (well-formedness),unchanged,False,well-formedness:HostVoteRecvFunc:0
kondo/simplifiedLeaderElection/sync,UtilitiesLibrary.Last (well-formedness),unchanged,False,well-formedness:UtilitiesLibraryLast:0
kondo/simplifiedLeaderElection/sync,UtilitiesLibrary.QuorumIntersection (correctness),unchanged,False,correctness:UtilitiesLibraryQuorumIntersection:0
kondo/simplifiedLeaderElection/sync,UtilitiesLibrary.Predecessor (well-formedness),unchanged,False,well-formedness:UtilitiesLibraryPredecessor:0
kondo/simplifiedLeaderElection/sync,Host.SendVote (well-formedness),unchanged,False,well-formedness:HostSendVote:0
kondo/simplifiedLeaderElection/sync,UtilitiesLibrary.StutterSeq (well-formedness),unchanged,False,well-formedness:UtilitiesLibraryStutterSeq:0
kondo/simplifiedLeaderElection/sync,UtilitiesLibrary.LargerSetIncreasesCardinalityMore (correctness),unchanged,False,correctness:UtilitiesLibraryLargerSetIncreasesCardinalityMore:0
kondo/simplifiedLeaderElection/sync,UtilitiesLibrary.SeqIsComplete (well-formedness),unchanged,False,well-formedness:UtilitiesLibrarySeqIsComplete:0
kondo/simplifiedLeaderElection/sync,UtilitiesLibrary.DisjointSetUnionCardinality (correctness),unchanged,False,correctness:UtilitiesLibraryDisjointSetUnionCardinality:0
kondo/simplifiedLeaderElection/sync,UtilitiesLibrary.SetMonotoneIncreasing (well-formedness),unchanged,False,well-formedness:UtilitiesLibrarySetMonotoneIncreasing:0
kondo/simplifiedLeaderElection/sync,Host.GroupWFConstants (well-formedness),unchanged,False,well-formedness:HostGroupWFConstants:0
kondo/simplifiedLeaderElection/sync,UtilitiesLibrary.SetIsQuorum (well-formedness),unchanged,False,well-formedness:UtilitiesLibrarySetIsQuorum:0
kondo/simplifiedLeaderElection/sync,UtilitiesLibrary.StrictOrdering (well-formedness),unchanged,False,well-formedness:UtilitiesLibraryStrictOrdering:0
kondo/simplifiedLeaderElection/sync,UtilitiesLibrary.IsSeqExtension (well-formedness),unchanged,False,well-formedness:UtilitiesLibraryIsSeqExtension:0
kondo/simplifiedLeaderElection/sync,UtilitiesLibrary.Successor (well-formedness),unchanged,False,well-formedness:UtilitiesLibrarySuccessor:0
kondo/twoPhaseCommit/manual,TwoPCInvariantProof.InvInductive (correctness),unchanged,False,correctness:TwoPCInvariantProofInvInductive:0
kondo/twoPhaseCommit/manual,MessageInvariants.MessageInvInductive (correctness),unchanged,False,correctness:MessageInvariantsMessageInvInductive:0
kondo/twoPhaseCommit/manual,TwoPCInvariantProof.AC3Proof (correctness),unchanged,False,correctness:TwoPCInvariantProofAC3Proof:0
kondo/twoPhaseCommit/manual,TwoPCInvariantProof.InvNextLeaderVotesValid (correctness),unchanged,False,correctness:TwoPCInvariantProofInvNextLeaderVotesValid:0
kondo/twoPhaseCommit/manual,TwoPCInvariantProof.LeaderTallyReflectsPreferencesInductive (correctness),unchanged,False,correctness:TwoPCInvariantProofLeaderTallyReflectsPreferencesInductive:0
kondo/twoPhaseCommit/manual,TwoPCInvariantProof.InvNextLeaderVotesValid (well-formedness),unchanged,False,well-formedness:TwoPCInvariantProofInvNextLeaderVotesValid:0
kondo/twoPhaseCommit/manual,TwoPCInvariantProof.LeaderTallyReflectsPreferencesInductive (well-formedness),unchanged,False,well-formedness:TwoPCInvariantProofLeaderTallyReflectsPreferencesInductive:0
kondo/twoPhaseCommit/manual,TwoPCInvariantProof.AC3Proof (well-formedness),unchanged,False,well-formedness:TwoPCInvariantProofAC3Proof:0
kondo/twoPhaseCommit/manual,TwoPCInvariantProof.ProtocolInv (well-formedness),unchanged,False,well-formedness:TwoPCInvariantProofProtocolInv:0
kondo/twoPhaseCommit/manual,TwoPCInvariantProof.InitImpliesInv (correctness),unchanged,False,correctness:TwoPCInvariantProofInitImpliesInv:0
kondo/twoPhaseCommit/manual,MessageInvariants.InitImpliesMessageInv (correctness),unchanged,False,correctness:MessageInvariantsInitImpliesMessageInv:0
kondo/twoPhaseCommit/manual,TwoPCInvariantProof.Inv (well-formedness),unchanged,False,well-formedness:TwoPCInvariantProofInv:0
kondo/twoPhaseCommit/manual,UtilitiesLibrary.max (well-formedness),unchanged,False,well-formedness:UtilitiesLibrarymax:0
kondo/twoPhaseCommit/manual,UtilitiesLibrary.DropLast (well-formedness),unchanged,False,well-formedness:UtilitiesLibraryDropLast:0
kondo/twoPhaseCommit/manual,TwoPCInvariantProof.InvImpliesSafety (well-formedness),unchanged,False,well-formedness:TwoPCInvariantProofInvImpliesSafety:0
kondo/twoPhaseCommit/manual,DistributedSystem.CoordinatorAction (well-formedness),unchanged,False,well-formedness:DistributedSystemCoordinatorAction:0
kondo/twoPhaseCommit/manual,TwoPCInvariantProof.InvImpliesSafety (correctness),unchanged,False,correctness:TwoPCInvariantProofInvImpliesSafety:0
kondo/twoPhaseCommit/manual,TwoPCInvariantProof.YesVotesContainsAllParticipantsWhenFull (well-formedness),unchanged,False,well-formedness:TwoPCInvariantProofYesVotesContainsAllParticipantsWhenFull:0
kondo/twoPhaseCommit/manual,TwoPCInvariantProof.CommitImpliesAllPreferYes (well-formedness),unchanged,False,well-formedness:TwoPCInvariantProofCommitImpliesAllPreferYes:0
kondo/twoPhaseCommit/manual,TwoPCInvariantProof.YesVotesContainsAllParticipantsWhenFull (correctness),unchanged,False,correctness:TwoPCInvariantProofYesVotesContainsAllParticipantsWhenFull:0
kondo/twoPhaseCommit/manual,DistributedSystem.ParticipantAction (well-formedness),unchanged,False,well-formedness:DistributedSystemParticipantAction:0
kondo/twoPhaseCommit/manual,MessageInvariants.MessageInv (well-formedness),unchanged,False,well-formedness:MessageInvariantsMessageInv:0
kondo/twoPhaseCommit/manual,MessageInvariants.DecisionMsgsAgreeWithLeader2 (well-formedness),unchanged,False,well-formedness:MessageInvariantsDecisionMsgsAgreeWithLeader2:0
kondo/twoPhaseCommit/manual,DistributedSystem.NextStep (well-formedness),unchanged,False,well-formedness:DistributedSystemNextStep:0
kondo/twoPhaseCommit/manual,TwoPCInvariantProof.LeaderTallyReflectsPreferences1 (well-formedness),unchanged,False,well-formedness:TwoPCInvariantProofLeaderTallyReflectsPreferences1:0
kondo/twoPhaseCommit/manual,MessageInvariants.DecisionMsgsAgreeWithLeader1 (well-formedness),unchanged,False,well-formedness:MessageInvariantsDecisionMsgsAgreeWithLeader1:0
kondo/twoPhaseCommit/manual,MessageInvariants.VoteMsgAgreeWithVoter (well-formedness),unchanged,False,well-formedness:MessageInvariantsVoteMsgAgreeWithVoter:0
kondo/twoPhaseCommit/manual,TwoPCInvariantProof.LeaderVotesValid1 (well-formedness),unchanged,False,well-formedness:TwoPCInvariantProofLeaderVotesValid1:0
kondo/twoPhaseCommit/manual,MessageInvariants.ParticipantsDecisionImpliesDecideMsg1 (well-formedness),unchanged,False,well-formedness:MessageInvariantsParticipantsDecisionImpliesDecideMsg1:0
kondo/twoPhaseCommit/manual,MessageInvariants.VoteMsgValidSrc (well-formedness),unchanged,False,well-formedness:MessageInvariantsVoteMsgValidSrc:0
kondo/twoPhaseCommit/manual,CoordinatorHost.GroupWF (well-formedness),unchanged,False,well-formedness:CoordinatorHostGroupWF:0
kondo/twoPhaseCommit/manual,DistributedSystem.Variables.GetCoordinator (well-formedness),unchanged,False,well-formedness:DistributedSystemVariablesGetCoordinator:0
kondo/twoPhaseCommit/manual,CoordinatorHost.NextReceiveStep (well-formedness),unchanged,False,well-formedness:CoordinatorHostNextReceiveStep:0
kondo/twoPhaseCommit/manual,CoordinatorHost.ReceiveVote (well-formedness),unchanged,False,well-formedness:CoordinatorHostReceiveVote:0
kondo/twoPhaseCommit/manual,UtilitiesLibrary.SetsAreSubsetsOfUnion (correctness),unchanged,False,correctness:UtilitiesLibrarySetsAreSubsetsOfUnion:0
kondo/twoPhaseCommit/manual,CoordinatorHost.NextDecisionStep (well-formedness),unchanged,False,well-formedness:CoordinatorHostNextDecisionStep:0
kondo/twoPhaseCommit/manual,MonotonicityLibrary.MonotonicMap.SatisfiesMonotonic (well-formedness),unchanged,False,well-formedness:MonotonicityLibraryMonotonicMapSatisfiesMonotonic:0
kondo/twoPhaseCommit/manual,DistributedSystem.Constants.WF (well-formedness),unchanged,False,well-formedness:DistributedSystemConstantsWF:0
kondo/twoPhaseCommit/manual,DistributedSystem.Constants.ValidParticipantId (well-formedness),unchanged,False,well-formedness:DistributedSystemConstantsValidParticipantId:0
kondo/twoPhaseCommit/manual,ParticipantHost.GroupWF (well-formedness),unchanged,False,well-formedness:ParticipantHostGroupWF:0
kondo/twoPhaseCommit/manual,UtilitiesLibrary.MapRemoveOne (well-formedness),content,True,well-formedness:UtilitiesLibraryMapRemoveOne:0
kondo/twoPhaseCommit/manual,ParticipantHost.GroupWFConstants (well-formedness),unchanged,False,well-formedness:ParticipantHostGroupWFConstants:0
kondo/twoPhaseCommit/manual,CoordinatorHost.NextVoteReqStep (well-formedness),unchanged,False,well-formedness:CoordinatorHostNextVoteReqStep:0
kondo/twoPhaseCommit/manual,UtilitiesLibrary.Predecessor (well-formedness),unchanged,False,well-formedness:UtilitiesLibraryPredecessor:0
kondo/twoPhaseCommit/manual,ParticipantHost.NextReceiveDecisionStep (well-formedness),unchanged,False,well-formedness:ParticipantHostNextReceiveDecisionStep:0
kondo/twoPhaseCommit/manual,UtilitiesLibrary.SetComprehensionSize (correctness),unchanged,False,correctness:UtilitiesLibrarySetComprehensionSize:0
kondo/twoPhaseCommit/manual,UtilitiesLibrary.StrictOrdering (well-formedness),unchanged,False,well-formedness:UtilitiesLibraryStrictOrdering:0
kondo/twoPhaseCommit/manual,DistributedSystem.Variables.WF (well-formedness),unchanged,False,well-formedness:DistributedSystemVariablesWF:0
kondo/twoPhaseCommit/manual,Network.Next (well-formedness),unchanged,False,well-formedness:NetworkNext:0
kondo/twoPhaseCommit/manual,CoordinatorHost.GroupInit (well-formedness),unchanged,False,well-formedness:CoordinatorHostGroupInit:0
kondo/twoPhaseCommit/manual,ParticipantHost.NextReceiveDecisionStepRecvFunc (well-formedness),unchanged,False,well-formedness:ParticipantHostNextReceiveDecisionStepRecvFunc:0
kondo/twoPhaseCommit/manual,UtilitiesLibrary.EachUnionMemberBelongsToASet (correctness),unchanged,False,correctness:UtilitiesLibraryEachUnionMemberBelongsToASet:0
kondo/twoPhaseCommit/manual,UtilitiesLibrary.GetIndexForMember (correctness),unchanged,False,correctness:UtilitiesLibraryGetIndexForMember:0
kondo/twoPhaseCommit/manual,ParticipantHost.NextSendVoteStep (well-formedness),unchanged,False,well-formedness:ParticipantHostNextSendVoteStep:0
kondo/twoPhaseCommit/manual,UtilitiesLibrary.UnionSeqOfSets (well-formedness),unchanged,False,well-formedness:UtilitiesLibraryUnionSeqOfSets:0
kondo/twoPhaseCommit/manual,ParticipantHost.GroupInit (well-formedness),unchanged,False,well-formedness:ParticipantHostGroupInit:0
kondo/twoPhaseCommit/manual,UtilitiesLibrary.SetsAreSubsetsOfUnion (well-formedness),unchanged,False,well-formedness:UtilitiesLibrarySetsAreSubsetsOfUnion:0
kondo/twoPhaseCommit/manual,UtilitiesLibrary.UnionIncreasesCardinality (correctness),unchanged,False,correctness:UtilitiesLibraryUnionIncreasesCardinality:0
kondo/twoPhaseCommit/manual,UtilitiesLibrary.EachUnionMemberBelongsToASet (well-formedness),unchanged,False,well-formedness:UtilitiesLibraryEachUnionMemberBelongsToASet:0
kondo/twoPhaseCommit/manual,UtilitiesLibrary.GetIndexForMember (well-formedness),unchanged,False,well-formedness:UtilitiesLibraryGetIndexForMember:0
kondo/twoPhaseCommit/manual,CoordinatorHost.GroupWFConstants (well-formedness),unchanged,False,well-formedness:CoordinatorHostGroupWFConstants:0
kondo/twoPhaseCommit/manual,UtilitiesLibrary.QuorumIntersection (correctness),unchanged,False,correctness:UtilitiesLibraryQuorumIntersection:0
kondo/twoPhaseCommit/manual,ParticipantHost.NextReceiveVoteReqStep (well-formedness),unchanged,False,well-formedness:ParticipantHostNextReceiveVoteReqStep:0
kondo/twoPhaseCommit/manual,MonotonicityLibrary.MonotonicSeq.SatisfiesMonotonic (well-formedness),unchanged,False,well-formedness:MonotonicityLibraryMonotonicSeqSatisfiesMonotonic:0
kondo/twoPhaseCommit/manual,UtilitiesLibrary.SetContainmentCardinality (correctness),unchanged,False,correctness:UtilitiesLibrarySetContainmentCardinality:0
kondo/twoPhaseCommit/manual,DistributedSystem.Constants.GetCoordinator (well-formedness),unchanged,False,well-formedness:DistributedSystemConstantsGetCoordinator:0
kondo/twoPhaseCommit/manual,UtilitiesLibrary.Last (well-formedness),unchanged,False,well-formedness:UtilitiesLibraryLast:0
kondo/twoPhaseCommit/manual,UtilitiesLibrary.SeqOptionMonotoneIncreasing (well-formedness),unchanged,False,well-formedness:UtilitiesLibrarySeqOptionMonotoneIncreasing:0
kondo/twoPhaseCommit/manual,UtilitiesLibrary.DisjointSetUnionCardinality (correctness),unchanged,False,correctness:UtilitiesLibraryDisjointSetUnionCardinality:0
kondo/twoPhaseCommit/manual,TwoPCInvariantProof.SetLemma (correctness),unchanged,False,correctness:TwoPCInvariantProofSetLemma:0
kondo/twoPhaseCommit/manual,UtilitiesLibrary.StutterSeq (well-formedness),unchanged,False,well-formedness:UtilitiesLibraryStutterSeq:0
kondo/twoPhaseCommit/manual,UtilitiesLibrary.SeqIsComplete (well-formedness),unchanged,False,well-formedness:UtilitiesLibrarySeqIsComplete:0
kondo/twoPhaseCommit/manual,MonotonicityLibrary.MonotonicNatOption.SatisfiesMonotonic (well-formedness),unchanged,False,well-formedness:MonotonicityLibraryMonotonicNatOptionSatisfiesMonotonic:0
kondo/twoPhaseCommit/manual,UtilitiesLibrary.LargerSetIncreasesCardinalityMore (correctness),unchanged,False,correctness:UtilitiesLibraryLargerSetIncreasesCardinalityMore:0
kondo/twoPhaseCommit/manual,Types.Message.Src (well-formedness),unchanged,False,well-formedness:TypesMessageSrc:0
kondo/twoPhaseCommit/manual,UtilitiesLibrary.SeqMonotoneIncreasing (well-formedness),unchanged,False,well-formedness:UtilitiesLibrarySeqMonotoneIncreasing:0
kondo/twoPhaseCommit/manual,UtilitiesLibrary.SetMonotoneIncreasing (well-formedness),unchanged,False,well-formedness:UtilitiesLibrarySetMonotoneIncreasing:0
kondo/twoPhaseCommit/manual,UtilitiesLibrary.SetIsQuorum (well-formedness),unchanged,False,well-formedness:UtilitiesLibrarySetIsQuorum:0
kondo/twoPhaseCommit/manual,UtilitiesLibrary.IsSeqExtension (well-formedness),unchanged,False,well-formedness:UtilitiesLibraryIsSeqExtension:0
kondo/twoPhaseCommit/manual,UtilitiesLibrary.Successor (well-formedness),unchanged,False,well-formedness:UtilitiesLibrarySuccessor:0
kondo/twoPhaseCommit/manual,TwoPCInvariantProof.SetLemma (well-formedness),unchanged,False,well-formedness:TwoPCInvariantProofSetLemma:0
kondo/twoPhaseCommit/manual,UtilitiesLibrary.SetContainmentCardinalityStrict (correctness),unchanged,False,correctness:UtilitiesLibrarySetContainmentCardinalityStrict:0
kondo/twoPhaseCommit/paper-version,TwoPCInvariantProof.InvInductive (correctness),unchanged,False,correctness:TwoPCInvariantProofInvInductive:0
kondo/twoPhaseCommit/paper-version,MessageInvariants.MessageInvInductive (correctness),unchanged,False,correctness:MessageInvariantsMessageInvInductive:0
kondo/twoPhaseCommit/paper-version,TwoPCInvariantProof.InvNextLeaderVotesValid (correctness),unchanged,False,correctness:TwoPCInvariantProofInvNextLeaderVotesValid:0
kondo/twoPhaseCommit/paper-version,TwoPCInvariantProof.AC3Proof (correctness),unchanged,False,correctness:TwoPCInvariantProofAC3Proof:0
kondo/twoPhaseCommit/paper-version,TwoPCInvariantProof.LeaderTallyReflectsPreferencesInductive (correctness),unchanged,False,correctness:TwoPCInvariantProofLeaderTallyReflectsPreferencesInductive:0
kondo/twoPhaseCommit/paper-version,TwoPCInvariantProof.AC3Proof (well-formedness),unchanged,False,well-formedness:TwoPCInvariantProofAC3Proof:0
kondo/twoPhaseCommit/paper-version,TwoPCInvariantProof.InvNextLeaderVotesValid (well-formedness),unchanged,False,well-formedness:TwoPCInvariantProofInvNextLeaderVotesValid:0
kondo/twoPhaseCommit/paper-version,TwoPCInvariantProof.LeaderTallyReflectsPreferencesInductive (well-formedness),unchanged,False,well-formedness:TwoPCInvariantProofLeaderTallyReflectsPreferencesInductive:0
kondo/twoPhaseCommit/paper-version,TwoPCInvariantProof.ProtocolInv (well-formedness),unchanged,False,well-formedness:TwoPCInvariantProofProtocolInv:0
kondo/twoPhaseCommit/paper-version,TwoPCInvariantProof.InitImpliesInv (correctness),unchanged,False,correctness:TwoPCInvariantProofInitImpliesInv:0
kondo/twoPhaseCommit/paper-version,TwoPCInvariantProof.LeaderVotesValid1 (well-formedness),unchanged,False,well-formedness:TwoPCInvariantProofLeaderVotesValid1:0
kondo/twoPhaseCommit/paper-version,UtilitiesLibrary.max (well-formedness),unchanged,False,well-formedness:UtilitiesLibrarymax:0
kondo/twoPhaseCommit/paper-version,UtilitiesLibrary.DropLast (well-formedness),unchanged,False,well-formedness:UtilitiesLibraryDropLast:0
kondo/twoPhaseCommit/paper-version,TwoPCInvariantProof.InvImpliesSafety (well-formedness),unchanged,False,well-formedness:TwoPCInvariantProofInvImpliesSafety:0
kondo/twoPhaseCommit/paper-version,TwoPCInvariantProof.Inv (well-formedness),unchanged,False,well-formedness:TwoPCInvariantProofInv:0
kondo/twoPhaseCommit/paper-version,TwoPCInvariantProof.InvImpliesSafety (correctness),unchanged,False,correctness:TwoPCInvariantProofInvImpliesSafety:0
kondo/twoPhaseCommit/paper-version,TwoPCInvariantProof.YesVotesContainsAllParticipantsWhenFull (well-formedness),unchanged,False,well-formedness:TwoPCInvariantProofYesVotesContainsAllParticipantsWhenFull:0
kondo/twoPhaseCommit/paper-version,MessageInvariants.InitImpliesMessageInv (correctness),unchanged,False,correctness:MessageInvariantsInitImpliesMessageInv:0
kondo/twoPhaseCommit/paper-version,DistributedSystem.CoordinatorAction (well-formedness),unchanged,False,well-formedness:DistributedSystemCoordinatorAction:0
kondo/twoPhaseCommit/paper-version,DistributedSystem.NextStep (well-formedness),unchanged,False,well-formedness:DistributedSystemNextStep:0
kondo/twoPhaseCommit/paper-version,TwoPCInvariantProof.YesVotesContainsAllParticipantsWhenFull (correctness),unchanged,False,correctness:TwoPCInvariantProofYesVotesContainsAllParticipantsWhenFull:0
kondo/twoPhaseCommit/paper-version,TwoPCInvariantProof.CommitImpliesAllPreferYes (well-formedness),unchanged,False,well-formedness:TwoPCInvariantProofCommitImpliesAllPreferYes:0
kondo/twoPhaseCommit/paper-version,MessageInvariants.VoteMsgValidSrc (well-formedness),unchanged,False,well-formedness:MessageInvariantsVoteMsgValidSrc:0
kondo/twoPhaseCommit/paper-version,DistributedSystem.ParticipantAction (well-formedness),unchanged,False,well-formedness:DistributedSystemParticipantAction:0
kondo/twoPhaseCommit/paper-version,MessageInvariants.MessageInv (well-formedness),unchanged,False,well-formedness:MessageInvariantsMessageInv:0
kondo/twoPhaseCommit/paper-version,Obligations.Safety (well-formedness),unchanged,False,well-formedness:ObligationsSafety:0
kondo/twoPhaseCommit/paper-version,Network.Next (well-formedness),unchanged,False,well-formedness:NetworkNext:0
kondo/twoPhaseCommit/paper-version,MessageInvariants.VoteMsgAgreeWithVoter (well-formedness),unchanged,False,well-formedness:MessageInvariantsVoteMsgAgreeWithVoter:0
kondo/twoPhaseCommit/paper-version,CoordinatorHost.GroupWF (well-formedness),unchanged,False,well-formedness:CoordinatorHostGroupWF:0
kondo/twoPhaseCommit/paper-version,MessageInvariants.ParticipantsDecisionImpliesDecideMsg (well-formedness),unchanged,False,well-formedness:MessageInvariantsParticipantsDecisionImpliesDecideMsg:0
kondo/twoPhaseCommit/paper-version,TwoPCInvariantProof.LeaderTallyReflectsPreferences1 (well-formedness),unchanged,False,well-formedness:TwoPCInvariantProofLeaderTallyReflectsPreferences1:0
kondo/twoPhaseCommit/paper-version,CoordinatorHost.NextReceiveStep (well-formedness),unchanged,False,well-formedness:CoordinatorHostNextReceiveStep:0
kondo/twoPhaseCommit/paper-version,Obligations.SafetyAC3 (well-formedness),unchanged,False,well-formedness:ObligationsSafetyAC3:0
kondo/twoPhaseCommit/paper-version,MessageInvariants.DecisionMsgsAgreeWithLeader (well-formedness),unchanged,False,well-formedness:MessageInvariantsDecisionMsgsAgreeWithLeader:0
kondo/twoPhaseCommit/paper-version,DistributedSystem.Variables.GetCoordinator (well-formedness),unchanged,False,well-formedness:DistributedSystemVariablesGetCoordinator:0
kondo/twoPhaseCommit/paper-version,CoordinatorHost.ReceiveVote (well-formedness),unchanged,False,well-formedness:CoordinatorHostReceiveVote:0
kondo/twoPhaseCommit/paper-version,UtilitiesLibrary.MapRemoveOne (well-formedness),content,True,well-formedness:UtilitiesLibraryMapRemoveOne:0
kondo/twoPhaseCommit/paper-version,Obligations.ParticipantDecidedCommit (well-formedness),unchanged,False,well-formedness:ObligationsParticipantDecidedCommit:0
kondo/twoPhaseCommit/paper-version,CoordinatorHost.NextDecisionStep (well-formedness),unchanged,False,well-formedness:CoordinatorHostNextDecisionStep:0
kondo/twoPhaseCommit/paper-version,UtilitiesLibrary.SetsAreSubsetsOfUnion (correctness),unchanged,False,correctness:UtilitiesLibrarySetsAreSubsetsOfUnion:0
kondo/twoPhaseCommit/paper-version,ParticipantHost.NextReceiveVoteReqStep (well-formedness),unchanged,False,well-formedness:ParticipantHostNextReceiveVoteReqStep:0
kondo/twoPhaseCommit/paper-version,ParticipantHost.GroupInit (well-formedness),unchanged,False,well-formedness:ParticipantHostGroupInit:0
kondo/twoPhaseCommit/paper-version,CoordinatorHost.NextVoteReqStep (well-formedness),unchanged,False,well-formedness:CoordinatorHostNextVoteReqStep:0
kondo/twoPhaseCommit/paper-version,Obligations.GetParticipantPreference (well-formedness),unchanged,False,well-formedness:ObligationsGetParticipantPreference:0
kondo/twoPhaseCommit/paper-version,Obligations.CoordinatorDecidedCommit (well-formedness),unchanged,False,well-formedness:ObligationsCoordinatorDecidedCommit:0
kondo/twoPhaseCommit/paper-version,Obligations.PartipantHasDecided (well-formedness),unchanged,False,well-formedness:ObligationsPartipantHasDecided:0
kondo/twoPhaseCommit/paper-version,Obligations.CoordinatorHasDecided (well-formedness),unchanged,False,well-formedness:ObligationsCoordinatorHasDecided:0
kondo/twoPhaseCommit/paper-version,UtilitiesLibrary.SetComprehensionSize (correctness),unchanged,False,correctness:UtilitiesLibrarySetComprehensionSize:0
kondo/twoPhaseCommit/paper-version,CoordinatorHost.GroupInit (well-formedness),unchanged,False,well-formedness:CoordinatorHostGroupInit:0
kondo/twoPhaseCommit/paper-version,MonotonicityLibrary.MonotonicMap.SatisfiesMonotonic (well-formedness),unchanged,False,well-formedness:MonotonicityLibraryMonotonicMapSatisfiesMonotonic:0
kondo/twoPhaseCommit/paper-version,UtilitiesLibrary.StrictOrdering (well-formedness),unchanged,False,well-formedness:UtilitiesLibraryStrictOrdering:0
kondo/twoPhaseCommit/paper-version,DistributedSystem.Variables.WF (well-formedness),unchanged,False,well-formedness:DistributedSystemVariablesWF:0
kondo/twoPhaseCommit/paper-version,UtilitiesLibrary.EachUnionMemberBelongsToASet (correctness),unchanged,False,correctness:UtilitiesLibraryEachUnionMemberBelongsToASet:0
kondo/twoPhaseCommit/paper-version,UtilitiesLibrary.GetIndexForMember (correctness),unchanged,False,correctness:UtilitiesLibraryGetIndexForMember:0
kondo/twoPhaseCommit/paper-version,UtilitiesLibrary.IsSeqExtension (well-formedness),unchanged,False,well-formedness:UtilitiesLibraryIsSeqExtension:0
kondo/twoPhaseCommit/paper-version,ParticipantHost.NextSendVoteStep (well-formedness),unchanged,False,well-formedness:ParticipantHostNextSendVoteStep:0
kondo/twoPhaseCommit/paper-version,UtilitiesLibrary.UnionSeqOfSets (well-formedness),unchanged,False,well-formedness:UtilitiesLibraryUnionSeqOfSets:0
kondo/twoPhaseCommit/paper-version,ParticipantHost.NextReceiveDecisionStep (well-formedness),content,False,well-formedness:ParticipantHostNextReceiveDecisionStep:0
kondo/twoPhaseCommit/paper-version,UtilitiesLibrary.UnionIncreasesCardinality (correctness),unchanged,False,correctness:UtilitiesLibraryUnionIncreasesCardinality:0
kondo/twoPhaseCommit/paper-version,UtilitiesLibrary.EachUnionMemberBelongsToASet (well-formedness),unchanged,False,well-formedness:UtilitiesLibraryEachUnionMemberBelongsToASet:0
kondo/twoPhaseCommit/paper-version,UtilitiesLibrary.GetIndexForMember (well-formedness),unchanged,False,well-formedness:UtilitiesLibraryGetIndexForMember:0
kondo/twoPhaseCommit/paper-version,UtilitiesLibrary.SetsAreSubsetsOfUnion (well-formedness),unchanged,False,well-formedness:UtilitiesLibrarySetsAreSubsetsOfUnion:0
kondo/twoPhaseCommit/paper-version,Obligations.AllPreferYes (well-formedness),unchanged,False,well-formedness:ObligationsAllPreferYes:0
kondo/twoPhaseCommit/paper-version,UtilitiesLibrary.QuorumIntersection (correctness),unchanged,False,correctness:UtilitiesLibraryQuorumIntersection:0
kondo/twoPhaseCommit/paper-version,MonotonicityLibrary.MonotonicSeq.SatisfiesMonotonic (well-formedness),unchanged,False,well-formedness:MonotonicityLibraryMonotonicSeqSatisfiesMonotonic:0
kondo/twoPhaseCommit/paper-version,CoordinatorHost.GroupWFConstants (well-formedness),unchanged,False,well-formedness:CoordinatorHostGroupWFConstants:0
kondo/twoPhaseCommit/paper-version,UtilitiesLibrary.SetContainmentCardinality (correctness),unchanged,False,correctness:UtilitiesLibrarySetContainmentCardinality:0
kondo/twoPhaseCommit/paper-version,DistributedSystem.Constants.WF (well-formedness),unchanged,False,well-formedness:DistributedSystemConstantsWF:0
kondo/twoPhaseCommit/paper-version,DistributedSystem.Constants.GetCoordinator (well-formedness),unchanged,False,well-formedness:DistributedSystemConstantsGetCoordinator:0
kondo/twoPhaseCommit/paper-version,UtilitiesLibrary.SeqOptionMonotoneIncreasing (well-formedness),unchanged,False,well-formedness:UtilitiesLibrarySeqOptionMonotoneIncreasing:0
kondo/twoPhaseCommit/paper-version,UtilitiesLibrary.Predecessor (well-formedness),unchanged,False,well-formedness:UtilitiesLibraryPredecessor:0
kondo/twoPhaseCommit/paper-version,UtilitiesLibrary.Last (well-formedness),unchanged,False,well-formedness:UtilitiesLibraryLast:0
kondo/twoPhaseCommit/paper-version,Types.Message.Src (well-formedness),unchanged,False,well-formedness:TypesMessageSrc:0
kondo/twoPhaseCommit/paper-version,UtilitiesLibrary.DisjointSetUnionCardinality (correctness),unchanged,False,correctness:UtilitiesLibraryDisjointSetUnionCardinality:0
kondo/twoPhaseCommit/paper-version,ParticipantHost.GroupWF (well-formedness),unchanged,False,well-formedness:ParticipantHostGroupWF:0
kondo/twoPhaseCommit/paper-version,TwoPCInvariantProof.SetLemma (correctness),unchanged,False,correctness:TwoPCInvariantProofSetLemma:0
kondo/twoPhaseCommit/paper-version,UtilitiesLibrary.SeqIsComplete (well-formedness),unchanged,False,well-formedness:UtilitiesLibrarySeqIsComplete:0
kondo/twoPhaseCommit/paper-version,ParticipantHost.NextReceiveDecisionStepRecvFunc (well-formedness),content,False,well-formedness:ParticipantHostNextReceiveDecisionStepRecvFunc:0
kondo/twoPhaseCommit/paper-version,MonotonicityLibrary.MonotonicNatOption.SatisfiesMonotonic (well-formedness),unchanged,False,well-formedness:MonotonicityLibraryMonotonicNatOptionSatisfiesMonotonic:0
kondo/twoPhaseCommit/paper-version,UtilitiesLibrary.StutterSeq (well-formedness),unchanged,False,well-formedness:UtilitiesLibraryStutterSeq:0
kondo/twoPhaseCommit/paper-version,UtilitiesLibrary.LargerSetIncreasesCardinalityMore (correctness),unchanged,False,correctness:UtilitiesLibraryLargerSetIncreasesCardinalityMore:0
kondo/twoPhaseCommit/paper-version,ParticipantHost.GroupWFConstants (well-formedness),unchanged,False,well-formedness:ParticipantHostGroupWFConstants:0
kondo/twoPhaseCommit/paper-version,UtilitiesLibrary.SetMonotoneIncreasing (well-formedness),unchanged,False,well-formedness:UtilitiesLibrarySetMonotoneIncreasing:0
kondo/twoPhaseCommit/paper-version,UtilitiesLibrary.SeqMonotoneIncreasing (well-formedness),unchanged,False,well-formedness:UtilitiesLibrarySeqMonotoneIncreasing:0
kondo/twoPhaseCommit/paper-version,UtilitiesLibrary.SetIsQuorum (well-formedness),unchanged,False,well-formedness:UtilitiesLibrarySetIsQuorum:0
kondo/twoPhaseCommit/paper-version,DistributedSystem.Constants.ValidParticipantId (well-formedness),unchanged,False,well-formedness:DistributedSystemConstantsValidParticipantId:0
kondo/twoPhaseCommit/paper-version,UtilitiesLibrary.Successor (well-formedness),unchanged,False,well-formedness:UtilitiesLibrarySuccessor:0
kondo/twoPhaseCommit/paper-version,TwoPCInvariantProof.SetLemma (well-formedness),unchanged,False,well-formedness:TwoPCInvariantProofSetLemma:0
kondo/twoPhaseCommit/paper-version,UtilitiesLibrary.SetContainmentCardinalityStrict (correctness),unchanged,False,correctness:UtilitiesLibrarySetContainmentCardinalityStrict:0
kondo/twoPhaseCommit/sync,TwoPCInvariantProof.InvNextLeaderTallyReflectsPreferences (correctness),unchanged,False,correctness:TwoPCInvariantProofInvNextLeaderTallyReflectsPreferences:0
kondo/twoPhaseCommit/sync,TwoPCInvariantProof.InvNextAC3 (correctness),unchanged,False,correctness:TwoPCInvariantProofInvNextAC3:0
kondo/twoPhaseCommit/sync,TwoPCInvariantProof.InvNextAC1 (correctness),unchanged,False,correctness:TwoPCInvariantProofInvNextAC1:0
kondo/twoPhaseCommit/sync,TwoPCInvariantProof.InvInductive (correctness),unchanged,False,correctness:TwoPCInvariantProofInvInductive:0
kondo/twoPhaseCommit/sync,TwoPCInvariantProof.InvNextAC4 (correctness),unchanged,False,correctness:TwoPCInvariantProofInvNextAC4:0
kondo/twoPhaseCommit/sync,TwoPCInvariantProof.InvNextLeaderTallyReflectsPreferences (well-formedness),unchanged,False,well-formedness:TwoPCInvariantProofInvNextLeaderTallyReflectsPreferences:0
kondo/twoPhaseCommit/sync,TwoPCInvariantProof.InvNextAC1 (well-formedness),unchanged,False,well-formedness:TwoPCInvariantProofInvNextAC1:0
kondo/twoPhaseCommit/sync,TwoPCInvariantProof.InvNextAC4 (well-formedness),unchanged,False,well-formedness:TwoPCInvariantProofInvNextAC4:0
kondo/twoPhaseCommit/sync,TwoPCInvariantProof.InvNextAC3 (well-formedness),unchanged,False,well-formedness:TwoPCInvariantProofInvNextAC3:0
kondo/twoPhaseCommit/sync,UtilitiesLibrary.DropLast (well-formedness),unchanged,False,well-formedness:UtilitiesLibraryDropLast:0
kondo/twoPhaseCommit/sync,UtilitiesLibrary.max (well-formedness),unchanged,False,well-formedness:UtilitiesLibrarymax:0
kondo/twoPhaseCommit/sync,TwoPCInvariantProof.ProtocolInv (well-formedness),unchanged,False,well-formedness:TwoPCInvariantProofProtocolInv:0
kondo/twoPhaseCommit/sync,System.NextStep (well-formedness),unchanged,False,well-formedness:SystemNextStep:0
kondo/twoPhaseCommit/sync,TwoPCInvariantProof.LeaderVotesValid1 (well-formedness),unchanged,False,well-formedness:TwoPCInvariantProofLeaderVotesValid1:0
kondo/twoPhaseCommit/sync,TwoPCInvariantProof.InitImpliesInv (correctness),unchanged,False,correctness:TwoPCInvariantProofInitImpliesInv:0
kondo/twoPhaseCommit/sync,System.NextVoteReqStep (well-formedness),unchanged,False,well-formedness:SystemNextVoteReqStep:0
kondo/twoPhaseCommit/sync,System.NextSendVoteStep (well-formedness),unchanged,False,well-formedness:SystemNextSendVoteStep:0
kondo/twoPhaseCommit/sync,TwoPCInvariantProof.Inv (well-formedness),unchanged,False,well-formedness:TwoPCInvariantProofInv:0
kondo/twoPhaseCommit/sync,System.NextDecideStep (well-formedness),unchanged,False,well-formedness:SystemNextDecideStep:0
kondo/twoPhaseCommit/sync,System.Next (well-formedness),unchanged,False,well-formedness:SystemNext:0
kondo/twoPhaseCommit/sync,TwoPCInvariantProof.InvImpliesSafety (correctness),unchanged,False,correctness:TwoPCInvariantProofInvImpliesSafety:0
kondo/twoPhaseCommit/sync,TwoPCInvariantProof.InvImpliesSafety (well-formedness),unchanged,False,well-formedness:TwoPCInvariantProofInvImpliesSafety:0
kondo/twoPhaseCommit/sync,TwoPCInvariantProof.AC3ContraposLemma (correctness),unchanged,False,correctness:TwoPCInvariantProofAC3ContraposLemma:0
kondo/twoPhaseCommit/sync,TwoPCInvariantProof.AC3ContraposLemma (well-formedness),unchanged,False,well-formedness:TwoPCInvariantProofAC3ContraposLemma:0
kondo/twoPhaseCommit/sync,TwoPCInvariantProof.YesVotesContainsAllParticipantsWhenFull (well-formedness),unchanged,False,well-formedness:TwoPCInvariantProofYesVotesContainsAllParticipantsWhenFull:0
kondo/twoPhaseCommit/sync,TwoPCInvariantProof.LeaderTallyReflectsPreferences1 (well-formedness),unchanged,False,well-formedness:TwoPCInvariantProofLeaderTallyReflectsPreferences1:0
kondo/twoPhaseCommit/sync,TwoPCInvariantProof.YesVotesContainsAllParticipantsWhenFull (correctness),unchanged,False,correctness:TwoPCInvariantProofYesVotesContainsAllParticipantsWhenFull:0
kondo/twoPhaseCommit/sync,Obligations.SafetyAC3 (well-formedness),unchanged,False,well-formedness:ObligationsSafetyAC3:0
kondo/twoPhaseCommit/sync,UtilitiesLibrary.SetMonotoneIncreasing (well-formedness),unchanged,False,well-formedness:UtilitiesLibrarySetMonotoneIncreasing:0
kondo/twoPhaseCommit/sync,TwoPCInvariantProof.LeaderVotesValid2 (well-formedness),unchanged,False,well-formedness:TwoPCInvariantProofLeaderVotesValid2:0
kondo/twoPhaseCommit/sync,System.Variables.WF (well-formedness),unchanged,False,well-formedness:SystemVariablesWF:0
kondo/twoPhaseCommit/sync,TwoPCInvariantProof.LeaderTallyReflectsPreferences2 (well-formedness),unchanged,False,well-formedness:TwoPCInvariantProofLeaderTallyReflectsPreferences2:0
kondo/twoPhaseCommit/sync,Obligations.SafetyAC1 (well-formedness),unchanged,False,well-formedness:ObligationsSafetyAC1:0
kondo/twoPhaseCommit/sync,System.Constants.GetCoordinator (well-formedness),unchanged,False,well-formedness:SystemConstantsGetCoordinator:0
kondo/twoPhaseCommit/sync,CoordinatorHost.NextDecisionStep (well-formedness),unchanged,False,well-formedness:CoordinatorHostNextDecisionStep:0
kondo/twoPhaseCommit/sync,Obligations.SafetyAC4 (well-formedness),unchanged,False,well-formedness:ObligationsSafetyAC4:0
kondo/twoPhaseCommit/sync,ParticipantHost.NextSendVoteStep (well-formedness),unchanged,False,well-formedness:ParticipantHostNextSendVoteStep:0
kondo/twoPhaseCommit/sync,Obligations.Safety (well-formedness),unchanged,False,well-formedness:ObligationsSafety:0
kondo/twoPhaseCommit/sync,UtilitiesLibrary.MapRemoveOne (well-formedness),content,True,well-formedness:UtilitiesLibraryMapRemoveOne:0
kondo/twoPhaseCommit/sync,Obligations.CoordinatorDecidedAbort (well-formedness),unchanged,False,well-formedness:ObligationsCoordinatorDecidedAbort:0
kondo/twoPhaseCommit/sync,UtilitiesLibrary.SetsAreSubsetsOfUnion (correctness),unchanged,False,correctness:UtilitiesLibrarySetsAreSubsetsOfUnion:0
kondo/twoPhaseCommit/sync,CoordinatorHost.NextVoteReqStep (well-formedness),unchanged,False,well-formedness:CoordinatorHostNextVoteReqStep:0
kondo/twoPhaseCommit/sync,Obligations.PartipantHasDecided (well-formedness),unchanged,False,well-formedness:ObligationsPartipantHasDecided:0
kondo/twoPhaseCommit/sync,ParticipantHost.GroupInit (well-formedness),unchanged,False,well-formedness:ParticipantHostGroupInit:0
kondo/twoPhaseCommit/sync,Obligations.AC3Contrapos (well-formedness),unchanged,False,well-formedness:ObligationsAC3Contrapos:0
kondo/twoPhaseCommit/sync,Obligations.CoordinatorHasDecided (well-formedness),unchanged,False,well-formedness:ObligationsCoordinatorHasDecided:0
kondo/twoPhaseCommit/sync,UtilitiesLibrary.EachUnionMemberBelongsToASet (well-formedness),unchanged,False,well-formedness:UtilitiesLibraryEachUnionMemberBelongsToASet:0
kondo/twoPhaseCommit/sync,System.Variables.GetCoordinator (well-formedness),unchanged,False,well-formedness:SystemVariablesGetCoordinator:0
kondo/twoPhaseCommit/sync,ParticipantHost.GroupWF (well-formedness),unchanged,False,well-formedness:ParticipantHostGroupWF:0
kondo/twoPhaseCommit/sync,CoordinatorHost.ReceiveVote (well-formedness),unchanged,False,well-formedness:CoordinatorHostReceiveVote:0
kondo/twoPhaseCommit/sync,Obligations.ParticipantDecidedAbort (well-formedness),unchanged,False,well-formedness:ObligationsParticipantDecidedAbort:0
kondo/twoPhaseCommit/sync,Types.Message.Src (well-formedness),unchanged,False,well-formedness:TypesMessageSrc:0
kondo/twoPhaseCommit/sync,UtilitiesLibrary.SetComprehensionSize (correctness),unchanged,False,correctness:UtilitiesLibrarySetComprehensionSize:0
kondo/twoPhaseCommit/sync,Obligations.CoordinatorDecidedCommit (well-formedness),unchanged,False,well-formedness:ObligationsCoordinatorDecidedCommit:0
kondo/twoPhaseCommit/sync,Obligations.ParticipantDecidedCommit (well-formedness),unchanged,False,well-formedness:ObligationsParticipantDecidedCommit:0
kondo/twoPhaseCommit/sync,UtilitiesLibrary.EachUnionMemberBelongsToASet (correctness),unchanged,False,correctness:UtilitiesLibraryEachUnionMemberBelongsToASet:0
kondo/twoPhaseCommit/sync,CoordinatorHost.NextReceiveStep (well-formedness),unchanged,False,well-formedness:CoordinatorHostNextReceiveStep:0
kondo/twoPhaseCommit/sync,UtilitiesLibrary.GetIndexForMember (correctness),unchanged,False,correctness:UtilitiesLibraryGetIndexForMember:0
kondo/twoPhaseCommit/sync,CoordinatorHost.GroupInit (well-formedness),unchanged,False,well-formedness:CoordinatorHostGroupInit:0
kondo/twoPhaseCommit/sync,UtilitiesLibrary.IsSeqExtension (well-formedness),unchanged,False,well-formedness:UtilitiesLibraryIsSeqExtension:0
kondo/twoPhaseCommit/sync,UtilitiesLibrary.GetIndexForMember (well-formedness),unchanged,False,well-formedness:UtilitiesLibraryGetIndexForMember:0
kondo/twoPhaseCommit/sync,UtilitiesLibrary.UnionSeqOfSets (well-formedness),unchanged,False,well-formedness:UtilitiesLibraryUnionSeqOfSets:0
kondo/twoPhaseCommit/sync,UtilitiesLibrary.SetsAreSubsetsOfUnion (well-formedness),unchanged,False,well-formedness:UtilitiesLibrarySetsAreSubsetsOfUnion:0
kondo/twoPhaseCommit/sync,UtilitiesLibrary.UnionIncreasesCardinality (correctness),unchanged,False,correctness:UtilitiesLibraryUnionIncreasesCardinality:0
kondo/twoPhaseCommit/sync,ParticipantHost.NextReceiveDecisionStep (well-formedness),unchanged,False,well-formedness:ParticipantHostNextReceiveDecisionStep:0
kondo/twoPhaseCommit/sync,Obligations.AllPreferYes (well-formedness),unchanged,False,well-formedness:ObligationsAllPreferYes:0
kondo/twoPhaseCommit/sync,ParticipantHost.NextReceiveVoteReqStep (well-formedness),unchanged,False,well-formedness:ParticipantHostNextReceiveVoteReqStep:0
kondo/twoPhaseCommit/sync,UtilitiesLibrary.SeqOptionMonotoneIncreasing (well-formedness),unchanged,False,well-formedness:UtilitiesLibrarySeqOptionMonotoneIncreasing:0
kondo/twoPhaseCommit/sync,UtilitiesLibrary.QuorumIntersection (correctness),unchanged,False,correctness:UtilitiesLibraryQuorumIntersection:0
kondo/twoPhaseCommit/sync,UtilitiesLibrary.SetContainmentCardinality (correctness),unchanged,False,correctness:UtilitiesLibrarySetContainmentCardinality:0
kondo/twoPhaseCommit/sync,UtilitiesLibrary.Predecessor (well-formedness),unchanged,False,well-formedness:UtilitiesLibraryPredecessor:0
kondo/twoPhaseCommit/sync,System.Constants.WF (well-formedness),unchanged,False,well-formedness:SystemConstantsWF:0
kondo/twoPhaseCommit/sync,UtilitiesLibrary.Last (well-formedness),unchanged,False,well-formedness:UtilitiesLibraryLast:0
kondo/twoPhaseCommit/sync,Obligations.GetParticipantPreference (well-formedness),unchanged,False,well-formedness:ObligationsGetParticipantPreference:0
kondo/twoPhaseCommit/sync,UtilitiesLibrary.DisjointSetUnionCardinality (correctness),unchanged,False,correctness:UtilitiesLibraryDisjointSetUnionCardinality:0
kondo/twoPhaseCommit/sync,CoordinatorHost.GroupWF (well-formedness),unchanged,False,well-formedness:CoordinatorHostGroupWF:0
kondo/twoPhaseCommit/sync,UtilitiesLibrary.SeqIsComplete (well-formedness),unchanged,False,well-formedness:UtilitiesLibrarySeqIsComplete:0
kondo/twoPhaseCommit/sync,UtilitiesLibrary.StutterSeq (well-formedness),unchanged,False,well-formedness:UtilitiesLibraryStutterSeq:0
kondo/twoPhaseCommit/sync,TwoPCInvariantProof.SetLemma (well-formedness),unchanged,False,well-formedness:TwoPCInvariantProofSetLemma:0
kondo/twoPhaseCommit/sync,ParticipantHost.NextReceiveDecisionStepRecvFunc (well-formedness),unchanged,False,well-formedness:ParticipantHostNextReceiveDecisionStepRecvFunc:0
kondo/twoPhaseCommit/sync,UtilitiesLibrary.LargerSetIncreasesCardinalityMore (correctness),unchanged,False,correctness:UtilitiesLibraryLargerSetIncreasesCardinalityMore:0
kondo/twoPhaseCommit/sync,TwoPCInvariantProof.SetLemma (correctness),unchanged,False,correctness:TwoPCInvariantProofSetLemma:0
kondo/twoPhaseCommit/sync,ParticipantHost.GroupWFConstants (well-formedness),unchanged,False,well-formedness:ParticipantHostGroupWFConstants:0
kondo/twoPhaseCommit/sync,UtilitiesLibrary.SetIsQuorum (well-formedness),unchanged,False,well-formedness:UtilitiesLibrarySetIsQuorum:0
kondo/twoPhaseCommit/sync,CoordinatorHost.GroupWFConstants (well-formedness),unchanged,False,well-formedness:CoordinatorHostGroupWFConstants:0
kondo/twoPhaseCommit/sync,UtilitiesLibrary.StrictOrdering (well-formedness),unchanged,False,well-formedness:UtilitiesLibraryStrictOrdering:0
kondo/twoPhaseCommit/sync,UtilitiesLibrary.SeqMonotoneIncreasing (well-formedness),unchanged,False,well-formedness:UtilitiesLibrarySeqMonotoneIncreasing:0
kondo/twoPhaseCommit/sync,System.Constants.ValidParticipantId (well-formedness),unchanged,False,well-formedness:SystemConstantsValidParticipantId:0
kondo/twoPhaseCommit/sync,UtilitiesLibrary.Successor (well-formedness),unchanged,False,well-formedness:UtilitiesLibrarySuccessor:0
kondo/twoPhaseCommit/sync,UtilitiesLibrary.SetContainmentCardinalityStrict (correctness),unchanged,False,correctness:UtilitiesLibrarySetContainmentCardinalityStrict:0
lit/c++/bit-vectors.dfy:refresh,bit (well-formedness),unchanged,False,well-formedness:bit:0
lit/c++/bit-vectors.dfy:refresh,uint64 (well-formedness),unchanged,False,well-formedness:uint64:0
lit/c++/bit-vectors.dfy:refresh,Casts (correctness),reordered,False,correctness:Casts:0
lit/c++/bit-vectors.dfy:refresh,as_int_as_bv64 (well-formedness),reordered,False,well-formedness:asintasbv64:0
lit/c++/bit-vectors.dfy:refresh,BasicOps (correctness),unchanged,False,correctness:BasicOps:0
lit/c++/bit-vectors.dfy:refresh,Main (correctness),unchanged,False,correctness:Main:0
lit/c++/maps.dfy:refresh,TestNullsAmongValues (correctness),reordered,False,correctness:TestNullsAmongValues:0
lit/c++/maps.dfy:refresh,Basic (correctness),reordered,False,correctness:Basic:0
lit/c++/maps.dfy:refresh,TestNullsAmongKeys (correctness),reordered,False,correctness:TestNullsAmongKeys:0
lit/c++/maps.dfy:refresh,uint32 (well-formedness),unchanged,False,well-formedness:uint32:0
lit/c++/maps.dfy:refresh,TestMapMerge (correctness),reordered,False,correctness:TestMapMerge:0
lit/c++/maps.dfy:refresh,TestMapSubtraction (correctness),reordered,False,correctness:TestMapSubtraction:0
lit/c++/maps.dfy:refresh,GenericMap (correctness),unchanged,False,correctness:GenericMap:0
lit/c++/maps.dfy:refresh,Main (correctness),unchanged,False,correctness:Main:0
lit/c++/maps.dfy:refresh,TestMapMergeSubtraction (correctness),unchanged,False,correctness:TestMapMergeSubtraction:0
lit/c++/seqs.dfy:refresh,uint8 (well-formedness),unchanged,False,well-formedness:uint8:0
lit/c++/seqs.dfy:refresh,uint32 (well-formedness),unchanged,False,well-formedness:uint32:0
lit/c++/seqs.dfy:refresh,Basic (correctness),reordered,False,correctness:Basic:0
lit/c++/seqs.dfy:refresh,fixed (well-formedness),reordered,False,well-formedness:fixed:0
lit/c++/seqs.dfy:refresh,Contains (correctness),reordered,False,correctness:Contains:0
lit/c++/seqs.dfy:refresh,Main (correctness),unchanged,False,correctness:Main:0
lit/c++/seqs.dfy:refresh,ValueEquality (correctness),reordered,False,correctness:ValueEquality:0
lit/c++/seqs.dfy:refresh,BufferTest (correctness),reordered,False,correctness:BufferTest:0
lit/c++/seqs.dfy:refresh,TestSeqOfClass (correctness),unchanged,False,correctness:TestSeqOfClass:0
lit/c++/seqs.dfy:refresh,buffer (well-formedness),unchanged,False,well-formedness:buffer:0
lit/c++/seqs.dfy:refresh,BoundedLength (correctness),unchanged,False,correctness:BoundedLength:0
lit/c++/seqs.dfy:refresh,PrintTest (correctness),unchanged,False,correctness:PrintTest:0
lit/c++/sets.dfy:refresh,Basic (correctness),reordered,False,correctness:Basic:0
lit/c++/sets.dfy:refresh,uint32 (well-formedness),unchanged,False,well-formedness:uint32:0
lit/c++/sets.dfy:refresh,SetSeq (correctness),reordered,False,correctness:SetSeq:0
lit/c++/sets.dfy:refresh,LetSuchThat (correctness),reordered,False,correctness:LetSuchThat:0
lit/c++/sets.dfy:refresh,SetComprehension (correctness),reordered,False,correctness:SetComprehension:0
lit/c++/sets.dfy:refresh,Main (correctness),reordered,False,correctness:Main:0
lit/c++/sets.dfy:refresh,Contains (correctness),reordered,False,correctness:Contains:0
lit/c++/sets.dfy:refresh,SetComprehension (well-formedness),reordered,False,well-formedness:SetComprehension:0
lit/cli/defaultTimeLimit.dfy:refresh,Foo (correctness),unchanged,False,correctness:Foo:0
lit/cli/defaultTimeLimit.dfy:refresh,Ack (well-formedness),unchanged,False,well-formedness:Ack:0
lit/comp/Arrays.dfy:refresh,Coercions (correctness),unchanged,False,correctness:Coercions:0
lit/comp/Arrays.dfy:refresh,LinearSearch (well-formedness),unchanged,False,well-formedness:LinearSearch:0
lit/comp/Arrays.dfy:refresh,LinearSearch (correctness),unchanged,False,correctness:LinearSearch:0
lit/comp/Arrays.dfy:refresh,ArrayAllocationInitialization.TestMatrixTypeParameter (correctness),unchanged,False,correctness:ArrayAllocationInitializationTestMatrixTypeParameter:0
lit/comp/Arrays.dfy:refresh,Index (correctness),unchanged,False,correctness:Index:0
lit/comp/Arrays.dfy:refresh,NativeArrays.Test (correctness),unchanged,False,correctness:NativeArraysTest:0
lit/comp/Arrays.dfy:refresh,ArrayToSeq.Test (correctness),unchanged,False,correctness:ArrayToSeqTest:0
lit/comp/Arrays.dfy:refresh,More (correctness),content,False,correctness:More:0
lit/comp/Arrays.dfy:refresh,ArrayAllocationInitialization.TestMatrixAutoInit (correctness),unchanged,False,correctness:ArrayAllocationInitializationTestMatrixAutoInit:0
lit/comp/Arrays.dfy:refresh,MoreWithDefaults (correctness),content,False,correctness:MoreWithDefaults:0
lit/comp/Arrays.dfy:refresh,ArrayAllocationInitialization.TestByte (correctness),unchanged,False,correctness:ArrayAllocationInitializationTestByte:0
lit/comp/Arrays.dfy:refresh,MoreArrays.TestEqualityOfSomeNonArraysToo (correctness),unchanged,False,correctness:MoreArraysTestEqualityOfSomeNonArraysToo:0
lit/comp/Arrays.dfy:refresh,MultipleDimensions (correctness),unchanged,False,correctness:MultipleDimensions:0
lit/comp/Arrays.dfy:refresh,MoreArrays.StringToByteArray (correctness),unchanged,False,correctness:MoreArraysStringToByteArray:0
lit/comp/Arrays.dfy:refresh,Cell._ctor (correctness),unchanged,False,correctness:Cellctor:0
lit/comp/Arrays.dfy:refresh,CharValues (correctness),unchanged,False,correctness:CharValues:0
lit/comp/Arrays.dfy:refresh,ArrayAllocationInitialization.TestTypeParameter (correctness),unchanged,False,correctness:ArrayAllocationInitializationTestTypeParameter:0
lit/comp/Arrays.dfy:refresh,ArrayAllocationInitialization.TestChar (correctness),unchanged,False,correctness:ArrayAllocationInitializationTestChar:0
lit/comp/Arrays.dfy:refresh,ArrayAllocationInitialization.TestAutoInit (correctness),unchanged,False,correctness:ArrayAllocationInitializationTestAutoInit:0
lit/comp/Arrays.dfy:refresh,DiagMatrix (correctness),unchanged,False,correctness:DiagMatrix:0
lit/comp/Arrays.dfy:refresh,NativeArrays.TestVariousFlavorsOfIndices (correctness),unchanged,False,correctness:NativeArraysTestVariousFlavorsOfIndices:0
lit/comp/Arrays.dfy:refresh,TypeSynonym.BufferTest (correctness),reordered,False,correctness:TypeSynonymBufferTest:0
lit/comp/Arrays.dfy:refresh,ArrayAllocationInitialization.AutoInitF (well-formedness),unchanged,False,well-formedness:ArrayAllocationInitializationAutoInitF:0
lit/comp/Arrays.dfy:refresh,InitTests (correctness),unchanged,False,correctness:InitTests:0
lit/comp/Arrays.dfy:refresh,VariationsOnIndexAndDimensionTypes.TestMatrix (correctness),unchanged,False,correctness:VariationsOnIndexAndDimensionTypesTestMatrix:0
lit/comp/Arrays.dfy:refresh,ArrayAllocationInitialization.TestNonAutoInit (correctness),unchanged,False,correctness:ArrayAllocationInitializationTestNonAutoInit:0
lit/comp/Arrays.dfy:refresh,Main (correctness),unchanged,False,correctness:Main:0
lit/comp/Arrays.dfy:refresh,SimultaneousAssignment.Test (correctness),unchanged,False,correctness:SimultaneousAssignmentTest:0
lit/comp/Arrays.dfy:refresh,VariationsOnIndexAndDimensionTypes.TestArray (correctness),unchanged,False,correctness:VariationsOnIndexAndDimensionTypesTestArray:0
lit/comp/Arrays.dfy:refresh,TypeSpecialization.byte (well-formedness),unchanged,False,well-formedness:TypeSpecializationbyte:0
lit/comp/Arrays.dfy:refresh,ArrayAllocationInitialization.M2S (well-formedness),unchanged,False,well-formedness:ArrayAllocationInitializationM2S:0
lit/comp/Arrays.dfy:refresh,Cell._ctor (well-formedness),unchanged,False,well-formedness:Cellctor:0
lit/comp/Arrays.dfy:refresh,VariationsOnIndexAndDimensionTypes.Test (correctness),unchanged,False,correctness:VariationsOnIndexAndDimensionTypesTest:0
lit/comp/Arrays.dfy:refresh,VariationsOnIndexAndDimensionTypes.Long (well-formedness),unchanged,False,well-formedness:VariationsOnIndexAndDimensionTypesLong:0
lit/comp/Arrays.dfy:refresh,ArrayAllocationInitialization.MatrixToSequence (well-formedness),unchanged,False,well-formedness:ArrayAllocationInitializationMatrixToSequence:0
lit/comp/Arrays.dfy:refresh,TypeSpecialization.Test (correctness),unchanged,False,correctness:TypeSpecializationTest:0
lit/comp/Arrays.dfy:refresh,Cell.MArray (correctness),unchanged,False,correctness:CellMArray:0
lit/comp/Arrays.dfy:refresh,NativeArrays.PrintArray (correctness),unchanged,False,correctness:NativeArraysPrintArray:0
lit/comp/Arrays.dfy:refresh,Cell.UArray (correctness),unchanged,False,correctness:CellUArray:0
lit/comp/Arrays.dfy:refresh,TypeSynonym.Test (correctness),reordered,False,correctness:TypeSynonymTest:0
lit/comp/Arrays.dfy:refresh,TypeSpecialization.Byte (correctness),unchanged,False,correctness:TypeSpecializationByte:0
lit/comp/Arrays.dfy:refresh,MoreArrays.WriteLine (correctness),unchanged,False,correctness:MoreArraysWriteLine:0
lit/comp/Arrays.dfy:refresh,lowercase (well-formedness),unchanged,False,well-formedness:lowercase:0
lit/comp/Arrays.dfy:refresh,TypeSpecialization.Char (correctness),unchanged,False,correctness:TypeSpecializationChar:0
lit/comp/Arrays.dfy:refresh,PrintArray (correctness),unchanged,False,correctness:PrintArray:0
lit/comp/Arrays.dfy:refresh,TypeSpecialization.Int (correctness),unchanged,False,correctness:TypeSpecializationInt:0
lit/comp/Arrays.dfy:refresh,PrintMatrix (correctness),unchanged,False,correctness:PrintMatrix:0
lit/comp/Arrays.dfy:refresh,Cell.FArray (well-formedness),unchanged,False,well-formedness:CellFArray:0
lit/comp/Arrays.dfy:refresh,PrintArrayArray (correctness),unchanged,False,correctness:PrintArrayArray:0
lit/comp/Arrays.dfy:refresh,xnShort (well-formedness),unchanged,False,well-formedness:xnShort:0
lit/comp/Arrays.dfy:refresh,GenericArrayEquality.Test (correctness),unchanged,False,correctness:GenericArrayEqualityTest:0
lit/comp/Arrays.dfy:refresh,MoreArrays.Test (correctness),unchanged,False,correctness:MoreArraysTest:0
lit/comp/Arrays.dfy:refresh,TypeSpecialization.Byte (well-formedness),unchanged,False,well-formedness:TypeSpecializationByte:0
lit/comp/Arrays.dfy:refresh,Cell.MArray2 (correctness),unchanged,False,correctness:CellMArray2:0
lit/comp/Arrays.dfy:refresh,TypeSpecialization.Char (well-formedness),unchanged,False,well-formedness:TypeSpecializationChar:0
lit/comp/Arrays.dfy:refresh,TypeSynonym.buffer (well-formedness),unchanged,False,well-formedness:TypeSynonymbuffer:0
lit/comp/Arrays.dfy:refresh,TypeSpecialization.Int (well-formedness),unchanged,False,well-formedness:TypeSpecializationInt:0
lit/comp/Arrays.dfy:refresh,ArrayAllocationInitialization.CharF (well-formedness),unchanged,False,well-formedness:ArrayAllocationInitializationCharF:0
lit/comp/Arrays.dfy:refresh,ArrayAllocationInitialization.ByteF (well-formedness),unchanged,False,well-formedness:ArrayAllocationInitializationByteF:0
lit/comp/Arrays.dfy:refresh,ArrayAllocationInitialization.AutoInitF2 (well-formedness),unchanged,False,well-formedness:ArrayAllocationInitializationAutoInitF2:0
lit/comp/Arrays.dfy:refresh,ArrayAllocationInitialization.ByteF2 (well-formedness),unchanged,False,well-formedness:ArrayAllocationInitializationByteF2:0
lit/comp/Arrays.dfy:refresh,VariationsOnIndexAndDimensionTypes.F (well-formedness),unchanged,False,well-formedness:VariationsOnIndexAndDimensionTypesF:0
lit/comp/Arrays.dfy:refresh,TypeSynonym.uint8 (well-formedness),unchanged,False,well-formedness:TypeSynonymuint8:0
lit/comp/Arrays.dfy:refresh,ArrayAllocationInitialization.NonAutoInitF (well-formedness),unchanged,False,well-formedness:ArrayAllocationInitializationNonAutoInitF:0
lit/comp/Arrays.dfy:refresh,xchar (well-formedness),unchanged,False,well-formedness:xchar:0
lit/comp/Arrays.dfy:refresh,ychar (well-formedness),unchanged,False,well-formedness:ychar:0
lit/comp/Arrays.dfy:refresh,ArrayAllocationInitialization.AutoInit (well-formedness),unchanged,False,well-formedness:ArrayAllocationInitializationAutoInit:0
lit/comp/Arrays.dfy:refresh,zchar (well-formedness),unchanged,False,well-formedness:zchar:0
lit/comp/Arrays.dfy:refresh,short (well-formedness),unchanged,False,well-formedness:short:0
lit/comp/Arrays.dfy:refresh,MoreArrays.byte (well-formedness),unchanged,False,well-formedness:MoreArraysbyte:0
lit/comp/Arrays.dfy:refresh,VariationsOnIndexAndDimensionTypes.byte (well-formedness),unchanged,False,well-formedness:VariationsOnIndexAndDimensionTypesbyte:0
lit/comp/Arrays.dfy:refresh,ArrayToSeq.byte (well-formedness),unchanged,False,well-formedness:ArrayToSeqbyte:0
lit/comp/Arrays.dfy:refresh,xnByte (well-formedness),unchanged,False,well-formedness:xnByte:0
lit/comp/Arrays.dfy:refresh,NativeArrays.onebyte (well-formedness),unchanged,False,well-formedness:NativeArraysonebyte:0
lit/comp/Arrays.dfy:refresh,nByte (well-formedness),unchanged,False,well-formedness:nByte:0
lit/comp/Arrays.dfy:refresh,VariationsOnIndexAndDimensionTypes.onebyte (well-formedness),unchanged,False,well-formedness:VariationsOnIndexAndDimensionTypesonebyte:0
lit/comp/Arrays.dfy:refresh,xnInt (well-formedness),unchanged,False,well-formedness:xnInt:0
lit/comp/Arrays.dfy:refresh,xnLong (well-formedness),unchanged,False,well-formedness:xnLong:0
lit/comp/Arrays.dfy:refresh,NativeArrays.byte (well-formedness),unchanged,False,well-formedness:NativeArraysbyte:0
lit/comp/Arrays.dfy:refresh,nInt (well-formedness),unchanged,False,well-formedness:nInt:0
lit/comp/Arrays.dfy:refresh,ArrayAllocationInitialization.byte (well-formedness),unchanged,False,well-formedness:ArrayAllocationInitializationbyte:0
lit/comp/Arrays.dfy:refresh,BV10 (well-formedness),unchanged,False,well-formedness:BV10:0
lit/comp/Arrays.dfy:refresh,nShort (well-formedness),unchanged,False,well-formedness:nShort:0
lit/comp/Arrays.dfy:refresh,nLong (well-formedness),unchanged,False,well-formedness:nLong:0
lit/comp/Arrays.dfy:refresh,xBV10 (well-formedness),unchanged,False,well-formedness:xBV10:0
lit/comp/Arrays.dfy:refresh,Yes (well-formedness),unchanged,False,well-formedness:Yes:0
lit/comp/Arrays.dfy:refresh,ubyte (well-formedness),unchanged,False,well-formedness:ubyte:0
lit/comp/Arrays.dfy:refresh,xYes (well-formedness),unchanged,False,well-formedness:xYes:0
lit/comp/Arrays.dfy:refresh,ArrayAllocationInitialization.Test (correctness),unchanged,False,correctness:ArrayAllocationInitializationTest:0
lit/comp/EuclideanDivision.dfy:refresh,I2 (well-formedness),unchanged,False,well-formedness:I2:0
lit/comp/EuclideanDivision.dfy:refresh,I3 (well-formedness),reordered,False,well-formedness:I3:0
lit/comp/EuclideanDivision.dfy:refresh,M4 (correctness),unchanged,False,correctness:M4:0
lit/comp/EuclideanDivision.dfy:refresh,M5 (correctness),reordered,False,correctness:M5:0
lit/comp/EuclideanDivision.dfy:refresh,M3 (correctness),reordered,False,correctness:M3:0
lit/comp/EuclideanDivision.dfy:refresh,M1 (correctness),unchanged,False,correctness:M1:0
lit/comp/EuclideanDivision.dfy:refresh,M2 (correctness),unchanged,False,correctness:M2:0
lit/comp/EuclideanDivision.dfy:refresh,M0 (correctness),unchanged,False,correctness:M0:0
lit/comp/EuclideanDivision.dfy:refresh,I4 (well-formedness),unchanged,False,well-formedness:I4:0
lit/comp/EuclideanDivision.dfy:refresh,I5 (well-formedness),reordered,False,well-formedness:I5:0
lit/comp/EuclideanDivision.dfy:refresh,Main (correctness),unchanged,False,correctness:Main:0
lit/comp/Extern.dfy:refresh,Main (correctness),reordered,False,correctness:Main:0
lit/comp/Extern.dfy:refresh,Library.MyInt (well-formedness),unchanged,False,well-formedness:LibraryMyInt:0
lit/comp/Extern.dfy:refresh,Library.SingletonOptimization.SingletonTuple (well-formedness),reordered,False,well-formedness:LibrarySingletonOptimizationSingletonTuple:0
lit/comp/Extern.dfy:refresh,Library.SingletonOptimization.NoWrapper (well-formedness),reordered,False,well-formedness:LibrarySingletonOptimizationNoWrapper:0
lit/comp/Extern.dfy:refresh,Library.SingletonOptimization.GhostWrapper (well-formedness),reordered,False,well-formedness:LibrarySingletonOptimizationGhostWrapper:0
lit/comp/Extern.dfy:refresh,Library.Mixed.M (correctness),unchanged,False,correctness:LibraryMixedM:0
lit/comp/Extern.dfy:refresh,Library.Mixed.IM (correctness),unchanged,False,correctness:LibraryMixedIM:0
lit/comp/GeneralNewtypes.dfy:pinned,Bitvectors.Operations (correctness),unchanged,False,correctness:BitvectorsOperations:0
lit/comp/GeneralNewtypes.dfy:pinned,Main (correctness),unchanged,False,correctness:Main:0
lit/comp/GeneralNewtypes.dfy:pinned,Bitvectors.Test (correctness),unchanged,False,correctness:BitvectorsTest:0
lit/comp/GeneralNewtypes.dfy:pinned,Bitvectors.TestsAndConversions (correctness),unchanged,False,correctness:BitvectorsTestsAndConversions:0
lit/comp/GeneralNewtypes.dfy:pinned,Numerics.j32 (well-formedness),unchanged,False,well-formedness:Numericsj32:0
lit/comp/GeneralNewtypes.dfy:pinned,BaseTypesThatAreSubsetTypes.M (well-formedness),unchanged,False,well-formedness:BaseTypesThatAreSubsetTypesM:0
lit/comp/GeneralNewtypes.dfy:pinned,SubsetTypeIsTests.Test (correctness),unchanged,False,correctness:SubsetTypeIsTestsTest:0
lit/comp/GeneralNewtypes.dfy:pinned,Bitvectors.Rotate (correctness),reordered,False,correctness:BitvectorsRotate:0
lit/comp/GeneralNewtypes.dfy:pinned,NewtypeIsTests.Test (correctness),unchanged,False,correctness:NewtypeIsTestsTest:0
lit/comp/GeneralNewtypes.dfy:pinned,Bitvectors.Rotate (well-formedness),unchanged,False,well-formedness:BitvectorsRotate:0
lit/comp/GeneralNewtypes.dfy:pinned,TypeDescriptors.Test (correctness),reordered,False,correctness:TypeDescriptorsTest:0
lit/comp/GeneralNewtypes.dfy:pinned,Bitvectors.Comprehensions (correctness),unchanged,False,correctness:BitvectorsComprehensions:0
lit/comp/GeneralNewtypes.dfy:pinned,Numerics.byte (well-formedness),unchanged,False,well-formedness:Numericsbyte:0
lit/comp/GeneralNewtypes.dfy:pinned,TypeDescriptors.Word (well-formedness),unchanged,False,well-formedness:TypeDescriptorsWord:0
lit/comp/GeneralNewtypes.dfy:pinned,Bitvectors.Shift (correctness),unchanged,False,correctness:BitvectorsShift:0
lit/comp/GeneralNewtypes.dfy:pinned,Char.MyString (correctness),unchanged,False,correctness:CharMyString:0
lit/comp/GeneralNewtypes.dfy:pinned,Numerics.k32 (well-formedness),unchanged,False,well-formedness:Numericsk32:0
lit/comp/GeneralNewtypes.dfy:pinned,TrivialConstraint.Test (correctness),unchanged,False,correctness:TrivialConstraintTest:0
lit/comp/GeneralNewtypes.dfy:pinned,Char.Test (correctness),unchanged,False,correctness:CharTest:0
lit/comp/GeneralNewtypes.dfy:pinned,TrivialConstraint.Operators (correctness),unchanged,False,correctness:TrivialConstraintOperators:0
lit/comp/GeneralNewtypes.dfy:pinned,BaseTypesThatAreSubsetTypes.Test (correctness),unchanged,False,correctness:BaseTypesThatAreSubsetTypesTest:0
lit/comp/GeneralNewtypes.dfy:pinned,TypeParameters.Test (correctness),unchanged,False,correctness:TypeParametersTest:0
lit/comp/GeneralNewtypes.dfy:pinned,Numerics.Test (correctness),unchanged,False,correctness:NumericsTest:0
lit/comp/GeneralNewtypes.dfy:pinned,Bitvectors.IntermediateExpressions (correctness),unchanged,False,correctness:BitvectorsIntermediateExpressions:0
lit/comp/GeneralNewtypes.dfy:pinned,Numerics.nn (well-formedness),unchanged,False,well-formedness:Numericsnn:0
lit/comp/GeneralNewtypes.dfy:pinned,Numerics.i32 (well-formedness),unchanged,False,well-formedness:Numericsi32:0
lit/comp/GeneralNewtypes.dfy:pinned,Bitvectors.Bits (well-formedness),unchanged,False,well-formedness:BitvectorsBits:0
lit/comp/GeneralNewtypes.dfy:pinned,SimpleBoolAndint.Test (correctness),unchanged,False,correctness:SimpleBoolAndintTest:0
lit/comp/GeneralNewtypes.dfy:pinned,TrivialConstraint.MyBool (well-formedness),unchanged,False,well-formedness:TrivialConstraintMyBool:0
lit/comp/GeneralNewtypes.dfy:pinned,TrivialConstraint.TestMore (correctness),unchanged,False,correctness:TrivialConstraintTestMore:0
lit/comp/GeneralNewtypes.dfy:pinned,Char.Comparisons (correctness),unchanged,False,correctness:CharComparisons:0
lit/comp/GeneralNewtypes.dfy:pinned,Bitvectors.Overflows (correctness),unchanged,False,correctness:BitvectorsOverflows:0
lit/comp/GeneralNewtypes.dfy:pinned,Bitvectors.BvZero (correctness),unchanged,False,correctness:BitvectorsBvZero:0
lit/comp/GeneralNewtypes.dfy:pinned,SimpleBoolAndint.M (correctness),unchanged,False,correctness:SimpleBoolAndintM:0
lit/comp/GeneralNewtypes.dfy:pinned,PrintChars.Test (correctness),unchanged,False,correctness:PrintCharsTest:0
lit/comp/GeneralNewtypes.dfy:pinned,Char.Mix (correctness),unchanged,False,correctness:CharMix:0
lit/comp/GeneralNewtypes.dfy:pinned,NewBehaviors.TestIs (correctness),unchanged,False,correctness:NewBehaviorsTestIs:0
lit/comp/GeneralNewtypes.dfy:pinned,Bitvectors.BV (well-formedness),unchanged,False,well-formedness:BitvectorsBV:0
lit/comp/GeneralNewtypes.dfy:pinned,TypeDescriptors.UpperCase (well-formedness),unchanged,False,well-formedness:TypeDescriptorsUpperCase:0
lit/comp/GeneralNewtypes.dfy:pinned,TypeParameters.Wrap3 (well-formedness),content,False,well-formedness:TypeParametersWrap3:0
lit/comp/GeneralNewtypes.dfy:pinned,Char.GoodOl'Char (correctness),unchanged,False,correctness:CharGoodOlkChar:0
lit/comp/GeneralNewtypes.dfy:pinned,CharToInt.Test (correctness),unchanged,False,correctness:CharToIntTest:0
lit/comp/GeneralNewtypes.dfy:pinned,Char.UpperCase (well-formedness),unchanged,False,well-formedness:CharUpperCase:0
lit/comp/GeneralNewtypes.dfy:pinned,TypeDescriptors.SubChar (well-formedness),unchanged,False,well-formedness:TypeDescriptorsSubChar:0
lit/comp/GeneralNewtypes.dfy:pinned,CharToInt.char16 (well-formedness),unchanged,False,well-formedness:CharToIntchar16:0
lit/comp/GeneralNewtypes.dfy:pinned,TypeParameters.Unwrap3 (well-formedness),content,False,well-formedness:TypeParametersUnwrap3:0
lit/comp/GeneralNewtypes.dfy:pinned,TrivialConstraint.M (correctness),unchanged,False,correctness:TrivialConstraintM:0
lit/comp/GeneralNewtypes.dfy:pinned,TypeParameters.int32 (well-formedness),unchanged,False,well-formedness:TypeParametersint32:0
lit/comp/GeneralNewtypes.dfy:pinned,SimpleNewtypeWitness.C (well-formedness),unchanged,False,well-formedness:SimpleNewtypeWitnessC:0
lit/comp/GeneralNewtypes.dfy:pinned,NewBehaviors.Test (correctness),unchanged,False,correctness:NewBehaviorsTest:0
lit/comp/GeneralNewtypes.dfy:pinned,SubsetTypeIsTests.int32 (well-formedness),unchanged,False,well-formedness:SubsetTypeIsTestsint32:0
lit/comp/GeneralNewtypes.dfy:pinned,SimpleNewtypeWitness.B (well-formedness),unchanged,False,well-formedness:SimpleNewtypeWitnessB:0
lit/comp/GeneralNewtypes.dfy:pinned,SubsetTypeIsTests.BV (well-formedness),unchanged,False,well-formedness:SubsetTypeIsTestsBV:0
lit/comp/GeneralNewtypes.dfy:pinned,Bitvectors.int32 (well-formedness),unchanged,False,well-formedness:Bitvectorsint32:0
lit/comp/GeneralNewtypes.dfy:pinned,Bitvectors.Subset (well-formedness),unchanged,False,well-formedness:BitvectorsSubset:0
lit/comp/GeneralNewtypes.dfy:pinned,Bitvectors.Big (well-formedness),unchanged,False,well-formedness:BitvectorsBig:0
lit/comp/GeneralNewtypes.dfy:pinned,NewtypeIsTests.int32 (well-formedness),unchanged,False,well-formedness:NewtypeIsTestsint32:0
lit/comp/GeneralNewtypes.dfy:pinned,TypeDescriptors.MyInt (well-formedness),unchanged,False,well-formedness:TypeDescriptorsMyInt:0
lit/comp/GeneralNewtypes.dfy:pinned,AutoInit.Int32 (well-formedness),unchanged,False,well-formedness:AutoInitInt32:0
lit/comp/GeneralNewtypes.dfy:pinned,SimpleNewtypeWitness.A (well-formedness),unchanged,False,well-formedness:SimpleNewtypeWitnessA:0
lit/comp/GeneralNewtypes.dfy:pinned,SubsetTypeIsTests.Big (well-formedness),unchanged,False,well-formedness:SubsetTypeIsTestsBig:0
lit/comp/GeneralNewtypes.dfy:pinned,BaseTypesThatAreSubsetTypes.N (well-formedness),unchanged,False,well-formedness:BaseTypesThatAreSubsetTypesN:0
lit/comp/GeneralNewtypes.dfy:pinned,BaseTypesThatAreSubsetTypes.Y (well-formedness),unchanged,False,well-formedness:BaseTypesThatAreSubsetTypesY:0
lit/comp/GeneralNewtypes.dfy:pinned,BaseTypesThatAreSubsetTypes.X (well-formedness),unchanged,False,well-formedness:BaseTypesThatAreSubsetTypesX:0
lit/comp/GeneralNewtypes.dfy:pinned,NewtypeIsTests.BV (well-formedness),unchanged,False,well-formedness:NewtypeIsTestsBV:0
lit/comp/GeneralNewtypes.dfy:pinned,Bitvectors.MyReal (well-formedness),unchanged,False,well-formedness:BitvectorsMyReal:0
lit/comp/GeneralNewtypes.dfy:pinned,BaseTypesThatAreSubsetTypes.B (well-formedness),unchanged,False,well-formedness:BaseTypesThatAreSubsetTypesB:0
lit/comp/GeneralNewtypes.dfy:pinned,SubsetTypeIsTests.Subset (well-formedness),unchanged,False,well-formedness:SubsetTypeIsTestsSubset:0
lit/comp/GeneralNewtypes.dfy:pinned,AutoInit.Test (correctness),unchanged,False,correctness:AutoInitTest:0
lit/comp/GeneralNewtypes.dfy:pinned,AutoInit.pos (well-formedness),unchanged,False,well-formedness:AutoInitpos:0
lit/comp/GeneralNewtypes.dfy:pinned,NewtypeIsTests.Subset (well-formedness),unchanged,False,well-formedness:NewtypeIsTestsSubset:0
lit/comp/GeneralNewtypes.dfy:pinned,AutoInit.A (well-formedness),unchanged,False,well-formedness:AutoInitA:0
lit/comp/GeneralNewtypes.dfy:pinned,AutoInit.B (well-formedness),unchanged,False,well-formedness:AutoInitB:0
lit/comp/GeneralNewtypes.dfy:pinned,BaseTypesThatAreSubsetTypes.A (well-formedness),unchanged,False,well-formedness:BaseTypesThatAreSubsetTypesA:0
lit/comp/GeneralNewtypes.dfy:pinned,NewtypeIsTests.Big (well-formedness),unchanged,False,well-formedness:NewtypeIsTestsBig:0
lit/comp/TypeParams.dfy:refresh,Standard (correctness),unchanged,False,correctness:Standard:0
lit/comp/TypeParams.dfy:refresh,Even (well-formedness),unchanged,False,well-formedness:Even:0
lit/comp/TypeParams.dfy:refresh,Six (well-formedness),unchanged,False,well-formedness:Six:0
lit/comp/TypeParams.dfy:refresh,Direct (correctness),unchanged,False,correctness:Direct:0
lit/comp/TypeParams.dfy:refresh,Cl._ctor (correctness),unchanged,False,correctness:Clctor:0
lit/comp/TypeParams.dfy:refresh,TraitClass (correctness),unchanged,False,correctness:TraitClass:0
lit/comp/TypeParams.dfy:refresh,Tp (correctness),unchanged,False,correctness:Tp:0
lit/comp/TypeParams.dfy:refresh,AlwaysNothing (well-formedness),unchanged,False,well-formedness:AlwaysNothing:0
lit/comp/TypeParams.dfy:refresh,WClass.Make (correctness),unchanged,False,correctness:WClassMake:0
lit/comp/TypeParams.dfy:refresh,PinkColor (well-formedness),unchanged,False,well-formedness:PinkColor:0
lit/comp/TypeParams.dfy:refresh,Odd (well-formedness),unchanged,False,well-formedness:Odd:0
lit/comp/TypeParams.dfy:refresh,ReallyJustANullableMyClass (well-formedness),unchanged,False,well-formedness:ReallyJustANullableMyClass:0
lit/comp/TypeParams.dfy:refresh,Eight (well-formedness),unchanged,False,well-formedness:Eight:0
lit/comp/TypeParams.dfy:refresh,Regressions (correctness),unchanged,False,correctness:Regressions:0
lit/comp/TypeParams.dfy:refresh,HTrait.Cadr (correctness),unchanged,False,correctness:HTraitCadr:0
lit/comp/TypeParams.dfy:refresh,EmptyList (well-formedness),unchanged,False,well-formedness:EmptyList:0
lit/comp/TypeParams.dfy:refresh,Main (correctness),unchanged,False,correctness:Main:0
lit/comp/UnicodeStrings.dfy:pinned,uint8 (well-formedness),unchanged,False,well-formedness:uint8:0
lit/comp/UnicodeStrings.dfy:pinned,uint16 (well-formedness),unchanged,False,well-formedness:uint16:0
lit/comp/UnicodeStrings.dfy:pinned,AllCharCasesTest (correctness),unchanged,False,correctness:AllCharCasesTest:0
lit/comp/UnicodeStrings.dfy:pinned,AllCases (well-formedness),unchanged,False,well-formedness:AllCases:0
lit/comp/UnicodeStrings.dfy:pinned,StringPrinting (correctness),reordered,False,correctness:StringPrinting:0
lit/comp/UnicodeStrings.dfy:pinned,CastChar (correctness),unchanged,False,correctness:CastChar:0
lit/comp/UnicodeStrings.dfy:pinned,CharQuantification (correctness),unchanged,False,correctness:CharQuantification:0
lit/comp/UnicodeStrings.dfy:pinned,CharsAndArrows (correctness),unchanged,False,correctness:CharsAndArrows:0
lit/comp/UnicodeStrings.dfy:pinned,MapToLower (well-formedness),unchanged,False,well-formedness:MapToLower:0
lit/comp/UnicodeStrings.dfy:pinned,MapToInt32 (well-formedness),reordered,False,well-formedness:MapToInt32:0
lit/comp/UnicodeStrings.dfy:pinned,CharPrinting (correctness),unchanged,False,correctness:CharPrinting:0
lit/comp/UnicodeStrings.dfy:pinned,uint32 (well-formedness),unchanged,False,well-formedness:uint32:0
lit/comp/UnicodeStrings.dfy:pinned,uint64 (well-formedness),unchanged,False,well-formedness:uint64:0
lit/comp/UnicodeStrings.dfy:pinned,ToLower (well-formedness),unchanged,False,well-formedness:ToLower:0
lit/comp/UnicodeStrings.dfy:pinned,Main (correctness),unchanged,False,correctness:Main:0
lit/comp/UnicodeStrings.dfy:pinned,IncrementChar (well-formedness),unchanged,False,well-formedness:IncrementChar:0
lit/comp/UnicodeStrings.dfy:pinned,int8 (well-formedness),unchanged,False,well-formedness:int8:0
lit/comp/UnicodeStrings.dfy:pinned,int16 (well-formedness),unchanged,False,well-formedness:int16:0
lit/comp/UnicodeStrings.dfy:pinned,int32 (well-formedness),unchanged,False,well-formedness:int32:0
lit/comp/UnicodeStrings.dfy:pinned,int64 (well-formedness),unchanged,False,well-formedness:int64:0
lit/comp/UnicodeStrings.dfy:pinned,Print (correctness),unchanged,False,correctness:Print:0
lit/comp/rust/newtypes.dfy:refresh,Main (correctness),content,False,correctness:Main:0
lit/comp/rust/newtypes.dfy:refresh,int2 (well-formedness),unchanged,False,well-formedness:int2:0
lit/comp/rust/newtypes.dfy:refresh,int16 (well-formedness),unchanged,False,well-formedness:int16:0
lit/comp/rust/newtypes.dfy:refresh,uint32WithMethods.div_overflow (well-formedness),reordered,False,well-formedness:uint32WithMethodsdivoverflow:0
lit/comp/rust/newtypes.dfy:refresh,uint32WithMethods.times_overflow (well-formedness),reordered,False,well-formedness:uint32WithMethodstimesoverflow:0
lit/comp/rust/newtypes.dfy:refresh,zero (well-formedness),unchanged,False,well-formedness:zero:0
lit/comp/rust/newtypes.dfy:refresh,IntWrapper.firstTwoBits (correctness),unchanged,False,correctness:IntWrapperfirstTwoBits:0
lit/comp/rust/newtypes.dfy:refresh,uint32WithMethods.minus_overflow (well-formedness),reordered,False,well-formedness:uint32WithMethodsminusoverflow:0
lit/comp/rust/newtypes.dfy:refresh,uint32WithMethods.plus_overflow (well-formedness),reordered,False,well-formedness:uint32WithMethodsplusoverflow:0
lit/comp/rust/newtypes.dfy:refresh,Zero (well-formedness),unchanged,False,well-formedness:Zero:0
lit/comp/rust/newtypes.dfy:refresh,INT2_MAX (well-formedness),unchanged,False,well-formedness:INT2MAX:0
lit/comp/rust/newtypes.dfy:refresh,NewNat (well-formedness),unchanged,False,well-formedness:NewNat:0
lit/comp/rust/newtypes.dfy:refresh,IntWrapper.len (well-formedness),unchanged,False,well-formedness:IntWrapperlen:0
lit/comp/rust/newtypes.dfy:refresh,uint32WithMethods.ctor (well-formedness),content,False,well-formedness:uint32WithMethodsctor:0
lit/comp/rust/newtypes.dfy:refresh,IntWrapper.firstTwoBitsAreThree (correctness),unchanged,False,correctness:IntWrapperfirstTwoBitsAreThree:0
lit/comp/rust/newtypes.dfy:refresh,uint32WithMethods.plus (well-formedness),content,False,well-formedness:uint32WithMethodsplus:0
lit/comp/rust/newtypes.dfy:refresh,uint32WithMethods.one (well-formedness),reordered,False,well-formedness:uint32WithMethodsone:0
lit/comp/rust/newtypes.dfy:refresh,uint32WithMethods.zero (well-formedness),unchanged,False,well-formedness:uint32WithMethodszero:0
lit/comp/rust/newtypes.dfy:refresh,uint8 (well-formedness),unchanged,False,well-formedness:uint8:0
lit/comp/rust/newtypes.dfy:refresh,DChar (well-formedness),unchanged,False,well-formedness:DChar:0
lit/comp/rust/newtypes.dfy:refresh,another_int (well-formedness),unchanged,False,well-formedness:anotherint:0
lit/comp/rust/newtypes.dfy:refresh,uint32 (well-formedness),unchanged,False,well-formedness:uint32:0
lit/comp/rust/newtypes.dfy:refresh,uint32_noterased (well-formedness),unchanged,False,well-formedness:uint32noterased:0
lit/comp/rust/newtypes.dfy:refresh,uint32WithMethods (well-formedness),unchanged,False,well-formedness:uint32WithMethods:0
lit/comp/rust/newtypes.dfy:refresh,IntWrapper.even (well-formedness),unchanged,False,well-formedness:IntWrappereven:0
lit/dafny0/CanCall.dfy:refresh,ModifiesCallee.DoWrapped (correctness),unchanged,False,correctness:ModifiesCalleeDoWrapped:0
lit/dafny0/CanCall.dfy:refresh,ArraySeqInit.TestSeqLambda (correctness),unchanged,False,correctness:ArraySeqInitTestSeqLambda:0
lit/dafny0/CanCall.dfy:refresh,ArraySeqInit.TestSeqF (correctness),unchanged,False,correctness:ArraySeqInitTestSeqF:0
lit/dafny0/CanCall.dfy:refresh,ThemesOnStandardLibraryJSON.View_.InstanceDoubleQuote (well-formedness),reordered,False,well-formedness:ThemesOnStandardLibraryJSONViewInstanceDoubleQuote:0
lit/dafny0/CanCall.dfy:refresh,ThemesOnStandardLibraryJSON.TestFunction (correctness),reordered,False,correctness:ThemesOnStandardLibraryJSONTestFunction:0
lit/dafny0/CanCall.dfy:refresh,StaticConstFields.Test (correctness),unchanged,False,correctness:StaticConstFieldsTest:0
lit/dafny0/CanCall.dfy:refresh,ThemesOnStandardLibraryJSON.View_.Char? (well-formedness),reordered,False,well-formedness:ThemesOnStandardLibraryJSONViewCharq:0
lit/dafny0/CanCall.dfy:refresh,InstanceConstFields.MyClass.Test (correctness),unchanged,False,correctness:InstanceConstFieldsMyClassTest:0
lit/dafny0/CanCall.dfy:refresh,ThemesOnStandardLibraryJSON.jquoteFunction (well-formedness),reordered,False,well-formedness:ThemesOnStandardLibraryJSONjquoteFunction:0
lit/dafny0/CanCall.dfy:refresh,ThemesOnStandardLibraryJSON.View (well-formedness),reordered,False,well-formedness:ThemesOnStandardLibraryJSONView:0
lit/dafny0/CanCall.dfy:refresh,#ThemesOnStandardLibraryJSON.jstringDefaultValue.JStringDefaultValue (well-formedness),unmapped,,
lit/dafny0/CanCall.dfy:refresh,ArraySeqInit.TestArrayLambda (correctness),unchanged,False,correctness:ArraySeqInitTestArrayLambda:0
lit/dafny0/CanCall.dfy:refresh,ThemesOnStandardLibraryJSON.TestInstance (correctness),reordered,False,correctness:ThemesOnStandardLibraryJSONTestInstance:0
lit/dafny0/CanCall.dfy:refresh,ThemesOnStandardLibraryJSON.TestStatic (correctness),reordered,False,correctness:ThemesOnStandardLibraryJSONTestStatic:0
lit/dafny0/CanCall.dfy:refresh,ThemesOnStandardLibraryJSON.jquoteInstance (well-formedness),reordered,False,well-formedness:ThemesOnStandardLibraryJSONjquoteInstance:0
lit/dafny0/CanCall.dfy:refresh,ThemesOnStandardLibraryJSON.jquoteStatic (well-formedness),reordered,False,well-formedness:ThemesOnStandardLibraryJSONjquoteStatic:0
lit/dafny0/CanCall.dfy:refresh,ArraySeqInit.TestArrayF (correctness),unchanged,False,correctness:ArraySeqInitTestArrayF:0
lit/dafny0/CanCall.dfy:refresh,InstanceConstFields.MyClass.X (well-formedness),unchanged,False,well-formedness:InstanceConstFieldsMyClassX:0
lit/dafny0/CanCall.dfy:refresh,ThemesOnStandardLibraryJSON.View_.OfBytes (well-formedness),reordered,False,well-formedness:ThemesOnStandardLibraryJSONViewOfBytes:0
lit/dafny0/CanCall.dfy:refresh,QuantifierBeforeOtherConjunct.CallPartition (correctness),unchanged,False,correctness:QuantifierBeforeOtherConjunctCallPartition:0
lit/dafny0/CanCall.dfy:refresh,ThemesOnStandardLibraryJSON.View_.FunctionDoubleQuote (well-formedness),reordered,False,well-formedness:ThemesOnStandardLibraryJSONViewFunctionDoubleQuote:0
lit/dafny0/CanCall.dfy:refresh,ThemesOnStandardLibraryJSON.View_.StaticDoubleQuote (well-formedness),reordered,False,well-formedness:ThemesOnStandardLibraryJSONViewStaticDoubleQuote:0
lit/dafny0/CanCall.dfy:refresh,ThemesOnStandardLibraryJSON.View_.Byte? (well-formedness),reordered,False,well-formedness:ThemesOnStandardLibraryJSONViewByteq:0
lit/dafny0/CanCall.dfy:refresh,ThemesOnStandardLibraryJSON.View_.Bytes (well-formedness),reordered,False,well-formedness:ThemesOnStandardLibraryJSONViewBytes:0
lit/dafny0/CanCall.dfy:refresh,QuantifierBeforeOtherConjunct.Length (well-formedness),unchanged,False,well-formedness:QuantifierBeforeOtherConjunctLength:0
lit/dafny0/CanCall.dfy:refresh,QuantifierBeforeOtherConjunct.Occurrences (well-formedness),unchanged,False,well-formedness:QuantifierBeforeOtherConjunctOccurrences:0
lit/dafny0/CanCall.dfy:refresh,QuantifierBeforeOtherConjunct.Partition (well-formedness),unchanged,False,well-formedness:QuantifierBeforeOtherConjunctPartition:0
lit/dafny0/CanCall.dfy:refresh,InstanceConstFields.MyClass._ctor (correctness),unchanged,False,correctness:InstanceConstFieldsMyClassctor:0
lit/dafny0/CanCall.dfy:refresh,QuantifierBeforeOtherConjunct.CallPartition (well-formedness),unchanged,False,well-formedness:QuantifierBeforeOtherConjunctCallPartition:0
lit/dafny0/CanCall.dfy:refresh,ModifiesCaller.DoOne (correctness),unchanged,False,correctness:ModifiesCallerDoOne:0
lit/dafny0/CanCall.dfy:refresh,InstanceConstFields.MyClass.UseX (correctness),unchanged,False,correctness:InstanceConstFieldsMyClassUseX:0
lit/dafny0/CanCall.dfy:refresh,InstanceConstFields.MyClass.DoNotCall (well-formedness),unchanged,False,well-formedness:InstanceConstFieldsMyClassDoNotCall:0
lit/dafny0/CanCall.dfy:refresh,StaticConstFields.DoNotCall (well-formedness),unchanged,False,well-formedness:StaticConstFieldsDoNotCall:0
lit/dafny0/CanCall.dfy:refresh,ThemesOnStandardLibraryJSON.uint32 (well-formedness),reordered,False,well-formedness:ThemesOnStandardLibraryJSONuint32:0
lit/dafny0/CanCall.dfy:refresh,StaticConstFields.UseX (correctness),unchanged,False,correctness:StaticConstFieldsUseX:0
lit/dafny0/CanCall.dfy:refresh,ThemesOnStandardLibraryJSON.uint8 (well-formedness),unchanged,False,well-formedness:ThemesOnStandardLibraryJSONuint8:0
lit/dafny0/CanCall.dfy:refresh,StaticConstFields.X (well-formedness),unchanged,False,well-formedness:StaticConstFieldsX:0
lit/dafny0/Compilation.dfy:refresh,NotMain (correctness),unchanged,False,correctness:NotMain:0
lit/dafny0/Compilation.dfy:refresh,Caller (correctness),unchanged,False,correctness:Caller:0
lit/dafny0/Compilation.dfy:refresh,DigitUnderscore_Names_Functions_and_Methods.567 (correctness),unchanged,False,correctness:DigitUnderscoreNamesFunctionsandMethods567:0
lit/dafny0/Compilation.dfy:refresh,GeneralMaps.PrintPairs (correctness),unchanged,False,correctness:GeneralMapsPrintPairs:0
lit/dafny0/Compilation.dfy:refresh,GeneralMaps.Test (correctness),content,True,correctness:GeneralMapsTest:0
lit/dafny0/Compilation.dfy:refresh,CoRecursion.TestMain (correctness),unchanged,False,correctness:CoRecursionTestMain:0
lit/dafny0/Compilation.dfy:refresh,GeneralMaps.PrintMap (correctness),unchanged,False,correctness:GeneralMapsPrintMap:0
lit/dafny0/Compilation.dfy:refresh,DigitUnderscore_Names.M (correctness),unchanged,False,correctness:DigitUnderscoreNamesM:0
lit/dafny0/Compilation.dfy:refresh,CoRecursion.Prefix (well-formedness),unchanged,False,well-formedness:CoRecursionPrefix:0
lit/dafny0/Compilation.dfy:refresh,DigitUnderscore_Names_Functions_and_Methods.5_0_0# (correctness),unmapped,,
lit/dafny0/Compilation.dfy:refresh,DigitUnderscore_Names_Functions_and_Methods.Another (correctness),unchanged,False,correctness:DigitUnderscoreNamesFunctionsandMethodsAnother:0
lit/dafny0/Compilation.dfy:refresh,EqualityTests.TestMain (correctness),unchanged,False,correctness:EqualityTestsTestMain:0
lit/dafny0/Compilation.dfy:refresh,DigitsClass.M (correctness),unchanged,False,correctness:DigitsClassM:0
lit/dafny0/Compilation.dfy:refresh,TypeInstantiations.TestMain (correctness),unchanged,False,correctness:TypeInstantiationsTestMain:0
lit/dafny0/Compilation.dfy:refresh,A.run (correctness),unchanged,False,correctness:Arun:0
lit/dafny0/Compilation.dfy:refresh,hidden_test (correctness),unchanged,False,correctness:hiddentest:0
lit/dafny0/Compilation.dfy:refresh,EqualityTests.ArrayTests (correctness),unchanged,False,correctness:EqualityTestsArrayTests:0
lit/dafny0/Compilation.dfy:refresh,TailRecursionWhereTypeParametersChange.Compute (correctness),unchanged,False,correctness:TailRecursionWhereTypeParametersChangeCompute:0
lit/dafny0/Compilation.dfy:refresh,AltLoop.Test (correctness),unchanged,False,correctness:AltLoopTest:0
lit/dafny0/Compilation.dfy:refresh,A1.run (correctness),unchanged,False,correctness:A1run:0
lit/dafny0/Compilation.dfy:refresh,CoRecursion.OneLess' (correctness),unchanged,False,correctness:CoRecursionOneLessk:0
lit/dafny0/Compilation.dfy:refresh,TypeInstantiations.GenCl.Mi (correctness),unchanged,False,correctness:TypeInstantiationsGenClMi:0
lit/dafny0/Compilation.dfy:refresh,TypeInstantiations.M (correctness),unchanged,False,correctness:TypeInstantiationsM:0
lit/dafny0/Compilation.dfy:refresh,DigitUnderscore_Names_Functions_and_Methods.Regression (correctness),unchanged,False,correctness:DigitUnderscoreNamesFunctionsandMethodsRegression:0
lit/dafny0/Compilation.dfy:refresh,DigitUnderscore_Names_Functions_and_Methods.498 (correctness),unchanged,False,correctness:DigitUnderscoreNamesFunctionsandMethods498:0
lit/dafny0/Compilation.dfy:refresh,DigitUnderscore_Names_Functions_and_Methods.20_0 (correctness),unchanged,False,correctness:DigitUnderscoreNamesFunctionsandMethods200:0
lit/dafny0/Compilation.dfy:refresh,TailRecursionWhereTypeParametersChange.TestMain (correctness),unchanged,False,correctness:TailRecursionWhereTypeParametersChangeTestMain:0
lit/dafny0/Compilation.dfy:refresh,DigitUnderscore_Names_Functions_and_Methods.120 (correctness),unchanged,False,correctness:DigitUnderscoreNamesFunctionsandMethods120:0
lit/dafny0/Compilation.dfy:refresh,CoRecursion.OneLess (correctness),unchanged,False,correctness:CoRecursionOneLess:0
lit/dafny0/Compilation.dfy:refresh,GhostLetExpr.M (correctness),unchanged,False,correctness:GhostLetExprM:0
lit/dafny0/Compilation.dfy:refresh,N (correctness),unchanged,False,correctness:N:0
lit/dafny0/Compilation.dfy:refresh,f_nobody (well-formedness),unchanged,False,well-formedness:fnobody:0
lit/dafny0/Compilation.dfy:refresh,TypeInstantiations.GenCl.Ms (correctness),unchanged,False,correctness:TypeInstantiationsGenClMs:0
lit/dafny0/Compilation.dfy:refresh,GhostLetExpr.G (well-formedness),unchanged,False,well-formedness:GhostLetExprG:0
lit/dafny0/Compilation.dfy:refresh,TypeInstantiations.N (correctness),unchanged,False,correctness:TypeInstantiationsN:0
lit/dafny0/Compilation.dfy:refresh,Main (correctness),unchanged,False,correctness:Main:0
lit/dafny0/GeneralNewtypeVerify.dfy:pinned,Bitvectors.Operations (correctness),unchanged,False,correctness:BitvectorsOperations:0
lit/dafny0/GeneralNewtypeVerify.dfy:pinned,EmptyBool.M0 (correctness),unchanged,False,correctness:EmptyBoolM0:0
lit/dafny0/GeneralNewtypeVerify.dfy:pinned,EmptyBool.AnyBool (well-formedness),unchanged,False,well-formedness:EmptyBoolAnyBool:0
lit/dafny0/GeneralNewtypeVerify.dfy:pinned,StringLiterals.BadStringLength (correctness),unchanged,False,correctness:StringLiteralsBadStringLength:0
lit/dafny0/GeneralNewtypeVerify.dfy:pinned,Bitvectors.TestsAndConversions (correctness),unchanged,False,correctness:BitvectorsTestsAndConversions:0
lit/dafny0/GeneralNewtypeVerify.dfy:pinned,Bitvectors.Shift (correctness),unchanged,False,correctness:BitvectorsShift:0
lit/dafny0/GeneralNewtypeVerify.dfy:pinned,Bitvectors.Rotate (correctness),reordered,False,correctness:BitvectorsRotate:0
lit/dafny0/GeneralNewtypeVerify.dfy:pinned,TrueBoolModule.IntermediateExpressions4 (correctness),unchanged,False,correctness:TrueBoolModuleIntermediateExpressions4:0
lit/dafny0/GeneralNewtypeVerify.dfy:pinned,StringLiterals.BadCharacters (correctness),unchanged,False,correctness:StringLiteralsBadCharacters:0
lit/dafny0/GeneralNewtypeVerify.dfy:pinned,TrueBoolModule.IntermediateExpressions3 (correctness),unchanged,False,correctness:TrueBoolModuleIntermediateExpressions3:0
lit/dafny0/GeneralNewtypeVerify.dfy:pinned,Bitvectors.BvZero (correctness),unchanged,False,correctness:BitvectorsBvZero:0
lit/dafny0/GeneralNewtypeVerify.dfy:pinned,TrueBoolModule.IntermediateExpressions1 (correctness),unchanged,False,correctness:TrueBoolModuleIntermediateExpressions1:0
lit/dafny0/GeneralNewtypeVerify.dfy:pinned,TrueBoolModule.IntermediateExpressions2 (correctness),unchanged,False,correctness:TrueBoolModuleIntermediateExpressions2:0
lit/dafny0/GeneralNewtypeVerify.dfy:pinned,StringLiterals.BadVerbatim (correctness),unchanged,False,correctness:StringLiteralsBadVerbatim:0
lit/dafny0/GeneralNewtypeVerify.dfy:pinned,StringLiterals.BadChar (correctness),unchanged,False,correctness:StringLiteralsBadChar:0
lit/dafny0/GeneralNewtypeVerify.dfy:pinned,Chars.MyChar (well-formedness),unchanged,False,well-formedness:CharsMyChar:0
lit/dafny0/GeneralNewtypeVerify.dfy:pinned,Chars.Subset (well-formedness),unchanged,False,well-formedness:CharsSubset:0
lit/dafny0/GeneralNewtypeVerify.dfy:pinned,Char.MyString (correctness),unchanged,False,correctness:CharMyString:0
lit/dafny0/GeneralNewtypeVerify.dfy:pinned,TrueBoolModule.M (correctness),unchanged,False,correctness:TrueBoolModuleM:0
lit/dafny0/GeneralNewtypeVerify.dfy:pinned,SimpleNewtypeWitness.E (well-formedness),unchanged,False,well-formedness:SimpleNewtypeWitnessE:0
lit/dafny0/GeneralNewtypeVerify.dfy:pinned,Chars.Conversions (correctness),unchanged,False,correctness:CharsConversions:0
lit/dafny0/GeneralNewtypeVerify.dfy:pinned,NewtypesAreDistinctFromBaseType.P (correctness),unchanged,False,correctness:NewtypesAreDistinctFromBaseTypeP:0
lit/dafny0/GeneralNewtypeVerify.dfy:pinned,Bitvectors.IntermediateExpressions (correctness),unchanged,False,correctness:BitvectorsIntermediateExpressions:0
lit/dafny0/GeneralNewtypeVerify.dfy:pinned,Bitvectors.Big (well-formedness),unchanged,False,well-formedness:BitvectorsBig:0
lit/dafny0/GeneralNewtypeVerify.dfy:pinned,EmptyBool.Test (correctness),unchanged,False,correctness:EmptyBoolTest:0
lit/dafny0/GeneralNewtypeVerify.dfy:pinned,TrueBoolModule.IntermediateExpressions0 (correctness),unchanged,False,correctness:TrueBoolModuleIntermediateExpressions0:0
lit/dafny0/GeneralNewtypeVerify.dfy:pinned,NewtypesAreDistinctFromBaseType.M (correctness),unchanged,False,correctness:NewtypesAreDistinctFromBaseTypeM:0
lit/dafny0/GeneralNewtypeVerify.dfy:pinned,BaseTypeConstraintHelpsWellformednessNewtype.NotWellformed (well-formedness),unchanged,False,well-formedness:BaseTypeConstraintHelpsWellformednessNewtypeNotWellformed:0
lit/dafny0/GeneralNewtypeVerify.dfy:pinned,EmptyBool.M1 (correctness),unchanged,False,correctness:EmptyBoolM1:0
lit/dafny0/GeneralNewtypeVerify.dfy:pinned,BaseTypeConstraintHelpsWellformednessSubsetType.NotWellformed (well-formedness),unchanged,False,well-formedness:BaseTypeConstraintHelpsWellformednessSubsetTypeNotWellformed:0
lit/dafny0/GeneralNewtypeVerify.dfy:pinned,Chars.TestCharNewtype (correctness),unchanged,False,correctness:CharsTestCharNewtype:0
lit/dafny0/GeneralNewtypeVerify.dfy:pinned,Chars.TestCharSubset (correctness),unchanged,False,correctness:CharsTestCharSubset:0
lit/dafny0/GeneralNewtypeVerify.dfy:pinned,EmptyBool.NonStop (correctness),unchanged,False,correctness:EmptyBoolNonStop:0
lit/dafny0/GeneralNewtypeVerify.dfy:pinned,AutoInitValueSubsetType.Impossible (well-formedness),unchanged,False,well-formedness:AutoInitValueSubsetTypeImpossible:0
lit/dafny0/GeneralNewtypeVerify.dfy:pinned,AutoInitValueNewtype.Impossible (well-formedness),unchanged,False,well-formedness:AutoInitValueNewtypeImpossible:0
lit/dafny0/GeneralNewtypeVerify.dfy:pinned,SimpleNewtypeWitness.G (well-formedness),unchanged,False,well-formedness:SimpleNewtypeWitnessG:0
lit/dafny0/GeneralNewtypeVerify.dfy:pinned,TrueBoolModule.Literals (correctness),unchanged,False,correctness:TrueBoolModuleLiterals:0
lit/dafny0/GeneralNewtypeVerify.dfy:pinned,ExpandToTypeParameterWithoutWitness.A (well-formedness),unchanged,False,well-formedness:ExpandToTypeParameterWithoutWitnessA:0
lit/dafny0/GeneralNewtypeVerify.dfy:pinned,AutoInitValueNewtypeWithoutVar.Impossible (well-formedness),unchanged,False,well-formedness:AutoInitValueNewtypeWithoutVarImpossible:0
lit/dafny0/GeneralNewtypeVerify.dfy:pinned,SimpleNewtypeWitness.H (well-formedness),unchanged,False,well-formedness:SimpleNewtypeWitnessH:0
lit/dafny0/GeneralNewtypeVerify.dfy:pinned,SimpleNewtypeWitness.C (well-formedness),unchanged,False,well-formedness:SimpleNewtypeWitnessC:0
lit/dafny0/GeneralNewtypeVerify.dfy:pinned,ExpandToTypeParameterWithoutWitness.B (well-formedness),unchanged,False,well-formedness:ExpandToTypeParameterWithoutWitnessB:0
lit/dafny0/GeneralNewtypeVerify.dfy:pinned,TypeParametersForNewtype.Test (correctness),unchanged,False,correctness:TypeParametersForNewtypeTest:0
lit/dafny0/GeneralNewtypeVerify.dfy:pinned,TypeParametersForSubsetType.Test (correctness),unchanged,False,correctness:TypeParametersForSubsetTypeTest:0
lit/dafny0/GeneralNewtypeVerify.dfy:pinned,Char.Comparisons (correctness),unchanged,False,correctness:CharComparisons:0
lit/dafny0/GeneralNewtypeVerify.dfy:pinned,StringLiterals.LowerCase (well-formedness),unchanged,False,well-formedness:StringLiteralsLowerCase:0
lit/dafny0/GeneralNewtypeVerify.dfy:pinned,Bitvectors.GhostBits (well-formedness),unchanged,False,well-formedness:BitvectorsGhostBits:0
lit/dafny0/GeneralNewtypeVerify.dfy:pinned,TypeParametersForTypeSynonym.Test (correctness),unchanged,False,correctness:TypeParametersForTypeSynonymTest:0
lit/dafny0/GeneralNewtypeVerify.dfy:pinned,BaseTypeConstraintHelpsWellformednessNewtype.Okay (well-formedness),unchanged,False,well-formedness:BaseTypeConstraintHelpsWellformednessNewtypeOkay:0
lit/dafny0/GeneralNewtypeVerify.dfy:pinned,StringLiterals.MyString (well-formedness),unchanged,False,well-formedness:StringLiteralsMyString:0
lit/dafny0/GeneralNewtypeVerify.dfy:pinned,TrueBoolModule.Test (correctness),unchanged,False,correctness:TrueBoolModuleTest:0
lit/dafny0/GeneralNewtypeVerify.dfy:pinned,EmptyBool.AllCases (correctness),unchanged,False,correctness:EmptyBoolAllCases:0
lit/dafny0/GeneralNewtypeVerify.dfy:pinned,BaseTypeConstraintHelpsWellformednessSubsetType.Okay (well-formedness),unchanged,False,well-formedness:BaseTypeConstraintHelpsWellformednessSubsetTypeOkay:0
lit/dafny0/GeneralNewtypeVerify.dfy:pinned,Char.UpperCase (well-formedness),unchanged,False,well-formedness:CharUpperCase:0
lit/dafny0/GeneralNewtypeVerify.dfy:pinned,StringLiterals.MyChar (well-formedness),unchanged,False,well-formedness:StringLiteralsMyChar:0
lit/dafny0/GeneralNewtypeVerify.dfy:pinned,BaseTypeConstraintHelpsWellformednessNewtype.P (well-formedness),unchanged,False,well-formedness:BaseTypeConstraintHelpsWellformednessNewtypeP:0
lit/dafny0/GeneralNewtypeVerify.dfy:pinned,EmptyBool.Recursive (correctness),unchanged,False,correctness:EmptyBoolRecursive:0
lit/dafny0/GeneralNewtypeVerify.dfy:pinned,AutoInitValueNewtypeWithoutVar.Test (correctness),unchanged,False,correctness:AutoInitValueNewtypeWithoutVarTest:0
lit/dafny0/GeneralNewtypeVerify.dfy:pinned,EmptyBool.Stops (correctness),unchanged,False,correctness:EmptyBoolStops:0
lit/dafny0/GeneralNewtypeVerify.dfy:pinned,SimpleNewtypeWitness.B (well-formedness),unchanged,False,well-formedness:SimpleNewtypeWitnessB:0
lit/dafny0/GeneralNewtypeVerify.dfy:pinned,AutoInitValueNewtype.Test (correctness),unchanged,False,correctness:AutoInitValueNewtypeTest:0
lit/dafny0/GeneralNewtypeVerify.dfy:pinned,Bitvectors.int32 (well-formedness),unchanged,False,well-formedness:Bitvectorsint32:0
lit/dafny0/GeneralNewtypeVerify.dfy:pinned,NewtypesAreDistinctFromBaseType.AnotherBool (well-formedness),unchanged,False,well-formedness:NewtypesAreDistinctFromBaseTypeAnotherBool:0
lit/dafny0/GeneralNewtypeVerify.dfy:pinned,SimpleNewtypeWitness.D (well-formedness),unchanged,False,well-formedness:SimpleNewtypeWitnessD:0
lit/dafny0/GeneralNewtypeVerify.dfy:pinned,Bitvectors.BV (well-formedness),unchanged,False,well-formedness:BitvectorsBV:0
lit/dafny0/GeneralNewtypeVerify.dfy:pinned,Chars.NotRSubset (well-formedness),unchanged,False,well-formedness:CharsNotRSubset:0
lit/dafny0/GeneralNewtypeVerify.dfy:pinned,TrueBoolModule.Recursive (correctness),unchanged,False,correctness:TrueBoolModuleRecursive:0
lit/dafny0/GeneralNewtypeVerify.dfy:pinned,SimpleNewtypeWitness.A (well-formedness),unchanged,False,well-formedness:SimpleNewtypeWitnessA:0
lit/dafny0/GeneralNewtypeVerify.dfy:pinned,TrueBoolModule.TrueBool (well-formedness),unchanged,False,well-formedness:TrueBoolModuleTrueBool:0
lit/dafny0/GeneralNewtypeVerify.dfy:pinned,NewtypesAreDistinctFromBaseType.JustASubsetType (well-formedness),unchanged,False,well-formedness:NewtypesAreDistinctFromBaseTypeJustASubsetType:0
lit/dafny0/GeneralNewtypeVerify.dfy:pinned,TrueBoolModule.FalseBool (well-formedness),unchanged,False,well-formedness:TrueBoolModuleFalseBool:0
lit/dafny0/GeneralNewtypeVerify.dfy:pinned,AutoInitValueSubsetType.Test (correctness),unchanged,False,correctness:AutoInitValueSubsetTypeTest:0
lit/dafny0/GeneralNewtypeVerify.dfy:pinned,Chars.NotRNewtype (well-formedness),unchanged,False,well-formedness:CharsNotRNewtype:0
lit/dafny0/GeneralNewtypeVerify.dfy:pinned,NewtypesAreDistinctFromBaseType.TrueAsCanBe (well-formedness),unchanged,False,well-formedness:NewtypesAreDistinctFromBaseTypeTrueAsCanBe:0
lit/dafny0/GeneralNewtypeVerify.dfy:pinned,Bitvectors.Subset (well-formedness),unchanged,False,well-formedness:BitvectorsSubset:0
lit/dafny0/TypeConversions.dfy:refresh,EvenInt (well-formedness),unchanged,False,well-formedness:EvenInt:0
lit/dafny0/TypeConversions.dfy:refresh,SmallReal (well-formedness),unchanged,False,well-formedness:SmallReal:0
lit/dafny0/TypeConversions.dfy:refresh,M0 (correctness),unchanged,False,correctness:M0:0
lit/dafny0/TypeConversions.dfy:refresh,M4 (correctness),unchanged,False,correctness:M4:0
lit/dafny0/TypeConversions.dfy:refresh,M2 (correctness),unchanged,False,correctness:M2:0
lit/dafny0/TypeConversions.dfy:refresh,M1 (correctness),content,False,correctness:M1:0
lit/dafny0/TypeConversions.dfy:refresh,M5 (correctness),unchanged,False,correctness:M5:0
lit/dafny0/TypeConversions.dfy:refresh,M2' (correctness),unchanged,False,correctness:M2k:0
lit/dafny0/TypeConversions.dfy:refresh,ClassSubset (well-formedness),unchanged,False,well-formedness:ClassSubset:0
lit/dafny0/TypeConversions.dfy:refresh,M3 (correctness),content,False,correctness:M3:0
lit/dafny0/TypeInferenceRefresh.dfy:pinned,CallF1 (correctness),unchanged,False,correctness:CallF1:0
lit/dafny0/TypeInferenceRefresh.dfy:pinned,CallF0 (correctness),unchanged,False,correctness:CallF0:0
lit/dafny0/TypeInferenceRefresh.dfy:pinned,Frames.F (well-formedness),unchanged,False,well-formedness:FramesF:0
lit/dafny0/TypeInferenceRefresh.dfy:pinned,Frames.M (correctness),unchanged,False,correctness:FramesM:0
lit/dafny0/TypeInferenceRefresh.dfy:pinned,Qf (well-formedness),unchanged,False,well-formedness:Qf:0
lit/dafny0/TypeInferenceRefresh.dfy:pinned,ConstWithValueOfSubsetType.ForEach (correctness),unchanged,False,correctness:ConstWithValueOfSubsetTypeForEach:0
lit/dafny0/TypeInferenceRefresh.dfy:pinned,TypeInferenceImprovements.PrincipalsFromContexts (well-formedness),reordered,False,well-formedness:TypeInferenceImprovementsPrincipalsFromContexts:0
lit/dafny0/TypeInferenceRefresh.dfy:pinned,TypeInferenceImprovements.PrincipalsFromContexts (correctness),reordered,False,correctness:TypeInferenceImprovementsPrincipalsFromContexts:0
lit/dafny0/TypeInferenceRefresh.dfy:pinned,FunctionApplications.NewArrayInit (correctness),unchanged,False,correctness:FunctionApplicationsNewArrayInit:0
lit/dafny0/TypeInferenceRefresh.dfy:pinned,Variance.ArrowCovariance (correctness),unchanged,False,correctness:VarianceArrowCovariance:0
lit/dafny0/TypeInferenceRefresh.dfy:pinned,UnaryMinus.Same (correctness),unchanged,False,correctness:UnaryMinusSame:0
lit/dafny0/TypeInferenceRefresh.dfy:pinned,UnaryMinus.Same (well-formedness),unchanged,False,well-formedness:UnaryMinusSame:0
lit/dafny0/TypeInferenceRefresh.dfy:pinned,ConstWithValueOfSubsetType.MT (well-formedness),unchanged,False,well-formedness:ConstWithValueOfSubsetTypeMT:0
lit/dafny0/TypeInferenceRefresh.dfy:pinned,Variance.CollectionVariance (correctness),unchanged,False,correctness:VarianceCollectionVariance:0
lit/dafny0/TypeInferenceRefresh.dfy:pinned,SUpdate (correctness),unchanged,False,correctness:SUpdate:0
lit/dafny0/TypeInferenceRefresh.dfy:pinned,ForallStmt.AggregateAssignment (correctness),unchanged,False,correctness:ForallStmtAggregateAssignment:0
lit/dafny0/TypeInferenceRefresh.dfy:pinned,ForallStmt.AggregateAssignment (well-formedness),unchanged,False,well-formedness:ForallStmtAggregateAssignment:0
lit/dafny0/TypeInferenceRefresh.dfy:pinned,ForallStmt.AllAssociative (correctness),unchanged,False,correctness:ForallStmtAllAssociative:0
lit/dafny0/TypeInferenceRefresh.dfy:pinned,CreateLambdaAndSequence (correctness),unchanged,False,correctness:CreateLambdaAndSequence:0
lit/dafny0/TypeInferenceRefresh.dfy:pinned,RangeSelectExpr.SimpleTest (correctness),unchanged,False,correctness:RangeSelectExprSimpleTest:0
lit/dafny0/TypeInferenceRefresh.dfy:pinned,ConstWithValueOfSubsetType.M (correctness),unchanged,False,correctness:ConstWithValueOfSubsetTypeM:0
lit/dafny0/TypeInferenceRefresh.dfy:pinned,ForallStmt.AllAssociative (well-formedness),unchanged,False,well-formedness:ForallStmtAllAssociative:0
lit/dafny0/TypeInferenceRefresh.dfy:pinned,Frames.U (well-formedness),unchanged,False,well-formedness:FramesU:0
lit/dafny0/TypeInferenceRefresh.dfy:pinned,CollectionUpdates.Q (correctness),unchanged,False,correctness:CollectionUpdatesQ:0
lit/dafny0/TypeInferenceRefresh.dfy:pinned,A.M0 (correctness),unchanged,False,correctness:AM0:0
lit/dafny0/TypeInferenceRefresh.dfy:pinned,CollectionUpdates.P (correctness),unchanged,False,correctness:CollectionUpdatesP:0
lit/dafny0/TypeInferenceRefresh.dfy:pinned,ForallStmt.Associative (correctness),unchanged,False,correctness:ForallStmtAssociative:0
lit/dafny0/TypeInferenceRefresh.dfy:pinned,TooBigDiv (correctness),unchanged,False,correctness:TooBigDiv:0
lit/dafny0/TypeInferenceRefresh.dfy:pinned,MultiDimArray (well-formedness),unchanged,False,well-formedness:MultiDimArray:0
lit/dafny0/TypeInferenceRefresh.dfy:pinned,A.M1 (correctness),unchanged,False,correctness:AM1:0
lit/dafny0/TypeInferenceRefresh.dfy:pinned,Frames.U (correctness),unchanged,False,correctness:FramesU:0
lit/dafny0/TypeInferenceRefresh.dfy:pinned,RangeSelectExpr.pos (well-formedness),unchanged,False,well-formedness:RangeSelectExprpos:0
lit/dafny0/TypeInferenceRefresh.dfy:pinned,MultiDimArray (correctness),unchanged,False,correctness:MultiDimArray:0
lit/dafny0/TypeInferenceRefresh.dfy:pinned,LittleArray (correctness),unchanged,False,correctness:LittleArray:0
lit/dafny0/TypeInferenceRefresh.dfy:pinned,PartiallySolveBeforeFindingNames.GetIt (well-formedness),unchanged,False,well-formedness:PartiallySolveBeforeFindingNamesGetIt:0
lit/dafny0/TypeInferenceRefresh.dfy:pinned,ClassForOld.Old (correctness),unchanged,False,correctness:ClassForOldOld:0
lit/dafny0/TypeInferenceRefresh.dfy:pinned,PartiallySolveBeforeFindingNames.GetIt (correctness),unchanged,False,correctness:PartiallySolveBeforeFindingNamesGetIt:0
lit/dafny0/TypeInferenceRefresh.dfy:pinned,ForallStmt.DistributePlus (correctness),unchanged,False,correctness:ForallStmtDistributePlus:0
lit/dafny0/TypeInferenceRefresh.dfy:pinned,ClassForOld.New (correctness),unchanged,False,correctness:ClassForOldNew:0
lit/dafny0/TypeInferenceRefresh.dfy:pinned,Colors.PrintMe (correctness),unchanged,False,correctness:ColorsPrintMe:0
lit/dafny0/TypeInferenceRefresh.dfy:pinned,MatchLiteralConsts.r (correctness),unchanged,False,correctness:MatchLiteralConstsr:0
lit/dafny0/TypeInferenceRefresh.dfy:pinned,Inheritance.FInt (correctness),unchanged,False,correctness:InheritanceFInt:0
lit/dafny0/TypeInferenceRefresh.dfy:pinned,OrderingAmongBaseTypes.nat31_MIN (well-formedness),reordered,False,well-formedness:OrderingAmongBaseTypesnat31MIN:0
lit/dafny0/TypeInferenceRefresh.dfy:pinned,UnaryMinus.AtMost (well-formedness),unchanged,False,well-formedness:UnaryMinusAtMost:0
lit/dafny0/TypeInferenceRefresh.dfy:pinned,GhostTupleTests.GhostTupleTest0 (correctness),unchanged,False,correctness:GhostTupleTestsGhostTupleTest0:0
lit/dafny0/TypeInferenceRefresh.dfy:pinned,Modify (correctness),unchanged,False,correctness:Modify:0
lit/dafny0/TypeInferenceRefresh.dfy:pinned,ClassForOld.Unchanged (correctness),unchanged,False,correctness:ClassForOldUnchanged:0
lit/dafny0/TypeInferenceRefresh.dfy:pinned,UnaryMinus.AtMost' (well-formedness),unchanged,False,well-formedness:UnaryMinusAtMostk:0
lit/dafny0/TypeInferenceRefresh.dfy:pinned,Qfx (well-formedness),unchanged,False,well-formedness:Qfx:0
lit/dafny0/TypeInferenceRefresh.dfy:pinned,Reveal (correctness),unchanged,False,correctness:Reveal:0
lit/dafny0/TypeInferenceRefresh.dfy:pinned,TypeInferenceViaInAndEquals.Test (correctness),unchanged,False,correctness:TypeInferenceViaInAndEqualsTest:0
lit/dafny0/TypeInferenceRefresh.dfy:pinned,GhostTupleTests.GhostTupleTest1 (correctness),unchanged,False,correctness:GhostTupleTestsGhostTupleTest1:0
lit/dafny0/TypeInferenceRefresh.dfy:pinned,Patterns.LetPattern (well-formedness),unchanged,False,well-formedness:PatternsLetPattern:0
lit/dafny0/TypeInferenceRefresh.dfy:pinned,UnaryMinus.IsNat (well-formedness),unchanged,False,well-formedness:UnaryMinusIsNat:0
lit/dafny0/TypeInferenceRefresh.dfy:pinned,As? (correctness),unchanged,False,correctness:Asq:0
lit/dafny0/TypeInferenceRefresh.dfy:pinned,WhileLoops (correctness),unchanged,False,correctness:WhileLoops:0
lit/dafny0/TypeInferenceRefresh.dfy:pinned,Patterns.VarPattern (correctness),unchanged,False,correctness:PatternsVarPattern:0
lit/dafny0/TypeInferenceRefresh.dfy:pinned,Inheritance.FIntCell (correctness),unchanged,False,correctness:InheritanceFIntCell:0
lit/dafny0/TypeInferenceRefresh.dfy:pinned,TypeInferenceImprovements.SeqSize (well-formedness),reordered,False,well-formedness:TypeInferenceImprovementsSeqSize:0
lit/dafny0/TypeInferenceRefresh.dfy:pinned,ForLoops (correctness),unchanged,False,correctness:ForLoops:0
lit/dafny0/TypeInferenceRefresh.dfy:pinned,As (correctness),unchanged,False,correctness:As:0
lit/dafny0/TypeInferenceRefresh.dfy:pinned,LittleArray (well-formedness),unchanged,False,well-formedness:LittleArray:0
lit/dafny0/TypeInferenceRefresh.dfy:pinned,OrderingAmongBaseTypes.PreviouslyDidNotWork (correctness),reordered,False,correctness:OrderingAmongBaseTypesPreviouslyDidNotWork:0
lit/dafny0/TypeInferenceRefresh.dfy:pinned,OrderingAmongBaseTypes.Workaround (correctness),reordered,False,correctness:OrderingAmongBaseTypesWorkaround:0
lit/dafny0/TypeInferenceRefresh.dfy:pinned,Inheritance.FCell (correctness),unchanged,False,correctness:InheritanceFCell:0
lit/dafny0/TypeInferenceRefresh.dfy:pinned,TypeParameterResolution.SS (well-formedness),unchanged,False,well-formedness:TypeParameterResolutionSS:0
lit/dafny0/TypeInferenceRefresh.dfy:pinned,ForallStmt.Plus (well-formedness),unchanged,False,well-formedness:ForallStmtPlus:0
lit/dafny0/TypeInferenceRefresh.dfy:pinned,MatchLiteralConsts.q (correctness),unchanged,False,correctness:MatchLiteralConstsq:0
lit/dafny0/TypeInferenceRefresh.dfy:pinned,Dtv (correctness),unchanged,False,correctness:Dtv:0
lit/dafny0/TypeInferenceRefresh.dfy:pinned,OrderingIssues.OrderingIssue_Fine.MM (well-formedness),unchanged,False,well-formedness:OrderingIssuesOrderingIssueFineMM:0
lit/dafny0/TypeInferenceRefresh.dfy:pinned,UnaryMinus.Abs (well-formedness),unchanged,False,well-formedness:UnaryMinusAbs:0
lit/dafny0/TypeInferenceRefresh.dfy:pinned,OrderingAmongBaseTypes.nat31 (well-formedness),reordered,False,well-formedness:OrderingAmongBaseTypesnat31:0
lit/dafny0/TypeInferenceRefresh.dfy:pinned,OrderingIssues.OrderingIssue_Fine.N (well-formedness),unchanged,False,well-formedness:OrderingIssuesOrderingIssueFineN:0
lit/dafny0/TypeInferenceRefresh.dfy:pinned,XyzClass.New (correctness),unchanged,False,correctness:XyzClassNew:0
lit/dafny0/TypeInferenceRefresh.dfy:pinned,LoopAlternatives (correctness),unchanged,False,correctness:LoopAlternatives:0
lit/dafny0/TypeInferenceRefresh.dfy:pinned,Global.N (correctness),unchanged,False,correctness:GlobalN:0
lit/dafny0/TypeInferenceRefresh.dfy:pinned,OrderingAmongBaseTypes.int32 (well-formedness),reordered,False,well-formedness:OrderingAmongBaseTypesint32:0
lit/dafny0/TypeInferenceRefresh.dfy:pinned,OrderingIssues.OrderingIssue_PreviouslyBroken.N (well-formedness),unchanged,False,well-formedness:OrderingIssuesOrderingIssuePreviouslyBrokenN:0
lit/dafny0/TypeInferenceRefresh.dfy:pinned,OrderingAmongBaseTypes.nat31_MAX (well-formedness),reordered,False,well-formedness:OrderingAmongBaseTypesnat31MAX:0
lit/dafny0/TypeInferenceRefresh.dfy:pinned,ForallStmt.DistributePlus (well-formedness),unchanged,False,well-formedness:ForallStmtDistributePlus:0
lit/dafny0/TypeInferenceRefresh.dfy:pinned,TypeInferenceImprovements.seq32 (well-formedness),unchanged,False,well-formedness:TypeInferenceImprovementsseq32:0
lit/dafny0/TypeInferenceRefresh.dfy:pinned,OrderingAmongBaseTypes.Works (correctness),reordered,False,correctness:OrderingAmongBaseTypesWorks:0
lit/dafny0/TypeInferenceRefresh.dfy:pinned,Good (correctness),unchanged,False,correctness:Good:0
lit/dafny0/TypeInferenceRefresh.dfy:pinned,OrderingIssues.OrderingIssue_PreviouslyBroken.MM (well-formedness),unchanged,False,well-formedness:OrderingIssuesOrderingIssuePreviouslyBrokenMM:0
lit/dafny0/TypeInferenceRefresh.dfy:pinned,LiteralsNowSupportedInTypeInference.LiteralTest (correctness),unchanged,False,correctness:LiteralsNowSupportedInTypeInferenceLiteralTest:0
lit/dafny0/TypeInferenceRefresh.dfy:pinned,Good (well-formedness),unchanged,False,well-formedness:Good:0
lit/dafny0/TypeInferenceRefresh.dfy:pinned,I (well-formedness),unchanged,False,well-formedness:I:0
lit/dafny0/TypeInferenceRefresh.dfy:pinned,jnt8 (well-formedness),unchanged,False,well-formedness:jnt8:0
lit/dafny0/TypeInferenceRefresh.dfy:pinned,NeverNever.Test (correctness),unchanged,False,correctness:NeverNeverTest:0
lit/dafny0/TypeInferenceRefresh.dfy:pinned,XX (well-formedness),unchanged,False,well-formedness:XX:0
lit/dafny0/TypeInferenceRefresh.dfy:pinned,YY (well-formedness),unchanged,False,well-formedness:YY:0
lit/dafny0/TypeInferenceRefresh.dfy:pinned,H (well-formedness),unchanged,False,well-formedness:H:0
lit/dafny0/TypeInferenceRefresh.dfy:pinned,RomanC (well-formedness),unchanged,False,well-formedness:RomanC:0
lit/dafny0/TypeInferenceRefresh.dfy:pinned,ZZ (well-formedness),unchanged,False,well-formedness:ZZ:0
lit/dafny0/TypeInferenceRefresh.dfy:pinned,int8 (well-formedness),unchanged,False,well-formedness:int8:0
lit/dafny0/TypeInferenceRefresh.dfy:pinned,Calc (correctness),unchanged,False,correctness:Calc:0
lit/dafny0/TypeInferenceRefresh.dfy:pinned,TypeInferenceImprovements.nat32 (well-formedness),unchanged,False,well-formedness:TypeInferenceImprovementsnat32:0
lit/dafny1/Rippling.legacy.dfy:refresh,P14 (correctness),unchanged,False,correctness:P14:0
lit/dafny1/Rippling.legacy.dfy:refresh,P2 (correctness),unchanged,False,correctness:P2:0
lit/dafny1/Rippling.legacy.dfy:refresh,Lemma_RevConcat (correctness) (assertion batch 1),unchanged,False,correctness:LemmaRevConcat:0
lit/dafny1/Rippling.legacy.dfy:refresh,P65 (correctness),unchanged,False,correctness:P65:0
lit/dafny1/Rippling.legacy.dfy:refresh,P67 (correctness),unchanged,False,correctness:P67:0
lit/dafny1/Rippling.legacy.dfy:refresh,P54 (correctness),unchanged,False,correctness:P54:0
lit/dafny1/Rippling.legacy.dfy:refresh,P22 (correctness),unchanged,False,correctness:P22:0
lit/dafny1/Rippling.legacy.dfy:refresh,P43 (correctness),unchanged,False,correctness:P43:0
lit/dafny1/Rippling.legacy.dfy:refresh,P37 (correctness),unchanged,False,correctness:P37:0
lit/dafny1/Rippling.legacy.dfy:refresh,add (well-formedness),unchanged,False,well-formedness:add:0
lit/dafny1/Rippling.legacy.dfy:refresh,minus (well-formedness),unchanged,False,well-formedness:minus:0
lit/dafny1/Rippling.legacy.dfy:refresh,P18 (correctness),unchanged,False,correctness:P18:0
lit/dafny1/Rippling.legacy.dfy:refresh,P20 (correctness),unchanged,False,correctness:P20:0
lit/dafny1/Rippling.legacy.dfy:refresh,P27 (correctness),unchanged,False,correctness:P27:0
lit/dafny1/Rippling.legacy.dfy:refresh,Lemma_RevConcat (correctness) (assertion batch 2),unchanged,False,correctness:LemmaRevConcat:1
lit/dafny1/Rippling.legacy.dfy:refresh,P21 (correctness),unchanged,False,correctness:P21:0
lit/dafny1/Rippling.legacy.dfy:refresh,P36 (correctness),unchanged,False,correctness:P36:0
lit/dafny1/Rippling.legacy.dfy:refresh,P15 (correctness),unchanged,False,correctness:P15:0
lit/dafny1/Rippling.legacy.dfy:refresh,P25 (correctness),unchanged,False,correctness:P25:0
lit/dafny1/Rippling.legacy.dfy:refresh,P38 (correctness),unchanged,False,correctness:P38:0
lit/dafny1/Rippling.legacy.dfy:refresh,P47 (correctness),unchanged,False,correctness:P47:0
lit/dafny1/Rippling.legacy.dfy:refresh,P1 (correctness),unchanged,False,correctness:P1:0
lit/dafny1/Rippling.legacy.dfy:refresh,P28 (correctness),unchanged,False,correctness:P28:0
lit/dafny1/Rippling.legacy.dfy:refresh,P29 (correctness),unchanged,False,correctness:P29:0
lit/dafny1/Rippling.legacy.dfy:refresh,P24 (correctness),unchanged,False,correctness:P24:0
lit/dafny1/Rippling.legacy.dfy:refresh,P23 (correctness),unchanged,False,correctness:P23:0
lit/dafny1/Rippling.legacy.dfy:refresh,P19 (correctness),unchanged,False,correctness:P19:0
lit/dafny1/Rippling.legacy.dfy:refresh,P30 (correctness),unchanged,False,correctness:P30:0
lit/dafny1/Rippling.legacy.dfy:refresh,P35 (correctness),unchanged,False,correctness:P35:0
lit/dafny1/Rippling.legacy.dfy:refresh,P41 (correctness),unchanged,False,correctness:P41:0
lit/dafny1/Rippling.legacy.dfy:refresh,P26 (correctness),unchanged,False,correctness:P26:0
lit/dafny1/Rippling.legacy.dfy:refresh,P34 (correctness),unchanged,False,correctness:P34:0
lit/dafny1/Rippling.legacy.dfy:refresh,P31 (correctness),unchanged,False,correctness:P31:0
lit/dafny1/Rippling.legacy.dfy:refresh,P39 (correctness),unchanged,False,correctness:P39:0
lit/dafny1/Rippling.legacy.dfy:refresh,P3 (correctness),unchanged,False,correctness:P3:0
lit/dafny1/Rippling.legacy.dfy:refresh,P33 (correctness),unchanged,False,correctness:P33:0
lit/dafny1/Rippling.legacy.dfy:refresh,P2_alt (correctness),unchanged,False,correctness:P2alt:0
lit/dafny1/Rippling.legacy.dfy:refresh,P45 (correctness),unchanged,False,correctness:P45:0
lit/dafny1/Rippling.legacy.dfy:refresh,P46 (correctness),unchanged,False,correctness:P46:0
lit/dafny1/Rippling.legacy.dfy:refresh,P17 (correctness),unchanged,False,correctness:P17:0
lit/dafny1/Rippling.legacy.dfy:refresh,P12 (correctness),unchanged,False,correctness:P12:0
lit/dafny1/Rippling.legacy.dfy:refresh,Lemma_RevConcat (correctness) (assertion batch 3),unchanged,False,correctness:LemmaRevConcat:2
lit/dafny1/Rippling.legacy.dfy:refresh,delete (well-formedness),unchanged,False,well-formedness:delete:0
lit/dafny1/Rippling.legacy.dfy:refresh,drop (well-formedness),unchanged,False,well-formedness:drop:0
lit/dafny1/Rippling.legacy.dfy:refresh,P40 (correctness),unchanged,False,correctness:P40:0
lit/dafny1/Rippling.legacy.dfy:refresh,dropWhileAlways (well-formedness),unchanged,False,well-formedness:dropWhileAlways:0
lit/dafny1/Rippling.legacy.dfy:refresh,P8 (correctness),unchanged,False,correctness:P8:0
lit/dafny1/Rippling.legacy.dfy:refresh,filter (well-formedness),unchanged,False,well-formedness:filter:0
lit/dafny1/Rippling.legacy.dfy:refresh,P32 (correctness),unchanged,False,correctness:P32:0
lit/dafny1/Rippling.legacy.dfy:refresh,P44 (correctness),unchanged,False,correctness:P44:0
lit/dafny1/Rippling.legacy.dfy:refresh,takeWhileAlways (well-formedness),unchanged,False,well-formedness:takeWhileAlways:0
lit/dafny1/Rippling.legacy.dfy:refresh,P16 (correctness),unchanged,False,correctness:P16:0
lit/dafny1/Rippling.legacy.dfy:refresh,Theorem (correctness),unchanged,False,correctness:Theorem:0
lit/dafny1/Rippling.legacy.dfy:refresh,P1_alt (correctness),unchanged,False,correctness:P1alt:0
lit/dafny1/Rippling.legacy.dfy:refresh,P42 (correctness),unchanged,False,correctness:P42:0
lit/dafny1/Rippling.legacy.dfy:refresh,apply (well-formedness),unchanged,False,well-formedness:apply:0
lit/dafny1/Rippling.legacy.dfy:refresh,P9 (correctness),unchanged,False,correctness:P9:0
lit/dafny1/Rippling.legacy.dfy:refresh,AboutAlwaysFalseFunction (correctness),unchanged,False,correctness:AboutAlwaysFalseFunction:0
lit/dafny1/Rippling.legacy.dfy:refresh,AboutAlwaysTrueFunction (correctness),unchanged,False,correctness:AboutAlwaysTrueFunction:0
lit/dafny1/Rippling.legacy.dfy:refresh,reverse (well-formedness),unchanged,False,well-formedness:reverse:0
lit/dafny1/Rippling.legacy.dfy:refresh,P6 (correctness),unchanged,False,correctness:P6:0
lit/dafny1/Rippling.legacy.dfy:refresh,P7 (correctness),unchanged,False,correctness:P7:0
lit/dafny1/Rippling.legacy.dfy:refresh,sort (well-formedness),unchanged,False,well-formedness:sort:0
lit/dafny1/Rippling.legacy.dfy:refresh,ins (well-formedness),unchanged,False,well-formedness:ins:0
lit/dafny1/Rippling.legacy.dfy:refresh,insort (well-formedness),unchanged,False,well-formedness:insort:0
lit/dafny1/Rippling.legacy.dfy:refresh,P5 (correctness),unchanged,False,correctness:P5:0
lit/dafny1/Rippling.legacy.dfy:refresh,P10 (correctness),unchanged,False,correctness:P10:0
lit/dafny1/Rippling.legacy.dfy:refresh,zip (well-formedness),unchanged,False,well-formedness:zip:0
lit/dafny1/Rippling.legacy.dfy:refresh,height (well-formedness),unchanged,False,well-formedness:height:0
lit/dafny1/Rippling.legacy.dfy:refresh,mem (well-formedness),unchanged,False,well-formedness:mem:0
lit/dafny1/Rippling.legacy.dfy:refresh,P4 (correctness),unchanged,False,correctness:P4:0
lit/dafny1/Rippling.legacy.dfy:refresh,eq (well-formedness),unchanged,False,well-formedness:eq:0
lit/dafny1/Rippling.legacy.dfy:refresh,count (well-formedness),unchanged,False,well-formedness:count:0
lit/dafny1/Rippling.legacy.dfy:refresh,leq (well-formedness),unchanged,False,well-formedness:leq:0
lit/dafny1/Rippling.legacy.dfy:refresh,ins1 (well-formedness),unchanged,False,well-formedness:ins1:0
lit/dafny1/Rippling.legacy.dfy:refresh,take (well-formedness),unchanged,False,well-formedness:take:0
lit/dafny1/Rippling.legacy.dfy:refresh,len (well-formedness),unchanged,False,well-formedness:len:0
lit/dafny1/Rippling.legacy.dfy:refresh,P11 (correctness),unchanged,False,correctness:P11:0
lit/dafny1/Rippling.legacy.dfy:refresh,P13 (correctness),unchanged,False,correctness:P13:0
lit/dafny1/Rippling.legacy.dfy:refresh,mirror (well-formedness),unchanged,False,well-formedness:mirror:0
lit/dafny1/Rippling.legacy.dfy:refresh,last (well-formedness),unchanged,False,well-formedness:last:0
lit/dafny1/Rippling.legacy.dfy:refresh,concat (well-formedness),unchanged,False,well-formedness:concat:0
lit/dafny1/Rippling.legacy.dfy:refresh,less (well-formedness),unchanged,False,well-formedness:less:0
lit/dafny1/Rippling.legacy.dfy:refresh,min (well-formedness),unchanged,False,well-formedness:min:0
lit/dafny1/Rippling.legacy.dfy:refresh,max (well-formedness),unchanged,False,well-formedness:max:0
lit/dafny2/SnapshotableTrees.dfy:refresh,SnapTree.Node.FunctionalInsert_Right (correctness),unchanged,False,correctness:SnapTreeNodeFunctionalInsertRight:0
lit/dafny2/SnapshotableTrees.dfy:refresh,SnapTree.Node.MutatingInsert_Right (correctness),unchanged,False,correctness:SnapTreeNodeMutatingInsertRight:0
lit/dafny2/SnapshotableTrees.dfy:refresh,SnapTree.Node.FunctionalInsert_Left (correctness),unchanged,False,correctness:SnapTreeNodeFunctionalInsertLeft:0
lit/dafny2/SnapshotableTrees.dfy:refresh,SnapTree.Node.MutatingInsert_Left (correctness),unchanged,False,correctness:SnapTreeNodeMutatingInsertLeft:0
lit/dafny2/SnapshotableTrees.dfy:refresh,SnapTree.Iterator.Push (correctness) (assertion batch 13),unchanged,False,correctness:SnapTreeIteratorPush:12
lit/dafny2/SnapshotableTrees.dfy:refresh,SnapTree.Tree.Insert (correctness),unchanged,False,correctness:SnapTreeTreeInsert:0
lit/dafny2/SnapshotableTrees.dfy:refresh,SnapTreeTestHarness.Main (correctness),unchanged,False,correctness:SnapTreeTestHarnessMain:0
lit/dafny2/SnapshotableTrees.dfy:refresh,SnapTree.Iterator.Push (correctness) (assertion batch 2),unchanged,False,correctness:SnapTreeIteratorPush:1
lit/dafny2/SnapshotableTrees.dfy:refresh,SnapTree.Iterator.Init_Aux (correctness),unchanged,False,correctness:SnapTreeIteratorInitAux:0
lit/dafny2/SnapshotableTrees.dfy:refresh,SnapTree.Iterator.MoveNext (correctness) (assertion batch 4),unchanged,False,correctness:SnapTreeIteratorMoveNext:3
lit/dafny2/SnapshotableTrees.dfy:refresh,SnapTree.Tree.CreateSnapshot (correctness),unchanged,False,correctness:SnapTreeTreeCreateSnapshot:0
lit/dafny2/SnapshotableTrees.dfy:refresh,SnapTree.Iterator.MoveNext (correctness) (assertion batch 5),unchanged,False,correctness:SnapTreeIteratorMoveNext:4
lit/dafny2/SnapshotableTrees.dfy:refresh,SnapTreeTestHarness.TestContents (correctness),unchanged,False,correctness:SnapTreeTestHarnessTestContents:0
lit/dafny2/SnapshotableTrees.dfy:refresh,SnapTreeTestHarness.TestConcurrentModification (correctness),unchanged,False,correctness:SnapTreeTestHarnessTestConcurrentModification:0
lit/dafny2/SnapshotableTrees.dfy:refresh,SnapTree.Node.Build (correctness),unchanged,False,correctness:SnapTreeNodeBuild:0
lit/dafny2/SnapshotableTrees.dfy:refresh,SnapTree.Node.NodeValid (well-formedness),unchanged,False,well-formedness:SnapTreeNodeNodeValid:0
lit/dafny2/SnapshotableTrees.dfy:refresh,SnapTree.Iterator.MoveNext (correctness) (assertion batch 7),unchanged,False,correctness:SnapTreeIteratorMoveNext:6
lit/dafny2/SnapshotableTrees.dfy:refresh,SnapTree.Iterator.Print (correctness),unchanged,False,correctness:SnapTreeIteratorPrint:0
lit/dafny2/SnapshotableTrees.dfy:refresh,SnapTree.Iterator.MoveNext (correctness) (assertion batch 6),unchanged,False,correctness:SnapTreeIteratorMoveNext:5
lit/dafny2/SnapshotableTrees.dfy:refresh,SnapTree.Tree.Valid (well-formedness),unchanged,False,well-formedness:SnapTreeTreeValid:0
lit/dafny2/SnapshotableTrees.dfy:refresh,SnapTree.Tree.Empty (correctness),unchanged,False,correctness:SnapTreeTreeEmpty:0
lit/dafny2/SnapshotableTrees.dfy:refresh,SnapTree.Iterator.MoveNext (correctness) (assertion batch 11),unchanged,False,correctness:SnapTreeIteratorMoveNext:10
lit/dafny2/SnapshotableTrees.dfy:refresh,SnapTree.Iterator.MoveNext (correctness) (assertion batch 9),unchanged,False,correctness:SnapTreeIteratorMoveNext:8
lit/dafny2/SnapshotableTrees.dfy:refresh,SnapTree.Iterator.MoveNext (correctness) (assertion batch 8),unchanged,False,correctness:SnapTreeIteratorMoveNext:7
lit/dafny2/SnapshotableTrees.dfy:refresh,SnapTree.Tree.Print (correctness),unchanged,False,correctness:SnapTreeTreePrint:0
lit/dafny2/SnapshotableTrees.dfy:refresh,SnapTree.Iterator.MoveNext (correctness) (assertion batch 26),unchanged,False,correctness:SnapTreeIteratorMoveNext:25
lit/dafny2/SnapshotableTrees.dfy:refresh,SnapTree.Tree.CreateIterator (correctness),unchanged,False,correctness:SnapTreeTreeCreateIterator:0
lit/dafny2/SnapshotableTrees.dfy:refresh,SnapTree.Tree.CreateIterator (well-formedness),unchanged,False,well-formedness:SnapTreeTreeCreateIterator:0
lit/dafny2/SnapshotableTrees.dfy:refresh,SnapTree.Node.Build (well-formedness),unchanged,False,well-formedness:SnapTreeNodeBuild:0
lit/dafny2/SnapshotableTrees.dfy:refresh,SnapTree.Tree.IsSortedProperty (well-formedness),unchanged,False,well-formedness:SnapTreeTreeIsSortedProperty:0
lit/dafny2/SnapshotableTrees.dfy:refresh,SnapTree.Iterator.MoveNext (well-formedness) (assertion batch 6),unchanged,False,well-formedness:SnapTreeIteratorMoveNext:5
lit/dafny2/SnapshotableTrees.dfy:refresh,SnapTree.Tree.CreateSnapshot (well-formedness),unchanged,False,well-formedness:SnapTreeTreeCreateSnapshot:0
lit/dafny2/SnapshotableTrees.dfy:refresh,SnapTree.Node.Init (correctness),unchanged,False,correctness:SnapTreeNodeInit:0
lit/dafny2/SnapshotableTrees.dfy:refresh,SnapTree.Iterator.MoveNext (correctness) (assertion batch 24),unchanged,False,correctness:SnapTreeIteratorMoveNext:23
lit/dafny2/SnapshotableTrees.dfy:refresh,SnapTree.Iterator.MoveNext (correctness) (assertion batch 21),unchanged,False,correctness:SnapTreeIteratorMoveNext:20
lit/dafny2/SnapshotableTrees.dfy:refresh,SnapTree.Iterator.Current (well-formedness),unchanged,False,well-formedness:SnapTreeIteratorCurrent:0
lit/dafny2/SnapshotableTrees.dfy:refresh,SnapTree.Iterator.Init (well-formedness),unchanged,False,well-formedness:SnapTreeIteratorInit:0
lit/dafny2/SnapshotableTrees.dfy:refresh,SnapTree.Iterator.Init (correctness),unchanged,False,correctness:SnapTreeIteratorInit:0
lit/dafny2/SnapshotableTrees.dfy:refresh,SnapTree.Iterator.Valid (well-formedness),unchanged,False,well-formedness:SnapTreeIteratorValid:0
lit/dafny2/SnapshotableTrees.dfy:refresh,SnapTree.Node.FunctionalInsert (correctness),unchanged,False,correctness:SnapTreeNodeFunctionalInsert:0
lit/dafny2/SnapshotableTrees.dfy:refresh,SnapTree.Tree.Insert (well-formedness),unchanged,False,well-formedness:SnapTreeTreeInsert:0
lit/dafny2/SnapshotableTrees.dfy:refresh,SnapTree.Iterator.MoveNext (correctness) (assertion batch 13),unchanged,False,correctness:SnapTreeIteratorMoveNext:12
lit/dafny2/SnapshotableTrees.dfy:refresh,SnapTree.Iterator.MoveNext (correctness) (assertion batch 14),unchanged,False,correctness:SnapTreeIteratorMoveNext:13
lit/dafny2/SnapshotableTrees.dfy:refresh,SnapTree.Iterator.MoveNext (correctness) (assertion batch 15),unchanged,False,correctness:SnapTreeIteratorMoveNext:14
lit/dafny2/SnapshotableTrees.dfy:refresh,SnapTree.Iterator.MoveNext (correctness) (assertion batch 10),unchanged,False,correctness:SnapTreeIteratorMoveNext:9
lit/dafny2/SnapshotableTrees.dfy:refresh,SnapTree.Tree.SmallIsSorted (correctness),unchanged,False,correctness:SnapTreeTreeSmallIsSorted:0
lit/dafny2/SnapshotableTrees.dfy:refresh,SnapTree.Iterator.MoveNext (well-formedness) (assertion batch 9),unchanged,False,well-formedness:SnapTreeIteratorMoveNext:8
lit/dafny2/SnapshotableTrees.dfy:refresh,SnapTree.Iterator.MoveNext (correctness) (assertion batch 12),unchanged,False,correctness:SnapTreeIteratorMoveNext:11
lit/dafny2/SnapshotableTrees.dfy:refresh,SnapTree.Iterator.MoveNext (correctness) (assertion batch 22),unchanged,False,correctness:SnapTreeIteratorMoveNext:21
lit/dafny2/SnapshotableTrees.dfy:refresh,SnapTree.Iterator.Current (correctness),unchanged,False,correctness:SnapTreeIteratorCurrent:0
lit/dafny2/SnapshotableTrees.dfy:refresh,SnapTree.Iterator.MoveNext (correctness) (assertion batch 20),unchanged,False,correctness:SnapTreeIteratorMoveNext:19
lit/dafny2/SnapshotableTrees.dfy:refresh,SnapTree.Node.MutatingInsert (correctness),unchanged,False,correctness:SnapTreeNodeMutatingInsert:0
lit/dafny2/SnapshotableTrees.dfy:refresh,SnapTree.Iterator.MoveNext (well-formedness) (assertion batch 4),unchanged,False,well-formedness:SnapTreeIteratorMoveNext:3
lit/dafny2/SnapshotableTrees.dfy:refresh,SnapTree.Iterator.Push (correctness) (assertion batch 10),unchanged,False,correctness:SnapTreeIteratorPush:9
lit/dafny2/SnapshotableTrees.dfy:refresh,SnapTree.Iterator.MoveNext (well-formedness) (assertion batch 3),unchanged,False,well-formedness:SnapTreeIteratorMoveNext:2
lit/dafny2/SnapshotableTrees.dfy:refresh,SnapTree.Node.MutatingInsert (well-formedness),unchanged,False,well-formedness:SnapTreeNodeMutatingInsert:0
lit/dafny2/SnapshotableTrees.dfy:refresh,SnapTree.Tree.Print (well-formedness),unchanged,False,well-formedness:SnapTreeTreePrint:0
lit/dafny2/SnapshotableTrees.dfy:refresh,SnapTree.Iterator.MoveNext (correctness) (assertion batch 18),unchanged,False,correctness:SnapTreeIteratorMoveNext:17
lit/dafny2/SnapshotableTrees.dfy:refresh,SnapTree.Iterator.Push (correctness) (assertion batch 4),unchanged,False,correctness:SnapTreeIteratorPush:3
lit/dafny2/SnapshotableTrees.dfy:refresh,SnapTree.Iterator.MoveNext (correctness) (assertion batch 28),unchanged,False,correctness:SnapTreeIteratorMoveNext:27
lit/dafny2/SnapshotableTrees.dfy:refresh,SnapTree.Iterator.MoveNext (correctness) (assertion batch 19),unchanged,False,correctness:SnapTreeIteratorMoveNext:18
lit/dafny2/SnapshotableTrees.dfy:refresh,SnapTree.Iterator.R (well-formedness),unchanged,False,well-formedness:SnapTreeIteratorR:0
lit/dafny2/SnapshotableTrees.dfy:refresh,SnapTree.Iterator.MoveNext (well-formedness) (assertion batch 11),unchanged,False,well-formedness:SnapTreeIteratorMoveNext:10
lit/dafny2/SnapshotableTrees.dfy:refresh,SnapTree.Iterator.MoveNext (correctness) (assertion batch 2),unchanged,False,correctness:SnapTreeIteratorMoveNext:1
lit/dafny2/SnapshotableTrees.dfy:refresh,SnapTree.Iterator.Init_Aux (well-formedness),unchanged,False,well-formedness:SnapTreeIteratorInitAux:0
lit/dafny2/SnapshotableTrees.dfy:refresh,SnapTree.Iterator.MoveNext (correctness) (assertion batch 25),unchanged,False,correctness:SnapTreeIteratorMoveNext:24
lit/dafny2/SnapshotableTrees.dfy:refresh,SnapTree.Iterator.MoveNext (correctness) (assertion batch 17),unchanged,False,correctness:SnapTreeIteratorMoveNext:16
lit/dafny2/SnapshotableTrees.dfy:refresh,SnapTree.Node.FunctionalInsert (well-formedness),unchanged,False,well-formedness:SnapTreeNodeFunctionalInsert:0
lit/dafny2/SnapshotableTrees.dfy:refresh,SnapTree.Node.CombineSortedSplit (correctness),unchanged,False,correctness:SnapTreeNodeCombineSortedSplit:0
lit/dafny2/SnapshotableTrees.dfy:refresh,SnapTree.Iterator.MoveNext (correctness) (assertion batch 16),unchanged,False,correctness:SnapTreeIteratorMoveNext:15
lit/dafny2/SnapshotableTrees.dfy:refresh,SnapTree.Iterator.MoveNext (well-formedness) (assertion batch 1),unchanged,False,well-formedness:SnapTreeIteratorMoveNext:0
lit/dafny2/SnapshotableTrees.dfy:refresh,SnapTree.Iterator.MoveNext (well-formedness) (assertion batch 10),unchanged,False,well-formedness:SnapTreeIteratorMoveNext:9
lit/dafny2/SnapshotableTrees.dfy:refresh,SnapTreeTestHarness.TestConcurrentModification (well-formedness),unchanged,False,well-formedness:SnapTreeTestHarnessTestConcurrentModification:0
lit/dafny2/SnapshotableTrees.dfy:refresh,SnapTree.Node.FunctionalInsert_Right (well-formedness),unchanged,False,well-formedness:SnapTreeNodeFunctionalInsertRight:0
lit/dafny2/SnapshotableTrees.dfy:refresh,SnapTree.Iterator.MoveNext (well-formedness) (assertion batch 5),unchanged,False,well-formedness:SnapTreeIteratorMoveNext:4
lit/dafny2/SnapshotableTrees.dfy:refresh,SnapTree.Tree.SortCombineProperty (correctness),unchanged,False,correctness:SnapTreeTreeSortCombineProperty:0
lit/dafny2/SnapshotableTrees.dfy:refresh,SnapTree.Iterator.MoveNext (well-formedness) (assertion batch 8),unchanged,False,well-formedness:SnapTreeIteratorMoveNext:7
lit/dafny2/SnapshotableTrees.dfy:refresh,SnapTree.Iterator.MoveNext (correctness) (assertion batch 3),unchanged,False,correctness:SnapTreeIteratorMoveNext:2
lit/dafny2/SnapshotableTrees.dfy:refresh,SnapTree.Iterator.MoveNext (well-formedness) (assertion batch 2),unchanged,False,well-formedness:SnapTreeIteratorMoveNext:1
lit/dafny2/SnapshotableTrees.dfy:refresh,SnapTree.Tree.AllBelow (well-formedness),unchanged,False,well-formedness:SnapTreeTreeAllBelow:0
lit/dafny2/SnapshotableTrees.dfy:refresh,SnapTree.Iterator.Push (correctness) (assertion batch 7),unchanged,False,correctness:SnapTreeIteratorPush:6
lit/dafny2/SnapshotableTrees.dfy:refresh,SnapTree.Node.MutatingInsert_Left (well-formedness),unchanged,False,well-formedness:SnapTreeNodeMutatingInsertLeft:0
lit/dafny2/SnapshotableTrees.dfy:refresh,SnapTree.Iterator.Push (correctness) (assertion batch 12),unchanged,False,correctness:SnapTreeIteratorPush:11
lit/dafny2/SnapshotableTrees.dfy:refresh,SnapTree.Iterator.MoveNext (correctness) (assertion batch 23),unchanged,False,correctness:SnapTreeIteratorMoveNext:22
lit/dafny2/SnapshotableTrees.dfy:refresh,SnapTree.Node.FunctionalInsert_Left (well-formedness),unchanged,False,well-formedness:SnapTreeNodeFunctionalInsertLeft:0
lit/dafny2/SnapshotableTrees.dfy:refresh,SnapTree.Iterator.MoveNext (correctness) (assertion batch 1),unchanged,False,correctness:SnapTreeIteratorMoveNext:0
lit/dafny2/SnapshotableTrees.dfy:refresh,SnapTree.Iterator.Push (correctness) (assertion batch 6),unchanged,False,correctness:SnapTreeIteratorPush:5
lit/dafny2/SnapshotableTrees.dfy:refresh,SnapTree.Iterator.Push (correctness) (assertion batch 3),unchanged,False,correctness:SnapTreeIteratorPush:2
lit/dafny2/SnapshotableTrees.dfy:refresh,SnapTree.Iterator.Push (well-formedness) (assertion batch 1),unchanged,False,well-formedness:SnapTreeIteratorPush:0
lit/dafny2/SnapshotableTrees.dfy:refresh,SnapTree.Iterator.MoveNext (correctness) (assertion batch 27),unchanged,False,correctness:SnapTreeIteratorMoveNext:26
lit/dafny2/SnapshotableTrees.dfy:refresh,SnapTree.Iterator.Push (well-formedness) (assertion batch 5),unchanged,False,well-formedness:SnapTreeIteratorPush:4
lit/dafny2/SnapshotableTrees.dfy:refresh,SnapTree.Iterator.Push (correctness) (assertion batch 9),unchanged,False,correctness:SnapTreeIteratorPush:8
lit/dafny2/SnapshotableTrees.dfy:refresh,SnapTree.Iterator.MoveNext (well-formedness) (assertion batch 7),unchanged,False,well-formedness:SnapTreeIteratorMoveNext:6
lit/dafny2/SnapshotableTrees.dfy:refresh,SnapTree.Iterator.Push (well-formedness) (assertion batch 2),unchanged,False,well-formedness:SnapTreeIteratorPush:1
lit/dafny2/SnapshotableTrees.dfy:refresh,SnapTree.Iterator.Push (well-formedness) (assertion batch 4),unchanged,False,well-formedness:SnapTreeIteratorPush:3
lit/dafny2/SnapshotableTrees.dfy:refresh,SnapTree.Node.SortedSplit (well-formedness),unchanged,False,well-formedness:SnapTreeNodeSortedSplit:0
lit/dafny2/SnapshotableTrees.dfy:refresh,SnapTree.Iterator.Push (correctness) (assertion batch 5),unchanged,False,correctness:SnapTreeIteratorPush:4
lit/dafny2/SnapshotableTrees.dfy:refresh,SnapTree.Iterator.Push (correctness) (assertion batch 8),unchanged,False,correctness:SnapTreeIteratorPush:7
lit/dafny2/SnapshotableTrees.dfy:refresh,SnapTree.Iterator.Push (correctness) (assertion batch 11),unchanged,False,correctness:SnapTreeIteratorPush:10
lit/dafny2/SnapshotableTrees.dfy:refresh,SnapTree.Node.MutatingInsert_Right (well-formedness),unchanged,False,well-formedness:SnapTreeNodeMutatingInsertRight:0
lit/dafny2/SnapshotableTrees.dfy:refresh,SnapTree.Iterator.Push (correctness) (assertion batch 1),unchanged,False,correctness:SnapTreeIteratorPush:0
lit/dafny2/SnapshotableTrees.dfy:refresh,SnapTree.Tree.AllAbove (well-formedness),unchanged,False,well-formedness:SnapTreeTreeAllAbove:0
lit/dafny2/SnapshotableTrees.dfy:refresh,SnapTree.Tree.IsSorted (well-formedness),unchanged,False,well-formedness:SnapTreeTreeIsSorted:0
lit/dafny2/SnapshotableTrees.dfy:refresh,SnapTree.Tree.IsSortedProperty (correctness),unchanged,False,correctness:SnapTreeTreeIsSortedProperty:0
lit/dafny2/SnapshotableTrees.dfy:refresh,SnapTree.Iterator.Push (well-formedness) (assertion batch 6),unchanged,False,well-formedness:SnapTreeIteratorPush:5
lit/dafny2/SnapshotableTrees.dfy:refresh,SnapTree.Node.CombineSplit (well-formedness),unchanged,False,well-formedness:SnapTreeNodeCombineSplit:0
lit/dafny2/SnapshotableTrees.dfy:refresh,SnapTree.Iterator.Push (well-formedness) (assertion batch 3),unchanged,False,well-formedness:SnapTreeIteratorPush:2
lit/dafny4/ExpandedGuardedness.dfy:refresh,Main (correctness),content,True,correctness:Main:0
lit/dafny4/ExpandedGuardedness.dfy:refresh,PrintStream (correctness),unchanged,False,correctness:PrintStream:0
lit/dafny4/ExpandedGuardedness.dfy:refresh,CUps# (correctness),unchanged,False,correctness:CUpsh:0
lit/dafny4/ExpandedGuardedness.dfy:refresh,TotalLang (well-formedness),unchanged,False,well-formedness:TotalLang:0
lit/dafny4/ExpandedGuardedness.dfy:refresh,UpIf' (well-formedness),unchanged,False,well-formedness:UpIfk:0
lit/dafny4/ExpandedGuardedness.dfy:refresh,UpIf (well-formedness),unchanged,False,well-formedness:UpIf:0
lit/dafny4/ExpandedGuardedness.dfy:refresh,GhostMain (correctness),content,True,correctness:GhostMain:0
lit/dafny4/ExpandedGuardedness.dfy:refresh,TotalLang_Nat (well-formedness),unchanged,False,well-formedness:TotalLangNat:0
lit/dafny4/ExpandedGuardedness.dfy:refresh,NothingTotal# (correctness),unchanged,False,correctness:NothingTotalh:0
lit/dafny4/ExpandedGuardedness.dfy:refresh,OnlyDsTotal# (correctness),unchanged,False,correctness:OnlyDsTotalh:0
lit/dafny4/ExpandedGuardedness.dfy:refresh,NothingTotal_Nat# (correctness),unchanged,False,correctness:NothingTotalNath:0
lit/dafny4/ExpandedGuardedness.dfy:refresh,OnlyDsTotal_Nat# (correctness),unchanged,False,correctness:OnlyDsTotalNath:0
lit/dafny4/git-issue39.dfy:refresh,BitsAsInt (well-formedness),content,False,well-formedness:BitsAsInt:0
lit/git-issues/git-issue-2927.dfy:refresh,DafnyNaCl.Index_16 (well-formedness),unchanged,False,well-formedness:DafnyNaClIndex16:0
lit/git-issues/git-issue-2927.dfy:refresh,DafnyNaCl.R2256 (well-formedness),unchanged,False,well-formedness:DafnyNaClR2256:0
lit/git-issues/git-issue-2927.dfy:refresh,DafnyNaCl.GF64 (well-formedness),reordered,False,well-formedness:DafnyNaClGF64:0
lit/git-issues/git-issue-2927.dfy:refresh,DafnyNaCl.Normal_GF64_Crashes (well-formedness),reordered,False,well-formedness:DafnyNaClNormalGF64Crashes:0
lit/git-issues/git-issue-2927.dfy:refresh,DafnyNaCl.Normal_GF64_OK (well-formedness),reordered,False,well-formedness:DafnyNaClNormalGF64OK:0
lit/git-issues/git-issue-2927.dfy:refresh,DafnyNaCl.GF64_Any_Limb (well-formedness),reordered,False,well-formedness:DafnyNaClGF64AnyLimb:0
lit/git-issues/git-issue-697j.dfy:refresh,Tests.Cell5 (well-formedness),unchanged,False,well-formedness:TestsCell5:0
lit/git-issues/git-issue-697j.dfy:refresh,Main (correctness),unchanged,False,correctness:Main:0
lit/git-issues/git-issue-697j.dfy:refresh,Tests.Test (correctness),unchanged,False,correctness:TestsTest:0
lit/git-issues/git-issue-697j.dfy:refresh,NewtypeSubsetType.Type2 (well-formedness),unchanged,False,well-formedness:NewtypeSubsetTypeType2:0
lit/git-issues/git-issue-697j.dfy:refresh,SubsetTypeNewtype.NonCompilableTestInt32 (well-formedness),unchanged,False,well-formedness:SubsetTypeNewtypeNonCompilableTestInt32:0
lit/git-issues/git-issue-697j.dfy:refresh,SubsetTypeNewtype.NonCompilableTest (well-formedness),unchanged,False,well-formedness:SubsetTypeNewtypeNonCompilableTest:0
lit/git-issues/git-issue-697j.dfy:refresh,Regressions.Test0 (correctness),unchanged,False,correctness:RegressionsTest0:0
lit/git-issues/git-issue-697j.dfy:refresh,Regressions.Filter (well-formedness),unchanged,False,well-formedness:RegressionsFilter:0
lit/git-issues/git-issue-697j.dfy:refresh,NewtypeSubsetType.CompilableTest (well-formedness),unchanged,False,well-formedness:NewtypeSubsetTypeCompilableTest:0
lit/git-issues/git-issue-697j.dfy:refresh,NewtypeNewtype.Test (correctness),content,False,correctness:NewtypeNewtypeTest:0
lit/git-issues/git-issue-697j.dfy:refresh,SubsetTypeSubsetType.Type4 (well-formedness),unchanged,False,well-formedness:SubsetTypeSubsetTypeType4:0
lit/git-issues/git-issue-697j.dfy:refresh,MoreNativeTypes.Test (correctness),content,False,correctness:MoreNativeTypesTest:0
lit/git-issues/git-issue-697j.dfy:refresh,NewtypeNewtype.Type6 (well-formedness),unchanged,False,well-formedness:NewtypeNewtypeType6:0
lit/git-issues/git-issue-697j.dfy:refresh,NewtypeSubsetType.Type4 (well-formedness),unchanged,False,well-formedness:NewtypeSubsetTypeType4:0
lit/git-issues/git-issue-697j.dfy:refresh,Tests.PInt (well-formedness),unchanged,False,well-formedness:TestsPInt:0
lit/git-issues/git-issue-697j.dfy:refresh,NewtypeSubsetType.NonCompilableTestInt32 (well-formedness),unchanged,False,well-formedness:NewtypeSubsetTypeNonCompilableTestInt32:0
lit/git-issues/git-issue-697j.dfy:refresh,NewtypeSubsetType.Type6 (well-formedness),unchanged,False,well-formedness:NewtypeSubsetTypeType6:0
lit/git-issues/git-issue-697j.dfy:refresh,SubsetTypeSubsetType.NonCompilableTest (well-formedness),unchanged,False,well-formedness:SubsetTypeSubsetTypeNonCompilableTest:0
lit/git-issues/git-issue-697j.dfy:refresh,NewtypeNewtype.CompilableTest (well-formedness),unchanged,False,well-formedness:NewtypeNewtypeCompilableTest:0
lit/git-issues/git-issue-697j.dfy:refresh,Tests.MyPNat (well-formedness),unchanged,False,well-formedness:TestsMyPNat:0
lit/git-issues/git-issue-697j.dfy:refresh,Tests.PNat (well-formedness),unchanged,False,well-formedness:TestsPNat:0
lit/git-issues/git-issue-697j.dfy:refresh,AnotherTest.SST (well-formedness),unchanged,False,well-formedness:AnotherTestSST:0
lit/git-issues/git-issue-697j.dfy:refresh,SubsetTypeNewtype.Type1 (well-formedness),unchanged,False,well-formedness:SubsetTypeNewtypeType1:0
lit/git-issues/git-issue-697j.dfy:refresh,Regressions.byte (well-formedness),unchanged,False,well-formedness:Regressionsbyte:0
lit/git-issues/git-issue-697j.dfy:refresh,SubsetTypeNewtype.Test (correctness),content,False,correctness:SubsetTypeNewtypeTest:0
lit/git-issues/git-issue-697j.dfy:refresh,NewtypeSubsetType.NonCompilableTest (well-formedness),unchanged,False,well-formedness:NewtypeSubsetTypeNonCompilableTest:0
lit/git-issues/git-issue-697j.dfy:refresh,Tests.MyPInt (well-formedness),unchanged,False,well-formedness:TestsMyPInt:0
lit/git-issues/git-issue-697j.dfy:refresh,SubsetTypeNewtype.Type2 (well-formedness),unchanged,False,well-formedness:SubsetTypeNewtypeType2:0
lit/git-issues/git-issue-697j.dfy:refresh,MoreNativeTypes.Int32d (well-formedness),unchanged,False,well-formedness:MoreNativeTypesInt32d:0
lit/git-issues/git-issue-697j.dfy:refresh,EvolvingNativeTypes.Not7Either (well-formedness),unchanged,False,well-formedness:EvolvingNativeTypesNot7Either:0
lit/git-issues/git-issue-697j.dfy:refresh,SubsetTypeSubsetType.Test (correctness),content,False,correctness:SubsetTypeSubsetTypeTest:0
lit/git-issues/git-issue-697j.dfy:refresh,SubsetTypeSubsetType.Type0 (well-formedness),unchanged,False,well-formedness:SubsetTypeSubsetTypeType0:0
lit/git-issues/git-issue-697j.dfy:refresh,SubsetTypeSubsetType.Type6 (well-formedness),unchanged,False,well-formedness:SubsetTypeSubsetTypeType6:0
lit/git-issues/git-issue-697j.dfy:refresh,EvolvingNativeTypes.Nat (well-formedness),unchanged,False,well-formedness:EvolvingNativeTypesNat:0
lit/git-issues/git-issue-697j.dfy:refresh,Regressions.NewByte (well-formedness),unchanged,False,well-formedness:RegressionsNewByte:0
lit/git-issues/git-issue-697j.dfy:refresh,MoreNativeTypes.LoSubset (well-formedness),unchanged,False,well-formedness:MoreNativeTypesLoSubset:0
lit/git-issues/git-issue-697j.dfy:refresh,NewtypeSubsetType.Test (correctness),content,False,correctness:NewtypeSubsetTypeTest:0
lit/git-issues/git-issue-697j.dfy:refresh,NewtypeNewtype.Type1 (well-formedness),unchanged,False,well-formedness:NewtypeNewtypeType1:0
lit/git-issues/git-issue-697j.dfy:refresh,NewtypeNewtype.Type0 (well-formedness),unchanged,False,well-formedness:NewtypeNewtypeType0:0
lit/git-issues/git-issue-697j.dfy:refresh,EvolvingNativeTypes.Test (correctness),content,False,correctness:EvolvingNativeTypesTest:0
lit/git-issues/git-issue-697j.dfy:refresh,NewtypeNewtype.NonCompilableTest (well-formedness),unchanged,False,well-formedness:NewtypeNewtypeNonCompilableTest:0
lit/git-issues/git-issue-697j.dfy:refresh,MoreNativeTypes.Int32b (well-formedness),unchanged,False,well-formedness:MoreNativeTypesInt32b:0
lit/git-issues/git-issue-697j.dfy:refresh,Regressions.Byyyte (well-formedness),unchanged,False,well-formedness:RegressionsByyyte:0
lit/git-issues/git-issue-697j.dfy:refresh,EvolvingNativeTypes.uint32 (well-formedness),unchanged,False,well-formedness:EvolvingNativeTypesuint32:0
lit/git-issues/git-issue-697j.dfy:refresh,NewtypeNewtype.Type2 (well-formedness),unchanged,False,well-formedness:NewtypeNewtypeType2:0
lit/git-issues/git-issue-697j.dfy:refresh,MoreNativeTypes.Int32c (well-formedness),unchanged,False,well-formedness:MoreNativeTypesInt32c:0
lit/git-issues/git-issue-697j.dfy:refresh,SubsetTypeNewtype.Type5 (well-formedness),unchanged,False,well-formedness:SubsetTypeNewtypeType5:0
lit/git-issues/git-issue-697j.dfy:refresh,MoreNativeTypes.Int32a (well-formedness),unchanged,False,well-formedness:MoreNativeTypesInt32a:0
lit/git-issues/git-issue-697j.dfy:refresh,SubsetTypeNewtype.CompilableTest (well-formedness),unchanged,False,well-formedness:SubsetTypeNewtypeCompilableTest:0
lit/git-issues/git-issue-697j.dfy:refresh,SubsetTypeNewtype.Type3 (well-formedness),unchanged,False,well-formedness:SubsetTypeNewtypeType3:0
lit/git-issues/git-issue-697j.dfy:refresh,MoreNativeTypes.LoNewtype (well-formedness),unchanged,False,well-formedness:MoreNativeTypesLoNewtype:0
lit/git-issues/git-issue-697j.dfy:refresh,SubsetTypeSubsetType.NonCompilableTestInt32 (well-formedness),unchanged,False,well-formedness:SubsetTypeSubsetTypeNonCompilableTestInt32:0
lit/git-issues/git-issue-697j.dfy:refresh,SubsetTypeNewtype.Type6 (well-formedness),unchanged,False,well-formedness:SubsetTypeNewtypeType6:0
lit/git-issues/git-issue-697j.dfy:refresh,NewtypeSubsetType.Type0 (well-formedness),unchanged,False,well-formedness:NewtypeSubsetTypeType0:0
lit/git-issues/git-issue-697j.dfy:refresh,MoreNativeTypes.Int32f (well-formedness),unchanged,False,well-formedness:MoreNativeTypesInt32f:0
lit/git-issues/git-issue-697j.dfy:refresh,NewtypeNewtype.NonCompilableTestInt32 (well-formedness),unchanged,False,well-formedness:NewtypeNewtypeNonCompilableTestInt32:0
lit/git-issues/git-issue-697j.dfy:refresh,NewtypeNewtype.Type5 (well-formedness),unchanged,False,well-formedness:NewtypeNewtypeType5:0
lit/git-issues/git-issue-697j.dfy:refresh,NewtypeNewtype.Type4 (well-formedness),unchanged,False,well-formedness:NewtypeNewtypeType4:0
lit/git-issues/git-issue-697j.dfy:refresh,NewtypeNewtype.Type3 (well-formedness),unchanged,False,well-formedness:NewtypeNewtypeType3:0
lit/git-issues/git-issue-697j.dfy:refresh,SubsetTypeSubsetType.Type2 (well-formedness),unchanged,False,well-formedness:SubsetTypeSubsetTypeType2:0
lit/git-issues/git-issue-697j.dfy:refresh,SubsetTypeNewtype.Type0 (well-formedness),unchanged,False,well-formedness:SubsetTypeNewtypeType0:0
lit/git-issues/git-issue-697j.dfy:refresh,EvolvingNativeTypes.byte (well-formedness),unchanged,False,well-formedness:EvolvingNativeTypesbyte:0
lit/git-issues/git-issue-697j.dfy:refresh,Regressions.ByteBase (well-formedness),unchanged,False,well-formedness:RegressionsByteBase:0
lit/git-issues/git-issue-697j.dfy:refresh,MoreNativeTypes.Int32e (well-formedness),unchanged,False,well-formedness:MoreNativeTypesInt32e:0
lit/git-issues/git-issue-697j.dfy:refresh,SubsetTypeNewtype.Type4 (well-formedness),unchanged,False,well-formedness:SubsetTypeNewtypeType4:0
lit/git-issues/git-issue-697j.dfy:refresh,SubsetTypeSubsetType.CompilableTest (well-formedness),unchanged,False,well-formedness:SubsetTypeSubsetTypeCompilableTest:0
lit/git-issues/github-issue-4483.dfy:refresh,uint64 (well-formedness),reordered,False,well-formedness:uint64:0
lit/git-issues/github-issue-4483.dfy:refresh,Foo (correctness),reordered,False,correctness:Foo:0
lit/unicodecharsFalse/comp/Arrays.dfy:refresh,Coercions (correctness),unchanged,False,correctness:Coercions:0
lit/unicodecharsFalse/comp/Arrays.dfy:refresh,ArrayAllocationInitialization.TestMatrixTypeParameter (correctness),unchanged,False,correctness:ArrayAllocationInitializationTestMatrixTypeParameter:0
lit/unicodecharsFalse/comp/Arrays.dfy:refresh,LinearSearch (well-formedness),unchanged,False,well-formedness:LinearSearch:0
lit/unicodecharsFalse/comp/Arrays.dfy:refresh,Index (correctness),unchanged,False,correctness:Index:0
lit/unicodecharsFalse/comp/Arrays.dfy:refresh,NativeArrays.Test (correctness),unchanged,False,correctness:NativeArraysTest:0
lit/unicodecharsFalse/comp/Arrays.dfy:refresh,ArrayToSeq.Test (correctness),unchanged,False,correctness:ArrayToSeqTest:0
lit/unicodecharsFalse/comp/Arrays.dfy:refresh,MoreWithDefaults (correctness),reordered,False,correctness:MoreWithDefaults:0
lit/unicodecharsFalse/comp/Arrays.dfy:refresh,Cell._ctor (correctness),unchanged,False,correctness:Cellctor:0
lit/unicodecharsFalse/comp/Arrays.dfy:refresh,ArrayAllocationInitialization.TestByte (correctness),unchanged,False,correctness:ArrayAllocationInitializationTestByte:0
lit/unicodecharsFalse/comp/Arrays.dfy:refresh,ArrayAllocationInitialization.TestChar (correctness),unchanged,False,correctness:ArrayAllocationInitializationTestChar:0
lit/unicodecharsFalse/comp/Arrays.dfy:refresh,MultipleDimensions (correctness),unchanged,False,correctness:MultipleDimensions:0
lit/unicodecharsFalse/comp/Arrays.dfy:refresh,LinearSearch (correctness),unchanged,False,correctness:LinearSearch:0
lit/unicodecharsFalse/comp/Arrays.dfy:refresh,More (correctness),reordered,False,correctness:More:0
lit/unicodecharsFalse/comp/Arrays.dfy:refresh,MoreArrays.StringToByteArray (correctness),unchanged,False,correctness:MoreArraysStringToByteArray:0
lit/unicodecharsFalse/comp/Arrays.dfy:refresh,ArrayAllocationInitialization.TestTypeParameter (correctness),unchanged,False,correctness:ArrayAllocationInitializationTestTypeParameter:0
lit/unicodecharsFalse/comp/Arrays.dfy:refresh,ArrayAllocationInitialization.byte (well-formedness),unchanged,False,well-formedness:ArrayAllocationInitializationbyte:0
lit/unicodecharsFalse/comp/Arrays.dfy:refresh,ArrayAllocationInitialization.TestAutoInit (correctness),unchanged,False,correctness:ArrayAllocationInitializationTestAutoInit:0
lit/unicodecharsFalse/comp/Arrays.dfy:refresh,TypeSynonym.BufferTest (correctness),content,False,correctness:TypeSynonymBufferTest:0
lit/unicodecharsFalse/comp/Arrays.dfy:refresh,ArrayAllocationInitialization.TestMatrixAutoInit (correctness),unchanged,False,correctness:ArrayAllocationInitializationTestMatrixAutoInit:0
lit/unicodecharsFalse/comp/Arrays.dfy:refresh,NativeArrays.TestVariousFlavorsOfIndices (correctness),unchanged,False,correctness:NativeArraysTestVariousFlavorsOfIndices:0
lit/unicodecharsFalse/comp/Arrays.dfy:refresh,MoreArrays.TestEqualityOfSomeNonArraysToo (correctness),unchanged,False,correctness:MoreArraysTestEqualityOfSomeNonArraysToo:0
lit/unicodecharsFalse/comp/Arrays.dfy:refresh,MoreArrays.WriteLine (correctness),unchanged,False,correctness:MoreArraysWriteLine:0
lit/unicodecharsFalse/comp/Arrays.dfy:refresh,ArrayAllocationInitialization.MatrixToSequence (well-formedness),unchanged,False,well-formedness:ArrayAllocationInitializationMatrixToSequence:0
lit/unicodecharsFalse/comp/Arrays.dfy:refresh,ArrayAllocationInitialization.TestNonAutoInit (correctness),unchanged,False,correctness:ArrayAllocationInitializationTestNonAutoInit:0
lit/unicodecharsFalse/comp/Arrays.dfy:refresh,DiagMatrix (correctness),unchanged,False,correctness:DiagMatrix:0
lit/unicodecharsFalse/comp/Arrays.dfy:refresh,InitTests (correctness),unchanged,False,correctness:InitTests:0
lit/unicodecharsFalse/comp/Arrays.dfy:refresh,TypeSpecialization.byte (well-formedness),unchanged,False,well-formedness:TypeSpecializationbyte:0
lit/unicodecharsFalse/comp/Arrays.dfy:refresh,Main (correctness),unchanged,False,correctness:Main:0
lit/unicodecharsFalse/comp/Arrays.dfy:refresh,xYes (well-formedness),unchanged,False,well-formedness:xYes:0
lit/unicodecharsFalse/comp/Arrays.dfy:refresh,TypeSpecialization.Byte (correctness),unchanged,False,correctness:TypeSpecializationByte:0
lit/unicodecharsFalse/comp/Arrays.dfy:refresh,SimultaneousAssignment.Test (correctness),unchanged,False,correctness:SimultaneousAssignmentTest:0
lit/unicodecharsFalse/comp/Arrays.dfy:refresh,ubyte (well-formedness),unchanged,False,well-formedness:ubyte:0
lit/unicodecharsFalse/comp/Arrays.dfy:refresh,PrintMatrix (correctness),unchanged,False,correctness:PrintMatrix:0
lit/unicodecharsFalse/comp/Arrays.dfy:refresh,Cell.MArray (correctness),unchanged,False,correctness:CellMArray:0
lit/unicodecharsFalse/comp/Arrays.dfy:refresh,TypeSynonym.uint8 (well-formedness),unchanged,False,well-formedness:TypeSynonymuint8:0
lit/unicodecharsFalse/comp/Arrays.dfy:refresh,Cell._ctor (well-formedness),unchanged,False,well-formedness:Cellctor:0
lit/unicodecharsFalse/comp/Arrays.dfy:refresh,ArrayAllocationInitialization.AutoInit (well-formedness),unchanged,False,well-formedness:ArrayAllocationInitializationAutoInit:0
lit/unicodecharsFalse/comp/Arrays.dfy:refresh,GenericArrayEquality.Test (correctness),unchanged,False,correctness:GenericArrayEqualityTest:0
lit/unicodecharsFalse/comp/Arrays.dfy:refresh,Cell.FArray (well-formedness),unchanged,False,well-formedness:CellFArray:0
lit/unicodecharsFalse/comp/Arrays.dfy:refresh,NativeArrays.PrintArray (correctness),unchanged,False,correctness:NativeArraysPrintArray:0
lit/unicodecharsFalse/comp/Arrays.dfy:refresh,ArrayAllocationInitialization.M2S (well-formedness),unchanged,False,well-formedness:ArrayAllocationInitializationM2S:0
lit/unicodecharsFalse/comp/Arrays.dfy:refresh,BV10 (well-formedness),unchanged,False,well-formedness:BV10:0
lit/unicodecharsFalse/comp/Arrays.dfy:refresh,TypeSpecialization.Char (correctness),unchanged,False,correctness:TypeSpecializationChar:0
lit/unicodecharsFalse/comp/Arrays.dfy:refresh,CharValues (correctness),unchanged,False,correctness:CharValues:0
lit/unicodecharsFalse/comp/Arrays.dfy:refresh,VariationsOnIndexAndDimensionTypes.TestMatrix (correctness),unchanged,False,correctness:VariationsOnIndexAndDimensionTypesTestMatrix:0
lit/unicodecharsFalse/comp/Arrays.dfy:refresh,TypeSpecialization.Int (correctness),unchanged,False,correctness:TypeSpecializationInt:0
lit/unicodecharsFalse/comp/Arrays.dfy:refresh,MoreArrays.Test (correctness),unchanged,False,correctness:MoreArraysTest:0
lit/unicodecharsFalse/comp/Arrays.dfy:refresh,ArrayAllocationInitialization.ByteF (well-formedness),unchanged,False,well-formedness:ArrayAllocationInitializationByteF:0
lit/unicodecharsFalse/comp/Arrays.dfy:refresh,xnByte (well-formedness),unchanged,False,well-formedness:xnByte:0
lit/unicodecharsFalse/comp/Arrays.dfy:refresh,TypeSpecialization.Byte (well-formedness),unchanged,False,well-formedness:TypeSpecializationByte:0
lit/unicodecharsFalse/comp/Arrays.dfy:refresh,Cell.MArray2 (correctness),unchanged,False,correctness:CellMArray2:0
lit/unicodecharsFalse/comp/Arrays.dfy:refresh,lowercase (well-formedness),unchanged,False,well-formedness:lowercase:0
lit/unicodecharsFalse/comp/Arrays.dfy:refresh,xBV10 (well-formedness),unchanged,False,well-formedness:xBV10:0
lit/unicodecharsFalse/comp/Arrays.dfy:refresh,TypeSpecialization.Char (well-formedness),unchanged,False,well-formedness:TypeSpecializationChar:0
lit/unicodecharsFalse/comp/Arrays.dfy:refresh,ArrayAllocationInitialization.AutoInitF (well-formedness),unchanged,False,well-formedness:ArrayAllocationInitializationAutoInitF:0
lit/unicodecharsFalse/comp/Arrays.dfy:refresh,MoreArrays.byte (well-formedness),unchanged,False,well-formedness:MoreArraysbyte:0
lit/unicodecharsFalse/comp/Arrays.dfy:refresh,ArrayAllocationInitialization.NonAutoInitF (well-formedness),unchanged,False,well-formedness:ArrayAllocationInitializationNonAutoInitF:0
lit/unicodecharsFalse/comp/Arrays.dfy:refresh,xchar (well-formedness),unchanged,False,well-formedness:xchar:0
lit/unicodecharsFalse/comp/Arrays.dfy:refresh,ArrayToSeq.byte (well-formedness),unchanged,False,well-formedness:ArrayToSeqbyte:0
lit/unicodecharsFalse/comp/Arrays.dfy:refresh,VariationsOnIndexAndDimensionTypes.TestArray (correctness),unchanged,False,correctness:VariationsOnIndexAndDimensionTypesTestArray:0
lit/unicodecharsFalse/comp/Arrays.dfy:refresh,Cell.UArray (correctness),unchanged,False,correctness:CellUArray:0
lit/unicodecharsFalse/comp/Arrays.dfy:refresh,short (well-formedness),unchanged,False,well-formedness:short:0
lit/unicodecharsFalse/comp/Arrays.dfy:refresh,ArrayAllocationInitialization.ByteF2 (well-formedness),unchanged,False,well-formedness:ArrayAllocationInitializationByteF2:0
lit/unicodecharsFalse/comp/Arrays.dfy:refresh,PrintArrayArray (correctness),unchanged,False,correctness:PrintArrayArray:0
lit/unicodecharsFalse/comp/Arrays.dfy:refresh,VariationsOnIndexAndDimensionTypes.onebyte (well-formedness),unchanged,False,well-formedness:VariationsOnIndexAndDimensionTypesonebyte:0
lit/unicodecharsFalse/comp/Arrays.dfy:refresh,VariationsOnIndexAndDimensionTypes.byte (well-formedness),unchanged,False,well-formedness:VariationsOnIndexAndDimensionTypesbyte:0
lit/unicodecharsFalse/comp/Arrays.dfy:refresh,nInt (well-formedness),unchanged,False,well-formedness:nInt:0
lit/unicodecharsFalse/comp/Arrays.dfy:refresh,NativeArrays.onebyte (well-formedness),unchanged,False,well-formedness:NativeArraysonebyte:0
lit/unicodecharsFalse/comp/Arrays.dfy:refresh,TypeSynonym.Test (correctness),content,False,correctness:TypeSynonymTest:0
lit/unicodecharsFalse/comp/Arrays.dfy:refresh,xnShort (well-formedness),unchanged,False,well-formedness:xnShort:0
lit/unicodecharsFalse/comp/Arrays.dfy:refresh,ArrayAllocationInitialization.AutoInitF2 (well-formedness),unchanged,False,well-formedness:ArrayAllocationInitializationAutoInitF2:0
lit/unicodecharsFalse/comp/Arrays.dfy:refresh,Yes (well-formedness),unchanged,False,well-formedness:Yes:0
lit/unicodecharsFalse/comp/Arrays.dfy:refresh,xnLong (well-formedness),unchanged,False,well-formedness:xnLong:0
lit/unicodecharsFalse/comp/Arrays.dfy:refresh,xnInt (well-formedness),unchanged,False,well-formedness:xnInt:0
lit/unicodecharsFalse/comp/Arrays.dfy:refresh,zchar (well-formedness),unchanged,False,well-formedness:zchar:0
lit/unicodecharsFalse/comp/Arrays.dfy:refresh,ArrayAllocationInitialization.CharF (well-formedness),unchanged,False,well-formedness:ArrayAllocationInitializationCharF:0
lit/unicodecharsFalse/comp/Arrays.dfy:refresh,TypeSpecialization.Int (well-formedness),unchanged,False,well-formedness:TypeSpecializationInt:0
lit/unicodecharsFalse/comp/Arrays.dfy:refresh,VariationsOnIndexAndDimensionTypes.Long (well-formedness),unchanged,False,well-formedness:VariationsOnIndexAndDimensionTypesLong:0
lit/unicodecharsFalse/comp/Arrays.dfy:refresh,VariationsOnIndexAndDimensionTypes.F (well-formedness),unchanged,False,well-formedness:VariationsOnIndexAndDimensionTypesF:0
lit/unicodecharsFalse/comp/Arrays.dfy:refresh,TypeSynonym.buffer (well-formedness),unchanged,False,well-formedness:TypeSynonymbuffer:0
lit/unicodecharsFalse/comp/Arrays.dfy:refresh,PrintArray (correctness),unchanged,False,correctness:PrintArray:0
lit/unicodecharsFalse/comp/Arrays.dfy:refresh,nShort (well-formedness),unchanged,False,well-formedness:nShort:0
lit/unicodecharsFalse/comp/Arrays.dfy:refresh,NativeArrays.byte (well-formedness),unchanged,False,well-formedness:NativeArraysbyte:0
lit/unicodecharsFalse/comp/Arrays.dfy:refresh,ArrayAllocationInitialization.Test (correctness),unchanged,False,correctness:ArrayAllocationInitializationTest:0
lit/unicodecharsFalse/comp/Arrays.dfy:refresh,TypeSpecialization.Test (correctness),unchanged,False,correctness:TypeSpecializationTest:0
lit/unicodecharsFalse/comp/Arrays.dfy:refresh,ychar (well-formedness),unchanged,False,well-formedness:ychar:0
lit/unicodecharsFalse/comp/Arrays.dfy:refresh,nByte (well-formedness),unchanged,False,well-formedness:nByte:0
lit/unicodecharsFalse/comp/Arrays.dfy:refresh,nLong (well-formedness),unchanged,False,well-formedness:nLong:0
lit/unicodecharsFalse/comp/Arrays.dfy:refresh,VariationsOnIndexAndDimensionTypes.Test (correctness),unchanged,False,correctness:VariationsOnIndexAndDimensionTypesTest:0
lit/unicodecharsFalse/comp/Comprehensions.dfy:refresh,LetSuchThat (correctness),unchanged,False,correctness:LetSuchThat:0
lit/unicodecharsFalse/comp/Comprehensions.dfy:refresh,Even (well-formedness),unchanged,False,well-formedness:Even:0
lit/unicodecharsFalse/comp/Comprehensions.dfy:refresh,AltControlFlow (correctness),unchanged,False,correctness:AltControlFlow:0
lit/unicodecharsFalse/comp/Comprehensions.dfy:refresh,EnumerationRegression.Test (correctness),content,False,correctness:EnumerationRegressionTest:0
lit/unicodecharsFalse/comp/Comprehensions.dfy:refresh,Main (correctness),unchanged,False,correctness:Main:0
lit/unicodecharsFalse/comp/Comprehensions.dfy:refresh,AssignSuchThat (correctness),unchanged,False,correctness:AssignSuchThat:0
lit/unicodecharsFalse/comp/Comprehensions.dfy:refresh,FindRange (well-formedness),unchanged,False,well-formedness:FindRange:0
lit/unicodecharsFalse/comp/Comprehensions.dfy:refresh,Enumerations (correctness),content,True,correctness:Enumerations:0
lit/unicodecharsFalse/comp/Comprehensions.dfy:refresh,FindRangeIf (well-formedness),unchanged,False,well-formedness:FindRangeIf:0
lit/unicodecharsFalse/comp/Comprehensions.dfy:refresh,EnumerationsMaybeNull (correctness),content,True,correctness:EnumerationsMaybeNull:0
lit/unicodecharsFalse/comp/Comprehensions.dfy:refresh,GoNil (correctness),unchanged,False,correctness:GoNil:0
lit/unicodecharsFalse/comp/Comprehensions.dfy:refresh,EnumerationRegression.ToSeq (correctness),unchanged,False,correctness:EnumerationRegressionToSeq:0
lit/unicodecharsFalse/comp/Comprehensions.dfy:refresh,ObjectTests.Test (correctness),unchanged,False,correctness:ObjectTestsTest:0
lit/unicodecharsFalse/comp/Comprehensions.dfy:refresh,TestImplicitTypeTests.Test (correctness),unchanged,False,correctness:TestImplicitTypeTestsTest:0
lit/unicodecharsFalse/comp/Comprehensions.dfy:refresh,EnumerationRegression.AlsoLong (well-formedness),unchanged,False,well-formedness:EnumerationRegressionAlsoLong:0
lit/unicodecharsFalse/comp/Comprehensions.dfy:refresh,EnumerationRegression.Digit (well-formedness),content,False,well-formedness:EnumerationRegressionDigit:0
lit/unicodecharsFalse/comp/Comprehensions.dfy:refresh,SetComprehension0 (correctness),unchanged,False,correctness:SetComprehension0:0
lit/unicodecharsFalse/comp/Comprehensions.dfy:refresh,FindRange (correctness),unchanged,False,correctness:FindRange:0
lit/unicodecharsFalse/comp/Comprehensions.dfy:refresh,MapComprehension (correctness),content,True,correctness:MapComprehension:0
lit/unicodecharsFalse/comp/Comprehensions.dfy:refresh,SetComprehension1 (correctness),unchanged,False,correctness:SetComprehension1:0
lit/unicodecharsFalse/comp/Comprehensions.dfy:refresh,FindRangeIf (correctness),unchanged,False,correctness:FindRangeIf:0
lit/unicodecharsFalse/comp/Comprehensions.dfy:refresh,TestCollectionEmptiness (correctness),unchanged,False,correctness:TestCollectionEmptiness:0
lit/unicodecharsFalse/comp/Comprehensions.dfy:refresh,EnumerationRegression.Long (well-formedness),unchanged,False,well-formedness:EnumerationRegressionLong:0
lit/unicodecharsFalse/comp/Comprehensions.dfy:refresh,NewtypeRangeRegression.Test (correctness),unchanged,False,correctness:NewtypeRangeRegressionTest:0
lit/unicodecharsFalse/comp/Comprehensions.dfy:refresh,SetComprehension2 (correctness),unchanged,False,correctness:SetComprehension2:0
lit/unicodecharsFalse/comp/Comprehensions.dfy:refresh,Sequences (correctness),unchanged,False,correctness:Sequences:0
lit/unicodecharsFalse/comp/Comprehensions.dfy:refresh,FindRangeBindingGuardAlt (correctness),unchanged,False,correctness:FindRangeBindingGuardAlt:0
lit/unicodecharsFalse/comp/Comprehensions.dfy:refresh,OutParamsUnderLambdas (correctness),unchanged,False,correctness:OutParamsUnderLambdas:0
lit/unicodecharsFalse/comp/Comprehensions.dfy:refresh,FindRangeBindingGuard (correctness),unchanged,False,correctness:FindRangeBindingGuard:0
lit/unicodecharsFalse/comp/Comprehensions.dfy:refresh,FindRangeBindingGuard (well-formedness),unchanged,False,well-formedness:FindRangeBindingGuard:0
lit/unicodecharsFalse/comp/Comprehensions.dfy:refresh,FindRangeBindingGuardAlt (well-formedness),unchanged,False,well-formedness:FindRangeBindingGuardAlt:0
lit/unicodecharsFalse/comp/Comprehensions.dfy:refresh,SetComprehension (correctness),unchanged,False,correctness:SetComprehension:0
std/JSON/ConcreteSyntax.SpecProperties.dfy,Std.JSON.ConcreteSyntax.SpecProperties.Bracketed_Morphism_Requires (well-formedness),reordered,False,well-formedness:StdJSONConcreteSyntaxSpecPropertiesBracketedMorphismRequires:0
std/JSON/ConcreteSyntax.SpecProperties.dfy,Std.JSON.ConcreteSyntax.SpecProperties.Bracketed_Morphism (well-formedness),reordered,False,well-formedness:StdJSONConcreteSyntaxSpecPropertiesBracketedMorphism:0
std/JSON/ConcreteSyntax.SpecProperties.dfy,Std.JSON.ConcreteSyntax.SpecProperties.Bracketed_Morphism (correctness),reordered,False,correctness:StdJSONConcreteSyntaxSpecPropertiesBracketedMorphism:0
std/JSON/ConcreteSyntax.SpecProperties.dfy,Std.JSON.ConcreteSyntax.SpecProperties.ConcatBytes_Linear (correctness),unchanged,False,correctness:StdJSONConcreteSyntaxSpecPropertiesConcatBytesLinear:0
std/JSON/ConcreteSyntax.SpecProperties.dfy,Std.JSON.ConcreteSyntax.SpecProperties.ConcatBytes_Morphism (well-formedness),unchanged,False,well-formedness:StdJSONConcreteSyntaxSpecPropertiesConcatBytesMorphism:0
std/JSON/ConcreteSyntax.SpecProperties.dfy,Std.JSON.ConcreteSyntax.SpecProperties.ConcatBytes_Linear (well-formedness),content,False,well-formedness:StdJSONConcreteSyntaxSpecPropertiesConcatBytesLinear:0
std/JSON/ConcreteSyntax.SpecProperties.dfy,Std.JSON.ConcreteSyntax.SpecProperties.ConcatBytes_Morphism (correctness),content,False,correctness:StdJSONConcreteSyntaxSpecPropertiesConcatBytesMorphism:0
std/JSON/Serializer.dfy,Std.JSON.Serializer.Number (well-formedness) (assertion batch 11),reordered,False,well-formedness:StdJSONSerializerNumber:10
std/JSON/Serializer.dfy,Std.JSON.Serializer.KeyValue (well-formedness),reordered,False,well-formedness:StdJSONSerializerKeyValue:0
std/JSON/Serializer.dfy,Std.JSON.Serializer.Object (well-formedness),reordered,False,well-formedness:StdJSONSerializerObject:0
std/JSON/Serializer.dfy,Std.JSON.Serializer.Value (well-formedness),reordered,False,well-formedness:StdJSONSerializerValue:0
std/JSON/Serializer.dfy,Std.JSON.Serializer.Array (well-formedness),reordered,False,well-formedness:StdJSONSerializerArray:0
std/JSON/Serializer.dfy,Std.JSON.Serializer.String (well-formedness),reordered,False,well-formedness:StdJSONSerializerString:0
std/JSON/Serializer.dfy,Std.JSON.Serializer.JSON (well-formedness),reordered,False,well-formedness:StdJSONSerializerJSON:0
std/JSON/Serializer.dfy,Std.JSON.Serializer.Number (well-formedness) (assertion batch 3),reordered,False,well-formedness:StdJSONSerializerNumber:2
std/JSON/Serializer.dfy,Std.JSON.Serializer.Number (well-formedness) (assertion batch 9),reordered,False,well-formedness:StdJSONSerializerNumber:8
std/JSON/Serializer.dfy,Std.JSON.Serializer.bytes32 (well-formedness),reordered,False,well-formedness:StdJSONSerializerbytes32:0
std/JSON/Serializer.dfy,Std.JSON.Serializer.string32 (well-formedness),reordered,False,well-formedness:StdJSONSerializerstring32:0
std/JSON/Serializer.dfy,Std.JSON.Serializer.Number (well-formedness) (assertion batch 12),reordered,False,well-formedness:StdJSONSerializerNumber:11
std/JSON/Serializer.dfy,Std.JSON.Serializer.Number (well-formedness) (assertion batch 10),reordered,False,well-formedness:StdJSONSerializerNumber:9
std/JSON/Serializer.dfy,Std.JSON.Serializer.Int (well-formedness),reordered,False,well-formedness:StdJSONSerializerInt:0
std/JSON/Serializer.dfy,Std.JSON.Serializer.Number (well-formedness) (assertion batch 6),reordered,False,well-formedness:StdJSONSerializerNumber:5
std/JSON/Serializer.dfy,Std.JSON.Serializer.Number (well-formedness) (assertion batch 1),reordered,False,well-formedness:StdJSONSerializerNumber:0
std/JSON/Serializer.dfy,Std.JSON.Serializer.Number (well-formedness) (assertion batch 7),reordered,False,well-formedness:StdJSONSerializerNumber:6
std/JSON/Serializer.dfy,Std.JSON.Serializer.Number (well-formedness) (assertion batch 5),reordered,False,well-formedness:StdJSONSerializerNumber:4
std/JSON/Serializer.dfy,Std.JSON.Serializer.Number (well-formedness) (assertion batch 13),reordered,False,well-formedness:StdJSONSerializerNumber:12
std/JSON/Serializer.dfy,Std.JSON.Serializer.COMMA (well-formedness),reordered,False,well-formedness:StdJSONSerializerCOMMA:0
std/JSON/Serializer.dfy,Std.JSON.Serializer.COLON (well-formedness),reordered,False,well-formedness:StdJSONSerializerCOLON:0
std/JSON/Serializer.dfy,Std.JSON.Serializer.Number (well-formedness) (assertion batch 2),reordered,False,well-formedness:StdJSONSerializerNumber:1
std/JSON/Serializer.dfy,Std.JSON.Serializer.Number (well-formedness) (assertion batch 8),reordered,False,well-formedness:StdJSONSerializerNumber:7
std/JSON/Serializer.dfy,Std.JSON.Serializer.Number (well-formedness) (assertion batch 4),reordered,False,well-formedness:StdJSONSerializerNumber:3
std/JSON/Serializer.dfy,Std.JSON.Serializer.Bool (well-formedness),reordered,False,well-formedness:StdJSONSerializerBool:0
std/JSON/Serializer.dfy,Std.JSON.Serializer.Int' (well-formedness),unchanged,False,well-formedness:StdJSONSerializerIntk:0
std/JSON/Serializer.dfy,Std.JSON.Serializer.MkSuffixedSequence (well-formedness),unchanged,False,well-formedness:StdJSONSerializerMkSuffixedSequence:0
std/JSON/Serializer.dfy,Std.JSON.Serializer.MINUS (well-formedness),unchanged,False,well-formedness:StdJSONSerializerMINUS:0
std/JSON/Serializer.dfy,Std.JSON.Serializer.MkStructural (well-formedness),reordered,False,well-formedness:StdJSONSerializerMkStructural:0
std/JSON/Serializer.dfy,Std.JSON.Serializer.Sign (well-formedness),reordered,False,well-formedness:StdJSONSerializerSign:0
std/JSON/Utils/Cursors.dfy,Std.JSON.Utils.Cursors.Cursor_.SkipWhile (correctness),reordered,False,correctness:StdJSONUtilsCursorsCursorSkipWhile:0
std/JSON/Utils/Cursors.dfy,Std.JSON.Utils.Cursors.Cursor_.AssertBytes (well-formedness),reordered,False,well-formedness:StdJSONUtilsCursorsCursorAssertBytes:0
std/JSON/Utils/Cursors.dfy,Std.JSON.Utils.Cursors.Split.BytesSplitFrom? (well-formedness),reordered,False,well-formedness:StdJSONUtilsCursorsSplitBytesSplitFromq:0
std/JSON/Utils/Cursors.dfy,Std.JSON.Utils.Cursors.Split.SplitFrom? (well-formedness),reordered,False,well-formedness:StdJSONUtilsCursorsSplitSplitFromq:0
std/JSON/Utils/Cursors.dfy,Std.JSON.Utils.Cursors.Cursor_.SkipWhileLexer (correctness),reordered,False,correctness:StdJSONUtilsCursorsCursorSkipWhileLexer:0
std/JSON/Utils/Cursors.dfy,Std.JSON.Utils.Cursors.Cursor_.Split (well-formedness),reordered,False,well-formedness:StdJSONUtilsCursorsCursorSplit:0
std/JSON/Utils/Cursors.dfy,Std.JSON.Utils.Cursors.Cursor_.SkipWhile (well-formedness),reordered,False,well-formedness:StdJSONUtilsCursorsCursorSkipWhile:0
std/JSON/Utils/Cursors.dfy,Std.JSON.Utils.Cursors.Cursor_.SkipWhileLexer (well-formedness),reordered,False,well-formedness:StdJSONUtilsCursorsCursorSkipWhileLexer:0
std/JSON/Utils/Cursors.dfy,Std.JSON.Utils.Cursors.CursorError.ToString (well-formedness),unchanged,False,well-formedness:StdJSONUtilsCursorsCursorErrorToString:0
std/JSON/Utils/Cursors.dfy,Std.JSON.Utils.Cursors.Cursor_.StrictlyAdvancedFrom? (well-formedness),reordered,False,well-formedness:StdJSONUtilsCursorsCursorStrictlyAdvancedFromq:0
std/JSON/Utils/Cursors.dfy,Std.JSON.Utils.Cursors.Cursor_.AssertChar (well-formedness),reordered,False,well-formedness:StdJSONUtilsCursorsCursorAssertChar:0
std/JSON/Utils/Cursors.dfy,Std.JSON.Utils.Cursors.Cursor_.SkipIf (well-formedness),reordered,False,well-formedness:StdJSONUtilsCursorsCursorSkipIf:0
std/JSON/Utils/Cursors.dfy,Std.JSON.Utils.Cursors.Cursor (well-formedness),reordered,False,well-formedness:StdJSONUtilsCursorsCursor:0
std/JSON/Utils/Cursors.dfy,Std.JSON.Utils.Cursors.Cursor_.AssertByte (well-formedness),reordered,False,well-formedness:StdJSONUtilsCursorsCursorAssertByte:0
std/JSON/Utils/Cursors.dfy,Std.JSON.Utils.Cursors.Cursor_.PrefixLength (well-formedness),reordered,False,well-formedness:StdJSONUtilsCursorsCursorPrefixLength:0
std/JSON/Utils/Cursors.dfy,Std.JSON.Utils.Cursors.Cursor_.StrictSuffixOf? (well-formedness),reordered,False,well-formedness:StdJSONUtilsCursorsCursorStrictSuffixOfq:0
std/JSON/Utils/Cursors.dfy,Std.JSON.Utils.Cursors.Cursor_.Peek (well-formedness),reordered,False,well-formedness:StdJSONUtilsCursorsCursorPeek:0
std/JSON/Utils/Cursors.dfy,Std.JSON.Utils.Cursors.Split.StrictlySplitFrom? (well-formedness),reordered,False,well-formedness:StdJSONUtilsCursorsSplitStrictlySplitFromq:0
std/JSON/Utils/Cursors.dfy,Std.JSON.Utils.Cursors.Cursor_.Get (well-formedness),reordered,False,well-formedness:StdJSONUtilsCursorsCursorGet:0
std/JSON/Utils/Cursors.dfy,Std.JSON.Utils.Cursors.Cursor_.SuffixOf? (well-formedness),reordered,False,well-formedness:StdJSONUtilsCursorsCursorSuffixOfq:0
std/JSON/Utils/Cursors.dfy,Std.JSON.Utils.Cursors.Cursor_.SplitFrom? (well-formedness),reordered,False,well-formedness:StdJSONUtilsCursorsCursorSplitFromq:0
std/JSON/Utils/Cursors.dfy,Std.JSON.Utils.Cursors.Cursor_.SuffixLength (well-formedness),reordered,False,well-formedness:StdJSONUtilsCursorsCursorSuffixLength:0
std/JSON/Utils/Cursors.dfy,Std.JSON.Utils.Cursors.Cursor_.Suffix (well-formedness),reordered,False,well-formedness:StdJSONUtilsCursorsCursorSuffix:0
std/JSON/Utils/Cursors.dfy,Std.JSON.Utils.Cursors.Cursor_.OfView (well-formedness),reordered,False,well-formedness:StdJSONUtilsCursorsCursorOfView:0
std/JSON/Utils/Cursors.dfy,Std.JSON.Utils.Cursors.Cursor_.PrefixSuffixLength (correctness),reordered,False,correctness:StdJSONUtilsCursorsCursorPrefixSuffixLength:0
std/JSON/Utils/Cursors.dfy,Std.JSON.Utils.Cursors.FreshCursor (well-formedness),reordered,False,well-formedness:StdJSONUtilsCursorsFreshCursor:0
std/JSON/Utils/Cursors.dfy,Std.JSON.Utils.Cursors.Cursor_.StrictlySplitFrom? (well-formedness),reordered,False,well-formedness:StdJSONUtilsCursorsCursorStrictlySplitFromq:0
std/JSON/Utils/Cursors.dfy,Std.JSON.Utils.Cursors.Cursor_.AdvancedFrom? (well-formedness),reordered,False,well-formedness:StdJSONUtilsCursorsCursorAdvancedFromq:0
std/JSON/Utils/Cursors.dfy,Std.JSON.Utils.Cursors.Cursor_.Length (well-formedness),reordered,False,well-formedness:StdJSONUtilsCursorsCursorLength:0
std/JSON/Utils/Cursors.dfy,Std.JSON.Utils.Cursors.Cursor_.PrefixSuffixLength (well-formedness),reordered,False,well-formedness:StdJSONUtilsCursorsCursorPrefixSuffixLength:0
std/JSON/Utils/Cursors.dfy,Std.JSON.Utils.Cursors.Cursor_.Skip (well-formedness),reordered,False,well-formedness:StdJSONUtilsCursorsCursorSkip:0
std/JSON/Utils/Cursors.dfy,Std.JSON.Utils.Cursors.Cursor_.Unskip (well-formedness),reordered,False,well-formedness:StdJSONUtilsCursorsCursorUnskip:0
std/JSON/Utils/Cursors.dfy,Std.JSON.Utils.Cursors.Cursor_.At (well-formedness),reordered,False,well-formedness:StdJSONUtilsCursorsCursorAt:0
std/JSON/Utils/Cursors.dfy,Std.JSON.Utils.Cursors.Cursor_.OfBytes (well-formedness),reordered,False,well-formedness:StdJSONUtilsCursorsCursorOfBytes:0
std/JSON/Utils/Cursors.dfy,Std.JSON.Utils.Cursors.Cursor_.Prefix (well-formedness),reordered,False,well-formedness:StdJSONUtilsCursorsCursorPrefix:0
std/JSON/Utils/Cursors.dfy,Std.JSON.Utils.Cursors.Cursor_.SkipByte (well-formedness),reordered,False,well-formedness:StdJSONUtilsCursorsCursorSkipByte:0
std/JSON/Utils/Cursors.dfy,Std.JSON.Utils.Cursors.Cursor_.SuffixAt (well-formedness),reordered,False,well-formedness:StdJSONUtilsCursorsCursorSuffixAt:0
std/JSON/Utils/Cursors.dfy,Std.JSON.Utils.Cursors.Cursor_.LookingAt (well-formedness),reordered,False,well-formedness:StdJSONUtilsCursorsCursorLookingAt:0
std/JSON/Utils/Cursors.dfy,Std.JSON.Utils.Cursors.Cursor_.Bytes (well-formedness),reordered,False,well-formedness:StdJSONUtilsCursorsCursorBytes:0
std/JSON/Utils/Parsers.dfy,Std.JSON.Utils.Parsers.Parser (well-formedness),reordered,False,well-formedness:StdJSONUtilsParsersParser:0
std/JSON/Utils/Parsers.dfy,Std.JSON.Utils.Parsers.Parser_.Valid? (well-formedness),reordered,False,well-formedness:StdJSONUtilsParsersParserValidq:0
std/JSON/Utils/Parsers.dfy,Std.JSON.Utils.Parsers.SubParser_.Valid? (well-formedness),reordered,False,well-formedness:StdJSONUtilsParsersSubParserValidq:0
std/JSON/Utils/Parsers.dfy,Std.JSON.Utils.Parsers.SubParserWitness (well-formedness),reordered,False,well-formedness:StdJSONUtilsParsersSubParserWitness:0
std/JSON/Utils/Parsers.dfy,Std.JSON.Utils.Parsers.ParserWitness (well-formedness),reordered,False,well-formedness:StdJSONUtilsParsersParserWitness:0
std/JSON/Utils/Parsers.dfy,Std.JSON.Utils.Parsers.SubParser (well-formedness),reordered,False,well-formedness:StdJSONUtilsParsersSubParser:0
std/JSON/Utils/Views.Writers.dfy,Std.JSON.Utils.Views.Writers.Chain.Length (well-formedness),reordered,False,well-formedness:StdJSONUtilsViewsWritersChainLength:0
std/JSON/Utils/Views.Writers.dfy,Std.JSON.Utils.Views.Writers.Chain.Count (well-formedness),reordered,False,well-formedness:StdJSONUtilsViewsWritersChainCount:0
std/JSON/Utils/Views.Writers.dfy,Std.JSON.Utils.Views.Writers.Chain.CopyTo (correctness),reordered,False,correctness:StdJSONUtilsViewsWritersChainCopyTo:0
std/JSON/Utils/Views.Writers.dfy,Std.JSON.Utils.Views.Writers.Writer_.Append (well-formedness),reordered,False,well-formedness:StdJSONUtilsViewsWritersWriterAppend:0
std/JSON/Utils/Views.Writers.dfy,Std.JSON.Utils.Views.Writers.Chain.Append (well-formedness),reordered,False,well-formedness:StdJSONUtilsViewsWritersChainAppend:0
std/JSON/Utils/Views.Writers.dfy,Std.JSON.Utils.Views.Writers.Writer (well-formedness),reordered,False,well-formedness:StdJSONUtilsViewsWritersWriter:0
std/JSON/Utils/Views.Writers.dfy,Std.JSON.Utils.Views.Writers.Writer_.ToArray (correctness),reordered,False,correctness:StdJSONUtilsViewsWritersWriterToArray:0
std/JSON/Utils/Views.Writers.dfy,Std.JSON.Utils.Views.Writers.Writer_.Valid? (well-formedness),reordered,False,well-formedness:StdJSONUtilsViewsWritersWriterValidq:0
std/JSON/Utils/Views.Writers.dfy,Std.JSON.Utils.Views.Writers.Writer_.ToArray (well-formedness),reordered,False,well-formedness:StdJSONUtilsViewsWritersWriterToArray:0
std/JSON/Utils/Views.Writers.dfy,Std.JSON.Utils.Views.Writers.Writer_.CopyTo (well-formedness),reordered,False,well-formedness:StdJSONUtilsViewsWritersWriterCopyTo:0
std/JSON/Utils/Views.Writers.dfy,Std.JSON.Utils.Views.Writers.Writer_.Then (well-formedness),reordered,False,well-formedness:StdJSONUtilsViewsWritersWriterThen:0
std/JSON/Utils/Views.Writers.dfy,Std.JSON.Utils.Views.Writers.Chain.Bytes (well-formedness),reordered,False,well-formedness:StdJSONUtilsViewsWritersChainBytes:0
std/JSON/Utils/Views.Writers.dfy,Std.JSON.Utils.Views.Writers.Writer_.Bytes (well-formedness),reordered,False,well-formedness:StdJSONUtilsViewsWritersWriterBytes:0
std/JSON/Utils/Views.Writers.dfy,Std.JSON.Utils.Views.Writers.Writer_.CopyTo (correctness),reordered,False,correctness:StdJSONUtilsViewsWritersWriterCopyTo:0
std/JSON/Utils/Views.Writers.dfy,Std.JSON.Utils.Views.Writers.Chain.CopyTo (well-formedness),reordered,False,well-formedness:StdJSONUtilsViewsWritersChainCopyTo:0
std/JSON/Utils/Views.Writers.dfy,Std.JSON.Utils.Views.Writers.Writer_.Empty (well-formedness),reordered,False,well-formedness:StdJSONUtilsViewsWritersWriterEmpty:0
std/JSON/Utils/Views.Writers.dfy,Std.JSON.Utils.Views.Writers.Writer_.SaturatedAddU32 (well-formedness),reordered,False,well-formedness:StdJSONUtilsViewsWritersWriterSaturatedAddU32:0
std/JSON/ZeroCopy/API.dfy,Std.JSON.ZeroCopy.API.Deserialize (well-formedness),reordered,False,well-formedness:StdJSONZeroCopyAPIDeserialize:0
std/JSON/ZeroCopy/API.dfy,Std.JSON.ZeroCopy.API.Serialize (well-formedness),reordered,False,well-formedness:StdJSONZeroCopyAPISerialize:0
std/JSON/ZeroCopy/API.dfy,Std.JSON.ZeroCopy.API.SerializeAlloc (well-formedness),reordered,False,well-formedness:StdJSONZeroCopyAPISerializeAlloc:0
std/JSON/ZeroCopy/API.dfy,Std.JSON.ZeroCopy.API.SerializeAlloc (correctness),reordered,False,correctness:StdJSONZeroCopyAPISerializeAlloc:0
std/JSON/ZeroCopy/API.dfy,Std.JSON.ZeroCopy.API.SerializeInto (correctness),reordered,False,correctness:StdJSONZeroCopyAPISerializeInto:0
std/JSON/ZeroCopy/API.dfy,Std.JSON.ZeroCopy.API.SerializeInto (well-formedness),reordered,False,well-formedness:StdJSONZeroCopyAPISerializeInto:0
std/JSON/ZeroCopy/Deserializer.dfy,Std.JSON.ZeroCopy.Deserializer.Core.Structural (well-formedness) (assertion batch 5),reordered,False,well-formedness:StdJSONZeroCopyDeserializerCoreStructural:4
std/JSON/ZeroCopy/Deserializer.dfy,Std.JSON.ZeroCopy.Deserializer.Core.TryStructural (well-formedness),reordered,False,well-formedness:StdJSONZeroCopyDeserializerCoreTryStructural:0
std/JSON/ZeroCopy/Deserializer.dfy,Std.JSON.ZeroCopy.Deserializer.Sequences.Elements (well-formedness) (assertion batch 172),reordered,False,well-formedness:StdJSONZeroCopyDeserializerSequencesElements:171
std/JSON/ZeroCopy/Deserializer.dfy,Std.JSON.ZeroCopy.Deserializer.Sequences.Elements (well-formedness) (assertion batch 242),reordered,False,well-formedness:StdJSONZeroCopyDeserializerSequencesElements:241
std/JSON/ZeroCopy/Deserializer.dfy,Std.JSON.ZeroCopy.Deserializer.Values.Value (well-formedness) (assertion batch 364),reordered,False,well-formedness:StdJSONZeroCopyDeserializerValuesValue:363
std/JSON/ZeroCopy/Deserializer.dfy,Std.JSON.ZeroCopy.Deserializer.Values.Value (well-formedness) (assertion batch 373),reordered,False,well-formedness:StdJSONZeroCopyDeserializerValuesValue:372
std/JSON/ZeroCopy/Deserializer.dfy,Std.JSON.ZeroCopy.Deserializer.Sequences.Elements (well-formedness) (assertion batch 103),reordered,False,well-formedness:StdJSONZeroCopyDeserializerSequencesElements:102
std/JSON/ZeroCopy/Deserializer.dfy,Std.JSON.ZeroCopy.Deserializer.Values.Value (well-formedness) (assertion batch 384),reordered,False,well-formedness:StdJSONZeroCopyDeserializerValuesValue:383
std/JSON/ZeroCopy/Deserializer.dfy,Std.JSON.ZeroCopy.Deserializer.Sequences.Elements (well-formedness) (assertion batch 31),reordered,False,well-formedness:StdJSONZeroCopyDeserializerSequencesElements:30
std/JSON/ZeroCopy/Deserializer.dfy,Std.JSON.ZeroCopy.Deserializer.Sequences.Elements (well-formedness) (assertion batch 104),reordered,False,well-formedness:StdJSONZeroCopyDeserializerSequencesElements:103
std/JSON/ZeroCopy/Deserializer.dfy,Std.JSON.ZeroCopy.Deserializer.Values.Value (well-formedness) (assertion batch 300),reordered,False,well-formedness:StdJSONZeroCopyDeserializerValuesValue:299
std/JSON/ZeroCopy/Deserializer.dfy,Std.JSON.ZeroCopy.Deserializer.Sequences.AppendLast (well-formedness) (assertion batch 13),reordered,False,well-formedness:StdJSONZeroCopyDeserializerSequencesAppendLast:12
std/JSON/ZeroCopy/Deserializer.dfy,Std.JSON.ZeroCopy.Deserializer.Sequences.Elements (well-formedness) (assertion batch 30),reordered,False,well-formedness:StdJSONZeroCopyDeserializerSequencesElements:29
std/JSON/ZeroCopy/Deserializer.dfy,Std.JSON.ZeroCopy.Deserializer.API.Text (well-formedness),reordered,False,well-formedness:StdJSONZeroCopyDeserializerAPIText:0
std/JSON/ZeroCopy/Deserializer.dfy,Std.JSON.ZeroCopy.Deserializer.Values.Value (well-formedness) (assertion batch 372),reordered,False,well-formedness:StdJSONZeroCopyDeserializerValuesValue:371
std/JSON/ZeroCopy/Deserializer.dfy,Std.JSON.ZeroCopy.Deserializer.Values.Value (well-formedness) (assertion batch 383),reordered,False,well-formedness:StdJSONZeroCopyDeserializerValuesValue:382
std/JSON/ZeroCopy/Deserializer.dfy,Std.JSON.ZeroCopy.Deserializer.Values.Value (well-formedness) (assertion batch 363),reordered,False,well-formedness:StdJSONZeroCopyDeserializerValuesValue:362
std/JSON/ZeroCopy/Deserializer.dfy,Std.JSON.ZeroCopy.Deserializer.Sequences.Elements (well-formedness) (assertion batch 243),reordered,False,well-formedness:StdJSONZeroCopyDeserializerSequencesElements:242
std/JSON/ZeroCopy/Deserializer.dfy,Std.JSON.ZeroCopy.Deserializer.Numbers.Exp (well-formedness) (assertion batch 16),reordered,False,well-formedness:StdJSONZeroCopyDeserializerNumbersExp:15
std/JSON/ZeroCopy/Deserializer.dfy,Std.JSON.ZeroCopy.Deserializer.Values.Value (well-formedness) (assertion batch 377),reordered,False,well-formedness:StdJSONZeroCopyDeserializerValuesValue:376
std/JSON/ZeroCopy/Deserializer.dfy,Std.JSON.ZeroCopy.Deserializer.Values.Value (well-formedness) (assertion batch 379),reordered,False,well-formedness:StdJSONZeroCopyDeserializerValuesValue:378
std/JSON/ZeroCopy/Deserializer.dfy,Std.JSON.ZeroCopy.Deserializer.Values.Value (well-formedness) (assertion batch 301),reordered,False,well-formedness:StdJSONZeroCopyDeserializerValuesValue:300
std/JSON/ZeroCopy/Deserializer.dfy,Std.JSON.ZeroCopy.Deserializer.Values.Value (well-formedness) (assertion batch 381),reordered,False,well-formedness:StdJSONZeroCopyDeserializerValuesValue:380
std/JSON/ZeroCopy/Deserializer.dfy,Std.JSON.ZeroCopy.Deserializer.Values.Value (well-formedness) (assertion batch 356),reordered,False,well-formedness:StdJSONZeroCopyDeserializerValuesValue:355
std/JSON/ZeroCopy/Deserializer.dfy,Std.JSON.ZeroCopy.Deserializer.Values.Value (well-formedness) (assertion batch 359),reordered,False,well-formedness:StdJSONZeroCopyDeserializerValuesValue:358
std/JSON/ZeroCopy/Deserializer.dfy,Std.JSON.ZeroCopy.Deserializer.Values.Value (well-formedness) (assertion batch 365),reordered,False,well-formedness:StdJSONZeroCopyDeserializerValuesValue:364
std/JSON/ZeroCopy/Deserializer.dfy,Std.JSON.ZeroCopy.Deserializer.Values.Value (well-formedness) (assertion batch 339),reordered,False,well-formedness:StdJSONZeroCopyDeserializerValuesValue:338
std/JSON/ZeroCopy/Deserializer.dfy,Std.JSON.ZeroCopy.Deserializer.Values.Value (well-formedness) (assertion batch 347),reordered,False,well-formedness:StdJSONZeroCopyDeserializerValuesValue:346
std/JSON/ZeroCopy/Deserializer.dfy,Std.JSON.ZeroCopy.Deserializer.Values.Value (well-formedness) (assertion batch 389),reordered,False,well-formedness:StdJSONZeroCopyDeserializerValuesValue:388
std/JSON/ZeroCopy/Deserializer.dfy,Std.JSON.ZeroCopy.Deserializer.Objects.Object (well-formedness) (assertion batch 15),reordered,False,well-formedness:StdJSONZeroCopyDeserializerObjectsObject:14
std/JSON/ZeroCopy/Deserializer.dfy,Std.JSON.ZeroCopy.Deserializer.Values.Value (well-formedness) (assertion batch 9),reordered,False,well-formedness:StdJSONZeroCopyDeserializerValuesValue:8
std/JSON/ZeroCopy/Deserializer.dfy,Std.JSON.ZeroCopy.Deserializer.Sequences.Elements (well-formedness) (assertion batch 190),reordered,False,well-formedness:StdJSONZeroCopyDeserializerSequencesElements:189
std/JSON/ZeroCopy/Deserializer.dfy,Std.JSON.ZeroCopy.Deserializer.Values.Value (well-formedness) (assertion batch 15),reordered,False,well-formedness:StdJSONZeroCopyDeserializerValuesValue:14
std/JSON/ZeroCopy/Deserializer.dfy,Std.JSON.ZeroCopy.Deserializer.API.JSON (well-formedness) (assertion batch 4),reordered,False,well-formedness:StdJSONZeroCopyDeserializerAPIJSON:3
std/JSON/ZeroCopy/Deserializer.dfy,Std.JSON.ZeroCopy.Deserializer.Values.Value (well-formedness) (assertion batch 367),reordered,False,well-formedness:StdJSONZeroCopyDeserializerValuesValue:366
std/JSON/ZeroCopy/Deserializer.dfy,Std.JSON.ZeroCopy.Deserializer.API.JSON (well-formedness) (assertion batch 3),reordered,False,well-formedness:StdJSONZeroCopyDeserializerAPIJSON:2
std/JSON/ZeroCopy/Deserializer.dfy,Std.JSON.ZeroCopy.Deserializer.Values.Value (well-formedness) (assertion batch 343),reordered,False,well-formedness:StdJSONZeroCopyDeserializerValuesValue:342
std/JSON/ZeroCopy/Deserializer.dfy,Std.JSON.ZeroCopy.Deserializer.ObjectParams.Element (well-formedness) (assertion batch 66),reordered,False,well-formedness:StdJSONZeroCopyDeserializerObjectParamsElement:65
std/JSON/ZeroCopy/Deserializer.dfy,Std.JSON.ZeroCopy.Deserializer.Values.Value (well-formedness) (assertion batch 353),reordered,False,well-formedness:StdJSONZeroCopyDeserializerValuesValue:352
std/JSON/ZeroCopy/Deserializer.dfy,Std.JSON.ZeroCopy.Deserializer.Values.Value (well-formedness) (assertion batch 361),reordered,False,well-formedness:StdJSONZeroCopyDeserializerValuesValue:360
std/JSON/ZeroCopy/Deserializer.dfy,Std.JSON.ZeroCopy.Deserializer.Values.Value (well-formedness) (assertion batch 362),reordered,False,well-formedness:StdJSONZeroCopyDeserializerValuesValue:361
std/JSON/ZeroCopy/Deserializer.dfy,Std.JSON.ZeroCopy.Deserializer.API.OfBytes (well-formedness),reordered,False,well-formedness:StdJSONZeroCopyDeserializerAPIOfBytes:0
std/JSON/ZeroCopy/Deserializer.dfy,Std.JSON.ZeroCopy.Deserializer.Values.Value (well-formedness) (assertion batch 349),reordered,False,well-formedness:StdJSONZeroCopyDeserializerValuesValue:348
std/JSON/ZeroCopy/Deserializer.dfy,Std.JSON.ZeroCopy.Deserializer.Values.Value (well-formedness) (assertion batch 341),reordered,False,well-formedness:StdJSONZeroCopyDeserializerValuesValue:340
std/JSON/ZeroCopy/Deserializer.dfy,Std.JSON.ZeroCopy.Deserializer.Values.Value (well-formedness) (assertion batch 368),reordered,False,well-formedness:StdJSONZeroCopyDeserializerValuesValue:367
std/JSON/ZeroCopy/Deserializer.dfy,Std.JSON.ZeroCopy.Deserializer.Sequences.Elements (well-formedness) (assertion batch 151),reordered,False,well-formedness:StdJSONZeroCopyDeserializerSequencesElements:150
std/JSON/ZeroCopy/Deserializer.dfy,Std.JSON.ZeroCopy.Deserializer.Values.Value (well-formedness) (assertion batch 370),reordered,False,well-formedness:StdJSONZeroCopyDeserializerValuesValue:369
std/JSON/ZeroCopy/Deserializer.dfy,Std.JSON.ZeroCopy.Deserializer.ObjectParams.Element (well-formedness) (assertion batch 65),reordered,False,well-formedness:StdJSONZeroCopyDeserializerObjectParamsElement:64
std/JSON/ZeroCopy/Deserializer.dfy,Std.JSON.ZeroCopy.Deserializer.Sequences.AppendLast (well-formedness) (assertion batch 14),reordered,False,well-formedness:StdJSONZeroCopyDeserializerSequencesAppendLast:13
std/JSON/ZeroCopy/Deserializer.dfy,Std.JSON.ZeroCopy.Deserializer.Values.Value (well-formedness) (assertion batch 351),reordered,False,well-formedness:StdJSONZeroCopyDeserializerValuesValue:350
std/JSON/ZeroCopy/Deserializer.dfy,Std.JSON.ZeroCopy.Deserializer.Objects.Object (well-formedness) (assertion batch 14),reordered,False,well-formedness:StdJSONZeroCopyDeserializerObjectsObject:13
std/JSON/ZeroCopy/Deserializer.dfy,Std.JSON.ZeroCopy.Deserializer.Values.Value (well-formedness) (assertion batch 357),reordered,False,well-formedness:StdJSONZeroCopyDeserializerValuesValue:356
std/JSON/ZeroCopy/Deserializer.dfy,Std.JSON.ZeroCopy.Deserializer.Values.Value (well-formedness) (assertion batch 374),reordered,False,well-formedness:StdJSONZeroCopyDeserializerValuesValue:373
std/JSON/ZeroCopy/Deserializer.dfy,Std.JSON.ZeroCopy.Deserializer.Values.Value (well-formedness) (assertion batch 378),reordered,False,well-formedness:StdJSONZeroCopyDeserializerValuesValue:377
std/JSON/ZeroCopy/Deserializer.dfy,Std.JSON.ZeroCopy.Deserializer.Values.Value (well-formedness) (assertion batch 2),reordered,False,well-formedness:StdJSONZeroCopyDeserializerValuesValue:1
std/JSON/ZeroCopy/Deserializer.dfy,Std.JSON.ZeroCopy.Deserializer.Values.Value (well-formedness) (assertion batch 369),reordered,False,well-formedness:StdJSONZeroCopyDeserializerValuesValue:368
std/JSON/ZeroCopy/Deserializer.dfy,Std.JSON.ZeroCopy.Deserializer.Values.Value (well-formedness) (assertion batch 371),reordered,False,well-formedness:StdJSONZeroCopyDeserializerValuesValue:370
std/JSON/ZeroCopy/Deserializer.dfy,Std.JSON.ZeroCopy.Deserializer.Values.Value (well-formedness) (assertion batch 388),reordered,False,well-formedness:StdJSONZeroCopyDeserializerValuesValue:387
std/JSON/ZeroCopy/Deserializer.dfy,Std.JSON.ZeroCopy.Deserializer.Values.Value (well-formedness) (assertion batch 387),reordered,False,well-formedness:StdJSONZeroCopyDeserializerValuesValue:386
std/JSON/ZeroCopy/Deserializer.dfy,Std.JSON.ZeroCopy.Deserializer.Values.ValueParser (well-formedness),reordered,False,well-formedness:StdJSONZeroCopyDeserializerValuesValueParser:0
std/JSON/ZeroCopy/Deserializer.dfy,Std.JSON.ZeroCopy.Deserializer.Values.Value (well-formedness) (assertion batch 375),reordered,False,well-formedness:StdJSONZeroCopyDeserializerValuesValue:374
std/JSON/ZeroCopy/Deserializer.dfy,Std.JSON.ZeroCopy.Deserializer.Values.Value (well-formedness) (assertion batch 385),reordered,False,well-formedness:StdJSONZeroCopyDeserializerValuesValue:384
std/JSON/ZeroCopy/Deserializer.dfy,Std.JSON.ZeroCopy.Deserializer.ObjectParams.Element (well-formedness) (assertion batch 5),reordered,False,well-formedness:StdJSONZeroCopyDeserializerObjectParamsElement:4
std/JSON/ZeroCopy/Deserializer.dfy,Std.JSON.ZeroCopy.Deserializer.Values.Value (well-formedness) (assertion batch 345),reordered,False,well-formedness:StdJSONZeroCopyDeserializerValuesValue:344
std/JSON/ZeroCopy/Deserializer.dfy,Std.JSON.ZeroCopy.Deserializer.Values.Value (well-formedness) (assertion batch 350),reordered,False,well-formedness:StdJSONZeroCopyDeserializerValuesValue:349
std/JSON/ZeroCopy/Deserializer.dfy,Std.JSON.ZeroCopy.Deserializer.Values.Value (well-formedness) (assertion batch 344),reordered,False,well-formedness:StdJSONZeroCopyDeserializerValuesValue:343
std/JSON/ZeroCopy/Deserializer.dfy,Std.JSON.ZeroCopy.Deserializer.Values.Value (well-formedness) (assertion batch 346),reordered,False,well-formedness:StdJSONZeroCopyDeserializerValuesValue:345
std/JSON/ZeroCopy/Deserializer.dfy,Std.JSON.ZeroCopy.Deserializer.Objects.Object (well-formedness) (assertion batch 18),reordered,False,well-formedness:StdJSONZeroCopyDeserializerObjectsObject:17
std/JSON/ZeroCopy/Deserializer.dfy,Std.JSON.ZeroCopy.Deserializer.Values.Value (well-formedness) (assertion batch 386),reordered,False,well-formedness:StdJSONZeroCopyDeserializerValuesValue:385
std/JSON/ZeroCopy/Deserializer.dfy,Std.JSON.ZeroCopy.Deserializer.Objects.Object (well-formedness) (assertion batch 16),reordered,False,well-formedness:StdJSONZeroCopyDeserializerObjectsObject:15
std/JSON/ZeroCopy/Deserializer.dfy,Std.JSON.ZeroCopy.Deserializer.Values.Value (well-formedness) (assertion batch 348),reordered,False,well-formedness:StdJSONZeroCopyDeserializerValuesValue:347
std/JSON/ZeroCopy/Deserializer.dfy,Std.JSON.ZeroCopy.Deserializer.Values.Value (well-formedness) (assertion batch 355),reordered,False,well-formedness:StdJSONZeroCopyDeserializerValuesValue:354
std/JSON/ZeroCopy/Deserializer.dfy,Std.JSON.ZeroCopy.Deserializer.Sequences.Elements (well-formedness) (assertion batch 119),reordered,False,well-formedness:StdJSONZeroCopyDeserializerSequencesElements:118
std/JSON/ZeroCopy/Deserializer.dfy,Std.JSON.ZeroCopy.Deserializer.Sequences.Bracketed (well-formedness) (assertion batch 2),reordered,False,well-formedness:StdJSONZeroCopyDeserializerSequencesBracketed:1
std/JSON/ZeroCopy/Deserializer.dfy,Std.JSON.ZeroCopy.Deserializer.Values.Value (well-formedness) (assertion batch 366),reordered,False,well-formedness:StdJSONZeroCopyDeserializerValuesValue:365
std/JSON/ZeroCopy/Deserializer.dfy,Std.JSON.ZeroCopy.Deserializer.API.JSON (well-formedness) (assertion batch 1),reordered,False,well-formedness:StdJSONZeroCopyDeserializerAPIJSON:0
std/JSON/ZeroCopy/Deserializer.dfy,Std.JSON.ZeroCopy.Deserializer.ObjectParams.Element (well-formedness) (assertion batch 94),reordered,False,well-formedness:StdJSONZeroCopyDeserializerObjectParamsElement:93
std/JSON/ZeroCopy/Deserializer.dfy,Std.JSON.ZeroCopy.Deserializer.Values.Value (well-formedness) (assertion batch 360),reordered,False,well-formedness:StdJSONZeroCopyDeserializerValuesValue:359
std/JSON/ZeroCopy/Deserializer.dfy,Std.JSON.ZeroCopy.Deserializer.ObjectParams.Element (well-formedness) (assertion batch 37),reordered,False,well-formedness:StdJSONZeroCopyDeserializerObjectParamsElement:36
std/JSON/ZeroCopy/Deserializer.dfy,Std.JSON.ZeroCopy.Deserializer.ObjectParams.Element (well-formedness) (assertion batch 38),reordered,False,well-formedness:StdJSONZeroCopyDeserializerObjectParamsElement:37
std/JSON/ZeroCopy/Deserializer.dfy,Std.JSON.ZeroCopy.Deserializer.Arrays.Array (well-formedness) (assertion batch 20),reordered,False,well-formedness:StdJSONZeroCopyDeserializerArraysArray:19
std/JSON/ZeroCopy/Deserializer.dfy,Std.JSON.ZeroCopy.Deserializer.Values.Value (well-formedness) (assertion batch 382),reordered,False,well-formedness:StdJSONZeroCopyDeserializerValuesValue:381
std/JSON/ZeroCopy/Deserializer.dfy,Std.JSON.ZeroCopy.Deserializer.Arrays.Array (well-formedness) (assertion batch 4),reordered,False,well-formedness:StdJSONZeroCopyDeserializerArraysArray:3
std/JSON/ZeroCopy/Deserializer.dfy,Std.JSON.ZeroCopy.Deserializer.Values.Value (well-formedness) (assertion batch 380),reordered,False,well-formedness:StdJSONZeroCopyDeserializerValuesValue:379
std/JSON/ZeroCopy/Deserializer.dfy,Std.JSON.ZeroCopy.Deserializer.Arrays.Array (well-formedness) (assertion batch 21),reordered,False,well-formedness:StdJSONZeroCopyDeserializerArraysArray:20
std/JSON/ZeroCopy/Deserializer.dfy,Std.JSON.ZeroCopy.Deserializer.ObjectParams.Element (well-formedness) (assertion batch 50),reordered,False,well-formedness:StdJSONZeroCopyDeserializerObjectParamsElement:49
std/JSON/ZeroCopy/Deserializer.dfy,Std.JSON.ZeroCopy.Deserializer.ObjectParams.Element (well-formedness) (assertion batch 22),reordered,False,well-formedness:StdJSONZeroCopyDeserializerObjectParamsElement:21
std/JSON/ZeroCopy/Deserializer.dfy,Std.JSON.ZeroCopy.Deserializer.Values.Value (well-formedness) (assertion batch 358),reordered,False,well-formedness:StdJSONZeroCopyDeserializerValuesValue:357
std/JSON/ZeroCopy/Deserializer.dfy,Std.JSON.ZeroCopy.Deserializer.Sequences.Bracketed (well-formedness) (assertion batch 48),reordered,False,well-formedness:StdJSONZeroCopyDeserializerSequencesBracketed:47
std/JSON/ZeroCopy/Deserializer.dfy,Std.JSON.ZeroCopy.Deserializer.Values.Value (well-formedness) (assertion batch 340),reordered,False,well-formedness:StdJSONZeroCopyDeserializerValuesValue:339
std/JSON/ZeroCopy/Deserializer.dfy,Std.JSON.ZeroCopy.Deserializer.ObjectParams.Element (well-formedness) (assertion batch 49),reordered,False,well-formedness:StdJSONZeroCopyDeserializerObjectParamsElement:48
std/JSON/ZeroCopy/Deserializer.dfy,Std.JSON.ZeroCopy.Deserializer.ObjectParams.Element (well-formedness) (assertion batch 51),reordered,False,well-formedness:StdJSONZeroCopyDeserializerObjectParamsElement:50
std/JSON/ZeroCopy/Deserializer.dfy,Std.JSON.ZeroCopy.Deserializer.API.JSON (well-formedness) (assertion batch 2),reordered,False,well-formedness:StdJSONZeroCopyDeserializerAPIJSON:1
std/JSON/ZeroCopy/Deserializer.dfy,Std.JSON.ZeroCopy.Deserializer.ObjectParams.Element (well-formedness) (assertion batch 79),reordered,False,well-formedness:StdJSONZeroCopyDeserializerObjectParamsElement:78
std/JSON/ZeroCopy/Deserializer.dfy,Std.JSON.ZeroCopy.Deserializer.ObjectParams.Element (well-formedness) (assertion batch 80),reordered,False,well-formedness:StdJSONZeroCopyDeserializerObjectParamsElement:79
std/JSON/ZeroCopy/Deserializer.dfy,Std.JSON.ZeroCopy.Deserializer.Objects.Object (well-formedness) (assertion batch 22),reordered,False,well-formedness:StdJSONZeroCopyDeserializerObjectsObject:21
std/JSON/ZeroCopy/Deserializer.dfy,Std.JSON.ZeroCopy.Deserializer.Objects.Object (well-formedness) (assertion batch 9),reordered,False,well-formedness:StdJSONZeroCopyDeserializerObjectsObject:8
std/JSON/ZeroCopy/Deserializer.dfy,Std.JSON.ZeroCopy.Deserializer.Objects.Object (well-formedness) (assertion batch 20),reordered,False,well-formedness:StdJSONZeroCopyDeserializerObjectsObject:19
std/JSON/ZeroCopy/Deserializer.dfy,Std.JSON.ZeroCopy.Deserializer.Values.Value (well-formedness) (assertion batch 342),reordered,False,well-formedness:StdJSONZeroCopyDeserializerValuesValue:341
std/JSON/ZeroCopy/Deserializer.dfy,Std.JSON.ZeroCopy.Deserializer.Sequences.Elements (well-formedness) (assertion batch 177),reordered,False,well-formedness:StdJSONZeroCopyDeserializerSequencesElements:176
std/JSON/ZeroCopy/Deserializer.dfy,Std.JSON.ZeroCopy.Deserializer.Sequences.Bracketed (well-formedness) (assertion batch 52),reordered,False,well-formedness:StdJSONZeroCopyDeserializerSequencesBracketed:51
std/JSON/ZeroCopy/Deserializer.dfy,Std.JSON.ZeroCopy.Deserializer.Sequences.Bracketed (well-formedness) (assertion batch 47),reordered,False,well-formedness:StdJSONZeroCopyDeserializerSequencesBracketed:46
std/JSON/ZeroCopy/Deserializer.dfy,Std.JSON.ZeroCopy.Deserializer.Values.Value (well-formedness) (assertion batch 354),reordered,False,well-formedness:StdJSONZeroCopyDeserializerValuesValue:353
std/JSON/ZeroCopy/Deserializer.dfy,Std.JSON.ZeroCopy.Deserializer.Values.Value (well-formedness) (assertion batch 352),reordered,False,well-formedness:StdJSONZeroCopyDeserializerValuesValue:351
std/JSON/ZeroCopy/Deserializer.dfy,Std.JSON.ZeroCopy.Deserializer.Values.Value (well-formedness) (assertion batch 376),reordered,False,well-formedness:StdJSONZeroCopyDeserializerValuesValue:375
std/JSON/ZeroCopy/Deserializer.dfy,Std.JSON.ZeroCopy.Deserializer.Objects.Object (well-formedness) (assertion batch 17),reordered,False,well-formedness:StdJSONZeroCopyDeserializerObjectsObject:16
std/JSON/ZeroCopy/Deserializer.dfy,Std.JSON.ZeroCopy.Deserializer.Objects.Object (well-formedness) (assertion batch 8),reordered,False,well-formedness:StdJSONZeroCopyDeserializerObjectsObject:7
std/JSON/ZeroCopy/Deserializer.dfy,Std.JSON.ZeroCopy.Deserializer.ObjectParams.Element (well-formedness) (assertion batch 52),reordered,False,well-formedness:StdJSONZeroCopyDeserializerObjectParamsElement:51
std/JSON/ZeroCopy/Deserializer.dfy,Std.JSON.ZeroCopy.Deserializer.Sequences.Elements (well-formedness) (assertion batch 192),reordered,False,well-formedness:StdJSONZeroCopyDeserializerSequencesElements:191
std/JSON/ZeroCopy/Deserializer.dfy,Std.JSON.ZeroCopy.Deserializer.Objects.Object (well-formedness) (assertion batch 12),reordered,False,well-formedness:StdJSONZeroCopyDeserializerObjectsObject:11
std/JSON/ZeroCopy/Deserializer.dfy,Std.JSON.ZeroCopy.Deserializer.Values.Value (well-formedness) (assertion batch 333),reordered,False,well-formedness:StdJSONZeroCopyDeserializerValuesValue:332
std/JSON/ZeroCopy/Deserializer.dfy,Std.JSON.ZeroCopy.Deserializer.Sequences.Bracketed (well-formedness) (assertion batch 28),reordered,False,well-formedness:StdJSONZeroCopyDeserializerSequencesBracketed:27
std/JSON/ZeroCopy/Deserializer.dfy,Std.JSON.ZeroCopy.Deserializer.Objects.Object (well-formedness) (assertion batch 13),reordered,False,well-formedness:StdJSONZeroCopyDeserializerObjectsObject:12
std/JSON/ZeroCopy/Deserializer.dfy,Std.JSON.ZeroCopy.Deserializer.Strings.String (well-formedness),reordered,False,well-formedness:StdJSONZeroCopyDeserializerStringsString:0
std/JSON/ZeroCopy/Deserializer.dfy,Std.JSON.ZeroCopy.Deserializer.Sequences.Elements (well-formedness) (assertion batch 189),reordered,False,well-formedness:StdJSONZeroCopyDeserializerSequencesElements:188
std/JSON/ZeroCopy/Deserializer.dfy,Std.JSON.ZeroCopy.Deserializer.Sequences.Elements (well-formedness) (assertion batch 47),reordered,False,well-formedness:StdJSONZeroCopyDeserializerSequencesElements:46
std/JSON/ZeroCopy/Deserializer.dfy,Std.JSON.ZeroCopy.Deserializer.Sequences.Bracketed (well-formedness) (assertion batch 49),reordered,False,well-formedness:StdJSONZeroCopyDeserializerSequencesBracketed:48
std/JSON/ZeroCopy/Deserializer.dfy,Std.JSON.ZeroCopy.Deserializer.Sequences.Elements (well-formedness) (assertion batch 173),reordered,False,well-formedness:StdJSONZeroCopyDeserializerSequencesElements:172
std/JSON/ZeroCopy/Deserializer.dfy,Std.JSON.ZeroCopy.Deserializer.Sequences.Bracketed (well-formedness) (assertion batch 39),reordered,False,well-formedness:StdJSONZeroCopyDeserializerSequencesBracketed:38
std/JSON/ZeroCopy/Deserializer.dfy,Std.JSON.ZeroCopy.Deserializer.Sequences.Elements (well-formedness) (assertion batch 179),reordered,False,well-formedness:StdJSONZeroCopyDeserializerSequencesElements:178
std/JSON/ZeroCopy/Deserializer.dfy,Std.JSON.ZeroCopy.Deserializer.Objects.Object (well-formedness) (assertion batch 2),reordered,False,well-formedness:StdJSONZeroCopyDeserializerObjectsObject:1
std/JSON/ZeroCopy/Deserializer.dfy,Std.JSON.ZeroCopy.Deserializer.Arrays.Array (well-formedness) (assertion batch 9),reordered,False,well-formedness:StdJSONZeroCopyDeserializerArraysArray:8
std/JSON/ZeroCopy/Deserializer.dfy,Std.JSON.ZeroCopy.Deserializer.Objects.Object (well-formedness) (assertion batch 6),reordered,False,well-formedness:StdJSONZeroCopyDeserializerObjectsObject:5
std/JSON/ZeroCopy/Deserializer.dfy,Std.JSON.ZeroCopy.Deserializer.Objects.Object (well-formedness) (assertion batch 4),reordered,False,well-formedness:StdJSONZeroCopyDeserializerObjectsObject:3
std/JSON/ZeroCopy/Deserializer.dfy,Std.JSON.ZeroCopy.Deserializer.ObjectParams.Element (well-formedness) (assertion batch 6),reordered,False,well-formedness:StdJSONZeroCopyDeserializerObjectParamsElement:5
std/JSON/ZeroCopy/Deserializer.dfy,Std.JSON.ZeroCopy.Deserializer.ObjectParams.Element (well-formedness) (assertion batch 82),reordered,False,well-formedness:StdJSONZeroCopyDeserializerObjectParamsElement:81
std/JSON/ZeroCopy/Deserializer.dfy,Std.JSON.ZeroCopy.Deserializer.Sequences.Bracketed (well-formedness) (assertion batch 29),reordered,False,well-formedness:StdJSONZeroCopyDeserializerSequencesBracketed:28
std/JSON/ZeroCopy/Deserializer.dfy,Std.JSON.ZeroCopy.Deserializer.Objects.Object (well-formedness) (assertion batch 10),reordered,False,well-formedness:StdJSONZeroCopyDeserializerObjectsObject:9
std/JSON/ZeroCopy/Deserializer.dfy,Std.JSON.ZeroCopy.Deserializer.ObjectParams.Element (well-formedness) (assertion batch 26),reordered,False,well-formedness:StdJSONZeroCopyDeserializerObjectParamsElement:25
std/JSON/ZeroCopy/Deserializer.dfy,Std.JSON.ZeroCopy.Deserializer.Arrays.Array (well-formedness) (assertion batch 18),reordered,False,well-formedness:StdJSONZeroCopyDeserializerArraysArray:17
std/JSON/ZeroCopy/Deserializer.dfy,Std.JSON.ZeroCopy.Deserializer.Sequences.Elements (well-formedness) (assertion batch 136),reordered,False,well-formedness:StdJSONZeroCopyDeserializerSequencesElements:135
std/JSON/ZeroCopy/Deserializer.dfy,Std.JSON.ZeroCopy.Deserializer.Objects.Object (well-formedness) (assertion batch 19),reordered,False,well-formedness:StdJSONZeroCopyDeserializerObjectsObject:18
std/JSON/ZeroCopy/Deserializer.dfy,Std.JSON.ZeroCopy.Deserializer.Arrays.Array (well-formedness) (assertion batch 5),reordered,False,well-formedness:StdJSONZeroCopyDeserializerArraysArray:4
std/JSON/ZeroCopy/Deserializer.dfy,Std.JSON.ZeroCopy.Deserializer.Sequences.Bracketed (well-formedness) (assertion batch 45),reordered,False,well-formedness:StdJSONZeroCopyDeserializerSequencesBracketed:44
std/JSON/ZeroCopy/Deserializer.dfy,Std.JSON.ZeroCopy.Deserializer.ObjectParams.Element (well-formedness) (assertion batch 75),reordered,False,well-formedness:StdJSONZeroCopyDeserializerObjectParamsElement:74
std/JSON/ZeroCopy/Deserializer.dfy,Std.JSON.ZeroCopy.Deserializer.Sequences.Elements (well-formedness) (assertion batch 134),reordered,False,well-formedness:StdJSONZeroCopyDeserializerSequencesElements:133
std/JSON/ZeroCopy/Deserializer.dfy,Std.JSON.ZeroCopy.Deserializer.ObjectParams.Element (well-formedness) (assertion batch 53),reordered,False,well-formedness:StdJSONZeroCopyDeserializerObjectParamsElement:52
std/JSON/ZeroCopy/Deserializer.dfy,Std.JSON.ZeroCopy.Deserializer.Sequences.Elements (well-formedness) (assertion batch 182),reordered,False,well-formedness:StdJSONZeroCopyDeserializerSequencesElements:181
std/JSON/ZeroCopy/Deserializer.dfy,Std.JSON.ZeroCopy.Deserializer.Sequences.Bracketed (well-formedness) (assertion batch 56),reordered,False,well-formedness:StdJSONZeroCopyDeserializerSequencesBracketed:55
std/JSON/ZeroCopy/Deserializer.dfy,Std.JSON.ZeroCopy.Deserializer.ObjectParams.Element (well-formedness) (assertion batch 36),reordered,False,well-formedness:StdJSONZeroCopyDeserializerObjectParamsElement:35
std/JSON/ZeroCopy/Deserializer.dfy,Std.JSON.ZeroCopy.Deserializer.Sequences.AppendLast (well-formedness) (assertion batch 29),reordered,False,well-formedness:StdJSONZeroCopyDeserializerSequencesAppendLast:28
std/JSON/ZeroCopy/Deserializer.dfy,Std.JSON.ZeroCopy.Deserializer.Sequences.Elements (well-formedness) (assertion batch 155),reordered,False,well-formedness:StdJSONZeroCopyDeserializerSequencesElements:154
std/JSON/ZeroCopy/Deserializer.dfy,Std.JSON.ZeroCopy.Deserializer.ObjectParams.Element (well-formedness) (assertion batch 61),reordered,False,well-formedness:StdJSONZeroCopyDeserializerObjectParamsElement:60
std/JSON/ZeroCopy/Deserializer.dfy,Std.JSON.ZeroCopy.Deserializer.ObjectParams.Element (well-formedness) (assertion batch 55),reordered,False,well-formedness:StdJSONZeroCopyDeserializerObjectParamsElement:54
std/JSON/ZeroCopy/Deserializer.dfy,Std.JSON.ZeroCopy.Deserializer.ObjectParams.Element (well-formedness) (assertion batch 21),reordered,False,well-formedness:StdJSONZeroCopyDeserializerObjectParamsElement:20
std/JSON/ZeroCopy/Deserializer.dfy,Std.JSON.ZeroCopy.Deserializer.ObjectParams.Element (well-formedness) (assertion batch 15),reordered,False,well-formedness:StdJSONZeroCopyDeserializerObjectParamsElement:14
std/JSON/ZeroCopy/Deserializer.dfy,Std.JSON.ZeroCopy.Deserializer.ObjectParams.Element (well-formedness) (assertion batch 88),reordered,False,well-formedness:StdJSONZeroCopyDeserializerObjectParamsElement:87
std/JSON/ZeroCopy/Deserializer.dfy,Std.JSON.ZeroCopy.Deserializer.ObjectParams.Element (well-formedness) (assertion batch 71),reordered,False,well-formedness:StdJSONZeroCopyDeserializerObjectParamsElement:70
std/JSON/ZeroCopy/Deserializer.dfy,Std.JSON.ZeroCopy.Deserializer.ObjectParams.Element (well-formedness) (assertion batch 73),reordered,False,well-formedness:StdJSONZeroCopyDeserializerObjectParamsElement:72
std/JSON/ZeroCopy/Deserializer.dfy,Std.JSON.ZeroCopy.Deserializer.Sequences.Bracketed (well-formedness) (assertion batch 64),reordered,False,well-formedness:StdJSONZeroCopyDeserializerSequencesBracketed:63
std/JSON/ZeroCopy/Deserializer.dfy,Std.JSON.ZeroCopy.Deserializer.Arrays.Array (well-formedness) (assertion batch 12),reordered,False,well-formedness:StdJSONZeroCopyDeserializerArraysArray:11
std/JSON/ZeroCopy/Deserializer.dfy,Std.JSON.ZeroCopy.Deserializer.Sequences.Elements (well-formedness) (assertion batch 48),reordered,False,well-formedness:StdJSONZeroCopyDeserializerSequencesElements:47
std/JSON/ZeroCopy/Deserializer.dfy,Std.JSON.ZeroCopy.Deserializer.Sequences.Elements (well-formedness) (assertion batch 187),reordered,False,well-formedness:StdJSONZeroCopyDeserializerSequencesElements:186
std/JSON/ZeroCopy/Deserializer.dfy,Std.JSON.ZeroCopy.Deserializer.Sequences.Elements (well-formedness) (assertion batch 138),reordered,False,well-formedness:StdJSONZeroCopyDeserializerSequencesElements:137
std/JSON/ZeroCopy/Deserializer.dfy,Std.JSON.ZeroCopy.Deserializer.Arrays.Array (well-formedness) (assertion batch 10),reordered,False,well-formedness:StdJSONZeroCopyDeserializerArraysArray:9
std/JSON/ZeroCopy/Deserializer.dfy,Std.JSON.ZeroCopy.Deserializer.ObjectParams.Element (well-formedness) (assertion batch 92),reordered,False,well-formedness:StdJSONZeroCopyDeserializerObjectParamsElement:91
std/JSON/ZeroCopy/Deserializer.dfy,Std.JSON.ZeroCopy.Deserializer.ObjectParams.Element (well-formedness) (assertion batch 77),reordered,False,well-formedness:StdJSONZeroCopyDeserializerObjectParamsElement:76
std/JSON/ZeroCopy/Deserializer.dfy,Std.JSON.ZeroCopy.Deserializer.Objects.Object (well-formedness) (assertion batch 21),reordered,False,well-formedness:StdJSONZeroCopyDeserializerObjectsObject:20
std/JSON/ZeroCopy/Deserializer.dfy,Std.JSON.ZeroCopy.Deserializer.Sequences.Bracketed (well-formedness) (assertion batch 3),reordered,False,well-formedness:StdJSONZeroCopyDeserializerSequencesBracketed:2
std/JSON/ZeroCopy/Deserializer.dfy,Std.JSON.ZeroCopy.Deserializer.Sequences.Elements (well-formedness) (assertion batch 176),reordered,False,well-formedness:StdJSONZeroCopyDeserializerSequencesElements:175
std/JSON/ZeroCopy/Deserializer.dfy,Std.JSON.ZeroCopy.Deserializer.Values.Value (well-formedness) (assertion batch 127),reordered,False,well-formedness:StdJSONZeroCopyDeserializerValuesValue:126
std/JSON/ZeroCopy/Deserializer.dfy,Std.JSON.ZeroCopy.Deserializer.ObjectParams.Element (well-formedness) (assertion batch 59),reordered,False,well-formedness:StdJSONZeroCopyDeserializerObjectParamsElement:58
std/JSON/ZeroCopy/Deserializer.dfy,Std.JSON.ZeroCopy.Deserializer.Sequences.AboutTryStructural (well-formedness) (assertion batch 10),reordered,False,well-formedness:StdJSONZeroCopyDeserializerSequencesAboutTryStructural:9
std/JSON/ZeroCopy/Deserializer.dfy,Std.JSON.ZeroCopy.Deserializer.Values.Value (well-formedness) (assertion batch 334),reordered,False,well-formedness:StdJSONZeroCopyDeserializerValuesValue:333
std/JSON/ZeroCopy/Deserializer.dfy,Std.JSON.ZeroCopy.Deserializer.Sequences.Elements (well-formedness) (assertion batch 199),reordered,False,well-formedness:StdJSONZeroCopyDeserializerSequencesElements:198
std/JSON/ZeroCopy/Deserializer.dfy,Std.JSON.ZeroCopy.Deserializer.Sequences.Bracketed (well-formedness) (assertion batch 55),reordered,False,well-formedness:StdJSONZeroCopyDeserializerSequencesBracketed:54
std/JSON/ZeroCopy/Deserializer.dfy,Std.JSON.ZeroCopy.Deserializer.ObjectParams.Element (well-formedness) (assertion batch 81),reordered,False,well-formedness:StdJSONZeroCopyDeserializerObjectParamsElement:80
std/JSON/ZeroCopy/Deserializer.dfy,Std.JSON.ZeroCopy.Deserializer.Sequences.Elements (well-formedness) (assertion batch 162),reordered,False,well-formedness:StdJSONZeroCopyDeserializerSequencesElements:161
std/JSON/ZeroCopy/Deserializer.dfy,Std.JSON.ZeroCopy.Deserializer.Sequences.Bracketed (well-formedness) (assertion batch 63),reordered,False,well-formedness:StdJSONZeroCopyDeserializerSequencesBracketed:62
std/JSON/ZeroCopy/Deserializer.dfy,Std.JSON.ZeroCopy.Deserializer.Sequences.Elements (well-formedness) (assertion batch 147),reordered,False,well-formedness:StdJSONZeroCopyDeserializerSequencesElements:146
std/JSON/ZeroCopy/Deserializer.dfy,Std.JSON.ZeroCopy.Deserializer.Sequences.Elements (well-formedness) (assertion batch 169),reordered,False,well-formedness:StdJSONZeroCopyDeserializerSequencesElements:168
std/JSON/ZeroCopy/Deserializer.dfy,Std.JSON.ZeroCopy.Deserializer.ObjectParams.Element (well-formedness) (assertion batch 93),reordered,False,well-formedness:StdJSONZeroCopyDeserializerObjectParamsElement:92
std/JSON/ZeroCopy/Deserializer.dfy,Std.JSON.ZeroCopy.Deserializer.Arrays.Array (well-formedness) (assertion batch 7),reordered,False,well-formedness:StdJSONZeroCopyDeserializerArraysArray:6
std/JSON/ZeroCopy/Deserializer.dfy,Std.JSON.ZeroCopy.Deserializer.Sequences.Elements (well-formedness) (assertion batch 124),reordered,False,well-formedness:StdJSONZeroCopyDeserializerSequencesElements:123
std/JSON/ZeroCopy/Deserializer.dfy,Std.JSON.ZeroCopy.Deserializer.Sequences.Elements (well-formedness) (assertion batch 164),reordered,False,well-formedness:StdJSONZeroCopyDeserializerSequencesElements:163
std/JSON/ZeroCopy/Deserializer.dfy,Std.JSON.ZeroCopy.Deserializer.ObjectParams.Element (well-formedness) (assertion batch 23),reordered,False,well-formedness:StdJSONZeroCopyDeserializerObjectParamsElement:22
std/JSON/ZeroCopy/Deserializer.dfy,Std.JSON.ZeroCopy.Deserializer.Sequences.Elements (well-formedness) (assertion batch 178),reordered,False,well-formedness:StdJSONZeroCopyDeserializerSequencesElements:177
std/JSON/ZeroCopy/Deserializer.dfy,Std.JSON.ZeroCopy.Deserializer.Sequences.Elements (well-formedness) (assertion batch 255),reordered,False,well-formedness:StdJSONZeroCopyDeserializerSequencesElements:254
std/JSON/ZeroCopy/Deserializer.dfy,Std.JSON.ZeroCopy.Deserializer.ObjectParams.Element (well-formedness) (assertion batch 33),reordered,False,well-formedness:StdJSONZeroCopyDeserializerObjectParamsElement:32
std/JSON/ZeroCopy/Deserializer.dfy,Std.JSON.ZeroCopy.Deserializer.ObjectParams.Element (well-formedness) (assertion batch 62),reordered,False,well-formedness:StdJSONZeroCopyDeserializerObjectParamsElement:61
std/JSON/ZeroCopy/Deserializer.dfy,Std.JSON.ZeroCopy.Deserializer.ObjectParams.Element (well-formedness) (assertion batch 17),reordered,False,well-formedness:StdJSONZeroCopyDeserializerObjectParamsElement:16
std/JSON/ZeroCopy/Deserializer.dfy,Std.JSON.ZeroCopy.Deserializer.Arrays.Array (well-formedness) (assertion batch 6),reordered,False,well-formedness:StdJSONZeroCopyDeserializerArraysArray:5
std/JSON/ZeroCopy/Deserializer.dfy,Std.JSON.ZeroCopy.Deserializer.Values.Value (well-formedness) (assertion batch 126),reordered,False,well-formedness:StdJSONZeroCopyDeserializerValuesValue:125
std/JSON/ZeroCopy/Deserializer.dfy,Std.JSON.ZeroCopy.Deserializer.ObjectParams.Element (well-formedness) (assertion batch 18),reordered,False,well-formedness:StdJSONZeroCopyDeserializerObjectParamsElement:17
std/JSON/ZeroCopy/Deserializer.dfy,Std.JSON.ZeroCopy.Deserializer.Sequences.Elements (well-formedness) (assertion batch 200),reordered,False,well-formedness:StdJSONZeroCopyDeserializerSequencesElements:199
std/JSON/ZeroCopy/Deserializer.dfy,Std.JSON.ZeroCopy.Deserializer.Arrays.Array (well-formedness) (assertion batch 22),reordered,False,well-formedness:StdJSONZeroCopyDeserializerArraysArray:21
std/JSON/ZeroCopy/Deserializer.dfy,Std.JSON.ZeroCopy.Deserializer.Sequences.Elements (well-formedness) (assertion batch 156),reordered,False,well-formedness:StdJSONZeroCopyDeserializerSequencesElements:155
std/JSON/ZeroCopy/Deserializer.dfy,Std.JSON.ZeroCopy.Deserializer.Arrays.Array (well-formedness) (assertion batch 11),reordered,False,well-formedness:StdJSONZeroCopyDeserializerArraysArray:10
std/JSON/ZeroCopy/Deserializer.dfy,Std.JSON.ZeroCopy.Deserializer.Sequences.Elements (well-formedness) (assertion batch 101),reordered,False,well-formedness:StdJSONZeroCopyDeserializerSequencesElements:100
std/JSON/ZeroCopy/Deserializer.dfy,Std.JSON.ZeroCopy.Deserializer.ObjectParams.Element (well-formedness) (assertion batch 63),reordered,False,well-formedness:StdJSONZeroCopyDeserializerObjectParamsElement:62
std/JSON/ZeroCopy/Deserializer.dfy,Std.JSON.ZeroCopy.Deserializer.Sequences.Bracketed (well-formedness) (assertion batch 61),reordered,False,well-formedness:StdJSONZeroCopyDeserializerSequencesBracketed:60
std/JSON/ZeroCopy/Deserializer.dfy,Std.JSON.ZeroCopy.Deserializer.ObjectParams.Element (well-formedness) (assertion batch 30),reordered,False,well-formedness:StdJSONZeroCopyDeserializerObjectParamsElement:29
std/JSON/ZeroCopy/Deserializer.dfy,Std.JSON.ZeroCopy.Deserializer.Sequences.Elements (well-formedness) (assertion batch 152),reordered,False,well-formedness:StdJSONZeroCopyDeserializerSequencesElements:151
std/JSON/ZeroCopy/Deserializer.dfy,Std.JSON.ZeroCopy.Deserializer.ObjectParams.Element (well-formedness) (assertion batch 69),reordered,False,well-formedness:StdJSONZeroCopyDeserializerObjectParamsElement:68
std/JSON/ZeroCopy/Deserializer.dfy,Std.JSON.ZeroCopy.Deserializer.Sequences.Bracketed (well-formedness) (assertion batch 41),reordered,False,well-formedness:StdJSONZeroCopyDeserializerSequencesBracketed:40
std/JSON/ZeroCopy/Deserializer.dfy,Std.JSON.ZeroCopy.Deserializer.Sequences.Elements (well-formedness) (assertion batch 222),reordered,False,well-formedness:StdJSONZeroCopyDeserializerSequencesElements:221
std/JSON/ZeroCopy/Deserializer.dfy,Std.JSON.ZeroCopy.Deserializer.Sequences.Bracketed (well-formedness) (assertion batch 36),reordered,False,well-formedness:StdJSONZeroCopyDeserializerSequencesBracketed:35
std/JSON/ZeroCopy/Deserializer.dfy,Std.JSON.ZeroCopy.Deserializer.Sequences.Elements (well-formedness) (assertion batch 254),reordered,False,well-formedness:StdJSONZeroCopyDeserializerSequencesElements:253
std/JSON/ZeroCopy/Deserializer.dfy,Std.JSON.ZeroCopy.Deserializer.Arrays.Array (well-formedness) (assertion batch 8),reordered,False,well-formedness:StdJSONZeroCopyDeserializerArraysArray:7
std/JSON/ZeroCopy/Deserializer.dfy,Std.JSON.ZeroCopy.Deserializer.ObjectParams.Element (well-formedness) (assertion batch 19),reordered,False,well-formedness:StdJSONZeroCopyDeserializerObjectParamsElement:18
std/JSON/ZeroCopy/Deserializer.dfy,Std.JSON.ZeroCopy.Deserializer.Objects.Object (well-formedness) (assertion batch 7),reordered,False,well-formedness:StdJSONZeroCopyDeserializerObjectsObject:6
std/JSON/ZeroCopy/Deserializer.dfy,Std.JSON.ZeroCopy.Deserializer.Sequences.Elements (well-formedness) (assertion batch 181),reordered,False,well-formedness:StdJSONZeroCopyDeserializerSequencesElements:180
std/JSON/ZeroCopy/Deserializer.dfy,Std.JSON.ZeroCopy.Deserializer.Sequences.Bracketed (well-formedness) (assertion batch 58),reordered,False,well-formedness:StdJSONZeroCopyDeserializerSequencesBracketed:57
std/JSON/ZeroCopy/Deserializer.dfy,Std.JSON.ZeroCopy.Deserializer.Sequences.Bracketed (well-formedness) (assertion batch 57),reordered,False,well-formedness:StdJSONZeroCopyDeserializerSequencesBracketed:56
std/JSON/ZeroCopy/Deserializer.dfy,Std.JSON.ZeroCopy.Deserializer.Sequences.Bracketed (well-formedness) (assertion batch 32),reordered,False,well-formedness:StdJSONZeroCopyDeserializerSequencesBracketed:31
std/JSON/ZeroCopy/Deserializer.dfy,Std.JSON.ZeroCopy.Deserializer.Sequences.Elements (well-formedness) (assertion batch 158),reordered,False,well-formedness:StdJSONZeroCopyDeserializerSequencesElements:157
std/JSON/ZeroCopy/Deserializer.dfy,Std.JSON.ZeroCopy.Deserializer.Objects.Object (well-formedness) (assertion batch 11),reordered,False,well-formedness:StdJSONZeroCopyDeserializerObjectsObject:10
std/JSON/ZeroCopy/Deserializer.dfy,Std.JSON.ZeroCopy.Deserializer.Sequences.Bracketed (well-formedness) (assertion batch 50),reordered,False,well-formedness:StdJSONZeroCopyDeserializerSequencesBracketed:49
std/JSON/ZeroCopy/Deserializer.dfy,Std.JSON.ZeroCopy.Deserializer.Sequences.Bracketed (well-formedness) (assertion batch 14),reordered,False,well-formedness:StdJSONZeroCopyDeserializerSequencesBracketed:13
std/JSON/ZeroCopy/Deserializer.dfy,Std.JSON.ZeroCopy.Deserializer.ObjectParams.Element (well-formedness) (assertion batch 45),reordered,False,well-formedness:StdJSONZeroCopyDeserializerObjectParamsElement:44
std/JSON/ZeroCopy/Deserializer.dfy,Std.JSON.ZeroCopy.Deserializer.Sequences.Elements (well-formedness) (assertion batch 174),reordered,False,well-formedness:StdJSONZeroCopyDeserializerSequencesElements:173
std/JSON/ZeroCopy/Deserializer.dfy,Std.JSON.ZeroCopy.Deserializer.Arrays.Array (well-formedness) (assertion batch 14),reordered,False,well-formedness:StdJSONZeroCopyDeserializerArraysArray:13
std/JSON/ZeroCopy/Deserializer.dfy,Std.JSON.ZeroCopy.Deserializer.Sequences.Elements (well-formedness) (assertion batch 185),reordered,False,well-formedness:StdJSONZeroCopyDeserializerSequencesElements:184
std/JSON/ZeroCopy/Deserializer.dfy,Std.JSON.ZeroCopy.Deserializer.Sequences.Bracketed (well-formedness) (assertion batch 59),reordered,False,well-formedness:StdJSONZeroCopyDeserializerSequencesBracketed:58
std/JSON/ZeroCopy/Deserializer.dfy,Std.JSON.ZeroCopy.Deserializer.ObjectParams.Element (well-formedness) (assertion batch 34),reordered,False,well-formedness:StdJSONZeroCopyDeserializerObjectParamsElement:33
std/JSON/ZeroCopy/Deserializer.dfy,Std.JSON.ZeroCopy.Deserializer.Sequences.Elements (well-formedness) (assertion batch 221),reordered,False,well-formedness:StdJSONZeroCopyDeserializerSequencesElements:220
std/JSON/ZeroCopy/Deserializer.dfy,Std.JSON.ZeroCopy.Deserializer.ObjectParams.Element (well-formedness) (assertion batch 90),reordered,False,well-formedness:StdJSONZeroCopyDeserializerObjectParamsElement:89
std/JSON/ZeroCopy/Deserializer.dfy,Std.JSON.ZeroCopy.Deserializer.Sequences.Elements (well-formedness) (assertion batch 118),reordered,False,well-formedness:StdJSONZeroCopyDeserializerSequencesElements:117
std/JSON/ZeroCopy/Deserializer.dfy,Std.JSON.ZeroCopy.Deserializer.ObjectParams.Element (well-formedness) (assertion batch 43),reordered,False,well-formedness:StdJSONZeroCopyDeserializerObjectParamsElement:42
std/JSON/ZeroCopy/Deserializer.dfy,Std.JSON.ZeroCopy.Deserializer.Sequences.Bracketed (well-formedness) (assertion batch 51),reordered,False,well-formedness:StdJSONZeroCopyDeserializerSequencesBracketed:50
std/JSON/ZeroCopy/Deserializer.dfy,Std.JSON.ZeroCopy.Deserializer.Sequences.Elements (well-formedness) (assertion batch 132),reordered,False,well-formedness:StdJSONZeroCopyDeserializerSequencesElements:131
std/JSON/ZeroCopy/Deserializer.dfy,Std.JSON.ZeroCopy.Deserializer.Arrays.Array (well-formedness) (assertion batch 19),reordered,False,well-formedness:StdJSONZeroCopyDeserializerArraysArray:18
std/JSON/ZeroCopy/Deserializer.dfy,Std.JSON.ZeroCopy.Deserializer.Sequences.Elements (well-formedness) (assertion batch 248),reordered,False,well-formedness:StdJSONZeroCopyDeserializerSequencesElements:247
std/JSON/ZeroCopy/Deserializer.dfy,Std.JSON.ZeroCopy.Deserializer.Sequences.Elements (well-formedness) (assertion batch 249),reordered,False,well-formedness:StdJSONZeroCopyDeserializerSequencesElements:248
std/JSON/ZeroCopy/Deserializer.dfy,Std.JSON.ZeroCopy.Deserializer.ObjectParams.Element (well-formedness) (assertion batch 57),reordered,False,well-formedness:StdJSONZeroCopyDeserializerObjectParamsElement:56
std/JSON/ZeroCopy/Deserializer.dfy,Std.JSON.ZeroCopy.Deserializer.Values.Value (well-formedness) (assertion batch 198),reordered,False,well-formedness:StdJSONZeroCopyDeserializerValuesValue:197
std/JSON/ZeroCopy/Deserializer.dfy,Std.JSON.ZeroCopy.Deserializer.Sequences.Elements (well-formedness) (assertion batch 140),reordered,False,well-formedness:StdJSONZeroCopyDeserializerSequencesElements:139
std/JSON/ZeroCopy/Deserializer.dfy,Std.JSON.ZeroCopy.Deserializer.Sequences.Bracketed (well-formedness) (assertion batch 53),reordered,False,well-formedness:StdJSONZeroCopyDeserializerSequencesBracketed:52
std/JSON/ZeroCopy/Deserializer.dfy,Std.JSON.ZeroCopy.Deserializer.Sequences.Elements (well-formedness) (assertion batch 150),reordered,False,well-formedness:StdJSONZeroCopyDeserializerSequencesElements:149
std/JSON/ZeroCopy/Deserializer.dfy,Std.JSON.ZeroCopy.Deserializer.Values.Value (well-formedness) (assertion batch 55),reordered,False,well-formedness:StdJSONZeroCopyDeserializerValuesValue:54
std/JSON/ZeroCopy/Deserializer.dfy,Std.JSON.ZeroCopy.Deserializer.Arrays.Array (well-formedness) (assertion batch 2),reordered,False,well-formedness:StdJSONZeroCopyDeserializerArraysArray:1
std/JSON/ZeroCopy/Deserializer.dfy,Std.JSON.ZeroCopy.Deserializer.Sequences.Elements (well-formedness) (assertion batch 90),reordered,False,well-formedness:StdJSONZeroCopyDeserializerSequencesElements:89
std/JSON/ZeroCopy/Deserializer.dfy,Std.JSON.ZeroCopy.Deserializer.Values.Value (well-formedness) (assertion batch 56),reordered,False,well-formedness:StdJSONZeroCopyDeserializerValuesValue:55
std/JSON/ZeroCopy/Deserializer.dfy,Std.JSON.ZeroCopy.Deserializer.Sequences.Bracketed (well-formedness) (assertion batch 62),reordered,False,well-formedness:StdJSONZeroCopyDeserializerSequencesBracketed:61
std/JSON/ZeroCopy/Deserializer.dfy,Std.JSON.ZeroCopy.Deserializer.ObjectParams.Element (well-formedness) (assertion batch 64),reordered,False,well-formedness:StdJSONZeroCopyDeserializerObjectParamsElement:63
std/JSON/ZeroCopy/Deserializer.dfy,Std.JSON.ZeroCopy.Deserializer.Arrays.Array (well-formedness) (assertion batch 15),reordered,False,well-formedness:StdJSONZeroCopyDeserializerArraysArray:14
std/JSON/ZeroCopy/Deserializer.dfy,Std.JSON.ZeroCopy.Deserializer.Sequences.Elements (well-formedness) (assertion batch 146),reordered,False,well-formedness:StdJSONZeroCopyDeserializerSequencesElements:145
std/JSON/ZeroCopy/Deserializer.dfy,Std.JSON.ZeroCopy.Deserializer.ObjectParams.Element (well-formedness) (assertion batch 67),reordered,False,well-formedness:StdJSONZeroCopyDeserializerObjectParamsElement:66
std/JSON/ZeroCopy/Deserializer.dfy,Std.JSON.ZeroCopy.Deserializer.Sequences.Elements (well-formedness) (assertion batch 3),reordered,False,well-formedness:StdJSONZeroCopyDeserializerSequencesElements:2
std/JSON/ZeroCopy/Deserializer.dfy,Std.JSON.ZeroCopy.Deserializer.ObjectParams.Element (well-formedness) (assertion batch 41),reordered,False,well-formedness:StdJSONZeroCopyDeserializerObjectParamsElement:40
std/JSON/ZeroCopy/Deserializer.dfy,Std.JSON.ZeroCopy.Deserializer.Sequences.Elements (well-formedness) (assertion batch 148),reordered,False,well-formedness:StdJSONZeroCopyDeserializerSequencesElements:147
std/JSON/ZeroCopy/Deserializer.dfy,Std.JSON.ZeroCopy.Deserializer.Sequences.Elements (well-formedness) (assertion batch 139),reordered,False,well-formedness:StdJSONZeroCopyDeserializerSequencesElements:138
std/JSON/ZeroCopy/Deserializer.dfy,Std.JSON.ZeroCopy.Deserializer.Sequences.Elements (well-formedness) (assertion batch 175),reordered,False,well-formedness:StdJSONZeroCopyDeserializerSequencesElements:174
std/JSON/ZeroCopy/Deserializer.dfy,Std.JSON.ZeroCopy.Deserializer.Sequences.Elements (well-formedness) (assertion batch 196),reordered,False,well-formedness:StdJSONZeroCopyDeserializerSequencesElements:195
std/JSON/ZeroCopy/Deserializer.dfy,Std.JSON.ZeroCopy.Deserializer.Sequences.Elements (well-formedness) (assertion batch 180),reordered,False,well-formedness:StdJSONZeroCopyDeserializerSequencesElements:179
std/JSON/ZeroCopy/Deserializer.dfy,Std.JSON.ZeroCopy.Deserializer.Sequences.Elements (well-formedness) (assertion batch 159),reordered,False,well-formedness:StdJSONZeroCopyDeserializerSequencesElements:158
std/JSON/ZeroCopy/Deserializer.dfy,Std.JSON.ZeroCopy.Deserializer.Sequences.Bracketed (well-formedness) (assertion batch 22),reordered,False,well-formedness:StdJSONZeroCopyDeserializerSequencesBracketed:21
std/JSON/ZeroCopy/Deserializer.dfy,Std.JSON.ZeroCopy.Deserializer.Objects.Object (well-formedness) (assertion batch 23),reordered,False,well-formedness:StdJSONZeroCopyDeserializerObjectsObject:22
std/JSON/ZeroCopy/Deserializer.dfy,Std.JSON.ZeroCopy.Deserializer.Sequences.Bracketed (well-formedness) (assertion batch 33),reordered,False,well-formedness:StdJSONZeroCopyDeserializerSequencesBracketed:32
std/JSON/ZeroCopy/Deserializer.dfy,Std.JSON.ZeroCopy.Deserializer.Sequences.Bracketed (well-formedness) (assertion batch 54),reordered,False,well-formedness:StdJSONZeroCopyDeserializerSequencesBracketed:53
std/JSON/ZeroCopy/Deserializer.dfy,Std.JSON.ZeroCopy.Deserializer.ObjectParams.Element (well-formedness) (assertion batch 58),reordered,False,well-formedness:StdJSONZeroCopyDeserializerObjectParamsElement:57
std/JSON/ZeroCopy/Deserializer.dfy,Std.JSON.ZeroCopy.Deserializer.ObjectParams.Element (well-formedness) (assertion batch 86),reordered,False,well-formedness:StdJSONZeroCopyDeserializerObjectParamsElement:85
std/JSON/ZeroCopy/Deserializer.dfy,Std.JSON.ZeroCopy.Deserializer.Sequences.Bracketed (well-formedness) (assertion batch 9),reordered,False,well-formedness:StdJSONZeroCopyDeserializerSequencesBracketed:8
std/JSON/ZeroCopy/Deserializer.dfy,Std.JSON.ZeroCopy.Deserializer.Sequences.Bracketed (well-formedness) (assertion batch 60),reordered,False,well-formedness:StdJSONZeroCopyDeserializerSequencesBracketed:59
std/JSON/ZeroCopy/Deserializer.dfy,Std.JSON.ZeroCopy.Deserializer.ObjectParams.Element (well-formedness) (assertion batch 68),reordered,False,well-formedness:StdJSONZeroCopyDeserializerObjectParamsElement:67
std/JSON/ZeroCopy/Deserializer.dfy,Std.JSON.ZeroCopy.Deserializer.Sequences.Elements (well-formedness) (assertion batch 120),reordered,False,well-formedness:StdJSONZeroCopyDeserializerSequencesElements:119
std/JSON/ZeroCopy/Deserializer.dfy,Std.JSON.ZeroCopy.Deserializer.Sequences.Elements (well-formedness) (assertion batch 100),reordered,False,well-formedness:StdJSONZeroCopyDeserializerSequencesElements:99
std/JSON/ZeroCopy/Deserializer.dfy,Std.JSON.ZeroCopy.Deserializer.ObjectParams.Element (well-formedness) (assertion batch 91),reordered,False,well-formedness:StdJSONZeroCopyDeserializerObjectParamsElement:90
std/JSON/ZeroCopy/Deserializer.dfy,Std.JSON.ZeroCopy.Deserializer.Sequences.Elements (well-formedness) (assertion batch 149),reordered,False,well-formedness:StdJSONZeroCopyDeserializerSequencesElements:148
std/JSON/ZeroCopy/Deserializer.dfy,Std.JSON.ZeroCopy.Deserializer.Sequences.Elements (well-formedness) (assertion batch 220),reordered,False,well-formedness:StdJSONZeroCopyDeserializerSequencesElements:219
std/JSON/ZeroCopy/Deserializer.dfy,Std.JSON.ZeroCopy.Deserializer.Sequences.Elements (well-formedness) (assertion batch 105),reordered,False,well-formedness:StdJSONZeroCopyDeserializerSequencesElements:104
std/JSON/ZeroCopy/Deserializer.dfy,Std.JSON.ZeroCopy.Deserializer.Values.Value (well-formedness) (assertion batch 304),reordered,False,well-formedness:StdJSONZeroCopyDeserializerValuesValue:303
std/JSON/ZeroCopy/Deserializer.dfy,Std.JSON.ZeroCopy.Deserializer.Sequences.Elements (well-formedness) (assertion batch 207),reordered,False,well-formedness:StdJSONZeroCopyDeserializerSequencesElements:206
std/JSON/ZeroCopy/Deserializer.dfy,Std.JSON.ZeroCopy.Deserializer.Arrays.Array (well-formedness) (assertion batch 16),reordered,False,well-formedness:StdJSONZeroCopyDeserializerArraysArray:15
std/JSON/ZeroCopy/Deserializer.dfy,Std.JSON.ZeroCopy.Deserializer.Sequences.Elements (well-formedness) (assertion batch 197),reordered,False,well-formedness:StdJSONZeroCopyDeserializerSequencesElements:196
std/JSON/ZeroCopy/Deserializer.dfy,Std.JSON.ZeroCopy.Deserializer.Sequences.Elements (well-formedness) (assertion batch 2),reordered,False,well-formedness:StdJSONZeroCopyDeserializerSequencesElements:1
std/JSON/ZeroCopy/Deserializer.dfy,Std.JSON.ZeroCopy.Deserializer.Sequences.Elements (well-formedness) (assertion batch 238),reordered,False,well-formedness:StdJSONZeroCopyDeserializerSequencesElements:237
std/JSON/ZeroCopy/Deserializer.dfy,Std.JSON.ZeroCopy.Deserializer.Sequences.Elements (well-formedness) (assertion batch 237),reordered,False,well-formedness:StdJSONZeroCopyDeserializerSequencesElements:236
std/JSON/ZeroCopy/Deserializer.dfy,Std.JSON.ZeroCopy.Deserializer.Sequences.Elements (well-formedness) (assertion batch 135),reordered,False,well-formedness:StdJSONZeroCopyDeserializerSequencesElements:134
std/JSON/ZeroCopy/Deserializer.dfy,Std.JSON.ZeroCopy.Deserializer.ObjectParams.Element (well-formedness) (assertion batch 28),reordered,False,well-formedness:StdJSONZeroCopyDeserializerObjectParamsElement:27
std/JSON/ZeroCopy/Deserializer.dfy,Std.JSON.ZeroCopy.Deserializer.Sequences.Elements (well-formedness) (assertion batch 246),reordered,False,well-formedness:StdJSONZeroCopyDeserializerSequencesElements:245
std/JSON/ZeroCopy/Deserializer.dfy,Std.JSON.ZeroCopy.Deserializer.ObjectParams.Element (well-formedness) (assertion batch 35),reordered,False,well-formedness:StdJSONZeroCopyDeserializerObjectParamsElement:34
std/JSON/ZeroCopy/Deserializer.dfy,Std.JSON.ZeroCopy.Deserializer.Sequences.Elements (well-formedness) (assertion batch 256),reordered,False,well-formedness:StdJSONZeroCopyDeserializerSequencesElements:255
std/JSON/ZeroCopy/Deserializer.dfy,Std.JSON.ZeroCopy.Deserializer.Sequences.Elements (well-formedness) (assertion batch 108),reordered,False,well-formedness:StdJSONZeroCopyDeserializerSequencesElements:107
std/JSON/ZeroCopy/Deserializer.dfy,Std.JSON.ZeroCopy.Deserializer.Arrays.Array (well-formedness) (assertion batch 23),reordered,False,well-formedness:StdJSONZeroCopyDeserializerArraysArray:22
std/JSON/ZeroCopy/Deserializer.dfy,Std.JSON.ZeroCopy.Deserializer.ObjectParams.Element (well-formedness) (assertion batch 56),reordered,False,well-formedness:StdJSONZeroCopyDeserializerObjectParamsElement:55
std/JSON/ZeroCopy/Deserializer.dfy,Std.JSON.ZeroCopy.Deserializer.Sequences.Elements (well-formedness) (assertion batch 144),reordered,False,well-formedness:StdJSONZeroCopyDeserializerSequencesElements:143
std/JSON/ZeroCopy/Deserializer.dfy,Std.JSON.ZeroCopy.Deserializer.Sequences.Elements (well-formedness) (assertion batch 201),reordered,False,well-formedness:StdJSONZeroCopyDeserializerSequencesElements:200
std/JSON/ZeroCopy/Deserializer.dfy,Std.JSON.ZeroCopy.Deserializer.Sequences.Elements (well-formedness) (assertion batch 89),reordered,False,well-formedness:StdJSONZeroCopyDeserializerSequencesElements:88
std/JSON/ZeroCopy/Deserializer.dfy,Std.JSON.ZeroCopy.Deserializer.ObjectParams.Element (well-formedness) (assertion batch 84),reordered,False,well-formedness:StdJSONZeroCopyDeserializerObjectParamsElement:83
std/JSON/ZeroCopy/Deserializer.dfy,Std.JSON.ZeroCopy.Deserializer.Objects.Object (well-formedness) (assertion batch 5),reordered,False,well-formedness:StdJSONZeroCopyDeserializerObjectsObject:4
std/JSON/ZeroCopy/Deserializer.dfy,Std.JSON.ZeroCopy.Deserializer.Sequences.Bracketed (well-formedness) (assertion batch 4),reordered,False,well-formedness:StdJSONZeroCopyDeserializerSequencesBracketed:3
std/JSON/ZeroCopy/Deserializer.dfy,Std.JSON.ZeroCopy.Deserializer.ObjectParams.Element (well-formedness) (assertion batch 40),reordered,False,well-formedness:StdJSONZeroCopyDeserializerObjectParamsElement:39
std/JSON/ZeroCopy/Deserializer.dfy,Std.JSON.ZeroCopy.Deserializer.Sequences.Bracketed (well-formedness) (assertion batch 23),reordered,False,well-formedness:StdJSONZeroCopyDeserializerSequencesBracketed:22
std/JSON/ZeroCopy/Deserializer.dfy,Std.JSON.ZeroCopy.Deserializer.ObjectParams.Element (well-formedness) (assertion batch 87),reordered,False,well-formedness:StdJSONZeroCopyDeserializerObjectParamsElement:86
std/JSON/ZeroCopy/Deserializer.dfy,Std.JSON.ZeroCopy.Deserializer.Sequences.Elements (well-formedness) (assertion batch 183),reordered,False,well-formedness:StdJSONZeroCopyDeserializerSequencesElements:182
std/JSON/ZeroCopy/Deserializer.dfy,Std.JSON.ZeroCopy.Deserializer.ObjectParams.Element (well-formedness) (assertion batch 1),reordered,False,well-formedness:StdJSONZeroCopyDeserializerObjectParamsElement:0
std/JSON/ZeroCopy/Deserializer.dfy,Std.JSON.ZeroCopy.Deserializer.Sequences.Elements (well-formedness) (assertion batch 137),reordered,False,well-formedness:StdJSONZeroCopyDeserializerSequencesElements:136
std/JSON/ZeroCopy/Deserializer.dfy,Std.JSON.ZeroCopy.Deserializer.Core.Get (well-formedness),reordered,False,well-formedness:StdJSONZeroCopyDeserializerCoreGet:0
std/JSON/ZeroCopy/Deserializer.dfy,Std.JSON.ZeroCopy.Deserializer.Sequences.Bracketed (well-formedness) (assertion batch 44),reordered,False,well-formedness:StdJSONZeroCopyDeserializerSequencesBracketed:43
std/JSON/ZeroCopy/Deserializer.dfy,Std.JSON.ZeroCopy.Deserializer.Sequences.Elements (well-formedness) (assertion batch 133),reordered,False,well-formedness:StdJSONZeroCopyDeserializerSequencesElements:132
std/JSON/ZeroCopy/Deserializer.dfy,Std.JSON.ZeroCopy.Deserializer.ObjectParams.Element (well-formedness) (assertion batch 25),reordered,False,well-formedness:StdJSONZeroCopyDeserializerObjectParamsElement:24
std/JSON/ZeroCopy/Deserializer.dfy,Std.JSON.ZeroCopy.Deserializer.Values.Value (well-formedness) (assertion batch 335),reordered,False,well-formedness:StdJSONZeroCopyDeserializerValuesValue:334
std/JSON/ZeroCopy/Deserializer.dfy,Std.JSON.ZeroCopy.Deserializer.Sequences.Elements (well-formedness) (assertion batch 167),reordered,False,well-formedness:StdJSONZeroCopyDeserializerSequencesElements:166
std/JSON/ZeroCopy/Deserializer.dfy,Std.JSON.ZeroCopy.Deserializer.Sequences.Elements (well-formedness) (assertion batch 111),reordered,False,well-formedness:StdJSONZeroCopyDeserializerSequencesElements:110
std/JSON/ZeroCopy/Deserializer.dfy,Std.JSON.ZeroCopy.Deserializer.ObjectParams.Element (well-formedness) (assertion batch 7),reordered,False,well-formedness:StdJSONZeroCopyDeserializerObjectParamsElement:6
std/JSON/ZeroCopy/Deserializer.dfy,Std.JSON.ZeroCopy.Deserializer.Sequences.Elements (well-formedness) (assertion batch 55),reordered,False,well-formedness:StdJSONZeroCopyDeserializerSequencesElements:54
std/JSON/ZeroCopy/Deserializer.dfy,Std.JSON.ZeroCopy.Deserializer.Sequences.Elements (well-formedness) (assertion batch 143),reordered,False,well-formedness:StdJSONZeroCopyDeserializerSequencesElements:142
std/JSON/ZeroCopy/Deserializer.dfy,Std.JSON.ZeroCopy.Deserializer.Values.Value (well-formedness) (assertion batch 302),reordered,False,well-formedness:StdJSONZeroCopyDeserializerValuesValue:301
std/JSON/ZeroCopy/Deserializer.dfy,Std.JSON.ZeroCopy.Deserializer.Sequences.AppendWithSuffix (well-formedness) (assertion batch 4),reordered,False,well-formedness:StdJSONZeroCopyDeserializerSequencesAppendWithSuffix:3
std/JSON/ZeroCopy/Deserializer.dfy,Std.JSON.ZeroCopy.Deserializer.Sequences.Elements (well-formedness) (assertion batch 112),reordered,False,well-formedness:StdJSONZeroCopyDeserializerSequencesElements:111
std/JSON/ZeroCopy/Deserializer.dfy,Std.JSON.ZeroCopy.Deserializer.ObjectParams.Element (well-formedness) (assertion batch 42),reordered,False,well-formedness:StdJSONZeroCopyDeserializerObjectParamsElement:41
std/JSON/ZeroCopy/Deserializer.dfy,Std.JSON.ZeroCopy.Deserializer.Sequences.Elements (well-formedness) (assertion batch 126),reordered,False,well-formedness:StdJSONZeroCopyDeserializerSequencesElements:125
std/JSON/ZeroCopy/Deserializer.dfy,Std.JSON.ZeroCopy.Deserializer.Sequences.Elements (well-formedness) (assertion batch 257),reordered,False,well-formedness:StdJSONZeroCopyDeserializerSequencesElements:256
std/JSON/ZeroCopy/Deserializer.dfy,Std.JSON.ZeroCopy.Deserializer.Sequences.Elements (well-formedness) (assertion batch 203),reordered,False,well-formedness:StdJSONZeroCopyDeserializerSequencesElements:202
std/JSON/ZeroCopy/Deserializer.dfy,Std.JSON.ZeroCopy.Deserializer.Values.Value (well-formedness) (assertion batch 338),reordered,False,well-formedness:StdJSONZeroCopyDeserializerValuesValue:337
std/JSON/ZeroCopy/Deserializer.dfy,Std.JSON.ZeroCopy.Deserializer.Sequences.Bracketed (well-formedness) (assertion batch 1),reordered,False,well-formedness:StdJSONZeroCopyDeserializerSequencesBracketed:0
std/JSON/ZeroCopy/Deserializer.dfy,Std.JSON.ZeroCopy.Deserializer.Sequences.Elements (well-formedness) (assertion batch 142),reordered,False,well-formedness:StdJSONZeroCopyDeserializerSequencesElements:141
std/JSON/ZeroCopy/Deserializer.dfy,Std.JSON.ZeroCopy.Deserializer.ObjectParams.Element (well-formedness) (assertion batch 3),reordered,False,well-formedness:StdJSONZeroCopyDeserializerObjectParamsElement:2
std/JSON/ZeroCopy/Deserializer.dfy,Std.JSON.ZeroCopy.Deserializer.Sequences.Elements (well-formedness) (assertion batch 43),reordered,False,well-formedness:StdJSONZeroCopyDeserializerSequencesElements:42
std/JSON/ZeroCopy/Deserializer.dfy,Std.JSON.ZeroCopy.Deserializer.Values.Value (well-formedness) (assertion batch 54),reordered,False,well-formedness:StdJSONZeroCopyDeserializerValuesValue:53
std/JSON/ZeroCopy/Deserializer.dfy,Std.JSON.ZeroCopy.Deserializer.ObjectParams.Element (well-formedness) (assertion batch 20),reordered,False,well-formedness:StdJSONZeroCopyDeserializerObjectParamsElement:19
std/JSON/ZeroCopy/Deserializer.dfy,Std.JSON.ZeroCopy.Deserializer.Sequences.Bracketed (well-formedness) (assertion batch 25),reordered,False,well-formedness:StdJSONZeroCopyDeserializerSequencesBracketed:24
std/JSON/ZeroCopy/Deserializer.dfy,Std.JSON.ZeroCopy.Deserializer.Values.Value (well-formedness) (assertion batch 53),reordered,False,well-formedness:StdJSONZeroCopyDeserializerValuesValue:52
std/JSON/ZeroCopy/Deserializer.dfy,Std.JSON.ZeroCopy.Deserializer.Sequences.Elements (well-formedness) (assertion batch 88),reordered,False,well-formedness:StdJSONZeroCopyDeserializerSequencesElements:87
std/JSON/ZeroCopy/Deserializer.dfy,Std.JSON.ZeroCopy.Deserializer.ObjectParams.Element (well-formedness) (assertion batch 27),reordered,False,well-formedness:StdJSONZeroCopyDeserializerObjectParamsElement:26
std/JSON/ZeroCopy/Deserializer.dfy,Std.JSON.ZeroCopy.Deserializer.Sequences.Elements (well-formedness) (assertion batch 127),reordered,False,well-formedness:StdJSONZeroCopyDeserializerSequencesElements:126
std/JSON/ZeroCopy/Deserializer.dfy,Std.JSON.ZeroCopy.Deserializer.Sequences.Bracketed (well-formedness) (assertion batch 8),reordered,False,well-formedness:StdJSONZeroCopyDeserializerSequencesBracketed:7
std/JSON/ZeroCopy/Deserializer.dfy,Std.JSON.ZeroCopy.Deserializer.ObjectParams.Element (well-formedness) (assertion batch 39),reordered,False,well-formedness:StdJSONZeroCopyDeserializerObjectParamsElement:38
std/JSON/ZeroCopy/Deserializer.dfy,Std.JSON.ZeroCopy.Deserializer.ObjectParams.Element (well-formedness) (assertion batch 74),reordered,False,well-formedness:StdJSONZeroCopyDeserializerObjectParamsElement:73
std/JSON/ZeroCopy/Deserializer.dfy,Std.JSON.ZeroCopy.Deserializer.Sequences.Elements (well-formedness) (assertion batch 193),reordered,False,well-formedness:StdJSONZeroCopyDeserializerSequencesElements:192
std/JSON/ZeroCopy/Deserializer.dfy,Std.JSON.ZeroCopy.Deserializer.Sequences.Elements (well-formedness) (assertion batch 165),reordered,False,well-formedness:StdJSONZeroCopyDeserializerSequencesElements:164
std/JSON/ZeroCopy/Deserializer.dfy,Std.JSON.ZeroCopy.Deserializer.Sequences.Elements (well-formedness) (assertion batch 94),reordered,False,well-formedness:StdJSONZeroCopyDeserializerSequencesElements:93
std/JSON/ZeroCopy/Deserializer.dfy,Std.JSON.ZeroCopy.Deserializer.Sequences.Elements (well-formedness) (assertion batch 160),reordered,False,well-formedness:StdJSONZeroCopyDeserializerSequencesElements:159
std/JSON/ZeroCopy/Deserializer.dfy,Std.JSON.ZeroCopy.Deserializer.Arrays.Array (well-formedness) (assertion batch 17),reordered,False,well-formedness:StdJSONZeroCopyDeserializerArraysArray:16
std/JSON/ZeroCopy/Deserializer.dfy,Std.JSON.ZeroCopy.Deserializer.ObjectParams.Element (well-formedness) (assertion batch 72),reordered,False,well-formedness:StdJSONZeroCopyDeserializerObjectParamsElement:71
std/JSON/ZeroCopy/Deserializer.dfy,Std.JSON.ZeroCopy.Deserializer.Sequences.Elements (well-formedness) (assertion batch 129),reordered,False,well-formedness:StdJSONZeroCopyDeserializerSequencesElements:128
std/JSON/ZeroCopy/Deserializer.dfy,Std.JSON.ZeroCopy.Deserializer.Sequences.Elements (well-formedness) (assertion batch 210),reordered,False,well-formedness:StdJSONZeroCopyDeserializerSequencesElements:209
std/JSON/ZeroCopy/Deserializer.dfy,Std.JSON.ZeroCopy.Deserializer.ObjectParams.Element (well-formedness) (assertion batch 24),reordered,False,well-formedness:StdJSONZeroCopyDeserializerObjectParamsElement:23
std/JSON/ZeroCopy/Deserializer.dfy,Std.JSON.ZeroCopy.Deserializer.ObjectParams.Element (well-formedness) (assertion batch 70),reordered,False,well-formedness:StdJSONZeroCopyDeserializerObjectParamsElement:69
std/JSON/ZeroCopy/Deserializer.dfy,Std.JSON.ZeroCopy.Deserializer.Sequences.Bracketed (well-formedness) (assertion batch 24),reordered,False,well-formedness:StdJSONZeroCopyDeserializerSequencesBracketed:23
std/JSON/ZeroCopy/Deserializer.dfy,Std.JSON.ZeroCopy.Deserializer.ObjectParams.Element (well-formedness) (assertion batch 32),reordered,False,well-formedness:StdJSONZeroCopyDeserializerObjectParamsElement:31
std/JSON/ZeroCopy/Deserializer.dfy,Std.JSON.ZeroCopy.Deserializer.Values.Value (well-formedness) (assertion batch 328),reordered,False,well-formedness:StdJSONZeroCopyDeserializerValuesValue:327
std/JSON/ZeroCopy/Deserializer.dfy,Std.JSON.ZeroCopy.Deserializer.Sequences.Elements (well-formedness) (assertion batch 161),reordered,False,well-formedness:StdJSONZeroCopyDeserializerSequencesElements:160
std/JSON/ZeroCopy/Deserializer.dfy,Std.JSON.ZeroCopy.Deserializer.Sequences.Elements (well-formedness) (assertion batch 83),reordered,False,well-formedness:StdJSONZeroCopyDeserializerSequencesElements:82
std/JSON/ZeroCopy/Deserializer.dfy,Std.JSON.ZeroCopy.Deserializer.Sequences.Bracketed (well-formedness) (assertion batch 18),reordered,False,well-formedness:StdJSONZeroCopyDeserializerSequencesBracketed:17
std/JSON/ZeroCopy/Deserializer.dfy,Std.JSON.ZeroCopy.Deserializer.ObjectParams.Element (well-formedness) (assertion batch 29),reordered,False,well-formedness:StdJSONZeroCopyDeserializerObjectParamsElement:28
std/JSON/ZeroCopy/Deserializer.dfy,Std.JSON.ZeroCopy.Deserializer.Sequences.Elements (well-formedness) (assertion batch 223),reordered,False,well-formedness:StdJSONZeroCopyDeserializerSequencesElements:222
std/JSON/ZeroCopy/Deserializer.dfy,Std.JSON.ZeroCopy.Deserializer.Values.Value (well-formedness) (assertion batch 35),reordered,False,well-formedness:StdJSONZeroCopyDeserializerValuesValue:34
std/JSON/ZeroCopy/Deserializer.dfy,Std.JSON.ZeroCopy.Deserializer.Values.Value (well-formedness) (assertion batch 136),reordered,False,well-formedness:StdJSONZeroCopyDeserializerValuesValue:135
std/JSON/ZeroCopy/Deserializer.dfy,Std.JSON.ZeroCopy.Deserializer.Sequences.Bracketed (well-formedness) (assertion batch 43),reordered,False,well-formedness:StdJSONZeroCopyDeserializerSequencesBracketed:42
std/JSON/ZeroCopy/Deserializer.dfy,Std.JSON.ZeroCopy.Deserializer.Sequences.Elements (well-formedness) (assertion batch 95),reordered,False,well-formedness:StdJSONZeroCopyDeserializerSequencesElements:94
std/JSON/ZeroCopy/Deserializer.dfy,Std.JSON.ZeroCopy.Deserializer.Sequences.Elements (well-formedness) (assertion batch 219),reordered,False,well-formedness:StdJSONZeroCopyDeserializerSequencesElements:218
std/JSON/ZeroCopy/Deserializer.dfy,Std.JSON.ZeroCopy.Deserializer.ObjectParams.Element (well-formedness) (assertion batch 11),reordered,False,well-formedness:StdJSONZeroCopyDeserializerObjectParamsElement:10
std/JSON/ZeroCopy/Deserializer.dfy,Std.JSON.ZeroCopy.Deserializer.Sequences.Elements (well-formedness) (assertion batch 41),reordered,False,well-formedness:StdJSONZeroCopyDeserializerSequencesElements:40
std/JSON/ZeroCopy/Deserializer.dfy,Std.JSON.ZeroCopy.Deserializer.ObjectParams.Element (well-formedness) (assertion batch 16),reordered,False,well-formedness:StdJSONZeroCopyDeserializerObjectParamsElement:15
std/JSON/ZeroCopy/Deserializer.dfy,Std.JSON.ZeroCopy.Deserializer.Sequences.Elements (well-formedness) (assertion batch 26),reordered,False,well-formedness:StdJSONZeroCopyDeserializerSequencesElements:25
std/JSON/ZeroCopy/Deserializer.dfy,Std.JSON.ZeroCopy.Deserializer.Sequences.Elements (well-formedness) (assertion batch 12),reordered,False,well-formedness:StdJSONZeroCopyDeserializerSequencesElements:11
std/JSON/ZeroCopy/Deserializer.dfy,Std.JSON.ZeroCopy.Deserializer.Sequences.Elements (well-formedness) (assertion batch 217),reordered,False,well-formedness:StdJSONZeroCopyDeserializerSequencesElements:216
std/JSON/ZeroCopy/Deserializer.dfy,Std.JSON.ZeroCopy.Deserializer.Sequences.Elements (well-formedness) (assertion batch 107),reordered,False,well-formedness:StdJSONZeroCopyDeserializerSequencesElements:106
std/JSON/ZeroCopy/Deserializer.dfy,Std.JSON.ZeroCopy.Deserializer.Sequences.Elements (well-formedness) (assertion batch 19),reordered,False,well-formedness:StdJSONZeroCopyDeserializerSequencesElements:18
std/JSON/ZeroCopy/Deserializer.dfy,Std.JSON.ZeroCopy.Deserializer.Sequences.Elements (well-formedness) (assertion batch 106),reordered,False,well-formedness:StdJSONZeroCopyDeserializerSequencesElements:105
std/JSON/ZeroCopy/Deserializer.dfy,Std.JSON.ZeroCopy.Deserializer.Sequences.Elements (well-formedness) (assertion batch 241),reordered,False,well-formedness:StdJSONZeroCopyDeserializerSequencesElements:240
std/JSON/ZeroCopy/Deserializer.dfy,Std.JSON.ZeroCopy.Deserializer.Sequences.Bracketed (well-formedness) (assertion batch 30),reordered,False,well-formedness:StdJSONZeroCopyDeserializerSequencesBracketed:29
std/JSON/ZeroCopy/Deserializer.dfy,Std.JSON.ZeroCopy.Deserializer.Sequences.Elements (well-formedness) (assertion batch 102),reordered,False,well-formedness:StdJSONZeroCopyDeserializerSequencesElements:101
std/JSON/ZeroCopy/Deserializer.dfy,Std.JSON.ZeroCopy.Deserializer.Sequences.Elements (well-formedness) (assertion batch 245),reordered,False,well-formedness:StdJSONZeroCopyDeserializerSequencesElements:244
std/JSON/ZeroCopy/Deserializer.dfy,Std.JSON.ZeroCopy.Deserializer.Values.Value (well-formedness) (assertion batch 336),reordered,False,well-formedness:StdJSONZeroCopyDeserializerValuesValue:335
std/JSON/ZeroCopy/Deserializer.dfy,Std.JSON.ZeroCopy.Deserializer.Sequences.Elements (well-formedness) (assertion batch 96),reordered,False,well-formedness:StdJSONZeroCopyDeserializerSequencesElements:95
std/JSON/ZeroCopy/Deserializer.dfy,Std.JSON.ZeroCopy.Deserializer.ObjectParams.Element (well-formedness) (assertion batch 85),reordered,False,well-formedness:StdJSONZeroCopyDeserializerObjectParamsElement:84
std/JSON/ZeroCopy/Deserializer.dfy,Std.JSON.ZeroCopy.Deserializer.Sequences.Elements (well-formedness) (assertion batch 247),reordered,False,well-formedness:StdJSONZeroCopyDeserializerSequencesElements:246
std/JSON/ZeroCopy/Deserializer.dfy,Std.JSON.ZeroCopy.Deserializer.Sequences.Elements (well-formedness) (assertion batch 128),reordered,False,well-formedness:StdJSONZeroCopyDeserializerSequencesElements:127
std/JSON/ZeroCopy/Deserializer.dfy,Std.JSON.ZeroCopy.Deserializer.Sequences.Elements (well-formedness) (assertion batch 99),reordered,False,well-formedness:StdJSONZeroCopyDeserializerSequencesElements:98
std/JSON/ZeroCopy/Deserializer.dfy,Std.JSON.ZeroCopy.Deserializer.Sequences.Elements (well-formedness) (assertion batch 184),reordered,False,well-formedness:StdJSONZeroCopyDeserializerSequencesElements:183
std/JSON/ZeroCopy/Deserializer.dfy,Std.JSON.ZeroCopy.Deserializer.ObjectParams.Element (well-formedness) (assertion batch 13),reordered,False,well-formedness:StdJSONZeroCopyDeserializerObjectParamsElement:12
std/JSON/ZeroCopy/Deserializer.dfy,Std.JSON.ZeroCopy.Deserializer.Values.Value (well-formedness) (assertion batch 303),reordered,False,well-formedness:StdJSONZeroCopyDeserializerValuesValue:302
std/JSON/ZeroCopy/Deserializer.dfy,Std.JSON.ZeroCopy.Deserializer.Values.Value (well-formedness) (assertion batch 203),reordered,False,well-formedness:StdJSONZeroCopyDeserializerValuesValue:202
std/JSON/ZeroCopy/Deserializer.dfy,Std.JSON.ZeroCopy.Deserializer.Sequences.Elements (well-formedness) (assertion batch 115),reordered,False,well-formedness:StdJSONZeroCopyDeserializerSequencesElements:114
std/JSON/ZeroCopy/Deserializer.dfy,Std.JSON.ZeroCopy.Deserializer.Sequences.Elements (well-formedness) (assertion batch 188),reordered,False,well-formedness:StdJSONZeroCopyDeserializerSequencesElements:187
std/JSON/ZeroCopy/Deserializer.dfy,Std.JSON.ZeroCopy.Deserializer.Sequences.Elements (well-formedness) (assertion batch 154),reordered,False,well-formedness:StdJSONZeroCopyDeserializerSequencesElements:153
std/JSON/ZeroCopy/Deserializer.dfy,Std.JSON.ZeroCopy.Deserializer.Values.Value (well-formedness) (assertion batch 305),reordered,False,well-formedness:StdJSONZeroCopyDeserializerValuesValue:304
std/JSON/ZeroCopy/Deserializer.dfy,Std.JSON.ZeroCopy.Deserializer.Sequences.Bracketed (well-formedness) (assertion batch 6),reordered,False,well-formedness:StdJSONZeroCopyDeserializerSequencesBracketed:5
std/JSON/ZeroCopy/Deserializer.dfy,Std.JSON.ZeroCopy.Deserializer.ObjectParams.Element (well-formedness) (assertion batch 9),reordered,False,well-formedness:StdJSONZeroCopyDeserializerObjectParamsElement:8
std/JSON/ZeroCopy/Deserializer.dfy,Std.JSON.ZeroCopy.Deserializer.Sequences.Elements (well-formedness) (assertion batch 218),reordered,False,well-formedness:StdJSONZeroCopyDeserializerSequencesElements:217
std/JSON/ZeroCopy/Deserializer.dfy,Std.JSON.ZeroCopy.Deserializer.Sequences.Elements (well-formedness) (assertion batch 46),reordered,False,well-formedness:StdJSONZeroCopyDeserializerSequencesElements:45
std/JSON/ZeroCopy/Deserializer.dfy,Std.JSON.ZeroCopy.Deserializer.ObjectParams.Element (well-formedness) (assertion batch 8),reordered,False,well-formedness:StdJSONZeroCopyDeserializerObjectParamsElement:7
std/JSON/ZeroCopy/Deserializer.dfy,Std.JSON.ZeroCopy.Deserializer.Sequences.Elements (well-formedness) (assertion batch 92),reordered,False,well-formedness:StdJSONZeroCopyDeserializerSequencesElements:91
std/JSON/ZeroCopy/Deserializer.dfy,Std.JSON.ZeroCopy.Deserializer.Values.Value (well-formedness) (assertion batch 293),reordered,False,well-formedness:StdJSONZeroCopyDeserializerValuesValue:292
std/JSON/ZeroCopy/Deserializer.dfy,Std.JSON.ZeroCopy.Deserializer.Sequences.Elements (well-formedness) (assertion batch 250),reordered,False,well-formedness:StdJSONZeroCopyDeserializerSequencesElements:249
std/JSON/ZeroCopy/Deserializer.dfy,Std.JSON.ZeroCopy.Deserializer.Sequences.Elements (well-formedness) (assertion batch 236),reordered,False,well-formedness:StdJSONZeroCopyDeserializerSequencesElements:235
std/JSON/ZeroCopy/Deserializer.dfy,Std.JSON.ZeroCopy.Deserializer.Values.Value (well-formedness) (assertion batch 222),reordered,False,well-formedness:StdJSONZeroCopyDeserializerValuesValue:221
std/JSON/ZeroCopy/Deserializer.dfy,Std.JSON.ZeroCopy.Deserializer.Values.Value (well-formedness) (assertion batch 327),reordered,False,well-formedness:StdJSONZeroCopyDeserializerValuesValue:326
std/JSON/ZeroCopy/Deserializer.dfy,Std.JSON.ZeroCopy.Deserializer.Sequences.Elements (well-formedness) (assertion batch 10),reordered,False,well-formedness:StdJSONZeroCopyDeserializerSequencesElements:9
std/JSON/ZeroCopy/Deserializer.dfy,Std.JSON.ZeroCopy.Deserializer.Sequences.Elements (well-formedness) (assertion batch 44),reordered,False,well-formedness:StdJSONZeroCopyDeserializerSequencesElements:43
std/JSON/ZeroCopy/Deserializer.dfy,Std.JSON.ZeroCopy.Deserializer.Sequences.Elements (well-formedness) (assertion batch 233),reordered,False,well-formedness:StdJSONZeroCopyDeserializerSequencesElements:232
std/JSON/ZeroCopy/Deserializer.dfy,Std.JSON.ZeroCopy.Deserializer.ObjectParams.Element (well-formedness) (assertion batch 48),reordered,False,well-formedness:StdJSONZeroCopyDeserializerObjectParamsElement:47
std/JSON/ZeroCopy/Deserializer.dfy,Std.JSON.ZeroCopy.Deserializer.Sequences.Elements (well-formedness) (assertion batch 235),reordered,False,well-formedness:StdJSONZeroCopyDeserializerSequencesElements:234
std/JSON/ZeroCopy/Deserializer.dfy,Std.JSON.ZeroCopy.Deserializer.ObjectParams.Element (well-formedness) (assertion batch 83),reordered,False,well-formedness:StdJSONZeroCopyDeserializerObjectParamsElement:82
std/JSON/ZeroCopy/Deserializer.dfy,Std.JSON.ZeroCopy.Deserializer.Sequences.Elements (well-formedness) (assertion batch 34),reordered,False,well-formedness:StdJSONZeroCopyDeserializerSequencesElements:33
std/JSON/ZeroCopy/Deserializer.dfy,Std.JSON.ZeroCopy.Deserializer.Sequences.Bracketed (well-formedness) (assertion batch 46),reordered,False,well-formedness:StdJSONZeroCopyDeserializerSequencesBracketed:45
std/JSON/ZeroCopy/Deserializer.dfy,Std.JSON.ZeroCopy.Deserializer.Sequences.Elements (well-formedness) (assertion batch 234),reordered,False,well-formedness:StdJSONZeroCopyDeserializerSequencesElements:233
std/JSON/ZeroCopy/Deserializer.dfy,Std.JSON.ZeroCopy.Deserializer.Arrays.Array (well-formedness) (assertion batch 13),reordered,False,well-formedness:StdJSONZeroCopyDeserializerArraysArray:12
std/JSON/ZeroCopy/Deserializer.dfy,Std.JSON.ZeroCopy.Deserializer.Sequences.Elements (well-formedness) (assertion batch 130),reordered,False,well-formedness:StdJSONZeroCopyDeserializerSequencesElements:129
std/JSON/ZeroCopy/Deserializer.dfy,Std.JSON.ZeroCopy.Deserializer.Sequences.Elements (well-formedness) (assertion batch 208),reordered,False,well-formedness:StdJSONZeroCopyDeserializerSequencesElements:207
std/JSON/ZeroCopy/Deserializer.dfy,Std.JSON.ZeroCopy.Deserializer.Sequences.Elements (well-formedness) (assertion batch 42),reordered,False,well-formedness:StdJSONZeroCopyDeserializerSequencesElements:41
std/JSON/ZeroCopy/Deserializer.dfy,Std.JSON.ZeroCopy.Deserializer.Sequences.Elements (well-formedness) (assertion batch 157),reordered,False,well-formedness:StdJSONZeroCopyDeserializerSequencesElements:156
std/JSON/ZeroCopy/Deserializer.dfy,Std.JSON.ZeroCopy.Deserializer.Sequences.Elements (well-formedness) (assertion batch 117),reordered,False,well-formedness:StdJSONZeroCopyDeserializerSequencesElements:116
std/JSON/ZeroCopy/Deserializer.dfy,Std.JSON.ZeroCopy.Deserializer.Values.Value (well-formedness) (assertion batch 281),reordered,False,well-formedness:StdJSONZeroCopyDeserializerValuesValue:280
std/JSON/ZeroCopy/Deserializer.dfy,Std.JSON.ZeroCopy.Deserializer.ObjectParams.Element (well-formedness) (assertion batch 31),reordered,False,well-formedness:StdJSONZeroCopyDeserializerObjectParamsElement:30
std/JSON/ZeroCopy/Deserializer.dfy,Std.JSON.ZeroCopy.Deserializer.ObjectParams.Element (well-formedness) (assertion batch 47),reordered,False,well-formedness:StdJSONZeroCopyDeserializerObjectParamsElement:46
std/JSON/ZeroCopy/Deserializer.dfy,Std.JSON.ZeroCopy.Deserializer.Sequences.Elements (well-formedness) (assertion batch 51),reordered,False,well-formedness:StdJSONZeroCopyDeserializerSequencesElements:50
std/JSON/ZeroCopy/Deserializer.dfy,Std.JSON.ZeroCopy.Deserializer.Values.Value (well-formedness) (assertion batch 221),reordered,False,well-formedness:StdJSONZeroCopyDeserializerValuesValue:220
std/JSON/ZeroCopy/Deserializer.dfy,Std.JSON.ZeroCopy.Deserializer.Sequences.Elements (well-formedness) (assertion batch 195),reordered,False,well-formedness:StdJSONZeroCopyDeserializerSequencesElements:194
std/JSON/ZeroCopy/Deserializer.dfy,Std.JSON.ZeroCopy.Deserializer.Sequences.Elements (well-formedness) (assertion batch 170),reordered,False,well-formedness:StdJSONZeroCopyDeserializerSequencesElements:169
std/JSON/ZeroCopy/Deserializer.dfy,Std.JSON.ZeroCopy.Deserializer.Sequences.Bracketed (well-formedness) (assertion batch 26),reordered,False,well-formedness:StdJSONZeroCopyDeserializerSequencesBracketed:25
std/JSON/ZeroCopy/Deserializer.dfy,Std.JSON.ZeroCopy.Deserializer.Values.Value (well-formedness) (assertion batch 42),reordered,False,well-formedness:StdJSONZeroCopyDeserializerValuesValue:41
std/JSON/ZeroCopy/Deserializer.dfy,Std.JSON.ZeroCopy.Deserializer.Sequences.Elements (well-formedness) (assertion batch 163),reordered,False,well-formedness:StdJSONZeroCopyDeserializerSequencesElements:162
std/JSON/ZeroCopy/Deserializer.dfy,Std.JSON.ZeroCopy.Deserializer.Sequences.Bracketed (well-formedness) (assertion batch 42),reordered,False,well-formedness:StdJSONZeroCopyDeserializerSequencesBracketed:41
std/JSON/ZeroCopy/Deserializer.dfy,Std.JSON.ZeroCopy.Deserializer.Sequences.AboutTryStructural (correctness) (assertion batch 27),reordered,False,correctness:StdJSONZeroCopyDeserializerSequencesAboutTryStructural:26
std/JSON/ZeroCopy/Deserializer.dfy,Std.JSON.ZeroCopy.Deserializer.Sequences.Elements (well-formedness) (assertion batch 123),reordered,False,well-formedness:StdJSONZeroCopyDeserializerSequencesElements:122
std/JSON/ZeroCopy/Deserializer.dfy,Std.JSON.ZeroCopy.Deserializer.Values.Value (well-formedness) (assertion batch 208),reordered,False,well-formedness:StdJSONZeroCopyDeserializerValuesValue:207
std/JSON/ZeroCopy/Deserializer.dfy,Std.JSON.ZeroCopy.Deserializer.Values.Value (well-formedness) (assertion batch 114),reordered,False,well-formedness:StdJSONZeroCopyDeserializerValuesValue:113
std/JSON/ZeroCopy/Deserializer.dfy,Std.JSON.ZeroCopy.Deserializer.ObjectParams.Element (well-formedness) (assertion batch 76),reordered,False,well-formedness:StdJSONZeroCopyDeserializerObjectParamsElement:75
std/JSON/ZeroCopy/Deserializer.dfy,Std.JSON.ZeroCopy.Deserializer.Sequences.Elements (well-formedness) (assertion batch 214),reordered,False,well-formedness:StdJSONZeroCopyDeserializerSequencesElements:213
std/JSON/ZeroCopy/Deserializer.dfy,Std.JSON.ZeroCopy.Deserializer.Sequences.Elements (well-formedness) (assertion batch 122),reordered,False,well-formedness:StdJSONZeroCopyDeserializerSequencesElements:121
std/JSON/ZeroCopy/Deserializer.dfy,Std.JSON.ZeroCopy.Deserializer.Sequences.Elements (well-formedness) (assertion batch 91),reordered,False,well-formedness:StdJSONZeroCopyDeserializerSequencesElements:90
std/JSON/ZeroCopy/Deserializer.dfy,Std.JSON.ZeroCopy.Deserializer.Sequences.Elements (well-formedness) (assertion batch 93),reordered,False,well-formedness:StdJSONZeroCopyDeserializerSequencesElements:92
std/JSON/ZeroCopy/Deserializer.dfy,Std.JSON.ZeroCopy.Deserializer.ObjectParams.Element (well-formedness) (assertion batch 89),reordered,False,well-formedness:StdJSONZeroCopyDeserializerObjectParamsElement:88
std/JSON/ZeroCopy/Deserializer.dfy,Std.JSON.ZeroCopy.Deserializer.Sequences.Elements (well-formedness) (assertion batch 166),reordered,False,well-formedness:StdJSONZeroCopyDeserializerSequencesElements:165
std/JSON/ZeroCopy/Deserializer.dfy,Std.JSON.ZeroCopy.Deserializer.Sequences.Elements (well-formedness) (assertion batch 50),reordered,False,well-formedness:StdJSONZeroCopyDeserializerSequencesElements:49
std/JSON/ZeroCopy/Deserializer.dfy,Std.JSON.ZeroCopy.Deserializer.Sequences.Elements (well-formedness) (assertion batch 205),reordered,False,well-formedness:StdJSONZeroCopyDeserializerSequencesElements:204
std/JSON/ZeroCopy/Deserializer.dfy,Std.JSON.ZeroCopy.Deserializer.ObjectParams.Element (well-formedness) (assertion batch 78),reordered,False,well-formedness:StdJSONZeroCopyDeserializerObjectParamsElement:77
std/JSON/ZeroCopy/Deserializer.dfy,Std.JSON.ZeroCopy.Deserializer.Sequences.Elements (well-formedness) (assertion batch 40),reordered,False,well-formedness:StdJSONZeroCopyDeserializerSequencesElements:39
std/JSON/ZeroCopy/Deserializer.dfy,Std.JSON.ZeroCopy.Deserializer.Sequences.Elements (well-formedness) (assertion batch 230),reordered,False,well-formedness:StdJSONZeroCopyDeserializerSequencesElements:229
std/JSON/ZeroCopy/Deserializer.dfy,Std.JSON.ZeroCopy.Deserializer.Sequences.Elements (well-formedness) (assertion batch 28),reordered,False,well-formedness:StdJSONZeroCopyDeserializerSequencesElements:27
std/JSON/ZeroCopy/Deserializer.dfy,Std.JSON.ZeroCopy.Deserializer.Values.Value (well-formedness) (assertion batch 40),reordered,False,well-formedness:StdJSONZeroCopyDeserializerValuesValue:39
std/JSON/ZeroCopy/Deserializer.dfy,Std.JSON.ZeroCopy.Deserializer.ObjectParams.Element (well-formedness) (assertion batch 44),reordered,False,well-formedness:StdJSONZeroCopyDeserializerObjectParamsElement:43
std/JSON/ZeroCopy/Deserializer.dfy,Std.JSON.ZeroCopy.Deserializer.Sequences.Bracketed (well-formedness) (assertion batch 16),reordered,False,well-formedness:StdJSONZeroCopyDeserializerSequencesBracketed:15
std/JSON/ZeroCopy/Deserializer.dfy,Std.JSON.ZeroCopy.Deserializer.Sequences.Elements (well-formedness) (assertion batch 58),reordered,False,well-formedness:StdJSONZeroCopyDeserializerSequencesElements:57
std/JSON/ZeroCopy/Deserializer.dfy,Std.JSON.ZeroCopy.Deserializer.Sequences.Elements (well-formedness) (assertion batch 74),reordered,False,well-formedness:StdJSONZeroCopyDeserializerSequencesElements:73
std/JSON/ZeroCopy/Deserializer.dfy,Std.JSON.ZeroCopy.Deserializer.Sequences.Bracketed (well-formedness) (assertion batch 34),reordered,False,well-formedness:StdJSONZeroCopyDeserializerSequencesBracketed:33
std/JSON/ZeroCopy/Deserializer.dfy,Std.JSON.ZeroCopy.Deserializer.Sequences.Elements (well-formedness) (assertion batch 86),reordered,False,well-formedness:StdJSONZeroCopyDeserializerSequencesElements:85
std/JSON/ZeroCopy/Deserializer.dfy,Std.JSON.ZeroCopy.Deserializer.Sequences.Elements (well-formedness) (assertion batch 141),reordered,False,well-formedness:StdJSONZeroCopyDeserializerSequencesElements:140
std/JSON/ZeroCopy/Deserializer.dfy,Std.JSON.ZeroCopy.Deserializer.Values.Value (well-formedness) (assertion batch 227),reordered,False,well-formedness:StdJSONZeroCopyDeserializerValuesValue:226
std/JSON/ZeroCopy/Deserializer.dfy,Std.JSON.ZeroCopy.Deserializer.Values.Value (well-formedness) (assertion batch 337),reordered,False,well-formedness:StdJSONZeroCopyDeserializerValuesValue:336
std/JSON/ZeroCopy/Deserializer.dfy,Std.JSON.ZeroCopy.Deserializer.Sequences.Elements (well-formedness) (assertion batch 1),reordered,False,well-formedness:StdJSONZeroCopyDeserializerSequencesElements:0
std/JSON/ZeroCopy/Deserializer.dfy,Std.JSON.ZeroCopy.Deserializer.Sequences.Bracketed (well-formedness) (assertion batch 10),reordered,False,well-formedness:StdJSONZeroCopyDeserializerSequencesBracketed:9
std/JSON/ZeroCopy/Deserializer.dfy,Std.JSON.ZeroCopy.Deserializer.Sequences.Bracketed (well-formedness) (assertion batch 35),reordered,False,well-formedness:StdJSONZeroCopyDeserializerSequencesBracketed:34
std/JSON/ZeroCopy/Deserializer.dfy,Std.JSON.ZeroCopy.Deserializer.Values.Value (well-formedness) (assertion batch 223),reordered,False,well-formedness:StdJSONZeroCopyDeserializerValuesValue:222
std/JSON/ZeroCopy/Deserializer.dfy,Std.JSON.ZeroCopy.Deserializer.Sequences.Bracketed (well-formedness) (assertion batch 38),reordered,False,well-formedness:StdJSONZeroCopyDeserializerSequencesBracketed:37
std/JSON/ZeroCopy/Deserializer.dfy,Std.JSON.ZeroCopy.Deserializer.Sequences.Elements (well-formedness) (assertion batch 17),reordered,False,well-formedness:StdJSONZeroCopyDeserializerSequencesElements:16
std/JSON/ZeroCopy/Deserializer.dfy,Std.JSON.ZeroCopy.Deserializer.Sequences.Elements (well-formedness) (assertion batch 227),reordered,False,well-formedness:StdJSONZeroCopyDeserializerSequencesElements:226
std/JSON/ZeroCopy/Deserializer.dfy,Std.JSON.ZeroCopy.Deserializer.Sequences.Elements (well-formedness) (assertion batch 15),reordered,False,well-formedness:StdJSONZeroCopyDeserializerSequencesElements:14
std/JSON/ZeroCopy/Deserializer.dfy,Std.JSON.ZeroCopy.Deserializer.Sequences.Elements (well-formedness) (assertion batch 226),reordered,False,well-formedness:StdJSONZeroCopyDeserializerSequencesElements:225
std/JSON/ZeroCopy/Deserializer.dfy,Std.JSON.ZeroCopy.Deserializer.Sequences.Elements (well-formedness) (assertion batch 4),reordered,False,well-formedness:StdJSONZeroCopyDeserializerSequencesElements:3
std/JSON/ZeroCopy/Deserializer.dfy,Std.JSON.ZeroCopy.Deserializer.ObjectParams.Element (well-formedness) (assertion batch 4),reordered,False,well-formedness:StdJSONZeroCopyDeserializerObjectParamsElement:3
std/JSON/ZeroCopy/Deserializer.dfy,Std.JSON.ZeroCopy.Deserializer.Sequences.Elements (well-formedness) (assertion batch 22),reordered,False,well-formedness:StdJSONZeroCopyDeserializerSequencesElements:21
std/JSON/ZeroCopy/Deserializer.dfy,Std.JSON.ZeroCopy.Deserializer.ObjectParams.Element (well-formedness) (assertion batch 2),reordered,False,well-formedness:StdJSONZeroCopyDeserializerObjectParamsElement:1
std/JSON/ZeroCopy/Deserializer.dfy,Std.JSON.ZeroCopy.Deserializer.Values.Value (well-formedness) (assertion batch 201),reordered,False,well-formedness:StdJSONZeroCopyDeserializerValuesValue:200
std/JSON/ZeroCopy/Deserializer.dfy,Std.JSON.ZeroCopy.Deserializer.ObjectParams.Element (well-formedness) (assertion batch 54),reordered,False,well-formedness:StdJSONZeroCopyDeserializerObjectParamsElement:53
std/JSON/ZeroCopy/Deserializer.dfy,Std.JSON.ZeroCopy.Deserializer.Values.Value (well-formedness) (assertion batch 306),reordered,False,well-formedness:StdJSONZeroCopyDeserializerValuesValue:305
std/JSON/ZeroCopy/Deserializer.dfy,Std.JSON.ZeroCopy.Deserializer.Sequences.Elements (well-formedness) (assertion batch 45),reordered,False,well-formedness:StdJSONZeroCopyDeserializerSequencesElements:44
std/JSON/ZeroCopy/Deserializer.dfy,Std.JSON.ZeroCopy.Deserializer.ObjectParams.Element (well-formedness) (assertion batch 46),reordered,False,well-formedness:StdJSONZeroCopyDeserializerObjectParamsElement:45
std/JSON/ZeroCopy/Deserializer.dfy,Std.JSON.ZeroCopy.Deserializer.Sequences.Bracketed (well-formedness) (assertion batch 37),reordered,False,well-formedness:StdJSONZeroCopyDeserializerSequencesBracketed:36
std/JSON/ZeroCopy/Deserializer.dfy,Std.JSON.ZeroCopy.Deserializer.Sequences.Elements (well-formedness) (assertion batch 232),reordered,False,well-formedness:StdJSONZeroCopyDeserializerSequencesElements:231
std/JSON/ZeroCopy/Deserializer.dfy,Std.JSON.ZeroCopy.Deserializer.SequenceParams.Element (well-formedness),reordered,False,well-formedness:StdJSONZeroCopyDeserializerSequenceParamsElement:0
std/JSON/ZeroCopy/Deserializer.dfy,Std.JSON.ZeroCopy.Deserializer.Sequences.Bracketed (well-formedness) (assertion batch 13),reordered,False,well-formedness:StdJSONZeroCopyDeserializerSequencesBracketed:12
std/JSON/ZeroCopy/Deserializer.dfy,Std.JSON.ZeroCopy.Deserializer.Sequences.Elements (well-formedness) (assertion batch 67),reordered,False,well-formedness:StdJSONZeroCopyDeserializerSequencesElements:66
std/JSON/ZeroCopy/Deserializer.dfy,Std.JSON.ZeroCopy.Deserializer.Values.Value (well-formedness) (assertion batch 37),reordered,False,well-formedness:StdJSONZeroCopyDeserializerValuesValue:36
std/JSON/ZeroCopy/Deserializer.dfy,Std.JSON.ZeroCopy.Deserializer.Values.Value (well-formedness) (assertion batch 284),reordered,False,well-formedness:StdJSONZeroCopyDeserializerValuesValue:283
std/JSON/ZeroCopy/Deserializer.dfy,Std.JSON.ZeroCopy.Deserializer.Sequences.Elements (well-formedness) (assertion batch 77),reordered,False,well-formedness:StdJSONZeroCopyDeserializerSequencesElements:76
std/JSON/ZeroCopy/Deserializer.dfy,Std.JSON.ZeroCopy.Deserializer.Sequences.Bracketed (well-formedness) (assertion batch 21),reordered,False,well-formedness:StdJSONZeroCopyDeserializerSequencesBracketed:20
std/JSON/ZeroCopy/Deserializer.dfy,Std.JSON.ZeroCopy.Deserializer.Sequences.Elements (well-formedness) (assertion batch 97),reordered,False,well-formedness:StdJSONZeroCopyDeserializerSequencesElements:96
std/JSON/ZeroCopy/Deserializer.dfy,Std.JSON.ZeroCopy.Deserializer.Sequences.Elements (well-formedness) (assertion batch 56),reordered,False,well-formedness:StdJSONZeroCopyDeserializerSequencesElements:55
std/JSON/ZeroCopy/Deserializer.dfy,Std.JSON.ZeroCopy.Deserializer.Sequences.AboutTryStructural (correctness) (assertion batch 32),reordered,False,correctness:StdJSONZeroCopyDeserializerSequencesAboutTryStructural:31
std/JSON/ZeroCopy/Deserializer.dfy,Std.JSON.ZeroCopy.Deserializer.Sequences.Elements (well-formedness) (assertion batch 114),reordered,False,well-formedness:StdJSONZeroCopyDeserializerSequencesElements:113
std/JSON/ZeroCopy/Deserializer.dfy,Std.JSON.ZeroCopy.Deserializer.Sequences.Elements (well-formedness) (assertion batch 171),reordered,False,well-formedness:StdJSONZeroCopyDeserializerSequencesElements:170
std/JSON/ZeroCopy/Deserializer.dfy,Std.JSON.ZeroCopy.Deserializer.Sequences.Elements (well-formedness) (assertion batch 23),reordered,False,well-formedness:StdJSONZeroCopyDeserializerSequencesElements:22
std/JSON/ZeroCopy/Deserializer.dfy,Std.JSON.ZeroCopy.Deserializer.Sequences.Bracketed (well-formedness) (assertion batch 20),reordered,False,well-formedness:StdJSONZeroCopyDeserializerSequencesBracketed:19
std/JSON/ZeroCopy/Deserializer.dfy,Std.JSON.ZeroCopy.Deserializer.Sequences.Elements (well-formedness) (assertion batch 215),reordered,False,well-formedness:StdJSONZeroCopyDeserializerSequencesElements:214
std/JSON/ZeroCopy/Deserializer.dfy,Std.JSON.ZeroCopy.Deserializer.Values.Value (well-formedness) (assertion batch 330),reordered,False,well-formedness:StdJSONZeroCopyDeserializerValuesValue:329
std/JSON/ZeroCopy/Deserializer.dfy,Std.JSON.ZeroCopy.Deserializer.Sequences.Elements (well-formedness) (assertion batch 71),reordered,False,well-formedness:StdJSONZeroCopyDeserializerSequencesElements:70
std/JSON/ZeroCopy/Deserializer.dfy,Std.JSON.ZeroCopy.Deserializer.Sequences.Elements (well-formedness) (assertion batch 145),reordered,False,well-formedness:StdJSONZeroCopyDeserializerSequencesElements:144
std/JSON/ZeroCopy/Deserializer.dfy,Std.JSON.ZeroCopy.Deserializer.Sequences.Elements (well-formedness) (assertion batch 213),reordered,False,well-formedness:StdJSONZeroCopyDeserializerSequencesElements:212
std/JSON/ZeroCopy/Deserializer.dfy,Std.JSON.ZeroCopy.Deserializer.Values.Value (well-formedness) (assertion batch 329),reordered,False,well-formedness:StdJSONZeroCopyDeserializerValuesValue:328
std/JSON/ZeroCopy/Deserializer.dfy,Std.JSON.ZeroCopy.Deserializer.Sequences.Elements (well-formedness) (assertion batch 211),reordered,False,well-formedness:StdJSONZeroCopyDeserializerSequencesElements:210
std/JSON/ZeroCopy/Deserializer.dfy,Std.JSON.ZeroCopy.Deserializer.Sequences.Elements (well-formedness) (assertion batch 131),reordered,False,well-formedness:StdJSONZeroCopyDeserializerSequencesElements:130
std/JSON/ZeroCopy/Deserializer.dfy,Std.JSON.ZeroCopy.Deserializer.Values.Value (well-formedness) (assertion batch 41),reordered,False,well-formedness:StdJSONZeroCopyDeserializerValuesValue:40
std/JSON/ZeroCopy/Deserializer.dfy,Std.JSON.ZeroCopy.Deserializer.Sequences.Elements (well-formedness) (assertion batch 252),reordered,False,well-formedness:StdJSONZeroCopyDeserializerSequencesElements:251
std/JSON/ZeroCopy/Deserializer.dfy,Std.JSON.ZeroCopy.Deserializer.Values.Value (well-formedness) (assertion batch 137),reordered,False,well-formedness:StdJSONZeroCopyDeserializerValuesValue:136
std/JSON/ZeroCopy/Deserializer.dfy,Std.JSON.ZeroCopy.Deserializer.Sequences.Elements (well-formedness) (assertion batch 240),reordered,False,well-formedness:StdJSONZeroCopyDeserializerSequencesElements:239
std/JSON/ZeroCopy/Deserializer.dfy,Std.JSON.ZeroCopy.Deserializer.Sequences.Elements (well-formedness) (assertion batch 84),reordered,False,well-formedness:StdJSONZeroCopyDeserializerSequencesElements:83
std/JSON/ZeroCopy/Deserializer.dfy,Std.JSON.ZeroCopy.Deserializer.Sequences.Elements (well-formedness) (assertion batch 25),reordered,False,well-formedness:StdJSONZeroCopyDeserializerSequencesElements:24
std/JSON/ZeroCopy/Deserializer.dfy,Std.JSON.ZeroCopy.Deserializer.ObjectParams.Element (well-formedness) (assertion batch 12),reordered,False,well-formedness:StdJSONZeroCopyDeserializerObjectParamsElement:11
std/JSON/ZeroCopy/Deserializer.dfy,Std.JSON.ZeroCopy.Deserializer.Sequences.Elements (well-formedness) (assertion batch 125),reordered,False,well-formedness:StdJSONZeroCopyDeserializerSequencesElements:124
std/JSON/ZeroCopy/Deserializer.dfy,Std.JSON.ZeroCopy.Deserializer.Values.Value (well-formedness) (assertion batch 38),reordered,False,well-formedness:StdJSONZeroCopyDeserializerValuesValue:37
std/JSON/ZeroCopy/Deserializer.dfy,Std.JSON.ZeroCopy.Deserializer.Values.Value (well-formedness) (assertion batch 292),reordered,False,well-formedness:StdJSONZeroCopyDeserializerValuesValue:291
std/JSON/ZeroCopy/Deserializer.dfy,Std.JSON.ZeroCopy.Deserializer.Sequences.Elements (well-formedness) (assertion batch 54),reordered,False,well-formedness:StdJSONZeroCopyDeserializerSequencesElements:53
std/JSON/ZeroCopy/Deserializer.dfy,Std.JSON.ZeroCopy.Deserializer.Sequences.Elements (well-formedness) (assertion batch 29),reordered,False,well-formedness:StdJSONZeroCopyDeserializerSequencesElements:28
std/JSON/ZeroCopy/Deserializer.dfy,Std.JSON.ZeroCopy.Deserializer.Values.Value (well-formedness) (assertion batch 210),reordered,False,well-formedness:StdJSONZeroCopyDeserializerValuesValue:209
std/JSON/ZeroCopy/Deserializer.dfy,Std.JSON.ZeroCopy.Deserializer.Sequences.Elements (well-formedness) (assertion batch 32),reordered,False,well-formedness:StdJSONZeroCopyDeserializerSequencesElements:31
std/JSON/ZeroCopy/Deserializer.dfy,Std.JSON.ZeroCopy.Deserializer.ObjectParams.Element (well-formedness) (assertion batch 60),reordered,False,well-formedness:StdJSONZeroCopyDeserializerObjectParamsElement:59
std/JSON/ZeroCopy/Deserializer.dfy,Std.JSON.ZeroCopy.Deserializer.Sequences.Elements (well-formedness) (assertion batch 24),reordered,False,well-formedness:StdJSONZeroCopyDeserializerSequencesElements:23
std/JSON/ZeroCopy/Deserializer.dfy,Std.JSON.ZeroCopy.Deserializer.Values.Value (well-formedness) (assertion batch 135),reordered,False,well-formedness:StdJSONZeroCopyDeserializerValuesValue:134
std/JSON/ZeroCopy/Deserializer.dfy,Std.JSON.ZeroCopy.Deserializer.Sequences.Bracketed (well-formedness) (assertion batch 12),reordered,False,well-formedness:StdJSONZeroCopyDeserializerSequencesBracketed:11
std/JSON/ZeroCopy/Deserializer.dfy,Std.JSON.ZeroCopy.Deserializer.Sequences.Elements (well-formedness) (assertion batch 198),reordered,False,well-formedness:StdJSONZeroCopyDeserializerSequencesElements:197
std/JSON/ZeroCopy/Deserializer.dfy,Std.JSON.ZeroCopy.Deserializer.Values.Value (well-formedness) (assertion batch 39),reordered,False,well-formedness:StdJSONZeroCopyDeserializerValuesValue:38
std/JSON/ZeroCopy/Deserializer.dfy,Std.JSON.ZeroCopy.Deserializer.Sequences.Elements (well-formedness) (assertion batch 72),reordered,False,well-formedness:StdJSONZeroCopyDeserializerSequencesElements:71
std/JSON/ZeroCopy/Deserializer.dfy,Std.JSON.ZeroCopy.Deserializer.Values.Value (well-formedness) (assertion batch 199),reordered,False,well-formedness:StdJSONZeroCopyDeserializerValuesValue:198
std/JSON/ZeroCopy/Deserializer.dfy,Std.JSON.ZeroCopy.Deserializer.Sequences.Elements (well-formedness) (assertion batch 27),reordered,False,well-formedness:StdJSONZeroCopyDeserializerSequencesElements:26
std/JSON/ZeroCopy/Deserializer.dfy,Std.JSON.ZeroCopy.Deserializer.Sequences.Elements (well-formedness) (assertion batch 66),reordered,False,well-formedness:StdJSONZeroCopyDeserializerSequencesElements:65
std/JSON/ZeroCopy/Deserializer.dfy,Std.JSON.ZeroCopy.Deserializer.Values.Value (well-formedness) (assertion batch 282),reordered,False,well-formedness:StdJSONZeroCopyDeserializerValuesValue:281
std/JSON/ZeroCopy/Deserializer.dfy,Std.JSON.ZeroCopy.Deserializer.Sequences.AppendWithSuffix (well-formedness) (assertion batch 2),reordered,False,well-formedness:StdJSONZeroCopyDeserializerSequencesAppendWithSuffix:1
std/JSON/ZeroCopy/Deserializer.dfy,Std.JSON.ZeroCopy.Deserializer.Sequences.Elements (well-formedness) (assertion batch 59),reordered,False,well-formedness:StdJSONZeroCopyDeserializerSequencesElements:58
std/JSON/ZeroCopy/Deserializer.dfy,Std.JSON.ZeroCopy.Deserializer.Sequences.Elements (well-formedness) (assertion batch 212),reordered,False,well-formedness:StdJSONZeroCopyDeserializerSequencesElements:211
std/JSON/ZeroCopy/Deserializer.dfy,Std.JSON.ZeroCopy.Deserializer.Values.Value (well-formedness) (assertion batch 123),reordered,False,well-formedness:StdJSONZeroCopyDeserializerValuesValue:122
std/JSON/ZeroCopy/Deserializer.dfy,Std.JSON.ZeroCopy.Deserializer.Sequences.Elements (well-formedness) (assertion batch 194),reordered,False,well-formedness:StdJSONZeroCopyDeserializerSequencesElements:193
std/JSON/ZeroCopy/Deserializer.dfy,Std.JSON.ZeroCopy.Deserializer.Sequences.Elements (well-formedness) (assertion batch 121),reordered,False,well-formedness:StdJSONZeroCopyDeserializerSequencesElements:120
std/JSON/ZeroCopy/Deserializer.dfy,Std.JSON.ZeroCopy.Deserializer.Sequences.Elements (well-formedness) (assertion batch 253),reordered,False,well-formedness:StdJSONZeroCopyDeserializerSequencesElements:252
std/JSON/ZeroCopy/Deserializer.dfy,Std.JSON.ZeroCopy.Deserializer.Sequences.Elements (well-formedness) (assertion batch 216),reordered,False,well-formedness:StdJSONZeroCopyDeserializerSequencesElements:215
std/JSON/ZeroCopy/Deserializer.dfy,Std.JSON.ZeroCopy.Deserializer.Sequences.Elements (well-formedness) (assertion batch 116),reordered,False,well-formedness:StdJSONZeroCopyDeserializerSequencesElements:115
std/JSON/ZeroCopy/Deserializer.dfy,Std.JSON.ZeroCopy.Deserializer.Sequences.Elements (well-formedness) (assertion batch 37),reordered,False,well-formedness:StdJSONZeroCopyDeserializerSequencesElements:36
std/JSON/ZeroCopy/Deserializer.dfy,Std.JSON.ZeroCopy.Deserializer.Sequences.Elements (well-formedness) (assertion batch 63),reordered,False,well-formedness:StdJSONZeroCopyDeserializerSequencesElements:62
std/JSON/ZeroCopy/Deserializer.dfy,Std.JSON.ZeroCopy.Deserializer.Values.Value (well-formedness) (assertion batch 209),reordered,False,well-formedness:StdJSONZeroCopyDeserializerValuesValue:208
std/JSON/ZeroCopy/Deserializer.dfy,Std.JSON.ZeroCopy.Deserializer.Values.Value (well-formedness) (assertion batch 331),reordered,False,well-formedness:StdJSONZeroCopyDeserializerValuesValue:330
std/JSON/ZeroCopy/Deserializer.dfy,Std.JSON.ZeroCopy.Deserializer.Values.Value (well-formedness) (assertion batch 197),reordered,False,well-formedness:StdJSONZeroCopyDeserializerValuesValue:196
std/JSON/ZeroCopy/Deserializer.dfy,Std.JSON.ZeroCopy.Deserializer.Sequences.Elements (well-formedness) (assertion batch 231),reordered,False,well-formedness:StdJSONZeroCopyDeserializerSequencesElements:230
std/JSON/ZeroCopy/Deserializer.dfy,Std.JSON.ZeroCopy.Deserializer.Sequences.Elements (well-formedness) (assertion batch 191),reordered,False,well-formedness:StdJSONZeroCopyDeserializerSequencesElements:190
std/JSON/ZeroCopy/Deserializer.dfy,Std.JSON.ZeroCopy.Deserializer.Sequences.Elements (well-formedness) (assertion batch 168),reordered,False,well-formedness:StdJSONZeroCopyDeserializerSequencesElements:167
std/JSON/ZeroCopy/Deserializer.dfy,Std.JSON.ZeroCopy.Deserializer.Sequences.Bracketed (well-formedness) (assertion batch 19),reordered,False,well-formedness:StdJSONZeroCopyDeserializerSequencesBracketed:18
std/JSON/ZeroCopy/Deserializer.dfy,Std.JSON.ZeroCopy.Deserializer.Sequences.Elements (well-formedness) (assertion batch 64),reordered,False,well-formedness:StdJSONZeroCopyDeserializerSequencesElements:63
std/JSON/ZeroCopy/Deserializer.dfy,Std.JSON.ZeroCopy.Deserializer.Sequences.Elements (well-formedness) (assertion batch 65),reordered,False,well-formedness:StdJSONZeroCopyDeserializerSequencesElements:64
std/JSON/ZeroCopy/Deserializer.dfy,Std.JSON.ZeroCopy.Deserializer.Values.Value (well-formedness) (assertion batch 202),reordered,False,well-formedness:StdJSONZeroCopyDeserializerValuesValue:201
std/JSON/ZeroCopy/Deserializer.dfy,Std.JSON.ZeroCopy.Deserializer.Values.Value (well-formedness) (assertion batch 124),reordered,False,well-formedness:StdJSONZeroCopyDeserializerValuesValue:123
std/JSON/ZeroCopy/Deserializer.dfy,Std.JSON.ZeroCopy.Deserializer.ObjectParams.Element (well-formedness) (assertion batch 10),reordered,False,well-formedness:StdJSONZeroCopyDeserializerObjectParamsElement:9
std/JSON/ZeroCopy/Deserializer.dfy,Std.JSON.ZeroCopy.Deserializer.Objects.BracketedToObject (correctness) (assertion batch 6),reordered,False,correctness:StdJSONZeroCopyDeserializerObjectsBracketedToObject:5
std/JSON/ZeroCopy/Deserializer.dfy,Std.JSON.ZeroCopy.Deserializer.Sequences.Elements (well-formedness) (assertion batch 225),reordered,False,well-formedness:StdJSONZeroCopyDeserializerSequencesElements:224
std/JSON/ZeroCopy/Deserializer.dfy,Std.JSON.ZeroCopy.Deserializer.Values.Value (well-formedness) (assertion batch 332),reordered,False,well-formedness:StdJSONZeroCopyDeserializerValuesValue:331
std/JSON/ZeroCopy/Deserializer.dfy,Std.JSON.ZeroCopy.Deserializer.Values.Value (well-formedness) (assertion batch 44),reordered,False,well-formedness:StdJSONZeroCopyDeserializerValuesValue:43
std/JSON/ZeroCopy/Deserializer.dfy,Std.JSON.ZeroCopy.Deserializer.Values.Value (well-formedness) (assertion batch 283),reordered,False,well-formedness:StdJSONZeroCopyDeserializerValuesValue:282
std/JSON/ZeroCopy/Deserializer.dfy,Std.JSON.ZeroCopy.Deserializer.Values.Value (well-formedness) (assertion batch 122),reordered,False,well-formedness:StdJSONZeroCopyDeserializerValuesValue:121
std/JSON/ZeroCopy/Deserializer.dfy,Std.JSON.ZeroCopy.Deserializer.Sequences.Bracketed (well-formedness) (assertion batch 31),reordered,False,well-formedness:StdJSONZeroCopyDeserializerSequencesBracketed:30
std/JSON/ZeroCopy/Deserializer.dfy,Std.JSON.ZeroCopy.Deserializer.Values.Value (well-formedness) (assertion batch 200),reordered,False,well-formedness:StdJSONZeroCopyDeserializerValuesValue:199
std/JSON/ZeroCopy/Deserializer.dfy,Std.JSON.ZeroCopy.Deserializer.Sequences.Elements (well-formedness) (assertion batch 209),reordered,False,well-formedness:StdJSONZeroCopyDeserializerSequencesElements:208
std/JSON/ZeroCopy/Deserializer.dfy,Std.JSON.ZeroCopy.Deserializer.Sequences.Elements (well-formedness) (assertion batch 38),reordered,False,well-formedness:StdJSONZeroCopyDeserializerSequencesElements:37
std/JSON/ZeroCopy/Deserializer.dfy,Std.JSON.ZeroCopy.Deserializer.Sequences.Elements (well-formedness) (assertion batch 239),reordered,False,well-formedness:StdJSONZeroCopyDeserializerSequencesElements:238
std/JSON/ZeroCopy/Deserializer.dfy,Std.JSON.ZeroCopy.Deserializer.Sequences.AppendLast (well-formedness) (assertion batch 21),reordered,False,well-formedness:StdJSONZeroCopyDeserializerSequencesAppendLast:20
std/JSON/ZeroCopy/Deserializer.dfy,Std.JSON.ZeroCopy.Deserializer.Values.Value (well-formedness) (assertion batch 204),reordered,False,well-formedness:StdJSONZeroCopyDeserializerValuesValue:203
std/JSON/ZeroCopy/Deserializer.dfy,Std.JSON.ZeroCopy.Deserializer.Sequences.Elements (well-formedness) (assertion batch 36),reordered,False,well-formedness:StdJSONZeroCopyDeserializerSequencesElements:35
std/JSON/ZeroCopy/Deserializer.dfy,Std.JSON.ZeroCopy.Deserializer.Sequences.Bracketed (well-formedness) (assertion batch 5),reordered,False,well-formedness:StdJSONZeroCopyDeserializerSequencesBracketed:4
std/JSON/ZeroCopy/Deserializer.dfy,Std.JSON.ZeroCopy.Deserializer.Values.Value (well-formedness) (assertion batch 115),reordered,False,well-formedness:StdJSONZeroCopyDeserializerValuesValue:114
std/JSON/ZeroCopy/Deserializer.dfy,Std.JSON.ZeroCopy.Deserializer.Values.Value (well-formedness) (assertion batch 286),reordered,False,well-formedness:StdJSONZeroCopyDeserializerValuesValue:285
std/JSON/ZeroCopy/Deserializer.dfy,Std.JSON.ZeroCopy.Deserializer.Sequences.Bracketed (well-formedness) (assertion batch 11),reordered,False,well-formedness:StdJSONZeroCopyDeserializerSequencesBracketed:10
std/JSON/ZeroCopy/Deserializer.dfy,Std.JSON.ZeroCopy.Deserializer.Sequences.Elements (well-formedness) (assertion batch 251),reordered,False,well-formedness:StdJSONZeroCopyDeserializerSequencesElements:250
std/JSON/ZeroCopy/Deserializer.dfy,Std.JSON.ZeroCopy.Deserializer.Sequences.Elements (well-formedness) (assertion batch 33),reordered,False,well-formedness:StdJSONZeroCopyDeserializerSequencesElements:32
std/JSON/ZeroCopy/Deserializer.dfy,Std.JSON.ZeroCopy.Deserializer.Sequences.Elements (well-formedness) (assertion batch 20),reordered,False,well-formedness:StdJSONZeroCopyDeserializerSequencesElements:19
std/JSON/ZeroCopy/Deserializer.dfy,Std.JSON.ZeroCopy.Deserializer.Values.Value (well-formedness) (assertion batch 290),reordered,False,well-formedness:StdJSONZeroCopyDeserializerValuesValue:289
std/JSON/ZeroCopy/Deserializer.dfy,Std.JSON.ZeroCopy.Deserializer.Sequences.Elements (well-formedness) (assertion batch 62),reordered,False,well-formedness:StdJSONZeroCopyDeserializerSequencesElements:61
std/JSON/ZeroCopy/Deserializer.dfy,Std.JSON.ZeroCopy.Deserializer.Sequences.Elements (well-formedness) (assertion batch 206),reordered,False,well-formedness:StdJSONZeroCopyDeserializerSequencesElements:205
std/JSON/ZeroCopy/Deserializer.dfy,Std.JSON.ZeroCopy.Deserializer.Sequences.Bracketed (well-formedness) (assertion batch 17),reordered,False,well-formedness:StdJSONZeroCopyDeserializerSequencesBracketed:16
std/JSON/ZeroCopy/Deserializer.dfy,Std.JSON.ZeroCopy.Deserializer.Sequences.Bracketed (well-formedness) (assertion batch 15),reordered,False,well-formedness:StdJSONZeroCopyDeserializerSequencesBracketed:14
std/JSON/ZeroCopy/Deserializer.dfy,Std.JSON.ZeroCopy.Deserializer.Sequences.Elements (well-formedness) (assertion batch 14),reordered,False,well-formedness:StdJSONZeroCopyDeserializerSequencesElements:13
std/JSON/ZeroCopy/Deserializer.dfy,Std.JSON.ZeroCopy.Deserializer.Values.Value (well-formedness) (assertion batch 116),reordered,False,well-formedness:StdJSONZeroCopyDeserializerValuesValue:115
std/JSON/ZeroCopy/Deserializer.dfy,Std.JSON.ZeroCopy.Deserializer.Sequences.Elements (well-formedness) (assertion batch 52),reordered,False,well-formedness:StdJSONZeroCopyDeserializerSequencesElements:51
std/JSON/ZeroCopy/Deserializer.dfy,Std.JSON.ZeroCopy.Deserializer.Values.Value (well-formedness) (assertion batch 206),reordered,False,well-formedness:StdJSONZeroCopyDeserializerValuesValue:205
std/JSON/ZeroCopy/Deserializer.dfy,Std.JSON.ZeroCopy.Deserializer.Sequences.Bracketed (well-formedness) (assertion batch 27),reordered,False,well-formedness:StdJSONZeroCopyDeserializerSequencesBracketed:26
std/JSON/ZeroCopy/Deserializer.dfy,Std.JSON.ZeroCopy.Deserializer.Sequences.Elements (well-formedness) (assertion batch 16),reordered,False,well-formedness:StdJSONZeroCopyDeserializerSequencesElements:15
std/JSON/ZeroCopy/Deserializer.dfy,Std.JSON.ZeroCopy.Deserializer.Values.Value (well-formedness) (assertion batch 139),reordered,False,well-formedness:StdJSONZeroCopyDeserializerValuesValue:138
std/JSON/ZeroCopy/Deserializer.dfy,Std.JSON.ZeroCopy.Deserializer.Values.Value (well-formedness) (assertion batch 138),reordered,False,well-formedness:StdJSONZeroCopyDeserializerValuesValue:137
std/JSON/ZeroCopy/Deserializer.dfy,Std.JSON.ZeroCopy.Deserializer.Sequences.Elements (well-formedness) (assertion batch 82),reordered,False,well-formedness:StdJSONZeroCopyDeserializerSequencesElements:81
std/JSON/ZeroCopy/Deserializer.dfy,Std.JSON.ZeroCopy.Deserializer.Sequences.Elements (well-formedness) (assertion batch 18),reordered,False,well-formedness:StdJSONZeroCopyDeserializerSequencesElements:17
std/JSON/ZeroCopy/Deserializer.dfy,Std.JSON.ZeroCopy.Deserializer.Values.Value (well-formedness) (assertion batch 28),reordered,False,well-formedness:StdJSONZeroCopyDeserializerValuesValue:27
std/JSON/ZeroCopy/Deserializer.dfy,Std.JSON.ZeroCopy.Deserializer.Values.Value (well-formedness) (assertion batch 43),reordered,False,well-formedness:StdJSONZeroCopyDeserializerValuesValue:42
std/JSON/ZeroCopy/Deserializer.dfy,Std.JSON.ZeroCopy.Deserializer.Values.Value (well-formedness) (assertion batch 118),reordered,False,well-formedness:StdJSONZeroCopyDeserializerValuesValue:117
std/JSON/ZeroCopy/Deserializer.dfy,Std.JSON.ZeroCopy.Deserializer.Sequences.Elements (well-formedness) (assertion batch 79),reordered,False,well-formedness:StdJSONZeroCopyDeserializerSequencesElements:78
std/JSON/ZeroCopy/Deserializer.dfy,Std.JSON.ZeroCopy.Deserializer.Sequences.AppendWithSuffix (well-formedness) (assertion batch 1),reordered,False,well-formedness:StdJSONZeroCopyDeserializerSequencesAppendWithSuffix:0
std/JSON/ZeroCopy/Deserializer.dfy,Std.JSON.ZeroCopy.Deserializer.Sequences.Elements (well-formedness) (assertion batch 80),reordered,False,well-formedness:StdJSONZeroCopyDeserializerSequencesElements:79
std/JSON/ZeroCopy/Deserializer.dfy,Std.JSON.ZeroCopy.Deserializer.Sequences.Elements (well-formedness) (assertion batch 60),reordered,False,well-formedness:StdJSONZeroCopyDeserializerSequencesElements:59
std/JSON/ZeroCopy/Deserializer.dfy,Std.JSON.ZeroCopy.Deserializer.Values.Value (well-formedness) (assertion batch 287),reordered,False,well-formedness:StdJSONZeroCopyDeserializerValuesValue:286
std/JSON/ZeroCopy/Deserializer.dfy,Std.JSON.ZeroCopy.Deserializer.Values.Value (well-formedness) (assertion batch 285),reordered,False,well-formedness:StdJSONZeroCopyDeserializerValuesValue:284
std/JSON/ZeroCopy/Deserializer.dfy,Std.JSON.ZeroCopy.Deserializer.Arrays.BracketedToArray (correctness) (assertion batch 2),reordered,False,correctness:StdJSONZeroCopyDeserializerArraysBracketedToArray:1
std/JSON/ZeroCopy/Deserializer.dfy,Std.JSON.ZeroCopy.Deserializer.Sequences.Bracketed (well-formedness) (assertion batch 40),reordered,False,well-formedness:StdJSONZeroCopyDeserializerSequencesBracketed:39
std/JSON/ZeroCopy/Deserializer.dfy,Std.JSON.ZeroCopy.Deserializer.Values.Value (well-formedness) (assertion batch 207),reordered,False,well-formedness:StdJSONZeroCopyDeserializerValuesValue:206
std/JSON/ZeroCopy/Deserializer.dfy,Std.JSON.ZeroCopy.Deserializer.Sequences.Elements (well-formedness) (assertion batch 61),reordered,False,well-formedness:StdJSONZeroCopyDeserializerSequencesElements:60
std/JSON/ZeroCopy/Deserializer.dfy,Std.JSON.ZeroCopy.Deserializer.Values.Value (well-formedness) (assertion batch 36),reordered,False,well-formedness:StdJSONZeroCopyDeserializerValuesValue:35
std/JSON/ZeroCopy/Deserializer.dfy,Std.JSON.ZeroCopy.Deserializer.Sequences.Elements (well-formedness) (assertion batch 13),reordered,False,well-formedness:StdJSONZeroCopyDeserializerSequencesElements:12
std/JSON/ZeroCopy/Deserializer.dfy,Std.JSON.ZeroCopy.Deserializer.Values.Value (well-formedness) (assertion batch 291),reordered,False,well-formedness:StdJSONZeroCopyDeserializerValuesValue:290
std/JSON/ZeroCopy/Deserializer.dfy,Std.JSON.ZeroCopy.Deserializer.Sequences.Elements (well-formedness) (assertion batch 21),reordered,False,well-formedness:StdJSONZeroCopyDeserializerSequencesElements:20
std/JSON/ZeroCopy/Deserializer.dfy,Std.JSON.ZeroCopy.Deserializer.Sequences.Elements (well-formedness) (assertion batch 109),reordered,False,well-formedness:StdJSONZeroCopyDeserializerSequencesElements:108
std/JSON/ZeroCopy/Deserializer.dfy,Std.JSON.ZeroCopy.Deserializer.Sequences.Elements (well-formedness) (assertion batch 202),reordered,False,well-formedness:StdJSONZeroCopyDeserializerSequencesElements:201
std/JSON/ZeroCopy/Deserializer.dfy,Std.JSON.ZeroCopy.Deserializer.Values.Value (well-formedness) (assertion batch 33),reordered,False,well-formedness:StdJSONZeroCopyDeserializerValuesValue:32
std/JSON/ZeroCopy/Deserializer.dfy,Std.JSON.ZeroCopy.Deserializer.Sequences.Elements (well-formedness) (assertion batch 244),reordered,False,well-formedness:StdJSONZeroCopyDeserializerSequencesElements:243
std/JSON/ZeroCopy/Deserializer.dfy,Std.JSON.ZeroCopy.Deserializer.Values.Value (well-formedness) (assertion batch 119),reordered,False,well-formedness:StdJSONZeroCopyDeserializerValuesValue:118
std/JSON/ZeroCopy/Deserializer.dfy,Std.JSON.ZeroCopy.Deserializer.Values.Value (well-formedness) (assertion batch 289),reordered,False,well-formedness:StdJSONZeroCopyDeserializerValuesValue:288
std/JSON/ZeroCopy/Deserializer.dfy,Std.JSON.ZeroCopy.Deserializer.Values.Value (well-formedness) (assertion batch 57),reordered,False,well-formedness:StdJSONZeroCopyDeserializerValuesValue:56
std/JSON/ZeroCopy/Deserializer.dfy,Std.JSON.ZeroCopy.Deserializer.Numbers.TrimmedInt (well-formedness),reordered,False,well-formedness:StdJSONZeroCopyDeserializerNumbersTrimmedInt:0
std/JSON/ZeroCopy/Deserializer.dfy,Std.JSON.ZeroCopy.Deserializer.Sequences.AboutTryStructural (well-formedness) (assertion batch 15),reordered,False,well-formedness:StdJSONZeroCopyDeserializerSequencesAboutTryStructural:14
std/JSON/ZeroCopy/Deserializer.dfy,Std.JSON.ZeroCopy.Deserializer.Sequences.Elements (well-formedness) (assertion batch 53),reordered,False,well-formedness:StdJSONZeroCopyDeserializerSequencesElements:52
std/JSON/ZeroCopy/Deserializer.dfy,Std.JSON.ZeroCopy.Deserializer.Sequences.Elements (well-formedness) (assertion batch 229),reordered,False,well-formedness:StdJSONZeroCopyDeserializerSequencesElements:228
std/JSON/ZeroCopy/Deserializer.dfy,Std.JSON.ZeroCopy.Deserializer.Sequences.Elements (well-formedness) (assertion batch 35),reordered,False,well-formedness:StdJSONZeroCopyDeserializerSequencesElements:34
std/JSON/ZeroCopy/Deserializer.dfy,Std.JSON.ZeroCopy.Deserializer.Values.Value (well-formedness) (assertion batch 140),reordered,False,well-formedness:StdJSONZeroCopyDeserializerValuesValue:139
std/JSON/ZeroCopy/Deserializer.dfy,Std.JSON.ZeroCopy.Deserializer.Values.Value (well-formedness) (assertion batch 120),reordered,False,well-formedness:StdJSONZeroCopyDeserializerValuesValue:119
std/JSON/ZeroCopy/Deserializer.dfy,Std.JSON.ZeroCopy.Deserializer.Arrays.BracketedToArray (correctness) (assertion batch 8),reordered,False,correctness:StdJSONZeroCopyDeserializerArraysBracketedToArray:7
std/JSON/ZeroCopy/Deserializer.dfy,Std.JSON.ZeroCopy.Deserializer.Values.Value (well-formedness) (assertion batch 220),reordered,False,well-formedness:StdJSONZeroCopyDeserializerValuesValue:219
std/JSON/ZeroCopy/Deserializer.dfy,Std.JSON.ZeroCopy.Deserializer.Sequences.Elements (well-formedness) (assertion batch 113),reordered,False,well-formedness:StdJSONZeroCopyDeserializerSequencesElements:112
std/JSON/ZeroCopy/Deserializer.dfy,Std.JSON.ZeroCopy.Deserializer.ObjectParams.Element (well-formedness) (assertion batch 14),reordered,False,well-formedness:StdJSONZeroCopyDeserializerObjectParamsElement:13
std/JSON/ZeroCopy/Deserializer.dfy,Std.JSON.ZeroCopy.Deserializer.Sequences.Elements (well-formedness) (assertion batch 78),reordered,False,well-formedness:StdJSONZeroCopyDeserializerSequencesElements:77
std/JSON/ZeroCopy/Deserializer.dfy,Std.JSON.ZeroCopy.Deserializer.Sequences.Bracketed (well-formedness) (assertion batch 7),reordered,False,well-formedness:StdJSONZeroCopyDeserializerSequencesBracketed:6
std/JSON/ZeroCopy/Deserializer.dfy,Std.JSON.ZeroCopy.Deserializer.Sequences.Elements (well-formedness) (assertion batch 153),reordered,False,well-formedness:StdJSONZeroCopyDeserializerSequencesElements:152
std/JSON/ZeroCopy/Deserializer.dfy,Std.JSON.ZeroCopy.Deserializer.Sequences.Elements (well-formedness) (assertion batch 186),reordered,False,well-formedness:StdJSONZeroCopyDeserializerSequencesElements:185
std/JSON/ZeroCopy/Deserializer.dfy,Std.JSON.ZeroCopy.Deserializer.Sequences.AppendLast (well-formedness) (assertion batch 2),reordered,False,well-formedness:StdJSONZeroCopyDeserializerSequencesAppendLast:1
std/JSON/ZeroCopy/Deserializer.dfy,Std.JSON.ZeroCopy.Deserializer.Values.Value (well-formedness) (assertion batch 280),reordered,False,well-formedness:StdJSONZeroCopyDeserializerValuesValue:279
std/JSON/ZeroCopy/Deserializer.dfy,Std.JSON.ZeroCopy.Deserializer.Sequences.Elements (well-formedness) (assertion batch 75),reordered,False,well-formedness:StdJSONZeroCopyDeserializerSequencesElements:74
std/JSON/ZeroCopy/Deserializer.dfy,Std.JSON.ZeroCopy.Deserializer.Sequences.Elements (well-formedness) (assertion batch 57),reordered,False,well-formedness:StdJSONZeroCopyDeserializerSequencesElements:56
std/JSON/ZeroCopy/Deserializer.dfy,Std.JSON.ZeroCopy.Deserializer.Sequences.Elements (well-formedness) (assertion batch 7),reordered,False,well-formedness:StdJSONZeroCopyDeserializerSequencesElements:6
std/JSON/ZeroCopy/Deserializer.dfy,Std.JSON.ZeroCopy.Deserializer.Sequences.Elements (well-formedness) (assertion batch 85),reordered,False,well-formedness:StdJSONZeroCopyDeserializerSequencesElements:84
std/JSON/ZeroCopy/Deserializer.dfy,Std.JSON.ZeroCopy.Deserializer.Values.Value (well-formedness) (assertion batch 219),reordered,False,well-formedness:StdJSONZeroCopyDeserializerValuesValue:218
std/JSON/ZeroCopy/Deserializer.dfy,Std.JSON.ZeroCopy.Deserializer.Sequences.Elements (well-formedness) (assertion batch 70),reordered,False,well-formedness:StdJSONZeroCopyDeserializerSequencesElements:69
std/JSON/ZeroCopy/Deserializer.dfy,Std.JSON.ZeroCopy.Deserializer.Sequences.Elements (well-formedness) (assertion batch 49),reordered,False,well-formedness:StdJSONZeroCopyDeserializerSequencesElements:48
std/JSON/ZeroCopy/Deserializer.dfy,Std.JSON.ZeroCopy.Deserializer.Sequences.AppendLast (well-formedness) (assertion batch 5),reordered,False,well-formedness:StdJSONZeroCopyDeserializerSequencesAppendLast:4
std/JSON/ZeroCopy/Deserializer.dfy,Std.JSON.ZeroCopy.Deserializer.Values.Value (well-formedness) (assertion batch 52),reordered,False,well-formedness:StdJSONZeroCopyDeserializerValuesValue:51
std/JSON/ZeroCopy/Deserializer.dfy,Std.JSON.ZeroCopy.Deserializer.Values.Value (well-formedness) (assertion batch 125),reordered,False,well-formedness:StdJSONZeroCopyDeserializerValuesValue:124
std/JSON/ZeroCopy/Deserializer.dfy,Std.JSON.ZeroCopy.Deserializer.Sequences.Elements (well-formedness) (assertion batch 228),reordered,False,well-formedness:StdJSONZeroCopyDeserializerSequencesElements:227
std/JSON/ZeroCopy/Deserializer.dfy,Std.JSON.ZeroCopy.Deserializer.Sequences.Elements (well-formedness) (assertion batch 39),reordered,False,well-formedness:StdJSONZeroCopyDeserializerSequencesElements:38
std/JSON/ZeroCopy/Deserializer.dfy,Std.JSON.ZeroCopy.Deserializer.Values.Value (well-formedness) (assertion batch 47),reordered,False,well-formedness:StdJSONZeroCopyDeserializerValuesValue:46
std/JSON/ZeroCopy/Deserializer.dfy,Std.JSON.ZeroCopy.Deserializer.Values.Value (well-formedness) (assertion batch 29),reordered,False,well-formedness:StdJSONZeroCopyDeserializerValuesValue:28
std/JSON/ZeroCopy/Deserializer.dfy,Std.JSON.ZeroCopy.Deserializer.Sequences.Elements (well-formedness) (assertion batch 68),reordered,False,well-formedness:StdJSONZeroCopyDeserializerSequencesElements:67
std/JSON/ZeroCopy/Deserializer.dfy,Std.JSON.ZeroCopy.Deserializer.Sequences.AppendLast (well-formedness) (assertion batch 33),reordered,False,well-formedness:StdJSONZeroCopyDeserializerSequencesAppendLast:32
std/JSON/ZeroCopy/Deserializer.dfy,Std.JSON.ZeroCopy.Deserializer.Sequences.Elements (well-formedness) (assertion batch 224),reordered,False,well-formedness:StdJSONZeroCopyDeserializerSequencesElements:223
std/JSON/ZeroCopy/Deserializer.dfy,Std.JSON.ZeroCopy.Deserializer.Values.Value (well-formedness) (assertion batch 205),reordered,False,well-formedness:StdJSONZeroCopyDeserializerValuesValue:204
std/JSON/ZeroCopy/Deserializer.dfy,Std.JSON.ZeroCopy.Deserializer.Values.Value (well-formedness) (assertion batch 121),reordered,False,well-formedness:StdJSONZeroCopyDeserializerValuesValue:120
std/JSON/ZeroCopy/Deserializer.dfy,Std.JSON.ZeroCopy.Deserializer.Sequences.AppendLast (well-formedness) (assertion batch 1),reordered,False,well-formedness:StdJSONZeroCopyDeserializerSequencesAppendLast:0
std/JSON/ZeroCopy/Deserializer.dfy,Std.JSON.ZeroCopy.Deserializer.Sequences.AppendLast (well-formedness) (assertion batch 25),reordered,False,well-formedness:StdJSONZeroCopyDeserializerSequencesAppendLast:24
std/JSON/ZeroCopy/Deserializer.dfy,Std.JSON.ZeroCopy.Deserializer.Sequences.AppendLast (well-formedness) (assertion batch 23),reordered,False,well-formedness:StdJSONZeroCopyDeserializerSequencesAppendLast:22
std/JSON/ZeroCopy/Deserializer.dfy,Std.JSON.ZeroCopy.Deserializer.Values.Value (well-formedness) (assertion batch 310),reordered,False,well-formedness:StdJSONZeroCopyDeserializerValuesValue:309
std/JSON/ZeroCopy/Deserializer.dfy,Std.JSON.ZeroCopy.Deserializer.Sequences.AppendLast (well-formedness) (assertion batch 11),reordered,False,well-formedness:StdJSONZeroCopyDeserializerSequencesAppendLast:10
std/JSON/ZeroCopy/Deserializer.dfy,Std.JSON.ZeroCopy.Deserializer.Values.Value (well-formedness) (assertion batch 218),reordered,False,well-formedness:StdJSONZeroCopyDeserializerValuesValue:217
std/JSON/ZeroCopy/Deserializer.dfy,Std.JSON.ZeroCopy.Deserializer.Objects.BracketedToObject (correctness) (assertion batch 7),reordered,False,correctness:StdJSONZeroCopyDeserializerObjectsBracketedToObject:6
std/JSON/ZeroCopy/Deserializer.dfy,Std.JSON.ZeroCopy.Deserializer.Values.Value (well-formedness) (assertion batch 31),reordered,False,well-formedness:StdJSONZeroCopyDeserializerValuesValue:30
std/JSON/ZeroCopy/Deserializer.dfy,Std.JSON.ZeroCopy.Deserializer.Sequences.Elements (well-formedness) (assertion batch 11),reordered,False,well-formedness:StdJSONZeroCopyDeserializerSequencesElements:10
std/JSON/ZeroCopy/Deserializer.dfy,Std.JSON.ZeroCopy.Deserializer.Sequences.AppendLast (well-formedness) (assertion batch 17),reordered,False,well-formedness:StdJSONZeroCopyDeserializerSequencesAppendLast:16
std/JSON/ZeroCopy/Deserializer.dfy,Std.JSON.ZeroCopy.Deserializer.Sequences.Elements (well-formedness) (assertion batch 110),reordered,False,well-formedness:StdJSONZeroCopyDeserializerSequencesElements:109
std/JSON/ZeroCopy/Deserializer.dfy,Std.JSON.ZeroCopy.Deserializer.Sequences.Elements (well-formedness) (assertion batch 73),reordered,False,well-formedness:StdJSONZeroCopyDeserializerSequencesElements:72
std/JSON/ZeroCopy/Deserializer.dfy,Std.JSON.ZeroCopy.Deserializer.Values.Value (well-formedness) (assertion batch 295),reordered,False,well-formedness:StdJSONZeroCopyDeserializerValuesValue:294
std/JSON/ZeroCopy/Deserializer.dfy,Std.JSON.ZeroCopy.Deserializer.Sequences.AppendLast (well-formedness) (assertion batch 8),reordered,False,well-formedness:StdJSONZeroCopyDeserializerSequencesAppendLast:7
std/JSON/ZeroCopy/Deserializer.dfy,Std.JSON.ZeroCopy.Deserializer.Sequences.Elements (well-formedness) (assertion batch 204),reordered,False,well-formedness:StdJSONZeroCopyDeserializerSequencesElements:203
std/JSON/ZeroCopy/Deserializer.dfy,Std.JSON.ZeroCopy.Deserializer.Sequences.Elements (well-formedness) (assertion batch 87),reordered,False,well-formedness:StdJSONZeroCopyDeserializerSequencesElements:86
std/JSON/ZeroCopy/Deserializer.dfy,Std.JSON.ZeroCopy.Deserializer.Values.Value (well-formedness) (assertion batch 130),reordered,False,well-formedness:StdJSONZeroCopyDeserializerValuesValue:129
std/JSON/ZeroCopy/Deserializer.dfy,Std.JSON.ZeroCopy.Deserializer.Sequences.Elements (well-formedness) (assertion batch 98),reordered,False,well-formedness:StdJSONZeroCopyDeserializerSequencesElements:97
std/JSON/ZeroCopy/Deserializer.dfy,Std.JSON.ZeroCopy.Deserializer.Sequences.Elements (well-formedness) (assertion batch 81),reordered,False,well-formedness:StdJSONZeroCopyDeserializerSequencesElements:80
std/JSON/ZeroCopy/Deserializer.dfy,Std.JSON.ZeroCopy.Deserializer.Values.Value (well-formedness) (assertion batch 288),reordered,False,well-formedness:StdJSONZeroCopyDeserializerValuesValue:287
std/JSON/ZeroCopy/Deserializer.dfy,Std.JSON.ZeroCopy.Deserializer.Sequences.Elements (well-formedness) (assertion batch 6),reordered,False,well-formedness:StdJSONZeroCopyDeserializerSequencesElements:5
std/JSON/ZeroCopy/Deserializer.dfy,Std.JSON.ZeroCopy.Deserializer.Sequences.AppendLast (well-formedness) (assertion batch 24),reordered,False,well-formedness:StdJSONZeroCopyDeserializerSequencesAppendLast:23
std/JSON/ZeroCopy/Deserializer.dfy,Std.JSON.ZeroCopy.Deserializer.Values.Value (well-formedness) (assertion batch 228),reordered,False,well-formedness:StdJSONZeroCopyDeserializerValuesValue:227
std/JSON/ZeroCopy/Deserializer.dfy,Std.JSON.ZeroCopy.Deserializer.Sequences.AppendLast (well-formedness) (assertion batch 32),reordered,False,well-formedness:StdJSONZeroCopyDeserializerSequencesAppendLast:31
std/JSON/ZeroCopy/Deserializer.dfy,Std.JSON.ZeroCopy.Deserializer.Sequences.AppendLast (well-formedness) (assertion batch 3),reordered,False,well-formedness:StdJSONZeroCopyDeserializerSequencesAppendLast:2
std/JSON/ZeroCopy/Deserializer.dfy,Std.JSON.ZeroCopy.Deserializer.Objects.BracketedToObject (correctness) (assertion batch 4),reordered,False,correctness:StdJSONZeroCopyDeserializerObjectsBracketedToObject:3
std/JSON/ZeroCopy/Deserializer.dfy,Std.JSON.ZeroCopy.Deserializer.Values.Value (well-formedness) (assertion batch 323),reordered,False,well-formedness:StdJSONZeroCopyDeserializerValuesValue:322
std/JSON/ZeroCopy/Deserializer.dfy,Std.JSON.ZeroCopy.Deserializer.ArrayParams.Element (well-formedness),reordered,False,well-formedness:StdJSONZeroCopyDeserializerArrayParamsElement:0
std/JSON/ZeroCopy/Deserializer.dfy,Std.JSON.ZeroCopy.Deserializer.Values.Value (well-formedness) (assertion batch 213),reordered,False,well-formedness:StdJSONZeroCopyDeserializerValuesValue:212
std/JSON/ZeroCopy/Deserializer.dfy,Std.JSON.ZeroCopy.Deserializer.Sequences.AppendLast (well-formedness) (assertion batch 26),reordered,False,well-formedness:StdJSONZeroCopyDeserializerSequencesAppendLast:25
std/JSON/ZeroCopy/Deserializer.dfy,Std.JSON.ZeroCopy.Deserializer.Numbers.Number (well-formedness),reordered,False,well-formedness:StdJSONZeroCopyDeserializerNumbersNumber:0
std/JSON/ZeroCopy/Deserializer.dfy,Std.JSON.ZeroCopy.Deserializer.Objects.Object (well-formedness) (assertion batch 3),reordered,False,well-formedness:StdJSONZeroCopyDeserializerObjectsObject:2
std/JSON/ZeroCopy/Deserializer.dfy,Std.JSON.ZeroCopy.Deserializer.Sequences.Elements (well-formedness) (assertion batch 69),reordered,False,well-formedness:StdJSONZeroCopyDeserializerSequencesElements:68
std/JSON/ZeroCopy/Deserializer.dfy,Std.JSON.ZeroCopy.Deserializer.Numbers.NumberFromParts (well-formedness),reordered,False,well-formedness:StdJSONZeroCopyDeserializerNumbersNumberFromParts:0
std/JSON/ZeroCopy/Deserializer.dfy,Std.JSON.ZeroCopy.Deserializer.Values.Value (well-formedness) (assertion batch 322),reordered,False,well-formedness:StdJSONZeroCopyDeserializerValuesValue:321
std/JSON/ZeroCopy/Deserializer.dfy,Std.JSON.ZeroCopy.Deserializer.Sequences.AppendLast (well-formedness) (assertion batch 18),reordered,False,well-formedness:StdJSONZeroCopyDeserializerSequencesAppendLast:17
std/JSON/ZeroCopy/Deserializer.dfy,Std.JSON.ZeroCopy.Deserializer.Sequences.Elements (well-formedness) (assertion batch 76),reordered,False,well-formedness:StdJSONZeroCopyDeserializerSequencesElements:75
std/JSON/ZeroCopy/Deserializer.dfy,Std.JSON.ZeroCopy.Deserializer.Values.Value (well-formedness) (assertion batch 51),reordered,False,well-formedness:StdJSONZeroCopyDeserializerValuesValue:50
std/JSON/ZeroCopy/Deserializer.dfy,Std.JSON.ZeroCopy.Deserializer.Sequences.AppendLast (well-formedness) (assertion batch 6),reordered,False,well-formedness:StdJSONZeroCopyDeserializerSequencesAppendLast:5
std/JSON/ZeroCopy/Deserializer.dfy,Std.JSON.ZeroCopy.Deserializer.Objects.BracketedToObject (correctness) (assertion batch 3),reordered,False,correctness:StdJSONZeroCopyDeserializerObjectsBracketedToObject:2
std/JSON/ZeroCopy/Deserializer.dfy,Std.JSON.ZeroCopy.Deserializer.Strings.StringBody (correctness),reordered,False,correctness:StdJSONZeroCopyDeserializerStringsStringBody:0
std/JSON/ZeroCopy/Deserializer.dfy,Std.JSON.ZeroCopy.Deserializer.Values.Value (well-formedness) (assertion batch 191),reordered,False,well-formedness:StdJSONZeroCopyDeserializerValuesValue:190
std/JSON/ZeroCopy/Deserializer.dfy,Std.JSON.ZeroCopy.Deserializer.Values.Value (well-formedness) (assertion batch 319),reordered,False,well-formedness:StdJSONZeroCopyDeserializerValuesValue:318
std/JSON/ZeroCopy/Deserializer.dfy,Std.JSON.ZeroCopy.Deserializer.Values.Value (well-formedness) (assertion batch 294),reordered,False,well-formedness:StdJSONZeroCopyDeserializerValuesValue:293
std/JSON/ZeroCopy/Deserializer.dfy,Std.JSON.ZeroCopy.Deserializer.Objects.BracketedToObject (correctness) (assertion batch 13),reordered,False,correctness:StdJSONZeroCopyDeserializerObjectsBracketedToObject:12
std/JSON/ZeroCopy/Deserializer.dfy,Std.JSON.ZeroCopy.Deserializer.Values.Value (well-formedness) (assertion batch 217),reordered,False,well-formedness:StdJSONZeroCopyDeserializerValuesValue:216
std/JSON/ZeroCopy/Deserializer.dfy,Std.JSON.ZeroCopy.Deserializer.Values.Value (well-formedness) (assertion batch 117),reordered,False,well-formedness:StdJSONZeroCopyDeserializerValuesValue:116
std/JSON/ZeroCopy/Deserializer.dfy,Std.JSON.ZeroCopy.Deserializer.Values.Value (well-formedness) (assertion batch 309),reordered,False,well-formedness:StdJSONZeroCopyDeserializerValuesValue:308
std/JSON/ZeroCopy/Deserializer.dfy,Std.JSON.ZeroCopy.Deserializer.Sequences.Elements (well-formedness) (assertion batch 9),reordered,False,well-formedness:StdJSONZeroCopyDeserializerSequencesElements:8
std/JSON/ZeroCopy/Deserializer.dfy,Std.JSON.ZeroCopy.Deserializer.Sequences.AppendLast (well-formedness) (assertion batch 19),reordered,False,well-formedness:StdJSONZeroCopyDeserializerSequencesAppendLast:18
std/JSON/ZeroCopy/Deserializer.dfy,Std.JSON.ZeroCopy.Deserializer.Objects.BracketedToObject (well-formedness),reordered,False,well-formedness:StdJSONZeroCopyDeserializerObjectsBracketedToObject:0
std/JSON/ZeroCopy/Deserializer.dfy,Std.JSON.ZeroCopy.Deserializer.Sequences.AppendWithSuffix (well-formedness) (assertion batch 3),reordered,False,well-formedness:StdJSONZeroCopyDeserializerSequencesAppendWithSuffix:2
std/JSON/ZeroCopy/Deserializer.dfy,Std.JSON.ZeroCopy.Deserializer.Objects.BracketedToObject (correctness) (assertion batch 11),reordered,False,correctness:StdJSONZeroCopyDeserializerObjectsBracketedToObject:10
std/JSON/ZeroCopy/Deserializer.dfy,Std.JSON.ZeroCopy.Deserializer.ObjectParams.KeyValueFromParts (well-formedness),reordered,False,well-formedness:StdJSONZeroCopyDeserializerObjectParamsKeyValueFromParts:0
std/JSON/ZeroCopy/Deserializer.dfy,Std.JSON.ZeroCopy.Deserializer.Objects.BracketedToObject (correctness) (assertion batch 16),reordered,False,correctness:StdJSONZeroCopyDeserializerObjectsBracketedToObject:15
std/JSON/ZeroCopy/Deserializer.dfy,Std.JSON.ZeroCopy.Deserializer.Sequences.AppendLast (well-formedness) (assertion batch 20),reordered,False,well-formedness:StdJSONZeroCopyDeserializerSequencesAppendLast:19
std/JSON/ZeroCopy/Deserializer.dfy,Std.JSON.ZeroCopy.Deserializer.Sequences.AppendLast (well-formedness) (assertion batch 31),reordered,False,well-formedness:StdJSONZeroCopyDeserializerSequencesAppendLast:30
std/JSON/ZeroCopy/Deserializer.dfy,Std.JSON.ZeroCopy.Deserializer.Sequences.AppendLast (well-formedness) (assertion batch 27),reordered,False,well-formedness:StdJSONZeroCopyDeserializerSequencesAppendLast:26
std/JSON/ZeroCopy/Deserializer.dfy,Std.JSON.ZeroCopy.Deserializer.Sequences.Elements (well-formedness) (assertion batch 5),reordered,False,well-formedness:StdJSONZeroCopyDeserializerSequencesElements:4
std/JSON/ZeroCopy/Deserializer.dfy,Std.JSON.ZeroCopy.Deserializer.Objects.BracketedToObject (correctness) (assertion batch 5),reordered,False,correctness:StdJSONZeroCopyDeserializerObjectsBracketedToObject:4
std/JSON/ZeroCopy/Deserializer.dfy,Std.JSON.ZeroCopy.Deserializer.Sequences.AppendLast (well-formedness) (assertion batch 30),reordered,False,well-formedness:StdJSONZeroCopyDeserializerSequencesAppendLast:29
std/JSON/ZeroCopy/Deserializer.dfy,Std.JSON.ZeroCopy.Deserializer.Values.Value (well-formedness) (assertion batch 308),reordered,False,well-formedness:StdJSONZeroCopyDeserializerValuesValue:307
std/JSON/ZeroCopy/Deserializer.dfy,Std.JSON.ZeroCopy.Deserializer.Values.Value (well-formedness) (assertion batch 30),reordered,False,well-formedness:StdJSONZeroCopyDeserializerValuesValue:29
std/JSON/ZeroCopy/Deserializer.dfy,Std.JSON.ZeroCopy.Deserializer.Objects.BracketedToObject (correctness) (assertion batch 17),reordered,False,correctness:StdJSONZeroCopyDeserializerObjectsBracketedToObject:16
std/JSON/ZeroCopy/Deserializer.dfy,Std.JSON.ZeroCopy.Deserializer.Arrays.BracketedToArray (correctness) (assertion batch 12),reordered,False,correctness:StdJSONZeroCopyDeserializerArraysBracketedToArray:11
std/JSON/ZeroCopy/Deserializer.dfy,Std.JSON.ZeroCopy.Deserializer.Values.Value (well-formedness) (assertion batch 181),reordered,False,well-formedness:StdJSONZeroCopyDeserializerValuesValue:180
std/JSON/ZeroCopy/Deserializer.dfy,Std.JSON.ZeroCopy.Deserializer.Arrays.BracketedToArray (correctness) (assertion batch 10),reordered,False,correctness:StdJSONZeroCopyDeserializerArraysBracketedToArray:9
std/JSON/ZeroCopy/Deserializer.dfy,Std.JSON.ZeroCopy.Deserializer.Values.Value (well-formedness) (assertion batch 252),reordered,False,well-formedness:StdJSONZeroCopyDeserializerValuesValue:251
std/JSON/ZeroCopy/Deserializer.dfy,Std.JSON.ZeroCopy.Deserializer.Sequences.AppendLast (well-formedness) (assertion batch 28),reordered,False,well-formedness:StdJSONZeroCopyDeserializerSequencesAppendLast:27
std/JSON/ZeroCopy/Deserializer.dfy,Std.JSON.ZeroCopy.Deserializer.Objects.Object (well-formedness) (assertion batch 1),reordered,False,well-formedness:StdJSONZeroCopyDeserializerObjectsObject:0
std/JSON/ZeroCopy/Deserializer.dfy,Std.JSON.ZeroCopy.Deserializer.Values.Value (well-formedness) (assertion batch 112),reordered,False,well-formedness:StdJSONZeroCopyDeserializerValuesValue:111
std/JSON/ZeroCopy/Deserializer.dfy,Std.JSON.ZeroCopy.Deserializer.Values.Value (well-formedness) (assertion batch 163),reordered,False,well-formedness:StdJSONZeroCopyDeserializerValuesValue:162
std/JSON/ZeroCopy/Deserializer.dfy,Std.JSON.ZeroCopy.Deserializer.Sequences.AppendLast (well-formedness) (assertion batch 10),reordered,False,well-formedness:StdJSONZeroCopyDeserializerSequencesAppendLast:9
std/JSON/ZeroCopy/Deserializer.dfy,Std.JSON.ZeroCopy.Deserializer.Sequences.AppendLast (well-formedness) (assertion batch 4),reordered,False,well-formedness:StdJSONZeroCopyDeserializerSequencesAppendLast:3
std/JSON/ZeroCopy/Deserializer.dfy,Std.JSON.ZeroCopy.Deserializer.Values.Value (well-formedness) (assertion batch 324),reordered,False,well-formedness:StdJSONZeroCopyDeserializerValuesValue:323
std/JSON/ZeroCopy/Deserializer.dfy,Std.JSON.ZeroCopy.Deserializer.Sequences.AppendLast (well-formedness) (assertion batch 34),reordered,False,well-formedness:StdJSONZeroCopyDeserializerSequencesAppendLast:33
std/JSON/ZeroCopy/Deserializer.dfy,Std.JSON.ZeroCopy.Deserializer.Sequences.AppendLast (well-formedness) (assertion batch 7),reordered,False,well-formedness:StdJSONZeroCopyDeserializerSequencesAppendLast:6
std/JSON/ZeroCopy/Deserializer.dfy,Std.JSON.ZeroCopy.Deserializer.Sequences.AboutTryStructural (correctness) (assertion batch 9),reordered,False,correctness:StdJSONZeroCopyDeserializerSequencesAboutTryStructural:8
std/JSON/ZeroCopy/Deserializer.dfy,Std.JSON.ZeroCopy.Deserializer.Objects.BracketedToObject (correctness) (assertion batch 10),reordered,False,correctness:StdJSONZeroCopyDeserializerObjectsBracketedToObject:9
std/JSON/ZeroCopy/Deserializer.dfy,Std.JSON.ZeroCopy.Deserializer.Sequences.AppendLast (well-formedness) (assertion batch 22),reordered,False,well-formedness:StdJSONZeroCopyDeserializerSequencesAppendLast:21
std/JSON/ZeroCopy/Deserializer.dfy,Std.JSON.ZeroCopy.Deserializer.Values.Value (well-formedness) (assertion batch 95),reordered,False,well-formedness:StdJSONZeroCopyDeserializerValuesValue:94
std/JSON/ZeroCopy/Deserializer.dfy,Std.JSON.ZeroCopy.Deserializer.Values.Value (well-formedness) (assertion batch 162),reordered,False,well-formedness:StdJSONZeroCopyDeserializerValuesValue:161
std/JSON/ZeroCopy/Deserializer.dfy,Std.JSON.ZeroCopy.Deserializer.Arrays.Array (well-formedness) (assertion batch 3),reordered,False,well-formedness:StdJSONZeroCopyDeserializerArraysArray:2
std/JSON/ZeroCopy/Deserializer.dfy,Std.JSON.ZeroCopy.Deserializer.Arrays.BracketedToArray (correctness) (assertion batch 13),reordered,False,correctness:StdJSONZeroCopyDeserializerArraysBracketedToArray:12
std/JSON/ZeroCopy/Deserializer.dfy,Std.JSON.ZeroCopy.Deserializer.Values.Value (well-formedness) (assertion batch 186),reordered,False,well-formedness:StdJSONZeroCopyDeserializerValuesValue:185
std/JSON/ZeroCopy/Deserializer.dfy,Std.JSON.ZeroCopy.Deserializer.Objects.BracketedToObject (correctness) (assertion batch 2),reordered,False,correctness:StdJSONZeroCopyDeserializerObjectsBracketedToObject:1
std/JSON/ZeroCopy/Deserializer.dfy,Std.JSON.ZeroCopy.Deserializer.Values.Value (well-formedness) (assertion batch 178),reordered,False,well-formedness:StdJSONZeroCopyDeserializerValuesValue:177
std/JSON/ZeroCopy/Deserializer.dfy,Std.JSON.ZeroCopy.Deserializer.Values.Value (well-formedness) (assertion batch 189),reordered,False,well-formedness:StdJSONZeroCopyDeserializerValuesValue:188
std/JSON/ZeroCopy/Deserializer.dfy,Std.JSON.ZeroCopy.Deserializer.Numbers.Digits (well-formedness),reordered,False,well-formedness:StdJSONZeroCopyDeserializerNumbersDigits:0
std/JSON/ZeroCopy/Deserializer.dfy,Std.JSON.ZeroCopy.Deserializer.Sequences.AppendLast (well-formedness) (assertion batch 15),reordered,False,well-formedness:StdJSONZeroCopyDeserializerSequencesAppendLast:14
std/JSON/ZeroCopy/Deserializer.dfy,Std.JSON.ZeroCopy.Deserializer.Values.Value (well-formedness) (assertion batch 263),reordered,False,well-formedness:StdJSONZeroCopyDeserializerValuesValue:262
std/JSON/ZeroCopy/Deserializer.dfy,Std.JSON.ZeroCopy.Deserializer.Values.Value (well-formedness) (assertion batch 325),reordered,False,well-formedness:StdJSONZeroCopyDeserializerValuesValue:324
std/JSON/ZeroCopy/Deserializer.dfy,Std.JSON.ZeroCopy.Deserializer.Values.Value (well-formedness) (assertion batch 318),reordered,False,well-formedness:StdJSONZeroCopyDeserializerValuesValue:317
std/JSON/ZeroCopy/Deserializer.dfy,Std.JSON.ZeroCopy.Deserializer.Values.Value (well-formedness) (assertion batch 46),reordered,False,well-formedness:StdJSONZeroCopyDeserializerValuesValue:45
std/JSON/ZeroCopy/Deserializer.dfy,Std.JSON.ZeroCopy.Deserializer.Core.WS (well-formedness) (assertion batch 5),reordered,False,well-formedness:StdJSONZeroCopyDeserializerCoreWS:4
std/JSON/ZeroCopy/Deserializer.dfy,Std.JSON.ZeroCopy.Deserializer.Arrays.Array (well-formedness) (assertion batch 1),reordered,False,well-formedness:StdJSONZeroCopyDeserializerArraysArray:0
std/JSON/ZeroCopy/Deserializer.dfy,Std.JSON.ZeroCopy.Deserializer.Values.Value (well-formedness) (assertion batch 160),reordered,False,well-formedness:StdJSONZeroCopyDeserializerValuesValue:159
std/JSON/ZeroCopy/Deserializer.dfy,Std.JSON.ZeroCopy.Deserializer.Values.Value (well-formedness) (assertion batch 70),reordered,False,well-formedness:StdJSONZeroCopyDeserializerValuesValue:69
std/JSON/ZeroCopy/Deserializer.dfy,Std.JSON.ZeroCopy.Deserializer.Numbers.Frac (well-formedness),reordered,False,well-formedness:StdJSONZeroCopyDeserializerNumbersFrac:0
std/JSON/ZeroCopy/Deserializer.dfy,Std.JSON.ZeroCopy.Deserializer.Values.Value (well-formedness) (assertion batch 83),reordered,False,well-formedness:StdJSONZeroCopyDeserializerValuesValue:82
std/JSON/ZeroCopy/Deserializer.dfy,Std.JSON.ZeroCopy.Deserializer.Sequences.AppendLast (well-formedness) (assertion batch 9),reordered,False,well-formedness:StdJSONZeroCopyDeserializerSequencesAppendLast:8
std/JSON/ZeroCopy/Deserializer.dfy,Std.JSON.ZeroCopy.Deserializer.Values.Value (well-formedness) (assertion batch 68),reordered,False,well-formedness:StdJSONZeroCopyDeserializerValuesValue:67
std/JSON/ZeroCopy/Deserializer.dfy,Std.JSON.ZeroCopy.Deserializer.Values.Value (well-formedness) (assertion batch 58),reordered,False,well-formedness:StdJSONZeroCopyDeserializerValuesValue:57
std/JSON/ZeroCopy/Deserializer.dfy,Std.JSON.ZeroCopy.Deserializer.Values.Value (well-formedness) (assertion batch 27),reordered,False,well-formedness:StdJSONZeroCopyDeserializerValuesValue:26
std/JSON/ZeroCopy/Deserializer.dfy,Std.JSON.ZeroCopy.Deserializer.Values.Value (well-formedness) (assertion batch 230),reordered,False,well-formedness:StdJSONZeroCopyDeserializerValuesValue:229
std/JSON/ZeroCopy/Deserializer.dfy,Std.JSON.ZeroCopy.Deserializer.Arrays.BracketedToArray (correctness) (assertion batch 1),reordered,False,correctness:StdJSONZeroCopyDeserializerArraysBracketedToArray:0
std/JSON/ZeroCopy/Deserializer.dfy,Std.JSON.ZeroCopy.Deserializer.Values.Value (well-formedness) (assertion batch 192),reordered,False,well-formedness:StdJSONZeroCopyDeserializerValuesValue:191
std/JSON/ZeroCopy/Deserializer.dfy,Std.JSON.ZeroCopy.Deserializer.Values.Value (well-formedness) (assertion batch 32),reordered,False,well-formedness:StdJSONZeroCopyDeserializerValuesValue:31
std/JSON/ZeroCopy/Deserializer.dfy,Std.JSON.ZeroCopy.Deserializer.Values.Value (well-formedness) (assertion batch 297),reordered,False,well-formedness:StdJSONZeroCopyDeserializerValuesValue:296
std/JSON/ZeroCopy/Deserializer.dfy,Std.JSON.ZeroCopy.Deserializer.Values.Value (well-formedness) (assertion batch 146),reordered,False,well-formedness:StdJSONZeroCopyDeserializerValuesValue:145
std/JSON/ZeroCopy/Deserializer.dfy,Std.JSON.ZeroCopy.Deserializer.Sequences.AppendLast (well-formedness) (assertion batch 12),reordered,False,well-formedness:StdJSONZeroCopyDeserializerSequencesAppendLast:11
std/JSON/ZeroCopy/Deserializer.dfy,Std.JSON.ZeroCopy.Deserializer.Values.Value (well-formedness) (assertion batch 232),reordered,False,well-formedness:StdJSONZeroCopyDeserializerValuesValue:231
std/JSON/ZeroCopy/Deserializer.dfy,Std.JSON.ZeroCopy.Deserializer.Objects.BracketedToObject (correctness) (assertion batch 1),reordered,False,correctness:StdJSONZeroCopyDeserializerObjectsBracketedToObject:0
std/JSON/ZeroCopy/Deserializer.dfy,Std.JSON.ZeroCopy.Deserializer.Sequences.BracketedFromParts (well-formedness),reordered,False,well-formedness:StdJSONZeroCopyDeserializerSequencesBracketedFromParts:0
std/JSON/ZeroCopy/Deserializer.dfy,Std.JSON.ZeroCopy.Deserializer.Sequences.AppendLast (well-formedness) (assertion batch 16),reordered,False,well-formedness:StdJSONZeroCopyDeserializerSequencesAppendLast:15
std/JSON/ZeroCopy/Deserializer.dfy,Std.JSON.ZeroCopy.Deserializer.Values.Value (well-formedness) (assertion batch 158),reordered,False,well-formedness:StdJSONZeroCopyDeserializerValuesValue:157
std/JSON/ZeroCopy/Deserializer.dfy,Std.JSON.ZeroCopy.Deserializer.Sequences.Elements (well-formedness) (assertion batch 8),reordered,False,well-formedness:StdJSONZeroCopyDeserializerSequencesElements:7
std/JSON/ZeroCopy/Deserializer.dfy,Std.JSON.ZeroCopy.Deserializer.Arrays.BracketedToArray (correctness) (assertion batch 9),reordered,False,correctness:StdJSONZeroCopyDeserializerArraysBracketedToArray:8
std/JSON/ZeroCopy/Deserializer.dfy,Std.JSON.ZeroCopy.Deserializer.Core.WS (correctness) (assertion batch 13),reordered,False,correctness:StdJSONZeroCopyDeserializerCoreWS:12
std/JSON/ZeroCopy/Deserializer.dfy,Std.JSON.ZeroCopy.Deserializer.Values.Value (well-formedness) (assertion batch 169),reordered,False,well-formedness:StdJSONZeroCopyDeserializerValuesValue:168
std/JSON/ZeroCopy/Deserializer.dfy,Std.JSON.ZeroCopy.Deserializer.Values.Value (well-formedness) (assertion batch 196),reordered,False,well-formedness:StdJSONZeroCopyDeserializerValuesValue:195
std/JSON/ZeroCopy/Deserializer.dfy,Std.JSON.ZeroCopy.Deserializer.Values.Value (well-formedness) (assertion batch 34),reordered,False,well-formedness:StdJSONZeroCopyDeserializerValuesValue:33
std/JSON/ZeroCopy/Deserializer.dfy,Std.JSON.ZeroCopy.Deserializer.Arrays.BracketedToArray (correctness) (assertion batch 4),reordered,False,correctness:StdJSONZeroCopyDeserializerArraysBracketedToArray:3
std/JSON/ZeroCopy/Deserializer.dfy,Std.JSON.ZeroCopy.Deserializer.Values.Value (well-formedness) (assertion batch 321),reordered,False,well-formedness:StdJSONZeroCopyDeserializerValuesValue:320
std/JSON/ZeroCopy/Deserializer.dfy,Std.JSON.ZeroCopy.Deserializer.Values.Value (well-formedness) (assertion batch 314),reordered,False,well-formedness:StdJSONZeroCopyDeserializerValuesValue:313
std/JSON/ZeroCopy/Deserializer.dfy,Std.JSON.ZeroCopy.Deserializer.Values.Value (well-formedness) (assertion batch 66),reordered,False,well-formedness:StdJSONZeroCopyDeserializerValuesValue:65
std/JSON/ZeroCopy/Deserializer.dfy,Std.JSON.ZeroCopy.Deserializer.Arrays.BracketedToArray (correctness) (assertion batch 14),reordered,False,correctness:StdJSONZeroCopyDeserializerArraysBracketedToArray:13
std/JSON/ZeroCopy/Deserializer.dfy,Std.JSON.ZeroCopy.Deserializer.Objects.BracketedToObject (correctness) (assertion batch 12),reordered,False,correctness:StdJSONZeroCopyDeserializerObjectsBracketedToObject:11
std/JSON/ZeroCopy/Deserializer.dfy,Std.JSON.ZeroCopy.Deserializer.Arrays.BracketedToArray (correctness) (assertion batch 11),reordered,False,correctness:StdJSONZeroCopyDeserializerArraysBracketedToArray:10
std/JSON/ZeroCopy/Deserializer.dfy,Std.JSON.ZeroCopy.Deserializer.Arrays.BracketedToArray (correctness) (assertion batch 3),reordered,False,correctness:StdJSONZeroCopyDeserializerArraysBracketedToArray:2
std/JSON/ZeroCopy/Deserializer.dfy,Std.JSON.ZeroCopy.Deserializer.Values.Value (well-formedness) (assertion batch 177),reordered,False,well-formedness:StdJSONZeroCopyDeserializerValuesValue:176
std/JSON/ZeroCopy/Deserializer.dfy,Std.JSON.ZeroCopy.Deserializer.Objects.BracketedToObject (correctness) (assertion batch 9),reordered,False,correctness:StdJSONZeroCopyDeserializerObjectsBracketedToObject:8
std/JSON/ZeroCopy/Deserializer.dfy,Std.JSON.ZeroCopy.Deserializer.Sequences.AboutTryStructural (correctness) (assertion batch 10),reordered,False,correctness:StdJSONZeroCopyDeserializerSequencesAboutTryStructural:9
std/JSON/ZeroCopy/Deserializer.dfy,Std.JSON.ZeroCopy.Deserializer.Values.Value (well-formedness) (assertion batch 326),reordered,False,well-formedness:StdJSONZeroCopyDeserializerValuesValue:325
std/JSON/ZeroCopy/Deserializer.dfy,Std.JSON.ZeroCopy.Deserializer.Values.Value (well-formedness) (assertion batch 161),reordered,False,well-formedness:StdJSONZeroCopyDeserializerValuesValue:160
std/JSON/ZeroCopy/Deserializer.dfy,Std.JSON.ZeroCopy.Deserializer.Core.WS (correctness) (assertion batch 7),reordered,False,correctness:StdJSONZeroCopyDeserializerCoreWS:6
std/JSON/ZeroCopy/Deserializer.dfy,Std.JSON.ZeroCopy.Deserializer.Values.Value (well-formedness) (assertion batch 173),reordered,False,well-formedness:StdJSONZeroCopyDeserializerValuesValue:172
std/JSON/ZeroCopy/Deserializer.dfy,Std.JSON.ZeroCopy.Deserializer.Arrays.BracketedToArray (correctness) (assertion batch 5),reordered,False,correctness:StdJSONZeroCopyDeserializerArraysBracketedToArray:4
std/JSON/ZeroCopy/Deserializer.dfy,Std.JSON.ZeroCopy.Deserializer.Values.Value (well-formedness) (assertion batch 128),reordered,False,well-formedness:StdJSONZeroCopyDeserializerValuesValue:127
std/JSON/ZeroCopy/Deserializer.dfy,Std.JSON.ZeroCopy.Deserializer.Sequences.AboutTryStructural (correctness) (assertion batch 15),reordered,False,correctness:StdJSONZeroCopyDeserializerSequencesAboutTryStructural:14
std/JSON/ZeroCopy/Deserializer.dfy,Std.JSON.ZeroCopy.Deserializer.Values.Value (well-formedness) (assertion batch 63),reordered,False,well-formedness:StdJSONZeroCopyDeserializerValuesValue:62
std/JSON/ZeroCopy/Deserializer.dfy,Std.JSON.ZeroCopy.Deserializer.Numbers.NonZeroInt (well-formedness),reordered,False,well-formedness:StdJSONZeroCopyDeserializerNumbersNonZeroInt:0
std/JSON/ZeroCopy/Deserializer.dfy,Std.JSON.ZeroCopy.Deserializer.Values.Value (well-formedness) (assertion batch 185),reordered,False,well-formedness:StdJSONZeroCopyDeserializerValuesValue:184
std/JSON/ZeroCopy/Deserializer.dfy,Std.JSON.ZeroCopy.Deserializer.Values.Value (well-formedness) (assertion batch 87),reordered,False,well-formedness:StdJSONZeroCopyDeserializerValuesValue:86
std/JSON/ZeroCopy/Deserializer.dfy,Std.JSON.ZeroCopy.Deserializer.Values.Value (well-formedness) (assertion batch 296),reordered,False,well-formedness:StdJSONZeroCopyDeserializerValuesValue:295
std/JSON/ZeroCopy/Deserializer.dfy,Std.JSON.ZeroCopy.Deserializer.Values.Value (well-formedness) (assertion batch 61),reordered,False,well-formedness:StdJSONZeroCopyDeserializerValuesValue:60
std/JSON/ZeroCopy/Deserializer.dfy,Std.JSON.ZeroCopy.Deserializer.Values.Value (well-formedness) (assertion batch 317),reordered,False,well-formedness:StdJSONZeroCopyDeserializerValuesValue:316
std/JSON/ZeroCopy/Deserializer.dfy,Std.JSON.ZeroCopy.Deserializer.Values.Value (well-formedness) (assertion batch 251),reordered,False,well-formedness:StdJSONZeroCopyDeserializerValuesValue:250
std/JSON/ZeroCopy/Deserializer.dfy,Std.JSON.ZeroCopy.Deserializer.Core.Structural (well-formedness) (assertion batch 6),reordered,False,well-formedness:StdJSONZeroCopyDeserializerCoreStructural:5
std/JSON/ZeroCopy/Deserializer.dfy,Std.JSON.ZeroCopy.Deserializer.Core.WS (correctness) (assertion batch 14),reordered,False,correctness:StdJSONZeroCopyDeserializerCoreWS:13
std/JSON/ZeroCopy/Deserializer.dfy,Std.JSON.ZeroCopy.Deserializer.Sequences.AboutTryStructural (correctness) (assertion batch 31),reordered,False,correctness:StdJSONZeroCopyDeserializerSequencesAboutTryStructural:30
std/JSON/ZeroCopy/Deserializer.dfy,Std.JSON.ZeroCopy.Deserializer.Values.Value (well-formedness) (assertion batch 315),reordered,False,well-formedness:StdJSONZeroCopyDeserializerValuesValue:314
std/JSON/ZeroCopy/Deserializer.dfy,Std.JSON.ZeroCopy.Deserializer.Values.Value (well-formedness) (assertion batch 240),reordered,False,well-formedness:StdJSONZeroCopyDeserializerValuesValue:239
std/JSON/ZeroCopy/Deserializer.dfy,Std.JSON.ZeroCopy.Deserializer.Values.Value (well-formedness) (assertion batch 49),reordered,False,well-formedness:StdJSONZeroCopyDeserializerValuesValue:48
std/JSON/ZeroCopy/Deserializer.dfy,Std.JSON.ZeroCopy.Deserializer.Core.WS (well-formedness) (assertion batch 4),reordered,False,well-formedness:StdJSONZeroCopyDeserializerCoreWS:3
std/JSON/ZeroCopy/Deserializer.dfy,Std.JSON.ZeroCopy.Deserializer.Values.Value (well-formedness) (assertion batch 164),reordered,False,well-formedness:StdJSONZeroCopyDeserializerValuesValue:163
std/JSON/ZeroCopy/Deserializer.dfy,Std.JSON.ZeroCopy.Deserializer.Values.Value (well-formedness) (assertion batch 248),reordered,False,well-formedness:StdJSONZeroCopyDeserializerValuesValue:247
std/JSON/ZeroCopy/Deserializer.dfy,Std.JSON.ZeroCopy.Deserializer.Values.Value (well-formedness) (assertion batch 190),reordered,False,well-formedness:StdJSONZeroCopyDeserializerValuesValue:189
std/JSON/ZeroCopy/Deserializer.dfy,Std.JSON.ZeroCopy.Deserializer.Values.Value (well-formedness) (assertion batch 144),reordered,False,well-formedness:StdJSONZeroCopyDeserializerValuesValue:143
std/JSON/ZeroCopy/Deserializer.dfy,Std.JSON.ZeroCopy.Deserializer.Values.Value (well-formedness) (assertion batch 166),reordered,False,well-formedness:StdJSONZeroCopyDeserializerValuesValue:165
std/JSON/ZeroCopy/Deserializer.dfy,Std.JSON.ZeroCopy.Deserializer.Values.Value (well-formedness) (assertion batch 88),reordered,False,well-formedness:StdJSONZeroCopyDeserializerValuesValue:87
std/JSON/ZeroCopy/Deserializer.dfy,Std.JSON.ZeroCopy.Deserializer.Sequences.AboutTryStructural (correctness) (assertion batch 26),reordered,False,correctness:StdJSONZeroCopyDeserializerSequencesAboutTryStructural:25
std/JSON/ZeroCopy/Deserializer.dfy,Std.JSON.ZeroCopy.Deserializer.Values.Value (well-formedness) (assertion batch 60),reordered,False,well-formedness:StdJSONZeroCopyDeserializerValuesValue:59
std/JSON/ZeroCopy/Deserializer.dfy,Std.JSON.ZeroCopy.Deserializer.Values.Value (well-formedness) (assertion batch 250),reordered,False,well-formedness:StdJSONZeroCopyDeserializerValuesValue:249
std/JSON/ZeroCopy/Deserializer.dfy,Std.JSON.ZeroCopy.Deserializer.Values.Value (well-formedness) (assertion batch 320),reordered,False,well-formedness:StdJSONZeroCopyDeserializerValuesValue:319
std/JSON/ZeroCopy/Deserializer.dfy,Std.JSON.ZeroCopy.Deserializer.Numbers.NonEmptyDigits (well-formedness),reordered,False,well-formedness:StdJSONZeroCopyDeserializerNumbersNonEmptyDigits:0
std/JSON/ZeroCopy/Deserializer.dfy,Std.JSON.ZeroCopy.Deserializer.Sequences.AboutTryStructural (correctness) (assertion batch 2),reordered,False,correctness:StdJSONZeroCopyDeserializerSequencesAboutTryStructural:1
std/JSON/ZeroCopy/Deserializer.dfy,Std.JSON.ZeroCopy.Deserializer.Sequences.AboutTryStructural (correctness) (assertion batch 17),reordered,False,correctness:StdJSONZeroCopyDeserializerSequencesAboutTryStructural:16
std/JSON/ZeroCopy/Deserializer.dfy,Std.JSON.ZeroCopy.Deserializer.Values.Value (well-formedness) (assertion batch 216),reordered,False,well-formedness:StdJSONZeroCopyDeserializerValuesValue:215
std/JSON/ZeroCopy/Deserializer.dfy,Std.JSON.ZeroCopy.Deserializer.Values.Value (well-formedness) (assertion batch 214),reordered,False,well-formedness:StdJSONZeroCopyDeserializerValuesValue:213
std/JSON/ZeroCopy/Deserializer.dfy,Std.JSON.ZeroCopy.Deserializer.Sequences.AboutTryStructural (correctness) (assertion batch 18),reordered,False,correctness:StdJSONZeroCopyDeserializerSequencesAboutTryStructural:17
std/JSON/ZeroCopy/Deserializer.dfy,Std.JSON.ZeroCopy.Deserializer.Values.Value (well-formedness) (assertion batch 134),reordered,False,well-formedness:StdJSONZeroCopyDeserializerValuesValue:133
std/JSON/ZeroCopy/Deserializer.dfy,Std.JSON.ZeroCopy.Deserializer.Sequences.AboutTryStructural (correctness) (assertion batch 3),reordered,False,correctness:StdJSONZeroCopyDeserializerSequencesAboutTryStructural:2
std/JSON/ZeroCopy/Deserializer.dfy,Std.JSON.ZeroCopy.Deserializer.Values.Value (well-formedness) (assertion batch 133),reordered,False,well-formedness:StdJSONZeroCopyDeserializerValuesValue:132
std/JSON/ZeroCopy/Deserializer.dfy,Std.JSON.ZeroCopy.Deserializer.Sequences.AboutTryStructural (well-formedness) (assertion batch 6),reordered,False,well-formedness:StdJSONZeroCopyDeserializerSequencesAboutTryStructural:5
std/JSON/ZeroCopy/Deserializer.dfy,Std.JSON.ZeroCopy.Deserializer.Values.Value (well-formedness) (assertion batch 238),reordered,False,well-formedness:StdJSONZeroCopyDeserializerValuesValue:237
std/JSON/ZeroCopy/Deserializer.dfy,Std.JSON.ZeroCopy.Deserializer.Values.Value (well-formedness) (assertion batch 131),reordered,False,well-formedness:StdJSONZeroCopyDeserializerValuesValue:130
std/JSON/ZeroCopy/Deserializer.dfy,Std.JSON.ZeroCopy.Deserializer.Values.Value (well-formedness) (assertion batch 45),reordered,False,well-formedness:StdJSONZeroCopyDeserializerValuesValue:44
std/JSON/ZeroCopy/Deserializer.dfy,Std.JSON.ZeroCopy.Deserializer.Values.Value (well-formedness) (assertion batch 256),reordered,False,well-formedness:StdJSONZeroCopyDeserializerValuesValue:255
std/JSON/ZeroCopy/Deserializer.dfy,Std.JSON.ZeroCopy.Deserializer.Arrays.BracketedToArray (correctness) (assertion batch 6),reordered,False,correctness:StdJSONZeroCopyDeserializerArraysBracketedToArray:5
std/JSON/ZeroCopy/Deserializer.dfy,Std.JSON.ZeroCopy.Deserializer.Values.Value (well-formedness) (assertion batch 142),reordered,False,well-formedness:StdJSONZeroCopyDeserializerValuesValue:141
std/JSON/ZeroCopy/Deserializer.dfy,Std.JSON.ZeroCopy.Deserializer.Values.Value (well-formedness) (assertion batch 148),reordered,False,well-formedness:StdJSONZeroCopyDeserializerValuesValue:147
std/JSON/ZeroCopy/Deserializer.dfy,Std.JSON.ZeroCopy.Deserializer.Core.WS (well-formedness) (assertion batch 11),reordered,False,well-formedness:StdJSONZeroCopyDeserializerCoreWS:10
std/JSON/ZeroCopy/Deserializer.dfy,Std.JSON.ZeroCopy.Deserializer.Arrays.BracketedToArray (correctness) (assertion batch 7),reordered,False,correctness:StdJSONZeroCopyDeserializerArraysBracketedToArray:6
std/JSON/ZeroCopy/Deserializer.dfy,Std.JSON.ZeroCopy.Deserializer.Values.Value (well-formedness) (assertion batch 153),reordered,False,well-formedness:StdJSONZeroCopyDeserializerValuesValue:152
std/JSON/ZeroCopy/Deserializer.dfy,Std.JSON.ZeroCopy.Deserializer.Values.Value (well-formedness) (assertion batch 167),reordered,False,well-formedness:StdJSONZeroCopyDeserializerValuesValue:166
std/JSON/ZeroCopy/Deserializer.dfy,Std.JSON.ZeroCopy.Deserializer.Values.Value (well-formedness) (assertion batch 67),reordered,False,well-formedness:StdJSONZeroCopyDeserializerValuesValue:66
std/JSON/ZeroCopy/Deserializer.dfy,Std.JSON.ZeroCopy.Deserializer.Sequences.AboutTryStructural (correctness) (assertion batch 11),reordered,False,correctness:StdJSONZeroCopyDeserializerSequencesAboutTryStructural:10
std/JSON/ZeroCopy/Deserializer.dfy,Std.JSON.ZeroCopy.Deserializer.Values.Value (well-formedness) (assertion batch 316),reordered,False,well-formedness:StdJSONZeroCopyDeserializerValuesValue:315
std/JSON/ZeroCopy/Deserializer.dfy,Std.JSON.ZeroCopy.Deserializer.Values.Value (well-formedness) (assertion batch 249),reordered,False,well-formedness:StdJSONZeroCopyDeserializerValuesValue:248
std/JSON/ZeroCopy/Deserializer.dfy,Std.JSON.ZeroCopy.Deserializer.Objects.BracketedToObject (correctness) (assertion batch 8),reordered,False,correctness:StdJSONZeroCopyDeserializerObjectsBracketedToObject:7
std/JSON/ZeroCopy/Deserializer.dfy,Std.JSON.ZeroCopy.Deserializer.Values.Value (well-formedness) (assertion batch 90),reordered,False,well-formedness:StdJSONZeroCopyDeserializerValuesValue:89
std/JSON/ZeroCopy/Deserializer.dfy,Std.JSON.ZeroCopy.Deserializer.Values.Value (well-formedness) (assertion batch 170),reordered,False,well-formedness:StdJSONZeroCopyDeserializerValuesValue:169
std/JSON/ZeroCopy/Deserializer.dfy,Std.JSON.ZeroCopy.Deserializer.Values.Value (well-formedness) (assertion batch 253),reordered,False,well-formedness:StdJSONZeroCopyDeserializerValuesValue:252
std/JSON/ZeroCopy/Deserializer.dfy,Std.JSON.ZeroCopy.Deserializer.Numbers.Exp (well-formedness) (assertion batch 14),reordered,False,well-formedness:StdJSONZeroCopyDeserializerNumbersExp:13
std/JSON/ZeroCopy/Deserializer.dfy,Std.JSON.ZeroCopy.Deserializer.Numbers.Exp (well-formedness) (assertion batch 17),reordered,False,well-formedness:StdJSONZeroCopyDeserializerNumbersExp:16
std/JSON/ZeroCopy/Deserializer.dfy,Std.JSON.ZeroCopy.Deserializer.Sequences.AboutTryStructural (correctness) (assertion batch 8),reordered,False,correctness:StdJSONZeroCopyDeserializerSequencesAboutTryStructural:7
std/JSON/ZeroCopy/Deserializer.dfy,Std.JSON.ZeroCopy.Deserializer.Values.Value (well-formedness) (assertion batch 96),reordered,False,well-formedness:StdJSONZeroCopyDeserializerValuesValue:95
std/JSON/ZeroCopy/Deserializer.dfy,Std.JSON.ZeroCopy.Deserializer.Values.Value (well-formedness) (assertion batch 77),reordered,False,well-formedness:StdJSONZeroCopyDeserializerValuesValue:76
std/JSON/ZeroCopy/Deserializer.dfy,Std.JSON.ZeroCopy.Deserializer.Values.Value (well-formedness) (assertion batch 69),reordered,False,well-formedness:StdJSONZeroCopyDeserializerValuesValue:68
std/JSON/ZeroCopy/Deserializer.dfy,Std.JSON.ZeroCopy.Deserializer.Values.Value (well-formedness) (assertion batch 108),reordered,False,well-formedness:StdJSONZeroCopyDeserializerValuesValue:107
std/JSON/ZeroCopy/Deserializer.dfy,Std.JSON.ZeroCopy.Deserializer.Values.Value (well-formedness) (assertion batch 229),reordered,False,well-formedness:StdJSONZeroCopyDeserializerValuesValue:228
std/JSON/ZeroCopy/Deserializer.dfy,Std.JSON.ZeroCopy.Deserializer.Values.Value (well-formedness) (assertion batch 180),reordered,False,well-formedness:StdJSONZeroCopyDeserializerValuesValue:179
std/JSON/ZeroCopy/Deserializer.dfy,Std.JSON.ZeroCopy.Deserializer.Values.Value (well-formedness) (assertion batch 276),reordered,False,well-formedness:StdJSONZeroCopyDeserializerValuesValue:275
std/JSON/ZeroCopy/Deserializer.dfy,Std.JSON.ZeroCopy.Deserializer.Values.Value (well-formedness) (assertion batch 59),reordered,False,well-formedness:StdJSONZeroCopyDeserializerValuesValue:58
std/JSON/ZeroCopy/Deserializer.dfy,Std.JSON.ZeroCopy.Deserializer.Values.Value (well-formedness) (assertion batch 129),reordered,False,well-formedness:StdJSONZeroCopyDeserializerValuesValue:128
std/JSON/ZeroCopy/Deserializer.dfy,Std.JSON.ZeroCopy.Deserializer.Objects.BracketedToObject (correctness) (assertion batch 15),reordered,False,correctness:StdJSONZeroCopyDeserializerObjectsBracketedToObject:14
std/JSON/ZeroCopy/Deserializer.dfy,Std.JSON.ZeroCopy.Deserializer.Values.Value (well-formedness) (assertion batch 74),reordered,False,well-formedness:StdJSONZeroCopyDeserializerValuesValue:73
std/JSON/ZeroCopy/Deserializer.dfy,Std.JSON.ZeroCopy.Deserializer.Arrays.BracketedToArray (well-formedness),reordered,False,well-formedness:StdJSONZeroCopyDeserializerArraysBracketedToArray:0
std/JSON/ZeroCopy/Deserializer.dfy,Std.JSON.ZeroCopy.Deserializer.Values.Value (well-formedness) (assertion batch 225),reordered,False,well-formedness:StdJSONZeroCopyDeserializerValuesValue:224
std/JSON/ZeroCopy/Deserializer.dfy,Std.JSON.ZeroCopy.Deserializer.Values.Value (well-formedness) (assertion batch 110),reordered,False,well-formedness:StdJSONZeroCopyDeserializerValuesValue:109
std/JSON/ZeroCopy/Deserializer.dfy,Std.JSON.ZeroCopy.Deserializer.Values.Value (well-formedness) (assertion batch 298),reordered,False,well-formedness:StdJSONZeroCopyDeserializerValuesValue:297
std/JSON/ZeroCopy/Deserializer.dfy,Std.JSON.ZeroCopy.Deserializer.Values.Value (well-formedness) (assertion batch 188),reordered,False,well-formedness:StdJSONZeroCopyDeserializerValuesValue:187
std/JSON/ZeroCopy/Deserializer.dfy,Std.JSON.ZeroCopy.Deserializer.Objects.BracketedToObject (correctness) (assertion batch 14),reordered,False,correctness:StdJSONZeroCopyDeserializerObjectsBracketedToObject:13
std/JSON/ZeroCopy/Deserializer.dfy,Std.JSON.ZeroCopy.Deserializer.Values.Value (well-formedness) (assertion batch 100),reordered,False,well-formedness:StdJSONZeroCopyDeserializerValuesValue:99
std/JSON/ZeroCopy/Deserializer.dfy,Std.JSON.ZeroCopy.Deserializer.Values.Value (well-formedness) (assertion batch 224),reordered,False,well-formedness:StdJSONZeroCopyDeserializerValuesValue:223
std/JSON/ZeroCopy/Deserializer.dfy,Std.JSON.ZeroCopy.Deserializer.Numbers.OptionalSign (well-formedness),reordered,False,well-formedness:StdJSONZeroCopyDeserializerNumbersOptionalSign:0
std/JSON/ZeroCopy/Deserializer.dfy,Std.JSON.ZeroCopy.Deserializer.Values.Value (well-formedness) (assertion batch 50),reordered,False,well-formedness:StdJSONZeroCopyDeserializerValuesValue:49
std/JSON/ZeroCopy/Deserializer.dfy,Std.JSON.ZeroCopy.Deserializer.Values.Value (well-formedness) (assertion batch 242),reordered,False,well-formedness:StdJSONZeroCopyDeserializerValuesValue:241
std/JSON/ZeroCopy/Deserializer.dfy,Std.JSON.ZeroCopy.Deserializer.Constants.Constant (well-formedness),reordered,False,well-formedness:StdJSONZeroCopyDeserializerConstantsConstant:0
std/JSON/ZeroCopy/Deserializer.dfy,Std.JSON.ZeroCopy.Deserializer.Values.Value (well-formedness) (assertion batch 313),reordered,False,well-formedness:StdJSONZeroCopyDeserializerValuesValue:312
std/JSON/ZeroCopy/Deserializer.dfy,Std.JSON.ZeroCopy.Deserializer.Sequences.AboutTryStructural (correctness) (assertion batch 6),reordered,False,correctness:StdJSONZeroCopyDeserializerSequencesAboutTryStructural:5
std/JSON/ZeroCopy/Deserializer.dfy,Std.JSON.ZeroCopy.Deserializer.Values.Value (well-formedness) (assertion batch 165),reordered,False,well-formedness:StdJSONZeroCopyDeserializerValuesValue:164
std/JSON/ZeroCopy/Deserializer.dfy,Std.JSON.ZeroCopy.Deserializer.Values.Value (well-formedness) (assertion batch 212),reordered,False,well-formedness:StdJSONZeroCopyDeserializerValuesValue:211
std/JSON/ZeroCopy/Deserializer.dfy,Std.JSON.ZeroCopy.Deserializer.Values.Value (well-formedness) (assertion batch 239),reordered,False,well-formedness:StdJSONZeroCopyDeserializerValuesValue:238
std/JSON/ZeroCopy/Deserializer.dfy,Std.JSON.ZeroCopy.Deserializer.Values.Value (well-formedness) (assertion batch 312),reordered,False,well-formedness:StdJSONZeroCopyDeserializerValuesValue:311
std/JSON/ZeroCopy/Deserializer.dfy,Std.JSON.ZeroCopy.Deserializer.Values.Value (well-formedness) (assertion batch 175),reordered,False,well-formedness:StdJSONZeroCopyDeserializerValuesValue:174
std/JSON/ZeroCopy/Deserializer.dfy,Std.JSON.ZeroCopy.Deserializer.Values.Value (well-formedness) (assertion batch 82),reordered,False,well-formedness:StdJSONZeroCopyDeserializerValuesValue:81
std/JSON/ZeroCopy/Deserializer.dfy,Std.JSON.ZeroCopy.Deserializer.Values.Value (well-formedness) (assertion batch 278),reordered,False,well-formedness:StdJSONZeroCopyDeserializerValuesValue:277
std/JSON/ZeroCopy/Deserializer.dfy,Std.JSON.ZeroCopy.Deserializer.Values.Value (well-formedness) (assertion batch 71),reordered,False,well-formedness:StdJSONZeroCopyDeserializerValuesValue:70
std/JSON/ZeroCopy/Deserializer.dfy,Std.JSON.ZeroCopy.Deserializer.Values.Value (well-formedness) (assertion batch 311),reordered,False,well-formedness:StdJSONZeroCopyDeserializerValuesValue:310
std/JSON/ZeroCopy/Deserializer.dfy,Std.JSON.ZeroCopy.Deserializer.Sequences.AboutTryStructural (correctness) (assertion batch 5),reordered,False,correctness:StdJSONZeroCopyDeserializerSequencesAboutTryStructural:4
std/JSON/ZeroCopy/Deserializer.dfy,Std.JSON.ZeroCopy.Deserializer.Values.Value (well-formedness) (assertion batch 147),reordered,False,well-formedness:StdJSONZeroCopyDeserializerValuesValue:146
std/JSON/ZeroCopy/Deserializer.dfy,Std.JSON.ZeroCopy.Deserializer.Values.Value (well-formedness) (assertion batch 149),reordered,False,well-formedness:StdJSONZeroCopyDeserializerValuesValue:148
std/JSON/ZeroCopy/Deserializer.dfy,Std.JSON.ZeroCopy.Deserializer.Values.Value (well-formedness) (assertion batch 233),reordered,False,well-formedness:StdJSONZeroCopyDeserializerValuesValue:232
std/JSON/ZeroCopy/Deserializer.dfy,Std.JSON.ZeroCopy.Deserializer.Values.Value (well-formedness) (assertion batch 246),reordered,False,well-formedness:StdJSONZeroCopyDeserializerValuesValue:245
std/JSON/ZeroCopy/Deserializer.dfy,Std.JSON.ZeroCopy.Deserializer.Values.Value (well-formedness) (assertion batch 254),reordered,False,well-formedness:StdJSONZeroCopyDeserializerValuesValue:253
std/JSON/ZeroCopy/Deserializer.dfy,Std.JSON.ZeroCopy.Deserializer.Numbers.Exp (well-formedness) (assertion batch 13),reordered,False,well-formedness:StdJSONZeroCopyDeserializerNumbersExp:12
std/JSON/ZeroCopy/Deserializer.dfy,Std.JSON.ZeroCopy.Deserializer.Values.Value (well-formedness) (assertion batch 171),reordered,False,well-formedness:StdJSONZeroCopyDeserializerValuesValue:170
std/JSON/ZeroCopy/Deserializer.dfy,Std.JSON.ZeroCopy.Deserializer.Values.Value (well-formedness) (assertion batch 237),reordered,False,well-formedness:StdJSONZeroCopyDeserializerValuesValue:236
std/JSON/ZeroCopy/Deserializer.dfy,Std.JSON.ZeroCopy.Deserializer.Numbers.Exp (well-formedness) (assertion batch 18),reordered,False,well-formedness:StdJSONZeroCopyDeserializerNumbersExp:17
std/JSON/ZeroCopy/Deserializer.dfy,Std.JSON.ZeroCopy.Deserializer.Values.Value (well-formedness) (assertion batch 247),reordered,False,well-formedness:StdJSONZeroCopyDeserializerValuesValue:246
std/JSON/ZeroCopy/Deserializer.dfy,Std.JSON.ZeroCopy.Deserializer.Sequences.AboutTryStructural (correctness) (assertion batch 29),reordered,False,correctness:StdJSONZeroCopyDeserializerSequencesAboutTryStructural:28
std/JSON/ZeroCopy/Deserializer.dfy,Std.JSON.ZeroCopy.Deserializer.Values.Value (well-formedness) (assertion batch 241),reordered,False,well-formedness:StdJSONZeroCopyDeserializerValuesValue:240
std/JSON/ZeroCopy/Deserializer.dfy,Std.JSON.ZeroCopy.Deserializer.Core.WS (well-formedness) (assertion batch 10),reordered,False,well-formedness:StdJSONZeroCopyDeserializerCoreWS:9
std/JSON/ZeroCopy/Deserializer.dfy,Std.JSON.ZeroCopy.Deserializer.Values.Value (well-formedness) (assertion batch 257),reordered,False,well-formedness:StdJSONZeroCopyDeserializerValuesValue:256
std/JSON/ZeroCopy/Deserializer.dfy,Std.JSON.ZeroCopy.Deserializer.Values.Value (well-formedness) (assertion batch 244),reordered,False,well-formedness:StdJSONZeroCopyDeserializerValuesValue:243
std/JSON/ZeroCopy/Deserializer.dfy,Std.JSON.ZeroCopy.Deserializer.Core.WS (well-formedness) (assertion batch 8),reordered,False,well-formedness:StdJSONZeroCopyDeserializerCoreWS:7
std/JSON/ZeroCopy/Deserializer.dfy,Std.JSON.ZeroCopy.Deserializer.Values.Value (well-formedness) (assertion batch 105),reordered,False,well-formedness:StdJSONZeroCopyDeserializerValuesValue:104
std/JSON/ZeroCopy/Deserializer.dfy,Std.JSON.ZeroCopy.Deserializer.ObjectParams.Colon (well-formedness),reordered,False,well-formedness:StdJSONZeroCopyDeserializerObjectParamsColon:0
std/JSON/ZeroCopy/Deserializer.dfy,Std.JSON.ZeroCopy.Deserializer.Core.Structural (well-formedness) (assertion batch 4),reordered,False,well-formedness:StdJSONZeroCopyDeserializerCoreStructural:3
std/JSON/ZeroCopy/Deserializer.dfy,Std.JSON.ZeroCopy.Deserializer.Sequences.AboutTryStructural (correctness) (assertion batch 21),reordered,False,correctness:StdJSONZeroCopyDeserializerSequencesAboutTryStructural:20
std/JSON/ZeroCopy/Deserializer.dfy,Std.JSON.ZeroCopy.Deserializer.Values.Value (well-formedness) (assertion batch 80),reordered,False,well-formedness:StdJSONZeroCopyDeserializerValuesValue:79
std/JSON/ZeroCopy/Deserializer.dfy,Std.JSON.ZeroCopy.Deserializer.Numbers.OptionalMinus (well-formedness),reordered,False,well-formedness:StdJSONZeroCopyDeserializerNumbersOptionalMinus:0
std/JSON/ZeroCopy/Deserializer.dfy,Std.JSON.ZeroCopy.Deserializer.Sequences.AboutTryStructural (correctness) (assertion batch 4),reordered,False,correctness:StdJSONZeroCopyDeserializerSequencesAboutTryStructural:3
std/JSON/ZeroCopy/Deserializer.dfy,Std.JSON.ZeroCopy.Deserializer.Values.Value (well-formedness) (assertion batch 143),reordered,False,well-formedness:StdJSONZeroCopyDeserializerValuesValue:142
std/JSON/ZeroCopy/Deserializer.dfy,Std.JSON.ZeroCopy.Deserializer.Values.Value (well-formedness) (assertion batch 273),reordered,False,well-formedness:StdJSONZeroCopyDeserializerValuesValue:272
std/JSON/ZeroCopy/Deserializer.dfy,Std.JSON.ZeroCopy.Deserializer.Core.Structural (well-formedness) (assertion batch 1),reordered,False,well-formedness:StdJSONZeroCopyDeserializerCoreStructural:0
std/JSON/ZeroCopy/Deserializer.dfy,Std.JSON.ZeroCopy.Deserializer.Sequences.AboutTryStructural (correctness) (assertion batch 13),reordered,False,correctness:StdJSONZeroCopyDeserializerSequencesAboutTryStructural:12
std/JSON/ZeroCopy/Deserializer.dfy,Std.JSON.ZeroCopy.Deserializer.Values.Value (well-formedness) (assertion batch 277),reordered,False,well-formedness:StdJSONZeroCopyDeserializerValuesValue:276
std/JSON/ZeroCopy/Deserializer.dfy,Std.JSON.ZeroCopy.Deserializer.Values.Value (well-formedness) (assertion batch 193),reordered,False,well-formedness:StdJSONZeroCopyDeserializerValuesValue:192
std/JSON/ZeroCopy/Deserializer.dfy,Std.JSON.ZeroCopy.Deserializer.Values.Value (well-formedness) (assertion batch 98),reordered,False,well-formedness:StdJSONZeroCopyDeserializerValuesValue:97
std/JSON/ZeroCopy/Deserializer.dfy,Std.JSON.ZeroCopy.Deserializer.Values.Value (well-formedness) (assertion batch 97),reordered,False,well-formedness:StdJSONZeroCopyDeserializerValuesValue:96
std/JSON/ZeroCopy/Deserializer.dfy,Std.JSON.ZeroCopy.Deserializer.Values.Value (well-formedness) (assertion batch 174),reordered,False,well-formedness:StdJSONZeroCopyDeserializerValuesValue:173
std/JSON/ZeroCopy/Deserializer.dfy,Std.JSON.ZeroCopy.Deserializer.Values.Value (well-formedness) (assertion batch 182),reordered,False,well-formedness:StdJSONZeroCopyDeserializerValuesValue:181
std/JSON/ZeroCopy/Deserializer.dfy,Std.JSON.ZeroCopy.Deserializer.Values.Value (well-formedness) (assertion batch 211),reordered,False,well-formedness:StdJSONZeroCopyDeserializerValuesValue:210
std/JSON/ZeroCopy/Deserializer.dfy,Std.JSON.ZeroCopy.Deserializer.Values.Value (well-formedness) (assertion batch 268),reordered,False,well-formedness:StdJSONZeroCopyDeserializerValuesValue:267
std/JSON/ZeroCopy/Deserializer.dfy,Std.JSON.ZeroCopy.Deserializer.Values.Value (well-formedness) (assertion batch 235),reordered,False,well-formedness:StdJSONZeroCopyDeserializerValuesValue:234
std/JSON/ZeroCopy/Deserializer.dfy,Std.JSON.ZeroCopy.Deserializer.Sequences.AboutTryStructural (well-formedness) (assertion batch 7),reordered,False,well-formedness:StdJSONZeroCopyDeserializerSequencesAboutTryStructural:6
std/JSON/ZeroCopy/Deserializer.dfy,Std.JSON.ZeroCopy.Deserializer.Sequences.AboutTryStructural (correctness) (assertion batch 25),reordered,False,correctness:StdJSONZeroCopyDeserializerSequencesAboutTryStructural:24
std/JSON/ZeroCopy/Deserializer.dfy,Std.JSON.ZeroCopy.Deserializer.Sequences.AboutTryStructural (well-formedness) (assertion batch 14),reordered,False,well-formedness:StdJSONZeroCopyDeserializerSequencesAboutTryStructural:13
std/JSON/ZeroCopy/Deserializer.dfy,Std.JSON.ZeroCopy.Deserializer.Values.Value (well-formedness) (assertion batch 155),reordered,False,well-formedness:StdJSONZeroCopyDeserializerValuesValue:154
std/JSON/ZeroCopy/Deserializer.dfy,Std.JSON.ZeroCopy.Deserializer.Numbers.Exp (well-formedness) (assertion batch 15),reordered,False,well-formedness:StdJSONZeroCopyDeserializerNumbersExp:14
std/JSON/ZeroCopy/Deserializer.dfy,Std.JSON.ZeroCopy.Deserializer.Core.Structural (well-formedness) (assertion batch 3),reordered,False,well-formedness:StdJSONZeroCopyDeserializerCoreStructural:2
std/JSON/ZeroCopy/Deserializer.dfy,Std.JSON.ZeroCopy.Deserializer.Values.Value (well-formedness) (assertion batch 299),reordered,False,well-formedness:StdJSONZeroCopyDeserializerValuesValue:298
std/JSON/ZeroCopy/Deserializer.dfy,Std.JSON.ZeroCopy.Deserializer.Values.Value (well-formedness) (assertion batch 243),reordered,False,well-formedness:StdJSONZeroCopyDeserializerValuesValue:242
std/JSON/ZeroCopy/Deserializer.dfy,Std.JSON.ZeroCopy.Deserializer.Values.Value (well-formedness) (assertion batch 274),reordered,False,well-formedness:StdJSONZeroCopyDeserializerValuesValue:273
std/JSON/ZeroCopy/Deserializer.dfy,Std.JSON.ZeroCopy.Deserializer.Sequences.AboutTryStructural (correctness) (assertion batch 24),reordered,False,correctness:StdJSONZeroCopyDeserializerSequencesAboutTryStructural:23
std/JSON/ZeroCopy/Deserializer.dfy,Std.JSON.ZeroCopy.Deserializer.Values.Value (well-formedness) (assertion batch 157),reordered,False,well-formedness:StdJSONZeroCopyDeserializerValuesValue:156
std/JSON/ZeroCopy/Deserializer.dfy,Std.JSON.ZeroCopy.Deserializer.Values.Value (well-formedness) (assertion batch 48),reordered,False,well-formedness:StdJSONZeroCopyDeserializerValuesValue:47
std/JSON/ZeroCopy/Deserializer.dfy,Std.JSON.ZeroCopy.Deserializer.Values.Value (well-formedness) (assertion batch 111),reordered,False,well-formedness:StdJSONZeroCopyDeserializerValuesValue:110
std/JSON/ZeroCopy/Deserializer.dfy,Std.JSON.ZeroCopy.Deserializer.Values.Value (well-formedness) (assertion batch 187),reordered,False,well-formedness:StdJSONZeroCopyDeserializerValuesValue:186
std/JSON/ZeroCopy/Deserializer.dfy,Std.JSON.ZeroCopy.Deserializer.Values.Value (well-formedness) (assertion batch 156),reordered,False,well-formedness:StdJSONZeroCopyDeserializerValuesValue:155
std/JSON/ZeroCopy/Deserializer.dfy,Std.JSON.ZeroCopy.Deserializer.Values.Value (well-formedness) (assertion batch 99),reordered,False,well-formedness:StdJSONZeroCopyDeserializerValuesValue:98
std/JSON/ZeroCopy/Deserializer.dfy,Std.JSON.ZeroCopy.Deserializer.Sequences.AboutTryStructural (correctness) (assertion batch 23),reordered,False,correctness:StdJSONZeroCopyDeserializerSequencesAboutTryStructural:22
std/JSON/ZeroCopy/Deserializer.dfy,Std.JSON.ZeroCopy.Deserializer.Core.Structural (well-formedness) (assertion batch 2),reordered,False,well-formedness:StdJSONZeroCopyDeserializerCoreStructural:1
std/JSON/ZeroCopy/Deserializer.dfy,Std.JSON.ZeroCopy.Deserializer.Values.Value (well-formedness) (assertion batch 75),reordered,False,well-formedness:StdJSONZeroCopyDeserializerValuesValue:74
std/JSON/ZeroCopy/Deserializer.dfy,Std.JSON.ZeroCopy.Deserializer.Sequences.AboutTryStructural (well-formedness) (assertion batch 5),reordered,False,well-formedness:StdJSONZeroCopyDeserializerSequencesAboutTryStructural:4
std/JSON/ZeroCopy/Deserializer.dfy,Std.JSON.ZeroCopy.Deserializer.Values.Value (well-formedness) (assertion batch 279),reordered,False,well-formedness:StdJSONZeroCopyDeserializerValuesValue:278
std/JSON/ZeroCopy/Deserializer.dfy,Std.JSON.ZeroCopy.Deserializer.Sequences.AboutTryStructural (correctness) (assertion batch 30),reordered,False,correctness:StdJSONZeroCopyDeserializerSequencesAboutTryStructural:29
std/JSON/ZeroCopy/Deserializer.dfy,Std.JSON.ZeroCopy.Deserializer.Core.WS (well-formedness) (assertion batch 6),reordered,False,well-formedness:StdJSONZeroCopyDeserializerCoreWS:5
std/JSON/ZeroCopy/Deserializer.dfy,Std.JSON.ZeroCopy.Deserializer.Sequences.AboutTryStructural (correctness) (assertion batch 16),reordered,False,correctness:StdJSONZeroCopyDeserializerSequencesAboutTryStructural:15
std/JSON/ZeroCopy/Deserializer.dfy,Std.JSON.ZeroCopy.Deserializer.Sequences.AboutTryStructural (correctness) (assertion batch 22),reordered,False,correctness:StdJSONZeroCopyDeserializerSequencesAboutTryStructural:21
std/JSON/ZeroCopy/Deserializer.dfy,Std.JSON.ZeroCopy.Deserializer.Values.Value (well-formedness) (assertion batch 195),reordered,False,well-formedness:StdJSONZeroCopyDeserializerValuesValue:194
std/JSON/ZeroCopy/Deserializer.dfy,Std.JSON.ZeroCopy.Deserializer.Core.WS (well-formedness) (assertion batch 1),reordered,False,well-formedness:StdJSONZeroCopyDeserializerCoreWS:0
std/JSON/ZeroCopy/Deserializer.dfy,Std.JSON.ZeroCopy.Deserializer.Values.Value (well-formedness) (assertion batch 132),reordered,False,well-formedness:StdJSONZeroCopyDeserializerValuesValue:131
std/JSON/ZeroCopy/Deserializer.dfy,Std.JSON.ZeroCopy.Deserializer.Values.Value (well-formedness) (assertion batch 72),reordered,False,well-formedness:StdJSONZeroCopyDeserializerValuesValue:71
std/JSON/ZeroCopy/Deserializer.dfy,Std.JSON.ZeroCopy.Deserializer.Values.Value (well-formedness) (assertion batch 275),reordered,False,well-formedness:StdJSONZeroCopyDeserializerValuesValue:274
std/JSON/ZeroCopy/Deserializer.dfy,Std.JSON.ZeroCopy.Deserializer.Values.Value (well-formedness) (assertion batch 86),reordered,False,well-formedness:StdJSONZeroCopyDeserializerValuesValue:85
std/JSON/ZeroCopy/Deserializer.dfy,Std.JSON.ZeroCopy.Deserializer.Values.Value (well-formedness) (assertion batch 76),reordered,False,well-formedness:StdJSONZeroCopyDeserializerValuesValue:75
std/JSON/ZeroCopy/Deserializer.dfy,Std.JSON.ZeroCopy.Deserializer.Values.Value (well-formedness) (assertion batch 231),reordered,False,well-formedness:StdJSONZeroCopyDeserializerValuesValue:230
std/JSON/ZeroCopy/Deserializer.dfy,Std.JSON.ZeroCopy.Deserializer.Values.Value (well-formedness) (assertion batch 109),reordered,False,well-formedness:StdJSONZeroCopyDeserializerValuesValue:108
std/JSON/ZeroCopy/Deserializer.dfy,Std.JSON.ZeroCopy.Deserializer.Values.Value (well-formedness) (assertion batch 264),reordered,False,well-formedness:StdJSONZeroCopyDeserializerValuesValue:263
std/JSON/ZeroCopy/Deserializer.dfy,Std.JSON.ZeroCopy.Deserializer.Values.Value (well-formedness) (assertion batch 64),reordered,False,well-formedness:StdJSONZeroCopyDeserializerValuesValue:63
std/JSON/ZeroCopy/Deserializer.dfy,Std.JSON.ZeroCopy.Deserializer.Values.Value (well-formedness) (assertion batch 179),reordered,False,well-formedness:StdJSONZeroCopyDeserializerValuesValue:178
std/JSON/ZeroCopy/Deserializer.dfy,Std.JSON.ZeroCopy.Deserializer.Values.Value (well-formedness) (assertion batch 150),reordered,False,well-formedness:StdJSONZeroCopyDeserializerValuesValue:149
std/JSON/ZeroCopy/Deserializer.dfy,Std.JSON.ZeroCopy.Deserializer.Values.Value (well-formedness) (assertion batch 269),reordered,False,well-formedness:StdJSONZeroCopyDeserializerValuesValue:268
std/JSON/ZeroCopy/Deserializer.dfy,Std.JSON.ZeroCopy.Deserializer.Values.Value (well-formedness) (assertion batch 141),reordered,False,well-formedness:StdJSONZeroCopyDeserializerValuesValue:140
std/JSON/ZeroCopy/Deserializer.dfy,Std.JSON.ZeroCopy.Deserializer.Values.Value (well-formedness) (assertion batch 168),reordered,False,well-formedness:StdJSONZeroCopyDeserializerValuesValue:167
std/JSON/ZeroCopy/Deserializer.dfy,Std.JSON.ZeroCopy.Deserializer.Sequences.AboutTryStructural (correctness) (assertion batch 28),reordered,False,correctness:StdJSONZeroCopyDeserializerSequencesAboutTryStructural:27
std/JSON/ZeroCopy/Deserializer.dfy,Std.JSON.ZeroCopy.Deserializer.Values.Value (well-formedness) (assertion batch 258),reordered,False,well-formedness:StdJSONZeroCopyDeserializerValuesValue:257
std/JSON/ZeroCopy/Deserializer.dfy,Std.JSON.ZeroCopy.Deserializer.Values.Value (well-formedness) (assertion batch 270),reordered,False,well-formedness:StdJSONZeroCopyDeserializerValuesValue:269
std/JSON/ZeroCopy/Deserializer.dfy,Std.JSON.ZeroCopy.Deserializer.Values.Value (well-formedness) (assertion batch 85),reordered,False,well-formedness:StdJSONZeroCopyDeserializerValuesValue:84
std/JSON/ZeroCopy/Deserializer.dfy,Std.JSON.ZeroCopy.Deserializer.Values.Value (well-formedness) (assertion batch 145),reordered,False,well-formedness:StdJSONZeroCopyDeserializerValuesValue:144
std/JSON/ZeroCopy/Deserializer.dfy,Std.JSON.ZeroCopy.Deserializer.Values.Value (well-formedness) (assertion batch 194),reordered,False,well-formedness:StdJSONZeroCopyDeserializerValuesValue:193
std/JSON/ZeroCopy/Deserializer.dfy,Std.JSON.ZeroCopy.Deserializer.Values.Value (well-formedness) (assertion batch 154),reordered,False,well-formedness:StdJSONZeroCopyDeserializerValuesValue:153
std/JSON/ZeroCopy/Deserializer.dfy,Std.JSON.ZeroCopy.Deserializer.Sequences.AboutTryStructural (well-formedness) (assertion batch 8),reordered,False,well-formedness:StdJSONZeroCopyDeserializerSequencesAboutTryStructural:7
std/JSON/ZeroCopy/Deserializer.dfy,Std.JSON.ZeroCopy.Deserializer.Values.Value (well-formedness) (assertion batch 84),reordered,False,well-formedness:StdJSONZeroCopyDeserializerValuesValue:83
std/JSON/ZeroCopy/Deserializer.dfy,Std.JSON.ZeroCopy.Deserializer.Sequences.AboutTryStructural (well-formedness) (assertion batch 3),reordered,False,well-formedness:StdJSONZeroCopyDeserializerSequencesAboutTryStructural:2
std/JSON/ZeroCopy/Deserializer.dfy,Std.JSON.ZeroCopy.Deserializer.Sequences.AboutTryStructural (correctness) (assertion batch 12),reordered,False,correctness:StdJSONZeroCopyDeserializerSequencesAboutTryStructural:11
std/JSON/ZeroCopy/Deserializer.dfy,Std.JSON.ZeroCopy.Deserializer.Values.Value (well-formedness) (assertion batch 307),reordered,False,well-formedness:StdJSONZeroCopyDeserializerValuesValue:306
std/JSON/ZeroCopy/Deserializer.dfy,Std.JSON.ZeroCopy.Deserializer.Values.Value (well-formedness) (assertion batch 266),reordered,False,well-formedness:StdJSONZeroCopyDeserializerValuesValue:265
std/JSON/ZeroCopy/Deserializer.dfy,Std.JSON.ZeroCopy.Deserializer.Values.Value (well-formedness) (assertion batch 236),reordered,False,well-formedness:StdJSONZeroCopyDeserializerValuesValue:235
std/JSON/ZeroCopy/Deserializer.dfy,Std.JSON.ZeroCopy.Deserializer.Values.Value (well-formedness) (assertion batch 215),reordered,False,well-formedness:StdJSONZeroCopyDeserializerValuesValue:214
std/JSON/ZeroCopy/Deserializer.dfy,Std.JSON.ZeroCopy.Deserializer.Core.WS (correctness) (assertion batch 4),reordered,False,correctness:StdJSONZeroCopyDeserializerCoreWS:3
std/JSON/ZeroCopy/Deserializer.dfy,Std.JSON.ZeroCopy.Deserializer.Values.Value (well-formedness) (assertion batch 102),reordered,False,well-formedness:StdJSONZeroCopyDeserializerValuesValue:101
std/JSON/ZeroCopy/Deserializer.dfy,Std.JSON.ZeroCopy.Deserializer.Values.Value (well-formedness) (assertion batch 73),reordered,False,well-formedness:StdJSONZeroCopyDeserializerValuesValue:72
std/JSON/ZeroCopy/Deserializer.dfy,Std.JSON.ZeroCopy.Deserializer.Values.Value (well-formedness) (assertion batch 234),reordered,False,well-formedness:StdJSONZeroCopyDeserializerValuesValue:233
std/JSON/ZeroCopy/Deserializer.dfy,Std.JSON.ZeroCopy.Deserializer.Values.Value (well-formedness) (assertion batch 65),reordered,False,well-formedness:StdJSONZeroCopyDeserializerValuesValue:64
std/JSON/ZeroCopy/Deserializer.dfy,Std.JSON.ZeroCopy.Deserializer.Values.Value (well-formedness) (assertion batch 79),reordered,False,well-formedness:StdJSONZeroCopyDeserializerValuesValue:78
std/JSON/ZeroCopy/Deserializer.dfy,Std.JSON.ZeroCopy.Deserializer.Sequences.AboutTryStructural (correctness) (assertion batch 19),reordered,False,correctness:StdJSONZeroCopyDeserializerSequencesAboutTryStructural:18
std/JSON/ZeroCopy/Deserializer.dfy,Std.JSON.ZeroCopy.Deserializer.Sequences.AboutTryStructural (well-formedness) (assertion batch 13),reordered,False,well-formedness:StdJSONZeroCopyDeserializerSequencesAboutTryStructural:12
std/JSON/ZeroCopy/Deserializer.dfy,Std.JSON.ZeroCopy.Deserializer.Values.Value (well-formedness) (assertion batch 91),reordered,False,well-formedness:StdJSONZeroCopyDeserializerValuesValue:90
std/JSON/ZeroCopy/Deserializer.dfy,Std.JSON.ZeroCopy.Deserializer.Sequences.Open (well-formedness),reordered,False,well-formedness:StdJSONZeroCopyDeserializerSequencesOpen:0
std/JSON/ZeroCopy/Deserializer.dfy,Std.JSON.ZeroCopy.Deserializer.Core.WS (well-formedness) (assertion batch 9),reordered,False,well-formedness:StdJSONZeroCopyDeserializerCoreWS:8
std/JSON/ZeroCopy/Deserializer.dfy,Std.JSON.ZeroCopy.Deserializer.Values.Value (well-formedness) (assertion batch 260),reordered,False,well-formedness:StdJSONZeroCopyDeserializerValuesValue:259
std/JSON/ZeroCopy/Deserializer.dfy,Std.JSON.ZeroCopy.Deserializer.Values.Value (well-formedness) (assertion batch 152),reordered,False,well-formedness:StdJSONZeroCopyDeserializerValuesValue:151
std/JSON/ZeroCopy/Deserializer.dfy,Std.JSON.ZeroCopy.Deserializer.Values.Value (well-formedness) (assertion batch 107),reordered,False,well-formedness:StdJSONZeroCopyDeserializerValuesValue:106
std/JSON/ZeroCopy/Deserializer.dfy,Std.JSON.ZeroCopy.Deserializer.Values.Value (well-formedness) (assertion batch 106),reordered,False,well-formedness:StdJSONZeroCopyDeserializerValuesValue:105
std/JSON/ZeroCopy/Deserializer.dfy,Std.JSON.ZeroCopy.Deserializer.Values.Value (well-formedness) (assertion batch 81),reordered,False,well-formedness:StdJSONZeroCopyDeserializerValuesValue:80
std/JSON/ZeroCopy/Deserializer.dfy,Std.JSON.ZeroCopy.Deserializer.Values.Value (well-formedness) (assertion batch 89),reordered,False,well-formedness:StdJSONZeroCopyDeserializerValuesValue:88
std/JSON/ZeroCopy/Deserializer.dfy,Std.JSON.ZeroCopy.Deserializer.Values.Value (well-formedness) (assertion batch 92),reordered,False,well-formedness:StdJSONZeroCopyDeserializerValuesValue:91
std/JSON/ZeroCopy/Deserializer.dfy,Std.JSON.ZeroCopy.Deserializer.Values.Value (well-formedness) (assertion batch 184),reordered,False,well-formedness:StdJSONZeroCopyDeserializerValuesValue:183
std/JSON/ZeroCopy/Deserializer.dfy,Std.JSON.ZeroCopy.Deserializer.Values.Value (well-formedness) (assertion batch 151),reordered,False,well-formedness:StdJSONZeroCopyDeserializerValuesValue:150
std/JSON/ZeroCopy/Deserializer.dfy,Std.JSON.ZeroCopy.Deserializer.Values.Value (well-formedness) (assertion batch 78),reordered,False,well-formedness:StdJSONZeroCopyDeserializerValuesValue:77
std/JSON/ZeroCopy/Deserializer.dfy,Std.JSON.ZeroCopy.Deserializer.Sequences.AboutTryStructural (well-formedness) (assertion batch 4),reordered,False,well-formedness:StdJSONZeroCopyDeserializerSequencesAboutTryStructural:3
std/JSON/ZeroCopy/Deserializer.dfy,Std.JSON.ZeroCopy.Deserializer.Values.Value (well-formedness) (assertion batch 94),reordered,False,well-formedness:StdJSONZeroCopyDeserializerValuesValue:93
std/JSON/ZeroCopy/Deserializer.dfy,Std.JSON.ZeroCopy.Deserializer.Strings.StringBody (well-formedness),reordered,False,well-formedness:StdJSONZeroCopyDeserializerStringsStringBody:0
std/JSON/ZeroCopy/Deserializer.dfy,Std.JSON.ZeroCopy.Deserializer.Sequences.AboutTryStructural (correctness) (assertion batch 14),reordered,False,correctness:StdJSONZeroCopyDeserializerSequencesAboutTryStructural:13
std/JSON/ZeroCopy/Deserializer.dfy,Std.JSON.ZeroCopy.Deserializer.Values.Value (well-formedness) (assertion batch 259),reordered,False,well-formedness:StdJSONZeroCopyDeserializerValuesValue:258
std/JSON/ZeroCopy/Deserializer.dfy,Std.JSON.ZeroCopy.Deserializer.Sequences.AboutTryStructural (well-formedness) (assertion batch 12),reordered,False,well-formedness:StdJSONZeroCopyDeserializerSequencesAboutTryStructural:11
std/JSON/ZeroCopy/Deserializer.dfy,Std.JSON.ZeroCopy.Deserializer.Sequences.AboutTryStructural (well-formedness) (assertion batch 2),reordered,False,well-formedness:StdJSONZeroCopyDeserializerSequencesAboutTryStructural:1
std/JSON/ZeroCopy/Deserializer.dfy,Std.JSON.ZeroCopy.Deserializer.Values.Value (well-formedness) (assertion batch 159),reordered,False,well-formedness:StdJSONZeroCopyDeserializerValuesValue:158
std/JSON/ZeroCopy/Deserializer.dfy,Std.JSON.ZeroCopy.Deserializer.Sequences.AboutTryStructural (well-formedness) (assertion batch 1),reordered,False,well-formedness:StdJSONZeroCopyDeserializerSequencesAboutTryStructural:0
std/JSON/ZeroCopy/Deserializer.dfy,Std.JSON.ZeroCopy.Deserializer.Values.Value (well-formedness) (assertion batch 245),reordered,False,well-formedness:StdJSONZeroCopyDeserializerValuesValue:244
std/JSON/ZeroCopy/Deserializer.dfy,Std.JSON.ZeroCopy.Deserializer.Values.Value (well-formedness) (assertion batch 261),reordered,False,well-formedness:StdJSONZeroCopyDeserializerValuesValue:260
std/JSON/ZeroCopy/Deserializer.dfy,Std.JSON.ZeroCopy.Deserializer.Values.Value (well-formedness) (assertion batch 62),reordered,False,well-formedness:StdJSONZeroCopyDeserializerValuesValue:61
std/JSON/ZeroCopy/Deserializer.dfy,Std.JSON.ZeroCopy.Deserializer.Core.WS (correctness) (assertion batch 3),reordered,False,correctness:StdJSONZeroCopyDeserializerCoreWS:2
std/JSON/ZeroCopy/Deserializer.dfy,Std.JSON.ZeroCopy.Deserializer.Values.Value (well-formedness) (assertion batch 7),reordered,False,well-formedness:StdJSONZeroCopyDeserializerValuesValue:6
std/JSON/ZeroCopy/Deserializer.dfy,Std.JSON.ZeroCopy.Deserializer.Values.Value (well-formedness) (assertion batch 183),reordered,False,well-formedness:StdJSONZeroCopyDeserializerValuesValue:182
std/JSON/ZeroCopy/Deserializer.dfy,Std.JSON.ZeroCopy.Deserializer.Numbers.Exp (well-formedness) (assertion batch 12),reordered,False,well-formedness:StdJSONZeroCopyDeserializerNumbersExp:11
std/JSON/ZeroCopy/Deserializer.dfy,Std.JSON.ZeroCopy.Deserializer.Sequences.AboutTryStructural (correctness) (assertion batch 7),reordered,False,correctness:StdJSONZeroCopyDeserializerSequencesAboutTryStructural:6
std/JSON/ZeroCopy/Deserializer.dfy,Std.JSON.ZeroCopy.Deserializer.Values.Value (well-formedness) (assertion batch 271),reordered,False,well-formedness:StdJSONZeroCopyDeserializerValuesValue:270
std/JSON/ZeroCopy/Deserializer.dfy,Std.JSON.ZeroCopy.Deserializer.Numbers.Exp (well-formedness) (assertion batch 11),reordered,False,well-formedness:StdJSONZeroCopyDeserializerNumbersExp:10
std/JSON/ZeroCopy/Deserializer.dfy,Std.JSON.ZeroCopy.Deserializer.Numbers.Exp (well-formedness) (assertion batch 1),reordered,False,well-formedness:StdJSONZeroCopyDeserializerNumbersExp:0
std/JSON/ZeroCopy/Deserializer.dfy,Std.JSON.ZeroCopy.Deserializer.Sequences.Close (well-formedness),reordered,False,well-formedness:StdJSONZeroCopyDeserializerSequencesClose:0
std/JSON/ZeroCopy/Deserializer.dfy,Std.JSON.ZeroCopy.Deserializer.Core.WS (correctness) (assertion batch 12),reordered,False,correctness:StdJSONZeroCopyDeserializerCoreWS:11
std/JSON/ZeroCopy/Deserializer.dfy,Std.JSON.ZeroCopy.Deserializer.Values.Value (well-formedness) (assertion batch 93),reordered,False,well-formedness:StdJSONZeroCopyDeserializerValuesValue:92
std/JSON/ZeroCopy/Deserializer.dfy,Std.JSON.ZeroCopy.Deserializer.Values.Value (well-formedness) (assertion batch 103),reordered,False,well-formedness:StdJSONZeroCopyDeserializerValuesValue:102
std/JSON/ZeroCopy/Deserializer.dfy,Std.JSON.ZeroCopy.Deserializer.Values.Value (well-formedness) (assertion batch 255),reordered,False,well-formedness:StdJSONZeroCopyDeserializerValuesValue:254
std/JSON/ZeroCopy/Deserializer.dfy,Std.JSON.ZeroCopy.Deserializer.Values.Value (well-formedness) (assertion batch 262),reordered,False,well-formedness:StdJSONZeroCopyDeserializerValuesValue:261
std/JSON/ZeroCopy/Deserializer.dfy,Std.JSON.ZeroCopy.Deserializer.Sequences.AboutTryStructural (well-formedness) (assertion batch 9),reordered,False,well-formedness:StdJSONZeroCopyDeserializerSequencesAboutTryStructural:8
std/JSON/ZeroCopy/Deserializer.dfy,Std.JSON.ZeroCopy.Deserializer.Sequences.AboutTryStructural (well-formedness) (assertion batch 11),reordered,False,well-formedness:StdJSONZeroCopyDeserializerSequencesAboutTryStructural:10
std/JSON/ZeroCopy/Deserializer.dfy,Std.JSON.ZeroCopy.Deserializer.Values.Value (well-formedness) (assertion batch 176),reordered,False,well-formedness:StdJSONZeroCopyDeserializerValuesValue:175
std/JSON/ZeroCopy/Deserializer.dfy,Std.JSON.ZeroCopy.Deserializer.Sequences.AboutTryStructural (correctness) (assertion batch 34),reordered,False,correctness:StdJSONZeroCopyDeserializerSequencesAboutTryStructural:33
std/JSON/ZeroCopy/Deserializer.dfy,Std.JSON.ZeroCopy.Deserializer.Sequences.AboutTryStructural (correctness) (assertion batch 33),reordered,False,correctness:StdJSONZeroCopyDeserializerSequencesAboutTryStructural:32
std/JSON/ZeroCopy/Deserializer.dfy,Std.JSON.ZeroCopy.Deserializer.Sequences.AboutTryStructural (correctness) (assertion batch 35),reordered,False,correctness:StdJSONZeroCopyDeserializerSequencesAboutTryStructural:34
std/JSON/ZeroCopy/Deserializer.dfy,Std.JSON.ZeroCopy.Deserializer.Sequences.BracketedSpec (well-formedness),reordered,False,well-formedness:StdJSONZeroCopyDeserializerSequencesBracketedSpec:0
std/JSON/ZeroCopy/Deserializer.dfy,Std.JSON.ZeroCopy.Deserializer.Core.WS (correctness) (assertion batch 1),reordered,False,correctness:StdJSONZeroCopyDeserializerCoreWS:0
std/JSON/ZeroCopy/Deserializer.dfy,Std.JSON.ZeroCopy.Deserializer.Sequences.AboutTryStructural (correctness) (assertion batch 20),reordered,False,correctness:StdJSONZeroCopyDeserializerSequencesAboutTryStructural:19
std/JSON/ZeroCopy/Deserializer.dfy,Std.JSON.ZeroCopy.Deserializer.Values.Value (well-formedness) (assertion batch 226),reordered,False,well-formedness:StdJSONZeroCopyDeserializerValuesValue:225
std/JSON/ZeroCopy/Deserializer.dfy,Std.JSON.ZeroCopy.Deserializer.Core.WS (correctness) (assertion batch 11),reordered,False,correctness:StdJSONZeroCopyDeserializerCoreWS:10
std/JSON/ZeroCopy/Deserializer.dfy,Std.JSON.ZeroCopy.Deserializer.Core.WS (correctness) (assertion batch 9),reordered,False,correctness:StdJSONZeroCopyDeserializerCoreWS:8
std/JSON/ZeroCopy/Deserializer.dfy,Std.JSON.ZeroCopy.Deserializer.Sequences.AboutTryStructural (well-formedness) (assertion batch 16),reordered,False,well-formedness:StdJSONZeroCopyDeserializerSequencesAboutTryStructural:15
std/JSON/ZeroCopy/Deserializer.dfy,Std.JSON.ZeroCopy.Deserializer.Values.Value (well-formedness) (assertion batch 16),reordered,False,well-formedness:StdJSONZeroCopyDeserializerValuesValue:15
std/JSON/ZeroCopy/Deserializer.dfy,Std.JSON.ZeroCopy.Deserializer.Sequences.AboutCloseParser (correctness),reordered,False,correctness:StdJSONZeroCopyDeserializerSequencesAboutCloseParser:0
std/JSON/ZeroCopy/Deserializer.dfy,Std.JSON.ZeroCopy.Deserializer.Values.Value (well-formedness) (assertion batch 272),reordered,False,well-formedness:StdJSONZeroCopyDeserializerValuesValue:271
std/JSON/ZeroCopy/Deserializer.dfy,Std.JSON.ZeroCopy.Deserializer.Values.Value (well-formedness) (assertion batch 1),reordered,False,well-formedness:StdJSONZeroCopyDeserializerValuesValue:0
std/JSON/ZeroCopy/Deserializer.dfy,Std.JSON.ZeroCopy.Deserializer.Values.Value (well-formedness) (assertion batch 101),reordered,False,well-formedness:StdJSONZeroCopyDeserializerValuesValue:100
std/JSON/ZeroCopy/Deserializer.dfy,Std.JSON.ZeroCopy.Deserializer.Values.Value (well-formedness) (assertion batch 172),reordered,False,well-formedness:StdJSONZeroCopyDeserializerValuesValue:171
std/JSON/ZeroCopy/Deserializer.dfy,Std.JSON.ZeroCopy.Deserializer.Values.Value (well-formedness) (assertion batch 267),reordered,False,well-formedness:StdJSONZeroCopyDeserializerValuesValue:266
std/JSON/ZeroCopy/Deserializer.dfy,Std.JSON.ZeroCopy.Deserializer.Core.WS (well-formedness) (assertion batch 7),reordered,False,well-formedness:StdJSONZeroCopyDeserializerCoreWS:6
std/JSON/ZeroCopy/Deserializer.dfy,Std.JSON.ZeroCopy.Deserializer.Values.Value (well-formedness) (assertion batch 104),reordered,False,well-formedness:StdJSONZeroCopyDeserializerValuesValue:103
std/JSON/ZeroCopy/Deserializer.dfy,Std.JSON.ZeroCopy.Deserializer.Numbers.Exp (well-formedness) (assertion batch 8),reordered,False,well-formedness:StdJSONZeroCopyDeserializerNumbersExp:7
std/JSON/ZeroCopy/Deserializer.dfy,Std.JSON.ZeroCopy.Deserializer.Numbers.Exp (well-formedness) (assertion batch 7),reordered,False,well-formedness:StdJSONZeroCopyDeserializerNumbersExp:6
std/JSON/ZeroCopy/Deserializer.dfy,Std.JSON.ZeroCopy.Deserializer.Sequences.AboutTryStructural (correctness) (assertion batch 1),reordered,False,correctness:StdJSONZeroCopyDeserializerSequencesAboutTryStructural:0
std/JSON/ZeroCopy/Deserializer.dfy,Std.JSON.ZeroCopy.Deserializer.Core.WS (correctness) (assertion batch 10),reordered,False,correctness:StdJSONZeroCopyDeserializerCoreWS:9
std/JSON/ZeroCopy/Deserializer.dfy,Std.JSON.ZeroCopy.Deserializer.Values.Value (well-formedness) (assertion batch 113),reordered,False,well-formedness:StdJSONZeroCopyDeserializerValuesValue:112
std/JSON/ZeroCopy/Deserializer.dfy,Std.JSON.ZeroCopy.Deserializer.Core.WS (correctness) (assertion batch 5),reordered,False,correctness:StdJSONZeroCopyDeserializerCoreWS:4
std/JSON/ZeroCopy/Deserializer.dfy,Std.JSON.ZeroCopy.Deserializer.Sequences.AboutTryStructural (well-formedness) (assertion batch 17),reordered,False,well-formedness:StdJSONZeroCopyDeserializerSequencesAboutTryStructural:16
std/JSON/ZeroCopy/Deserializer.dfy,Std.JSON.ZeroCopy.Deserializer.Core.WS (correctness) (assertion batch 6),reordered,False,correctness:StdJSONZeroCopyDeserializerCoreWS:5
std/JSON/ZeroCopy/Deserializer.dfy,Std.JSON.ZeroCopy.Deserializer.Numbers.Exp (well-formedness) (assertion batch 10),reordered,False,well-formedness:StdJSONZeroCopyDeserializerNumbersExp:9
std/JSON/ZeroCopy/Deserializer.dfy,Std.JSON.ZeroCopy.Deserializer.Values.Value (well-formedness) (assertion batch 25),reordered,False,well-formedness:StdJSONZeroCopyDeserializerValuesValue:24
std/JSON/ZeroCopy/Deserializer.dfy,Std.JSON.ZeroCopy.Deserializer.Strings.Quote (well-formedness),reordered,False,well-formedness:StdJSONZeroCopyDeserializerStringsQuote:0
std/JSON/ZeroCopy/Deserializer.dfy,Std.JSON.ZeroCopy.Deserializer.Core.WS (correctness) (assertion batch 8),reordered,False,correctness:StdJSONZeroCopyDeserializerCoreWS:7
std/JSON/ZeroCopy/Deserializer.dfy,Std.JSON.ZeroCopy.Deserializer.Numbers.Exp (well-formedness) (assertion batch 9),reordered,False,well-formedness:StdJSONZeroCopyDeserializerNumbersExp:8
std/JSON/ZeroCopy/Deserializer.dfy,Std.JSON.ZeroCopy.Deserializer.Sequences.AboutTryStructural (well-formedness) (assertion batch 18),reordered,False,well-formedness:StdJSONZeroCopyDeserializerSequencesAboutTryStructural:17
std/JSON/ZeroCopy/Deserializer.dfy,Std.JSON.ZeroCopy.Deserializer.Core.WS (correctness) (assertion batch 2),reordered,False,correctness:StdJSONZeroCopyDeserializerCoreWS:1
std/JSON/ZeroCopy/Deserializer.dfy,Std.JSON.ZeroCopy.Deserializer.Values.Value (well-formedness) (assertion batch 265),reordered,False,well-formedness:StdJSONZeroCopyDeserializerValuesValue:264
std/JSON/ZeroCopy/Deserializer.dfy,Std.JSON.ZeroCopy.Deserializer.Values.Value (well-formedness) (assertion batch 10),reordered,False,well-formedness:StdJSONZeroCopyDeserializerValuesValue:9
std/JSON/ZeroCopy/Deserializer.dfy,Std.JSON.ZeroCopy.Deserializer.Sequences.Valid (correctness),reordered,False,correctness:StdJSONZeroCopyDeserializerSequencesValid:0
std/JSON/ZeroCopy/Deserializer.dfy,Std.JSON.ZeroCopy.Deserializer.Values.Value (well-formedness) (assertion batch 3),reordered,False,well-formedness:StdJSONZeroCopyDeserializerValuesValue:2
std/JSON/ZeroCopy/Deserializer.dfy,Std.JSON.ZeroCopy.Deserializer.Sequences.Valid (well-formedness),reordered,False,well-formedness:StdJSONZeroCopyDeserializerSequencesValid:0
std/JSON/ZeroCopy/Deserializer.dfy,Std.JSON.ZeroCopy.Deserializer.Values.Value (well-formedness) (assertion batch 11),reordered,False,well-formedness:StdJSONZeroCopyDeserializerValuesValue:10
std/JSON/ZeroCopy/Deserializer.dfy,Std.JSON.ZeroCopy.Deserializer.Values.Value (well-formedness) (assertion batch 8),reordered,False,well-formedness:StdJSONZeroCopyDeserializerValuesValue:7
std/JSON/ZeroCopy/Deserializer.dfy,Std.JSON.ZeroCopy.Deserializer.Core.WS (well-formedness) (assertion batch 3),reordered,False,well-formedness:StdJSONZeroCopyDeserializerCoreWS:2
std/JSON/ZeroCopy/Deserializer.dfy,Std.JSON.ZeroCopy.Deserializer.Sequences.jopen (well-formedness),reordered,False,well-formedness:StdJSONZeroCopyDeserializerSequencesjopen:0
std/JSON/ZeroCopy/Deserializer.dfy,Std.JSON.ZeroCopy.Deserializer.Numbers.Exp (well-formedness) (assertion batch 5),reordered,False,well-formedness:StdJSONZeroCopyDeserializerNumbersExp:4
std/JSON/ZeroCopy/Deserializer.dfy,Std.JSON.ZeroCopy.Deserializer.Sequences.SuffixedElementsSpec (well-formedness),reordered,False,well-formedness:StdJSONZeroCopyDeserializerSequencesSuffixedElementsSpec:0
std/JSON/ZeroCopy/Deserializer.dfy,Std.JSON.ZeroCopy.Deserializer.Sequences.jclose (well-formedness),reordered,False,well-formedness:StdJSONZeroCopyDeserializerSequencesjclose:0
std/JSON/ZeroCopy/Deserializer.dfy,Std.JSON.ZeroCopy.Deserializer.Values.Value (well-formedness) (assertion batch 23),reordered,False,well-formedness:StdJSONZeroCopyDeserializerValuesValue:22
std/JSON/ZeroCopy/Deserializer.dfy,Std.JSON.ZeroCopy.Deserializer.Values.Value (well-formedness) (assertion batch 5),reordered,False,well-formedness:StdJSONZeroCopyDeserializerValuesValue:4
std/JSON/ZeroCopy/Deserializer.dfy,Std.JSON.ZeroCopy.Deserializer.Values.Value (well-formedness) (assertion batch 20),reordered,False,well-formedness:StdJSONZeroCopyDeserializerValuesValue:19
std/JSON/ZeroCopy/Deserializer.dfy,Std.JSON.ZeroCopy.Deserializer.Values.Value (well-formedness) (assertion batch 17),reordered,False,well-formedness:StdJSONZeroCopyDeserializerValuesValue:16
std/JSON/ZeroCopy/Deserializer.dfy,Std.JSON.ZeroCopy.Deserializer.Values.Value (well-formedness) (assertion batch 21),reordered,False,well-formedness:StdJSONZeroCopyDeserializerValuesValue:20
std/JSON/ZeroCopy/Deserializer.dfy,Std.JSON.ZeroCopy.Deserializer.Values.Value (well-formedness) (assertion batch 24),reordered,False,well-formedness:StdJSONZeroCopyDeserializerValuesValue:23
std/JSON/ZeroCopy/Deserializer.dfy,Std.JSON.ZeroCopy.Deserializer.Numbers.Exp (well-formedness) (assertion batch 6),reordered,False,well-formedness:StdJSONZeroCopyDeserializerNumbersExp:5
std/JSON/ZeroCopy/Deserializer.dfy,Std.JSON.ZeroCopy.Deserializer.Sequences.AboutLists (well-formedness) (assertion batch 1),reordered,False,well-formedness:StdJSONZeroCopyDeserializerSequencesAboutLists:0
std/JSON/ZeroCopy/Deserializer.dfy,Std.JSON.ZeroCopy.Deserializer.Numbers.Exp (well-formedness) (assertion batch 3),reordered,False,well-formedness:StdJSONZeroCopyDeserializerNumbersExp:2
std/JSON/ZeroCopy/Deserializer.dfy,Std.JSON.ZeroCopy.Deserializer.Values.Value (well-formedness) (assertion batch 18),reordered,False,well-formedness:StdJSONZeroCopyDeserializerValuesValue:17
std/JSON/ZeroCopy/Deserializer.dfy,Std.JSON.ZeroCopy.Deserializer.Values.Value (well-formedness) (assertion batch 13),reordered,False,well-formedness:StdJSONZeroCopyDeserializerValuesValue:12
std/JSON/ZeroCopy/Deserializer.dfy,Std.JSON.ZeroCopy.Deserializer.ObjectParams.CLOSE (well-formedness),unchanged,False,well-formedness:StdJSONZeroCopyDeserializerObjectParamsCLOSE:0
std/JSON/ZeroCopy/Deserializer.dfy,Std.JSON.ZeroCopy.Deserializer.Core.WS (well-formedness) (assertion batch 2),reordered,False,well-formedness:StdJSONZeroCopyDeserializerCoreWS:1
std/JSON/ZeroCopy/Deserializer.dfy,Std.JSON.ZeroCopy.Deserializer.Values.Value (well-formedness) (assertion batch 22),reordered,False,well-formedness:StdJSONZeroCopyDeserializerValuesValue:21
std/JSON/ZeroCopy/Deserializer.dfy,Std.JSON.ZeroCopy.Deserializer.Values.Value (well-formedness) (assertion batch 12),reordered,False,well-formedness:StdJSONZeroCopyDeserializerValuesValue:11
std/JSON/ZeroCopy/Deserializer.dfy,Std.JSON.ZeroCopy.Deserializer.Core.jopt (well-formedness),reordered,False,well-formedness:StdJSONZeroCopyDeserializerCorejopt:0
std/JSON/ZeroCopy/Deserializer.dfy,Std.JSON.ZeroCopy.Deserializer.Numbers.Exp (well-formedness) (assertion batch 4),reordered,False,well-formedness:StdJSONZeroCopyDeserializerNumbersExp:3
std/JSON/ZeroCopy/Deserializer.dfy,Std.JSON.ZeroCopy.Deserializer.Numbers.Exp (well-formedness) (assertion batch 2),reordered,False,well-formedness:StdJSONZeroCopyDeserializerNumbersExp:1
std/JSON/ZeroCopy/Deserializer.dfy,Std.JSON.ZeroCopy.Deserializer.Sequences.AboutLists (well-formedness) (assertion batch 2),reordered,False,well-formedness:StdJSONZeroCopyDeserializerSequencesAboutLists:1
std/JSON/ZeroCopy/Deserializer.dfy,Std.JSON.ZeroCopy.Deserializer.Values.Value (well-formedness) (assertion batch 4),reordered,False,well-formedness:StdJSONZeroCopyDeserializerValuesValue:3
std/JSON/ZeroCopy/Deserializer.dfy,Std.JSON.ZeroCopy.Deserializer.Values.Value (well-formedness) (assertion batch 19),reordered,False,well-formedness:StdJSONZeroCopyDeserializerValuesValue:18
std/JSON/ZeroCopy/Deserializer.dfy,Std.JSON.ZeroCopy.Deserializer.Values.Value (well-formedness) (assertion batch 6),reordered,False,well-formedness:StdJSONZeroCopyDeserializerValuesValue:5
std/JSON/ZeroCopy/Deserializer.dfy,Std.JSON.ZeroCopy.Deserializer.Values.Value (well-formedness) (assertion batch 14),reordered,False,well-formedness:StdJSONZeroCopyDeserializerValuesValue:13
std/JSON/ZeroCopy/Deserializer.dfy,Std.JSON.ZeroCopy.Deserializer.Sequences.AboutLists (well-formedness) (assertion batch 3),reordered,False,well-formedness:StdJSONZeroCopyDeserializerSequencesAboutLists:2
std/JSON/ZeroCopy/Deserializer.dfy,Std.JSON.ZeroCopy.Deserializer.Values.Value (well-formedness) (assertion batch 26),reordered,False,well-formedness:StdJSONZeroCopyDeserializerValuesValue:25
std/JSON/ZeroCopy/Deserializer.dfy,Std.JSON.ZeroCopy.Deserializer.ArrayParams.OPEN (well-formedness),unchanged,False,well-formedness:StdJSONZeroCopyDeserializerArrayParamsOPEN:0
std/JSON/ZeroCopy/Deserializer.dfy,Std.JSON.ZeroCopy.Deserializer.Sequences.AboutLists (correctness),reordered,False,correctness:StdJSONZeroCopyDeserializerSequencesAboutLists:0
std/JSON/ZeroCopy/Deserializer.dfy,Std.JSON.ZeroCopy.Deserializer.ObjectParams.OPEN (well-formedness),unchanged,False,well-formedness:StdJSONZeroCopyDeserializerObjectParamsOPEN:0
std/JSON/ZeroCopy/Deserializer.dfy,Std.JSON.ZeroCopy.Deserializer.ArrayParams.CLOSE (well-formedness),unchanged,False,well-formedness:StdJSONZeroCopyDeserializerArrayParamsCLOSE:0
std/JSON/ZeroCopy/Deserializer.dfy,Std.JSON.ZeroCopy.Deserializer.Sequences.SEPARATOR (well-formedness),unchanged,False,well-formedness:StdJSONZeroCopyDeserializerSequencesSEPARATOR:0
